timestamp,broker,symbol,bid,ask,spread,spread_points,session,day_of_week
2026-01-27 00:54:44,Pepperstone Razor,XAUUSD,5018.52,5018.76,0.24,24,Sydney,Tuesday
2026-01-27 00:54:44,Pepperstone Razor,EURUSD,1.18778,1.18778,0.0,0,Sydney,Tuesday
2026-01-27 00:54:44,Pepperstone Razor,GBPUSD,1.36734,1.36735,1e-05,1,Sydney,Tuesday
2026-01-27 00:54:45,Pepperstone Razor,USDJPY,154.273,154.275,0.002,2,Sydney,Tuesday
2026-01-27 00:54:45,Pepperstone Razor,AUDUSD,0.69085,0.69086,1e-05,1,Sydney,Tuesday
2026-01-27 00:54:45,Pepperstone Razor,NAS100,25771.3,25772.8,1.5,15,Sydney,Tuesday
2026-01-27 00:54:45,Pepperstone Razor,US500,6954.1,6954.5,0.4,4,Sydney,Tuesday
2026-01-27 00:54:45,Pepperstone Razor,US30,49247.4,49249.6,2.2,22,Sydney,Tuesday
2026-01-27 00:54:46,Pepperstone Razor,US2000,2659.0,2659.4,0.4,4,Sydney,Tuesday
2026-01-27 00:54:46,Pepperstone Razor,GER40,24931.2,24933.2,2.0,20,Sydney,Tuesday
2026-01-27 00:54:46,Pepperstone Razor,UK100,10157.7,10159.5,1.8,18,Sydney,Tuesday
2026-01-27 00:54:48,FusionMarkets Zero,XAUUSD,5025.95,5026.27,0.32,32,Sydney,Tuesday
2026-01-27 00:54:48,FusionMarkets Zero,EURUSD,1.18779,1.18779,0.0,0,Sydney,Tuesday
2026-01-27 00:54:48,FusionMarkets Zero,GBPUSD,1.36735,1.36735,0.0,0,Sydney,Tuesday
2026-01-27 00:54:48,FusionMarkets Zero,USDJPY,154.28,154.282,0.002,2,Sydney,Tuesday
2026-01-27 00:54:48,FusionMarkets Zero,AUDUSD,0.69083,0.69083,0.0,0,Sydney,Tuesday
2026-01-27 00:54:49,FusionMarkets Zero,NAS100,25771.82,25772.62,0.8,80,Sydney,Tuesday
2026-01-27 00:54:49,FusionMarkets Zero,US500,6954.06,6954.42,0.36,36,Sydney,Tuesday
2026-01-27 00:54:49,FusionMarkets Zero,US30,49261.47,49264.27,2.8,280,Sydney,Tuesday
2026-01-27 00:54:49,FusionMarkets Zero,US2000,2659.1,2659.4,0.3,30,Sydney,Tuesday
2026-01-27 00:54:49,FusionMarkets Zero,GER40,24940.03,24943.23,3.2,320,Sydney,Tuesday
2026-01-27 00:54:50,FusionMarkets Zero,UK100,10156.16,10157.96,1.8,180,Sydney,Tuesday
2026-01-27 00:54:52,ThinkMarkets ThinkZero,XAUUSD,5027.59,5027.67,0.08,8,Sydney,Tuesday
2026-01-27 00:54:52,ThinkMarkets ThinkZero,EURUSD,1.18777,1.18778,1e-05,1,Sydney,Tuesday
2026-01-27 00:54:52,ThinkMarkets ThinkZero,GBPUSD,1.36733,1.36738,5e-05,5,Sydney,Tuesday
2026-01-27 00:54:52,ThinkMarkets ThinkZero,USDJPY,154.276,154.282,0.006,6,Sydney,Tuesday
2026-01-27 00:54:53,ThinkMarkets ThinkZero,AUDUSD,0.69082,0.69085,3e-05,3,Sydney,Tuesday
2026-01-27 00:54:53,ThinkMarkets ThinkZero,NAS100,25790.14,25791.14,1.0,100,Sydney,Tuesday
2026-01-27 00:54:53,ThinkMarkets ThinkZero,US500,6957.32,6957.67,0.35,35,Sydney,Tuesday
2026-01-27 00:54:53,ThinkMarkets ThinkZero,US30,49292.25,49293.75,1.5,150,Sydney,Tuesday
2026-01-27 00:54:53,ThinkMarkets ThinkZero,US2000,2659.2,2660.0,0.8,80,Sydney,Tuesday
2026-01-27 00:54:54,ThinkMarkets ThinkZero,GER40,24947.1,24951.1,4.0,400,Sydney,Tuesday
2026-01-27 00:54:54,ThinkMarkets ThinkZero,UK100,10177.46,10183.76,6.3,630,Sydney,Tuesday
2026-01-27 00:54:56,ICMarkets Raw,XAUUSD,5027.03,5027.12,0.09,9,Sydney,Tuesday
2026-01-27 00:54:56,ICMarkets Raw,EURUSD,1.18778,1.18778,0.0,0,Sydney,Tuesday
2026-01-27 00:54:56,ICMarkets Raw,GBPUSD,1.36736,1.36737,1e-05,1,Sydney,Tuesday
2026-01-27 00:54:56,ICMarkets Raw,USDJPY,154.28,154.282,0.002,2,Sydney,Tuesday
2026-01-27 00:54:57,ICMarkets Raw,AUDUSD,0.69083,0.69083,0.0,0,Sydney,Tuesday
2026-01-27 00:54:57,ICMarkets Raw,NAS100,25768.1,25769.1,1.0,100,Sydney,Tuesday
2026-01-27 00:54:57,ICMarkets Raw,US500,6953.1,6953.6,0.5,50,Sydney,Tuesday
2026-01-27 00:54:57,ICMarkets Raw,US30,49257.9,49259.1,1.2,120,Sydney,Tuesday
2026-01-27 00:54:57,ICMarkets Raw,US2000,2657.57,2657.99,0.42,42,Sydney,Tuesday
2026-01-27 00:54:58,ICMarkets Raw,GER40,24932.9,24933.6,0.7,70,Sydney,Tuesday
2026-01-27 00:54:58,ICMarkets Raw,UK100,10154.0,10159.0,5.0,500,Sydney,Tuesday
2026-01-27 00:55:00,VantageMarkets Raw,XAUUSD,5027.37,5027.45,0.08,8,Sydney,Tuesday
2026-01-27 00:55:00,VantageMarkets Raw,EURUSD,1.18773,1.18774,1e-05,1,Sydney,Tuesday
2026-01-27 00:55:00,VantageMarkets Raw,GBPUSD,1.36733,1.36734,1e-05,1,Sydney,Tuesday
2026-01-27 00:55:00,VantageMarkets Raw,USDJPY,154.281,154.291,0.01,10,Sydney,Tuesday
2026-01-27 00:55:00,VantageMarkets Raw,AUDUSD,0.69082,0.69085,3e-05,3,Sydney,Tuesday
2026-01-27 00:55:01,VantageMarkets Raw,NAS100,25790.56,25791.36,0.8,80,Sydney,Tuesday
2026-01-27 00:55:01,VantageMarkets Raw,US500,6957.33,6957.69,0.36,36,Sydney,Tuesday
2026-01-27 00:55:01,VantageMarkets Raw,US30,49293.51,49294.61,1.1,110,Sydney,Tuesday
2026-01-27 00:55:01,VantageMarkets Raw,US2000,2659.46,2659.94,0.48,48,Sydney,Tuesday
2026-01-27 00:55:02,VantageMarkets Raw,GER40,24946.35,24953.85,7.5,750,Sydney,Tuesday
2026-01-27 00:55:02,VantageMarkets Raw,UK100,10177.54,10183.7,6.16,616,Sydney,Tuesday
2026-01-27 00:55:04,FPMarkets Raw,XAUUSD,5021.33,5021.4,0.07,7,Sydney,Tuesday
2026-01-27 00:55:04,FPMarkets Raw,EURUSD,1.18773,1.18775,2e-05,2,Sydney,Tuesday
2026-01-27 00:55:04,FPMarkets Raw,GBPUSD,1.36731,1.36736,5e-05,5,Sydney,Tuesday
2026-01-27 00:55:04,FPMarkets Raw,USDJPY,154.286,154.29,0.004,4,Sydney,Tuesday
2026-01-27 00:55:04,FPMarkets Raw,AUDUSD,0.69078,0.69081,3e-05,3,Sydney,Tuesday
2026-01-27 00:55:05,FPMarkets Raw,NAS100,25789.9,25790.5,0.6,60,Sydney,Tuesday
2026-01-27 00:55:05,FPMarkets Raw,US500,6957.38,6957.63,0.25,25,Sydney,Tuesday
2026-01-27 00:55:05,FPMarkets Raw,US30,49293.3,49294.7,1.4,140,Sydney,Tuesday
2026-01-27 00:55:05,FPMarkets Raw,GER40,24946.75,24951.45,4.7,470,Sydney,Tuesday
2026-01-27 00:55:05,FPMarkets Raw,UK100,10177.31,10183.91,6.6,660,Sydney,Tuesday
2026-01-27 00:55:07,8Cap Raw,XAUUSD,5028.15,5028.31,0.16,16,Sydney,Tuesday
2026-01-27 00:55:07,8Cap Raw,EURUSD,1.18773,1.18773,0.0,0,Sydney,Tuesday
2026-01-27 00:55:07,8Cap Raw,GBPUSD,1.36727,1.3673,3e-05,3,Sydney,Tuesday
2026-01-27 00:55:07,8Cap Raw,USDJPY,154.303,154.309,0.006,6,Sydney,Tuesday
2026-01-27 00:55:08,8Cap Raw,AUDUSD,0.69078,0.69082,4e-05,4,Sydney,Tuesday
2026-01-27 00:55:08,8Cap Raw,NAS100,25769.52,25770.92,1.4,140,Sydney,Tuesday
2026-01-27 00:55:08,8Cap Raw,US500,6953.46,6954.02,0.56,56,Sydney,Tuesday
2026-01-27 00:55:08,8Cap Raw,US30,49259.87,49261.87,2.0,200,Sydney,Tuesday
2026-01-27 00:55:08,8Cap Raw,US2000,2658.83,2659.27,0.44,44,Sydney,Tuesday
2026-01-27 00:55:09,8Cap Raw,GER40,24940.63,24943.63,3.0,300,Sydney,Tuesday
2026-01-27 00:55:09,8Cap Raw,UK100,10156.26,10157.86,1.6,160,Sydney,Tuesday
2026-01-27 00:59:44,Pepperstone Razor,XAUUSD,5023.86,5024.22,0.36,36,Sydney,Tuesday
2026-01-27 00:59:44,Pepperstone Razor,EURUSD,1.18774,1.18774,0.0,0,Sydney,Tuesday
2026-01-27 00:59:44,Pepperstone Razor,GBPUSD,1.36737,1.3674,3e-05,3,Sydney,Tuesday
2026-01-27 00:59:45,Pepperstone Razor,USDJPY,154.291,154.293,0.002,2,Sydney,Tuesday
2026-01-27 00:59:45,Pepperstone Razor,AUDUSD,0.69085,0.69086,1e-05,1,Sydney,Tuesday
2026-01-27 00:59:45,Pepperstone Razor,NAS100,25770.2,25771.7,1.5,15,Sydney,Tuesday
2026-01-27 00:59:45,Pepperstone Razor,US500,6953.6,6954.0,0.4,4,Sydney,Tuesday
2026-01-27 00:59:45,Pepperstone Razor,US30,49244.2,49246.4,2.2,22,Sydney,Tuesday
2026-01-27 00:59:46,Pepperstone Razor,US2000,2658.6,2659.0,0.4,4,Sydney,Tuesday
2026-01-27 00:59:46,Pepperstone Razor,GER40,24931.2,24933.2,2.0,20,Sydney,Tuesday
2026-01-27 00:59:46,Pepperstone Razor,UK100,10160.6,10162.8,2.2,22,Sydney,Tuesday
2026-01-27 00:59:48,FusionMarkets Zero,XAUUSD,5025.36,5025.53,0.17,17,Sydney,Tuesday
2026-01-27 00:59:48,FusionMarkets Zero,EURUSD,1.18766,1.18766,0.0,0,Sydney,Tuesday
2026-01-27 00:59:48,FusionMarkets Zero,GBPUSD,1.36735,1.36735,0.0,0,Sydney,Tuesday
2026-01-27 00:59:49,FusionMarkets Zero,USDJPY,154.292,154.292,0.0,0,Sydney,Tuesday
2026-01-27 00:59:49,FusionMarkets Zero,AUDUSD,0.69086,0.69086,0.0,0,Sydney,Tuesday
2026-01-27 00:59:49,FusionMarkets Zero,NAS100,25771.57,25772.37,0.8,80,Sydney,Tuesday
2026-01-27 00:59:49,FusionMarkets Zero,US500,6953.81,6954.17,0.36,36,Sydney,Tuesday
2026-01-27 00:59:49,FusionMarkets Zero,US30,49262.47,49265.27,2.8,280,Sydney,Tuesday
2026-01-27 00:59:50,FusionMarkets Zero,US2000,2659.0,2659.3,0.3,30,Sydney,Tuesday
2026-01-27 00:59:50,FusionMarkets Zero,GER40,24940.03,24943.23,3.2,320,Sydney,Tuesday
2026-01-27 00:59:50,FusionMarkets Zero,UK100,10160.48,10162.78,2.3,230,Sydney,Tuesday
2026-01-27 00:59:52,ThinkMarkets ThinkZero,XAUUSD,5029.33,5029.41,0.08,8,Sydney,Tuesday
2026-01-27 00:59:52,ThinkMarkets ThinkZero,EURUSD,1.18767,1.18769,2e-05,2,Sydney,Tuesday
2026-01-27 00:59:53,ThinkMarkets ThinkZero,GBPUSD,1.36733,1.36738,5e-05,5,Sydney,Tuesday
2026-01-27 00:59:53,ThinkMarkets ThinkZero,USDJPY,154.276,154.28,0.004,4,Sydney,Tuesday
2026-01-27 00:59:53,ThinkMarkets ThinkZero,AUDUSD,0.69084,0.69087,3e-05,3,Sydney,Tuesday
2026-01-27 00:59:53,ThinkMarkets ThinkZero,NAS100,25791.89,25792.89,1.0,100,Sydney,Tuesday
2026-01-27 00:59:53,ThinkMarkets ThinkZero,US500,6957.32,6957.67,0.35,35,Sydney,Tuesday
2026-01-27 00:59:54,ThinkMarkets ThinkZero,US30,49294.25,49295.75,1.5,150,Sydney,Tuesday
2026-01-27 00:59:54,ThinkMarkets ThinkZero,US2000,2659.3,2660.1,0.8,80,Sydney,Tuesday
2026-01-27 00:59:54,ThinkMarkets ThinkZero,GER40,24944.6,24951.6,7.0,700,Sydney,Tuesday
2026-01-27 00:59:54,ThinkMarkets ThinkZero,UK100,10179.35,10181.85,2.5,250,Sydney,Tuesday
2026-01-27 00:59:56,ICMarkets Raw,XAUUSD,5029.88,5030.0,0.12,12,Sydney,Tuesday
2026-01-27 00:59:56,ICMarkets Raw,EURUSD,1.18768,1.18768,0.0,0,Sydney,Tuesday
2026-01-27 00:59:56,ICMarkets Raw,GBPUSD,1.36737,1.36738,1e-05,1,Sydney,Tuesday
2026-01-27 00:59:57,ICMarkets Raw,USDJPY,154.27,154.271,0.001,1,Sydney,Tuesday
2026-01-27 00:59:57,ICMarkets Raw,AUDUSD,0.69085,0.69085,0.0,0,Sydney,Tuesday
2026-01-27 00:59:57,ICMarkets Raw,NAS100,25769.8,25770.8,1.0,100,Sydney,Tuesday
2026-01-27 00:59:57,ICMarkets Raw,US500,6953.4,6953.9,0.5,50,Sydney,Tuesday
2026-01-27 00:59:58,ICMarkets Raw,US30,49259.9,49261.1,1.2,120,Sydney,Tuesday
2026-01-27 00:59:58,ICMarkets Raw,US2000,2657.77,2658.09,0.32,32,Sydney,Tuesday
2026-01-27 00:59:58,ICMarkets Raw,GER40,24932.9,24933.6,0.7,70,Sydney,Tuesday
2026-01-27 00:59:58,ICMarkets Raw,UK100,10158.0,10160.5,2.5,250,Sydney,Tuesday
2026-01-27 01:00:00,VantageMarkets Raw,XAUUSD,5030.4,5030.48,0.08,8,Sydney,Tuesday
2026-01-27 01:00:00,VantageMarkets Raw,EURUSD,1.18769,1.18772,3e-05,3,Sydney,Tuesday
2026-01-27 01:00:00,VantageMarkets Raw,GBPUSD,1.36737,1.36738,1e-05,1,Sydney,Tuesday
2026-01-27 01:00:00,VantageMarkets Raw,USDJPY,154.265,154.268,0.003,3,Sydney,Tuesday
2026-01-27 01:00:00,VantageMarkets Raw,AUDUSD,0.69084,0.69088,4e-05,4,Sydney,Tuesday
2026-01-27 01:00:01,VantageMarkets Raw,NAS100,25790.56,25791.36,0.8,80,Sydney,Tuesday
2026-01-27 01:00:01,VantageMarkets Raw,US500,6957.08,6957.44,0.36,36,Sydney,Tuesday
2026-01-27 01:00:01,VantageMarkets Raw,US30,49293.51,49294.61,1.1,110,Sydney,Tuesday
2026-01-27 01:00:01,VantageMarkets Raw,US2000,2659.36,2659.84,0.48,48,Sydney,Tuesday
2026-01-27 01:00:02,VantageMarkets Raw,GER40,24944.35,24951.85,7.5,750,Sydney,Tuesday
2026-01-27 01:00:02,VantageMarkets Raw,UK100,10180.03,10182.19,2.16,216,Sydney,Tuesday
2026-01-27 01:00:03,FPMarkets Raw,XAUUSD,5028.02,5028.09,0.07,7,Sydney,Tuesday
2026-01-27 01:00:04,FPMarkets Raw,EURUSD,1.18776,1.18778,2e-05,2,Sydney,Tuesday
2026-01-27 01:00:04,FPMarkets Raw,GBPUSD,1.36742,1.36747,5e-05,5,Sydney,Tuesday
2026-01-27 01:00:04,FPMarkets Raw,USDJPY,154.255,154.26,0.005,5,Sydney,Tuesday
2026-01-27 01:00:04,FPMarkets Raw,AUDUSD,0.69088,0.69091,3e-05,3,Sydney,Tuesday
2026-01-27 01:00:05,FPMarkets Raw,NAS100,25790.4,25791.0,0.6,60,Sydney,Tuesday
2026-01-27 01:00:05,FPMarkets Raw,US500,6957.13,6957.38,0.25,25,Sydney,Tuesday
2026-01-27 01:00:05,FPMarkets Raw,US30,49292.3,49293.7,1.4,140,Sydney,Tuesday
2026-01-27 01:00:05,FPMarkets Raw,GER40,24944.75,24951.45,6.7,670,Sydney,Tuesday
2026-01-27 01:00:05,FPMarkets Raw,UK100,10179.8,10182.4,2.6,260,Sydney,Tuesday
2026-01-27 01:00:06,8Cap Raw,XAUUSD,5032.61,5032.77,0.16,16,Sydney,Tuesday
2026-01-27 01:00:07,8Cap Raw,EURUSD,1.18775,1.18776,1e-05,1,Sydney,Tuesday
2026-01-27 01:00:07,8Cap Raw,GBPUSD,1.36744,1.36745,1e-05,1,Sydney,Tuesday
2026-01-27 01:00:07,8Cap Raw,USDJPY,154.267,154.268,0.001,1,Sydney,Tuesday
2026-01-27 01:00:07,8Cap Raw,AUDUSD,0.69089,0.69092,3e-05,3,Sydney,Tuesday
2026-01-27 01:00:07,8Cap Raw,NAS100,25772.14,25773.54,1.4,140,Sydney,Tuesday
2026-01-27 01:00:08,8Cap Raw,US500,6953.71,6954.27,0.56,56,Sydney,Tuesday
2026-01-27 01:00:08,8Cap Raw,US30,49261.87,49263.87,2.0,200,Sydney,Tuesday
2026-01-27 01:00:08,8Cap Raw,US2000,2658.83,2659.27,0.44,44,Sydney,Tuesday
2026-01-27 01:00:08,8Cap Raw,GER40,24940.13,24943.13,3.0,300,Sydney,Tuesday
2026-01-27 01:00:08,8Cap Raw,UK100,10161.58,10162.93,1.35,135,Sydney,Tuesday
2026-01-27 01:04:44,Pepperstone Razor,XAUUSD,5036.59,5036.9,0.31,31,Sydney,Tuesday
2026-01-27 01:04:44,Pepperstone Razor,EURUSD,1.1876,1.1876,0.0,0,Sydney,Tuesday
2026-01-27 01:04:44,Pepperstone Razor,GBPUSD,1.36755,1.36756,1e-05,1,Sydney,Tuesday
2026-01-27 01:04:45,Pepperstone Razor,USDJPY,154.346,154.348,0.002,2,Sydney,Tuesday
2026-01-27 01:04:45,Pepperstone Razor,AUDUSD,0.69106,0.69106,0.0,0,Sydney,Tuesday
2026-01-27 01:04:45,Pepperstone Razor,NAS100,25778.7,25780.2,1.5,15,Sydney,Tuesday
2026-01-27 01:04:45,Pepperstone Razor,US500,6954.8,6955.3,0.5,5,Sydney,Tuesday
2026-01-27 01:04:45,Pepperstone Razor,US30,49249.1,49251.2,2.1,21,Sydney,Tuesday
2026-01-27 01:04:46,Pepperstone Razor,US2000,2659.3,2659.7,0.4,4,Sydney,Tuesday
2026-01-27 01:04:46,Pepperstone Razor,GER40,24932.9,24934.9,2.0,20,Sydney,Tuesday
2026-01-27 01:04:46,Pepperstone Razor,UK100,10165.4,10167.3,1.9,19,Sydney,Tuesday
2026-01-27 01:04:49,FusionMarkets Zero,XAUUSD,5036.77,5036.91,0.14,14,Sydney,Tuesday
2026-01-27 01:04:49,FusionMarkets Zero,EURUSD,1.18758,1.18758,0.0,0,Sydney,Tuesday
2026-01-27 01:04:49,FusionMarkets Zero,GBPUSD,1.36754,1.36754,0.0,0,Sydney,Tuesday
2026-01-27 01:04:49,FusionMarkets Zero,USDJPY,154.338,154.339,0.001,1,Sydney,Tuesday
2026-01-27 01:04:49,FusionMarkets Zero,AUDUSD,0.69106,0.69106,0.0,0,Sydney,Tuesday
2026-01-27 01:04:50,FusionMarkets Zero,NAS100,25778.32,25779.12,0.8,80,Sydney,Tuesday
2026-01-27 01:04:50,FusionMarkets Zero,US500,6954.68,6955.04,0.36,36,Sydney,Tuesday
2026-01-27 01:04:50,FusionMarkets Zero,US30,49263.47,49266.27,2.8,280,Sydney,Tuesday
2026-01-27 01:04:50,FusionMarkets Zero,US2000,2659.4,2659.7,0.3,30,Sydney,Tuesday
2026-01-27 01:04:50,FusionMarkets Zero,GER40,24941.53,24944.73,3.2,320,Sydney,Tuesday
2026-01-27 01:04:51,FusionMarkets Zero,UK100,10165.48,10166.78,1.3,130,Sydney,Tuesday
2026-01-27 01:04:53,ThinkMarkets ThinkZero,XAUUSD,5038.46,5038.54,0.08,8,Sydney,Tuesday
2026-01-27 01:04:53,ThinkMarkets ThinkZero,EURUSD,1.18756,1.18759,3e-05,3,Sydney,Tuesday
2026-01-27 01:04:53,ThinkMarkets ThinkZero,GBPUSD,1.3675,1.36758,8e-05,8,Sydney,Tuesday
2026-01-27 01:04:53,ThinkMarkets ThinkZero,USDJPY,154.335,154.341,0.006,6,Sydney,Tuesday
2026-01-27 01:04:54,ThinkMarkets ThinkZero,AUDUSD,0.69106,0.69111,5e-05,5,Sydney,Tuesday
2026-01-27 01:04:54,ThinkMarkets ThinkZero,NAS100,25797.39,25798.39,1.0,100,Sydney,Tuesday
2026-01-27 01:04:54,ThinkMarkets ThinkZero,US500,6958.07,6958.42,0.35,35,Sydney,Tuesday
2026-01-27 01:04:54,ThinkMarkets ThinkZero,US30,49296.25,49297.75,1.5,150,Sydney,Tuesday
2026-01-27 01:04:54,ThinkMarkets ThinkZero,US2000,2659.6,2660.4,0.8,80,Sydney,Tuesday
2026-01-27 01:04:55,ThinkMarkets ThinkZero,GER40,24948.5,24951.7,3.2,320,Sydney,Tuesday
2026-01-27 01:04:55,ThinkMarkets ThinkZero,UK100,10183.95,10186.25,2.3,230,Sydney,Tuesday
2026-01-27 01:04:57,ICMarkets Raw,XAUUSD,5029.98,5030.1,0.12,12,Sydney,Tuesday
2026-01-27 01:04:57,ICMarkets Raw,EURUSD,1.18759,1.18759,0.0,0,Sydney,Tuesday
2026-01-27 01:04:57,ICMarkets Raw,GBPUSD,1.36757,1.36758,1e-05,1,Sydney,Tuesday
2026-01-27 01:04:57,ICMarkets Raw,USDJPY,154.339,154.34,0.001,1,Sydney,Tuesday
2026-01-27 01:04:57,ICMarkets Raw,AUDUSD,0.69109,0.69111,2e-05,2,Sydney,Tuesday
2026-01-27 01:04:58,ICMarkets Raw,NAS100,25775.6,25776.6,1.0,100,Sydney,Tuesday
2026-01-27 01:04:58,ICMarkets Raw,US500,6954.1,6954.6,0.5,50,Sydney,Tuesday
2026-01-27 01:04:58,ICMarkets Raw,US30,49261.9,49263.1,1.2,120,Sydney,Tuesday
2026-01-27 01:04:58,ICMarkets Raw,US2000,2657.97,2658.3,0.33,33,Sydney,Tuesday
2026-01-27 01:04:58,ICMarkets Raw,GER40,24934.4,24935.1,0.7,70,Sydney,Tuesday
2026-01-27 01:04:59,ICMarkets Raw,UK100,10162.5,10165.0,2.5,250,Sydney,Tuesday
2026-01-27 01:05:01,VantageMarkets Raw,XAUUSD,5040.22,5040.3,0.08,8,Sydney,Tuesday
2026-01-27 01:05:01,VantageMarkets Raw,EURUSD,1.18758,1.18761,3e-05,3,Sydney,Tuesday
2026-01-27 01:05:01,VantageMarkets Raw,GBPUSD,1.36756,1.36757,1e-05,1,Sydney,Tuesday
2026-01-27 01:05:01,VantageMarkets Raw,USDJPY,154.335,154.339,0.004,4,Sydney,Tuesday
2026-01-27 01:05:01,VantageMarkets Raw,AUDUSD,0.69107,0.69111,4e-05,4,Sydney,Tuesday
2026-01-27 01:05:02,VantageMarkets Raw,NAS100,25797.56,25798.36,0.8,80,Sydney,Tuesday
2026-01-27 01:05:02,VantageMarkets Raw,US500,6958.08,6958.44,0.36,36,Sydney,Tuesday
2026-01-27 01:05:02,VantageMarkets Raw,US30,49296.51,49297.61,1.1,110,Sydney,Tuesday
2026-01-27 01:05:02,VantageMarkets Raw,US2000,2659.86,2660.34,0.48,48,Sydney,Tuesday
2026-01-27 01:05:02,VantageMarkets Raw,GER40,24948.25,24951.95,3.7,370,Sydney,Tuesday
2026-01-27 01:05:03,VantageMarkets Raw,UK100,10184.03,10186.19,2.16,216,Sydney,Tuesday
2026-01-27 01:05:05,FPMarkets Raw,XAUUSD,5032.86,5032.93,0.07,7,Sydney,Tuesday
2026-01-27 01:05:05,FPMarkets Raw,EURUSD,1.18762,1.18763,1e-05,1,Sydney,Tuesday
2026-01-27 01:05:05,FPMarkets Raw,GBPUSD,1.36758,1.36763,5e-05,5,Sydney,Tuesday
2026-01-27 01:05:06,FPMarkets Raw,USDJPY,154.335,154.339,0.004,4,Sydney,Tuesday
2026-01-27 01:05:06,FPMarkets Raw,AUDUSD,0.69108,0.69111,3e-05,3,Sydney,Tuesday
2026-01-27 01:05:06,FPMarkets Raw,NAS100,25797.65,25798.25,0.6,60,Sydney,Tuesday
2026-01-27 01:05:06,FPMarkets Raw,US500,6958.12,6958.37,0.25,25,Sydney,Tuesday
2026-01-27 01:05:06,FPMarkets Raw,US30,49296.3,49297.7,1.4,140,Sydney,Tuesday
2026-01-27 01:05:07,FPMarkets Raw,GER40,24948.65,24951.55,2.9,290,Sydney,Tuesday
2026-01-27 01:05:07,FPMarkets Raw,UK100,10183.8,10186.4,2.6,260,Sydney,Tuesday
2026-01-27 01:05:08,8Cap Raw,XAUUSD,5039.81,5039.97,0.16,16,Sydney,Tuesday
2026-01-27 01:05:09,8Cap Raw,EURUSD,1.18757,1.18759,2e-05,2,Sydney,Tuesday
2026-01-27 01:05:09,8Cap Raw,GBPUSD,1.36754,1.36756,2e-05,2,Sydney,Tuesday
2026-01-27 01:05:09,8Cap Raw,USDJPY,154.346,154.348,0.002,2,Sydney,Tuesday
2026-01-27 01:05:09,8Cap Raw,AUDUSD,0.69106,0.69109,3e-05,3,Sydney,Tuesday
2026-01-27 01:05:09,8Cap Raw,NAS100,25778.27,25779.67,1.4,140,Sydney,Tuesday
2026-01-27 01:05:10,8Cap Raw,US500,6954.71,6955.27,0.56,56,Sydney,Tuesday
2026-01-27 01:05:10,8Cap Raw,US30,49263.87,49265.87,2.0,200,Sydney,Tuesday
2026-01-27 01:05:10,8Cap Raw,US2000,2659.33,2659.77,0.44,44,Sydney,Tuesday
2026-01-27 01:05:10,8Cap Raw,GER40,24941.63,24944.63,3.0,300,Sydney,Tuesday
2026-01-27 01:05:10,8Cap Raw,UK100,10165.53,10166.73,1.2,120,Sydney,Tuesday
2026-01-27 01:09:44,Pepperstone Razor,XAUUSD,5036.84,5037.06,0.22,22,Sydney,Tuesday
2026-01-27 01:09:44,Pepperstone Razor,EURUSD,1.18753,1.18753,0.0,0,Sydney,Tuesday
2026-01-27 01:09:44,Pepperstone Razor,GBPUSD,1.36745,1.36748,3e-05,3,Sydney,Tuesday
2026-01-27 01:09:45,Pepperstone Razor,USDJPY,154.346,154.349,0.003,3,Sydney,Tuesday
2026-01-27 01:09:45,Pepperstone Razor,AUDUSD,0.69109,0.6911,1e-05,1,Sydney,Tuesday
2026-01-27 01:09:45,Pepperstone Razor,NAS100,25778.9,25780.4,1.5,15,Sydney,Tuesday
2026-01-27 01:09:45,Pepperstone Razor,US500,6954.8,6955.3,0.5,5,Sydney,Tuesday
2026-01-27 01:09:45,Pepperstone Razor,US30,49246.2,49248.4,2.2,22,Sydney,Tuesday
2026-01-27 01:09:46,Pepperstone Razor,US2000,2659.4,2659.8,0.4,4,Sydney,Tuesday
2026-01-27 01:09:46,Pepperstone Razor,GER40,24932.0,24934.0,2.0,20,Sydney,Tuesday
2026-01-27 01:09:46,Pepperstone Razor,UK100,10164.0,10165.8,1.8,18,Sydney,Tuesday
2026-01-27 01:09:48,FusionMarkets Zero,XAUUSD,5054.43,5054.57,0.14,14,Sydney,Tuesday
2026-01-27 01:09:48,FusionMarkets Zero,EURUSD,1.1875,1.1875,0.0,0,Sydney,Tuesday
2026-01-27 01:09:48,FusionMarkets Zero,GBPUSD,1.36743,1.36743,0.0,0,Sydney,Tuesday
2026-01-27 01:09:48,FusionMarkets Zero,USDJPY,154.347,154.347,0.0,0,Sydney,Tuesday
2026-01-27 01:09:48,FusionMarkets Zero,AUDUSD,0.69109,0.69109,0.0,0,Sydney,Tuesday
2026-01-27 01:09:49,FusionMarkets Zero,NAS100,25779.57,25780.37,0.8,80,Sydney,Tuesday
2026-01-27 01:09:49,FusionMarkets Zero,US500,6954.81,6955.17,0.36,36,Sydney,Tuesday
2026-01-27 01:09:49,FusionMarkets Zero,US30,49260.47,49263.27,2.8,280,Sydney,Tuesday
2026-01-27 01:09:49,FusionMarkets Zero,US2000,2659.5,2659.8,0.3,30,Sydney,Tuesday
2026-01-27 01:09:49,FusionMarkets Zero,GER40,24940.53,24943.73,3.2,320,Sydney,Tuesday
2026-01-27 01:09:50,FusionMarkets Zero,UK100,10164.23,10165.28,1.05,105,Sydney,Tuesday
2026-01-27 01:09:52,ThinkMarkets ThinkZero,XAUUSD,5052.44,5052.52,0.08,8,Sydney,Tuesday
2026-01-27 01:09:52,ThinkMarkets ThinkZero,EURUSD,1.18747,1.18751,4e-05,4,Sydney,Tuesday
2026-01-27 01:09:52,ThinkMarkets ThinkZero,GBPUSD,1.3674,1.36744,4e-05,4,Sydney,Tuesday
2026-01-27 01:09:52,ThinkMarkets ThinkZero,USDJPY,154.345,154.349,0.004,4,Sydney,Tuesday
2026-01-27 01:09:53,ThinkMarkets ThinkZero,AUDUSD,0.69108,0.69112,4e-05,4,Sydney,Tuesday
2026-01-27 01:09:53,ThinkMarkets ThinkZero,NAS100,25799.14,25800.14,1.0,100,Sydney,Tuesday
2026-01-27 01:09:53,ThinkMarkets ThinkZero,US500,6958.32,6958.67,0.35,35,Sydney,Tuesday
2026-01-27 01:09:53,ThinkMarkets ThinkZero,US30,49293.25,49294.75,1.5,150,Sydney,Tuesday
2026-01-27 01:09:53,ThinkMarkets ThinkZero,US2000,2659.8,2660.6,0.8,80,Sydney,Tuesday
2026-01-27 01:09:54,ThinkMarkets ThinkZero,GER40,24946.6,24951.6,5.0,500,Sydney,Tuesday
2026-01-27 01:09:54,ThinkMarkets ThinkZero,UK100,10182.7,10185.0,2.3,230,Sydney,Tuesday
2026-01-27 01:09:56,ICMarkets Raw,XAUUSD,5039.98,5040.05,0.07,7,Sydney,Tuesday
2026-01-27 01:09:56,ICMarkets Raw,EURUSD,1.18749,1.18749,0.0,0,Sydney,Tuesday
2026-01-27 01:09:56,ICMarkets Raw,GBPUSD,1.36744,1.36745,1e-05,1,Sydney,Tuesday
2026-01-27 01:09:56,ICMarkets Raw,USDJPY,154.35,154.35,0.0,0,Sydney,Tuesday
2026-01-27 01:09:56,ICMarkets Raw,AUDUSD,0.69111,0.69111,0.0,0,Sydney,Tuesday
2026-01-27 01:09:57,ICMarkets Raw,NAS100,25777.3,25778.3,1.0,100,Sydney,Tuesday
2026-01-27 01:09:57,ICMarkets Raw,US500,6954.4,6954.9,0.5,50,Sydney,Tuesday
2026-01-27 01:09:57,ICMarkets Raw,US30,49257.4,49258.6,1.2,120,Sydney,Tuesday
2026-01-27 01:09:57,ICMarkets Raw,US2000,2658.07,2658.4,0.33,33,Sydney,Tuesday
2026-01-27 01:09:57,ICMarkets Raw,GER40,24933.4,24934.1,0.7,70,Sydney,Tuesday
2026-01-27 01:09:58,ICMarkets Raw,UK100,10161.2,10163.7,2.5,250,Sydney,Tuesday
2026-01-27 01:09:59,VantageMarkets Raw,XAUUSD,5052.25,5052.33,0.08,8,Sydney,Tuesday
2026-01-27 01:09:59,VantageMarkets Raw,EURUSD,1.18749,1.18751,2e-05,2,Sydney,Tuesday
2026-01-27 01:10:00,VantageMarkets Raw,GBPUSD,1.36738,1.36739,1e-05,1,Sydney,Tuesday
2026-01-27 01:10:00,VantageMarkets Raw,USDJPY,154.35,154.351,0.001,1,Sydney,Tuesday
2026-01-27 01:10:00,VantageMarkets Raw,AUDUSD,0.69108,0.69111,3e-05,3,Sydney,Tuesday
2026-01-27 01:10:00,VantageMarkets Raw,NAS100,25800.06,25800.86,0.8,80,Sydney,Tuesday
2026-01-27 01:10:00,VantageMarkets Raw,US500,6958.59,6958.95,0.36,36,Sydney,Tuesday
2026-01-27 01:10:01,VantageMarkets Raw,US30,49291.51,49292.61,1.1,110,Sydney,Tuesday
2026-01-27 01:10:01,VantageMarkets Raw,US2000,2659.96,2660.44,0.48,48,Sydney,Tuesday
2026-01-27 01:10:01,VantageMarkets Raw,GER40,24946.35,24951.85,5.5,550,Sydney,Tuesday
2026-01-27 01:10:01,VantageMarkets Raw,UK100,10183.03,10185.19,2.16,216,Sydney,Tuesday
2026-01-27 01:10:03,FPMarkets Raw,XAUUSD,5039.65,5039.72,0.07,7,Sydney,Tuesday
2026-01-27 01:10:04,FPMarkets Raw,EURUSD,1.18748,1.1875,2e-05,2,Sydney,Tuesday
2026-01-27 01:10:04,FPMarkets Raw,GBPUSD,1.36737,1.36742,5e-05,5,Sydney,Tuesday
2026-01-27 01:10:04,FPMarkets Raw,USDJPY,154.347,154.351,0.004,4,Sydney,Tuesday
2026-01-27 01:10:04,FPMarkets Raw,AUDUSD,0.69107,0.6911,3e-05,3,Sydney,Tuesday
2026-01-27 01:10:04,FPMarkets Raw,NAS100,25800.15,25800.75,0.6,60,Sydney,Tuesday
2026-01-27 01:10:05,FPMarkets Raw,US500,6958.63,6958.88,0.25,25,Sydney,Tuesday
2026-01-27 01:10:05,FPMarkets Raw,US30,49291.3,49292.7,1.4,140,Sydney,Tuesday
2026-01-27 01:10:05,FPMarkets Raw,GER40,24946.75,24951.45,4.7,470,Sydney,Tuesday
2026-01-27 01:10:05,FPMarkets Raw,UK100,10182.8,10185.4,2.6,260,Sydney,Tuesday
2026-01-27 01:10:06,8Cap Raw,XAUUSD,5050.81,5050.97,0.16,16,Sydney,Tuesday
2026-01-27 01:10:07,8Cap Raw,EURUSD,1.1875,1.1875,0.0,0,Sydney,Tuesday
2026-01-27 01:10:07,8Cap Raw,GBPUSD,1.36738,1.36739,1e-05,1,Sydney,Tuesday
2026-01-27 01:10:07,8Cap Raw,USDJPY,154.346,154.347,0.001,1,Sydney,Tuesday
2026-01-27 01:10:07,8Cap Raw,AUDUSD,0.69106,0.6911,4e-05,4,Sydney,Tuesday
2026-01-27 01:10:07,8Cap Raw,NAS100,25780.27,25781.67,1.4,140,Sydney,Tuesday
2026-01-27 01:10:08,8Cap Raw,US500,6954.96,6955.52,0.56,56,Sydney,Tuesday
2026-01-27 01:10:08,8Cap Raw,US30,49260.12,49262.12,2.0,200,Sydney,Tuesday
2026-01-27 01:10:08,8Cap Raw,US2000,2659.53,2659.97,0.44,44,Sydney,Tuesday
2026-01-27 01:10:08,8Cap Raw,GER40,24940.63,24943.63,3.0,300,Sydney,Tuesday
2026-01-27 01:10:08,8Cap Raw,UK100,10164.58,10165.93,1.35,135,Sydney,Tuesday
2026-01-27 01:14:44,Pepperstone Razor,XAUUSD,5073.53,5073.81,0.28,28,Sydney,Tuesday
2026-01-27 01:14:44,Pepperstone Razor,EURUSD,1.18754,1.18754,0.0,0,Sydney,Tuesday
2026-01-27 01:14:44,Pepperstone Razor,GBPUSD,1.36741,1.36742,1e-05,1,Sydney,Tuesday
2026-01-27 01:14:45,Pepperstone Razor,USDJPY,154.315,154.318,0.003,3,Sydney,Tuesday
2026-01-27 01:14:45,Pepperstone Razor,AUDUSD,0.69107,0.69108,1e-05,1,Sydney,Tuesday
2026-01-27 01:14:45,Pepperstone Razor,NAS100,25782.0,25783.5,1.5,15,Sydney,Tuesday
2026-01-27 01:14:45,Pepperstone Razor,US500,6955.8,6956.3,0.5,5,Sydney,Tuesday
2026-01-27 01:14:45,Pepperstone Razor,US30,49249.5,49251.6,2.1,21,Sydney,Tuesday
2026-01-27 01:14:46,Pepperstone Razor,US2000,2659.6,2660.0,0.4,4,Sydney,Tuesday
2026-01-27 01:14:46,Pepperstone Razor,GER40,24935.9,24937.9,2.0,20,Sydney,Tuesday
2026-01-27 01:14:46,Pepperstone Razor,UK100,10163.4,10165.2,1.8,18,Sydney,Tuesday
2026-01-27 01:14:48,FusionMarkets Zero,XAUUSD,5053.9,5054.07,0.17,17,Sydney,Tuesday
2026-01-27 01:14:48,FusionMarkets Zero,EURUSD,1.18756,1.18756,0.0,0,Sydney,Tuesday
2026-01-27 01:14:48,FusionMarkets Zero,GBPUSD,1.36744,1.36744,0.0,0,Sydney,Tuesday
2026-01-27 01:14:49,FusionMarkets Zero,USDJPY,154.311,154.311,0.0,0,Sydney,Tuesday
2026-01-27 01:14:49,FusionMarkets Zero,AUDUSD,0.69108,0.69108,0.0,0,Sydney,Tuesday
2026-01-27 01:14:49,FusionMarkets Zero,NAS100,25782.57,25783.37,0.8,80,Sydney,Tuesday
2026-01-27 01:14:49,FusionMarkets Zero,US500,6955.81,6956.17,0.36,36,Sydney,Tuesday
2026-01-27 01:14:49,FusionMarkets Zero,US30,49263.97,49266.77,2.8,280,Sydney,Tuesday
2026-01-27 01:14:50,FusionMarkets Zero,US2000,2659.7,2660.0,0.3,30,Sydney,Tuesday
2026-01-27 01:14:50,FusionMarkets Zero,GER40,24945.03,24948.23,3.2,320,Sydney,Tuesday
2026-01-27 01:14:50,FusionMarkets Zero,UK100,10163.48,10164.78,1.3,130,Sydney,Tuesday
2026-01-27 01:14:52,ThinkMarkets ThinkZero,XAUUSD,5075.4,5075.48,0.08,8,Sydney,Tuesday
2026-01-27 01:14:52,ThinkMarkets ThinkZero,EURUSD,1.18756,1.18758,2e-05,2,Sydney,Tuesday
2026-01-27 01:14:53,ThinkMarkets ThinkZero,GBPUSD,1.36739,1.36746,7e-05,7,Sydney,Tuesday
2026-01-27 01:14:53,ThinkMarkets ThinkZero,USDJPY,154.311,154.316,0.005,5,Sydney,Tuesday
2026-01-27 01:14:53,ThinkMarkets ThinkZero,AUDUSD,0.69107,0.69109,2e-05,2,Sydney,Tuesday
2026-01-27 01:14:53,ThinkMarkets ThinkZero,NAS100,25802.39,25803.39,1.0,100,Sydney,Tuesday
2026-01-27 01:14:53,ThinkMarkets ThinkZero,US500,6959.32,6959.67,0.35,35,Sydney,Tuesday
2026-01-27 01:14:54,ThinkMarkets ThinkZero,US30,49296.25,49297.75,1.5,150,Sydney,Tuesday
2026-01-27 01:14:54,ThinkMarkets ThinkZero,US2000,2660.1,2660.9,0.8,80,Sydney,Tuesday
2026-01-27 01:14:54,ThinkMarkets ThinkZero,GER40,24952.9,24955.3,2.4,240,Sydney,Tuesday
2026-01-27 01:14:54,ThinkMarkets ThinkZero,UK100,10181.95,10184.25,2.3,230,Sydney,Tuesday
2026-01-27 01:14:56,ICMarkets Raw,XAUUSD,5074.34,5074.46,0.12,12,Sydney,Tuesday
2026-01-27 01:14:56,ICMarkets Raw,EURUSD,1.18758,1.18758,0.0,0,Sydney,Tuesday
2026-01-27 01:14:57,ICMarkets Raw,GBPUSD,1.36744,1.36745,1e-05,1,Sydney,Tuesday
2026-01-27 01:14:57,ICMarkets Raw,USDJPY,154.31,154.31,0.0,0,Sydney,Tuesday
2026-01-27 01:14:57,ICMarkets Raw,AUDUSD,0.69108,0.69108,0.0,0,Sydney,Tuesday
2026-01-27 01:14:57,ICMarkets Raw,NAS100,25781.3,25782.3,1.0,100,Sydney,Tuesday
2026-01-27 01:14:57,ICMarkets Raw,US500,6955.6,6956.1,0.5,50,Sydney,Tuesday
2026-01-27 01:14:58,ICMarkets Raw,US30,49262.9,49264.1,1.2,120,Sydney,Tuesday
2026-01-27 01:14:58,ICMarkets Raw,US2000,2658.47,2658.9,0.43,43,Sydney,Tuesday
2026-01-27 01:14:58,ICMarkets Raw,GER40,24937.9,24938.6,0.7,70,Sydney,Tuesday
2026-01-27 01:14:58,ICMarkets Raw,UK100,10160.7,10163.2,2.5,250,Sydney,Tuesday
2026-01-27 01:15:00,VantageMarkets Raw,XAUUSD,5075.24,5075.32,0.08,8,Sydney,Tuesday
2026-01-27 01:15:00,VantageMarkets Raw,EURUSD,1.18757,1.18759,2e-05,2,Sydney,Tuesday
2026-01-27 01:15:01,VantageMarkets Raw,GBPUSD,1.36743,1.36744,1e-05,1,Sydney,Tuesday
2026-01-27 01:15:01,VantageMarkets Raw,USDJPY,154.309,154.311,0.002,2,Sydney,Tuesday
2026-01-27 01:15:01,VantageMarkets Raw,AUDUSD,0.69107,0.69111,4e-05,4,Sydney,Tuesday
2026-01-27 01:15:01,VantageMarkets Raw,NAS100,25804.06,25804.86,0.8,80,Sydney,Tuesday
2026-01-27 01:15:01,VantageMarkets Raw,US500,6959.58,6959.94,0.36,36,Sydney,Tuesday
2026-01-27 01:15:02,VantageMarkets Raw,US30,49298.51,49299.61,1.1,110,Sydney,Tuesday
2026-01-27 01:15:02,VantageMarkets Raw,US2000,2660.36,2660.84,0.48,48,Sydney,Tuesday
2026-01-27 01:15:02,VantageMarkets Raw,GER40,24953.25,24956.95,3.7,370,Sydney,Tuesday
2026-01-27 01:15:02,VantageMarkets Raw,UK100,10182.53,10184.69,2.16,216,Sydney,Tuesday
2026-01-27 01:15:04,FPMarkets Raw,XAUUSD,5051.28,5051.35,0.07,7,Sydney,Tuesday
2026-01-27 01:15:04,FPMarkets Raw,EURUSD,1.18756,1.18757,1e-05,1,Sydney,Tuesday
2026-01-27 01:15:04,FPMarkets Raw,GBPUSD,1.36738,1.36743,5e-05,5,Sydney,Tuesday
2026-01-27 01:15:05,FPMarkets Raw,USDJPY,154.31,154.314,0.004,4,Sydney,Tuesday
2026-01-27 01:15:05,FPMarkets Raw,AUDUSD,0.69108,0.69111,3e-05,3,Sydney,Tuesday
2026-01-27 01:15:05,FPMarkets Raw,NAS100,25804.65,25805.25,0.6,60,Sydney,Tuesday
2026-01-27 01:15:05,FPMarkets Raw,US500,6959.87,6960.12,0.25,25,Sydney,Tuesday
2026-01-27 01:15:05,FPMarkets Raw,US30,49300.3,49301.7,1.4,140,Sydney,Tuesday
2026-01-27 01:15:06,FPMarkets Raw,GER40,24953.65,24956.55,2.9,290,Sydney,Tuesday
2026-01-27 01:15:06,FPMarkets Raw,UK100,10182.3,10184.9,2.6,260,Sydney,Tuesday
2026-01-27 01:15:07,8Cap Raw,XAUUSD,5074.04,5074.2,0.16,16,Sydney,Tuesday
2026-01-27 01:15:08,8Cap Raw,EURUSD,1.18757,1.18758,1e-05,1,Sydney,Tuesday
2026-01-27 01:15:08,8Cap Raw,GBPUSD,1.36743,1.36744,1e-05,1,Sydney,Tuesday
2026-01-27 01:15:08,8Cap Raw,USDJPY,154.311,154.312,0.001,1,Sydney,Tuesday
2026-01-27 01:15:08,8Cap Raw,AUDUSD,0.69107,0.69111,4e-05,4,Sydney,Tuesday
2026-01-27 01:15:08,8Cap Raw,NAS100,25785.77,25787.17,1.4,140,Sydney,Tuesday
2026-01-27 01:15:09,8Cap Raw,US500,6956.46,6957.02,0.56,56,Sydney,Tuesday
2026-01-27 01:15:09,8Cap Raw,US30,49268.87,49270.87,2.0,200,Sydney,Tuesday
2026-01-27 01:15:09,8Cap Raw,US2000,2660.13,2660.57,0.44,44,Sydney,Tuesday
2026-01-27 01:15:09,8Cap Raw,GER40,24947.13,24950.13,3.0,300,Sydney,Tuesday
2026-01-27 01:15:09,8Cap Raw,UK100,10164.03,10165.23,1.2,120,Sydney,Tuesday
2026-01-27 01:19:44,Pepperstone Razor,XAUUSD,5066.76,5067.01,0.25,25,Sydney,Tuesday
2026-01-27 01:19:44,Pepperstone Razor,EURUSD,1.18765,1.18766,1e-05,1,Sydney,Tuesday
2026-01-27 01:19:44,Pepperstone Razor,GBPUSD,1.36765,1.36768,3e-05,3,Sydney,Tuesday
2026-01-27 01:19:44,Pepperstone Razor,USDJPY,154.3,154.302,0.002,2,Sydney,Tuesday
2026-01-27 01:19:45,Pepperstone Razor,AUDUSD,0.69127,0.69127,0.0,0,Sydney,Tuesday
2026-01-27 01:19:45,Pepperstone Razor,NAS100,25782.9,25784.4,1.5,15,Sydney,Tuesday
2026-01-27 01:19:45,Pepperstone Razor,US500,6956.1,6956.5,0.4,4,Sydney,Tuesday
2026-01-27 01:19:45,Pepperstone Razor,US30,49249.2,49251.4,2.2,22,Sydney,Tuesday
2026-01-27 01:19:45,Pepperstone Razor,US2000,2660.4,2660.8,0.4,4,Sydney,Tuesday
2026-01-27 01:19:46,Pepperstone Razor,GER40,24940.3,24942.3,2.0,20,Sydney,Tuesday
2026-01-27 01:19:46,Pepperstone Razor,UK100,10164.7,10166.6,1.9,19,Sydney,Tuesday
2026-01-27 01:19:48,FusionMarkets Zero,XAUUSD,5066.16,5066.3,0.14,14,Sydney,Tuesday
2026-01-27 01:19:48,FusionMarkets Zero,EURUSD,1.18766,1.18766,0.0,0,Sydney,Tuesday
2026-01-27 01:19:48,FusionMarkets Zero,GBPUSD,1.36764,1.36764,0.0,0,Sydney,Tuesday
2026-01-27 01:19:49,FusionMarkets Zero,USDJPY,154.281,154.283,0.002,2,Sydney,Tuesday
2026-01-27 01:19:49,FusionMarkets Zero,AUDUSD,0.69124,0.69124,0.0,0,Sydney,Tuesday
2026-01-27 01:19:49,FusionMarkets Zero,NAS100,25781.82,25782.62,0.8,80,Sydney,Tuesday
2026-01-27 01:19:49,FusionMarkets Zero,US500,6956.06,6956.42,0.36,36,Sydney,Tuesday
2026-01-27 01:19:49,FusionMarkets Zero,US30,49264.47,49267.27,2.8,280,Sydney,Tuesday
2026-01-27 01:19:50,FusionMarkets Zero,US2000,2660.5,2660.8,0.3,30,Sydney,Tuesday
2026-01-27 01:19:50,FusionMarkets Zero,GER40,24950.03,24953.23,3.2,320,Sydney,Tuesday
2026-01-27 01:19:50,FusionMarkets Zero,UK100,10164.73,10166.28,1.55,155,Sydney,Tuesday
2026-01-27 01:19:52,ThinkMarkets ThinkZero,XAUUSD,5066.38,5066.46,0.08,8,Sydney,Tuesday
2026-01-27 01:19:52,ThinkMarkets ThinkZero,EURUSD,1.18766,1.18768,2e-05,2,Sydney,Tuesday
2026-01-27 01:19:53,ThinkMarkets ThinkZero,GBPUSD,1.36761,1.36766,5e-05,5,Sydney,Tuesday
2026-01-27 01:19:53,ThinkMarkets ThinkZero,USDJPY,154.286,154.291,0.005,5,Sydney,Tuesday
2026-01-27 01:19:53,ThinkMarkets ThinkZero,AUDUSD,0.69122,0.69126,4e-05,4,Sydney,Tuesday
2026-01-27 01:19:53,ThinkMarkets ThinkZero,NAS100,25800.64,25801.64,1.0,100,Sydney,Tuesday
2026-01-27 01:19:53,ThinkMarkets ThinkZero,US500,6959.33,6959.68,0.35,35,Sydney,Tuesday
2026-01-27 01:19:54,ThinkMarkets ThinkZero,US30,49295.25,49296.75,1.5,150,Sydney,Tuesday
2026-01-27 01:19:54,ThinkMarkets ThinkZero,US2000,2660.7,2661.5,0.8,80,Sydney,Tuesday
2026-01-27 01:19:54,ThinkMarkets ThinkZero,GER40,24954.6,24961.6,7.0,700,Sydney,Tuesday
2026-01-27 01:19:54,ThinkMarkets ThinkZero,UK100,10183.45,10185.75,2.3,230,Sydney,Tuesday
2026-01-27 01:19:56,ICMarkets Raw,XAUUSD,5066.58,5066.68,0.1,10,Sydney,Tuesday
2026-01-27 01:19:56,ICMarkets Raw,EURUSD,1.18767,1.18767,0.0,0,Sydney,Tuesday
2026-01-27 01:19:56,ICMarkets Raw,GBPUSD,1.36765,1.36766,1e-05,1,Sydney,Tuesday
2026-01-27 01:19:57,ICMarkets Raw,USDJPY,154.288,154.289,0.001,1,Sydney,Tuesday
2026-01-27 01:19:57,ICMarkets Raw,AUDUSD,0.69125,0.69125,0.0,0,Sydney,Tuesday
2026-01-27 01:19:57,ICMarkets Raw,NAS100,25779.6,25780.6,1.0,100,Sydney,Tuesday
2026-01-27 01:19:57,ICMarkets Raw,US500,6955.3,6955.8,0.5,50,Sydney,Tuesday
2026-01-27 01:19:57,ICMarkets Raw,US30,49259.4,49260.6,1.2,120,Sydney,Tuesday
2026-01-27 01:19:58,ICMarkets Raw,US2000,2659.06,2659.4,0.34,34,Sydney,Tuesday
2026-01-27 01:19:58,ICMarkets Raw,GER40,24942.9,24943.6,0.7,70,Sydney,Tuesday
2026-01-27 01:19:58,ICMarkets Raw,UK100,10162.0,10164.5,2.5,250,Sydney,Tuesday
2026-01-27 01:20:00,VantageMarkets Raw,XAUUSD,5066.93,5067.01,0.08,8,Sydney,Tuesday
2026-01-27 01:20:00,VantageMarkets Raw,EURUSD,1.18765,1.1877,5e-05,5,Sydney,Tuesday
2026-01-27 01:20:00,VantageMarkets Raw,GBPUSD,1.36765,1.36766,1e-05,1,Sydney,Tuesday
2026-01-27 01:20:01,VantageMarkets Raw,USDJPY,154.283,154.289,0.006,6,Sydney,Tuesday
2026-01-27 01:20:01,VantageMarkets Raw,AUDUSD,0.69125,0.69129,4e-05,4,Sydney,Tuesday
2026-01-27 01:20:01,VantageMarkets Raw,NAS100,25801.31,25802.11,0.8,80,Sydney,Tuesday
2026-01-27 01:20:01,VantageMarkets Raw,US500,6959.33,6959.69,0.36,36,Sydney,Tuesday
2026-01-27 01:20:01,VantageMarkets Raw,US30,49294.51,49295.61,1.1,110,Sydney,Tuesday
2026-01-27 01:20:02,VantageMarkets Raw,US2000,2660.86,2661.34,0.48,48,Sydney,Tuesday
2026-01-27 01:20:02,VantageMarkets Raw,GER40,24954.35,24961.85,7.5,750,Sydney,Tuesday
2026-01-27 01:20:02,VantageMarkets Raw,UK100,10183.53,10185.69,2.16,216,Sydney,Tuesday
2026-01-27 01:20:04,FPMarkets Raw,XAUUSD,5074.51,5074.58,0.07,7,Sydney,Tuesday
2026-01-27 01:20:04,FPMarkets Raw,EURUSD,1.18766,1.18768,2e-05,2,Sydney,Tuesday
2026-01-27 01:20:04,FPMarkets Raw,GBPUSD,1.36763,1.36768,5e-05,5,Sydney,Tuesday
2026-01-27 01:20:04,FPMarkets Raw,USDJPY,154.28,154.284,0.004,4,Sydney,Tuesday
2026-01-27 01:20:05,FPMarkets Raw,AUDUSD,0.69125,0.69128,3e-05,3,Sydney,Tuesday
2026-01-27 01:20:05,FPMarkets Raw,NAS100,25801.4,25802.0,0.6,60,Sydney,Tuesday
2026-01-27 01:20:05,FPMarkets Raw,US500,6959.37,6959.62,0.25,25,Sydney,Tuesday
2026-01-27 01:20:05,FPMarkets Raw,US30,49296.3,49297.7,1.4,140,Sydney,Tuesday
2026-01-27 01:20:05,FPMarkets Raw,GER40,24954.75,24961.45,6.7,670,Sydney,Tuesday
2026-01-27 01:20:06,FPMarkets Raw,UK100,10183.3,10185.9,2.6,260,Sydney,Tuesday
2026-01-27 01:20:07,8Cap Raw,XAUUSD,5067.96,5068.12,0.16,16,Sydney,Tuesday
2026-01-27 01:20:07,8Cap Raw,EURUSD,1.18775,1.18775,0.0,0,Sydney,Tuesday
2026-01-27 01:20:07,8Cap Raw,GBPUSD,1.36772,1.36773,1e-05,1,Sydney,Tuesday
2026-01-27 01:20:07,8Cap Raw,USDJPY,154.28,154.281,0.001,1,Sydney,Tuesday
2026-01-27 01:20:07,8Cap Raw,AUDUSD,0.69127,0.6913,3e-05,3,Sydney,Tuesday
2026-01-27 01:20:08,8Cap Raw,NAS100,25781.89,25783.29,1.4,140,Sydney,Tuesday
2026-01-27 01:20:08,8Cap Raw,US500,6955.96,6956.52,0.56,56,Sydney,Tuesday
2026-01-27 01:20:08,8Cap Raw,US30,49264.87,49266.87,2.0,200,Sydney,Tuesday
2026-01-27 01:20:08,8Cap Raw,US2000,2660.53,2660.97,0.44,44,Sydney,Tuesday
2026-01-27 01:20:08,8Cap Raw,GER40,24950.13,24953.13,3.0,300,Sydney,Tuesday
2026-01-27 01:20:09,8Cap Raw,UK100,10164.58,10166.18,1.6,160,Sydney,Tuesday
2026-01-27 01:24:44,Pepperstone Razor,XAUUSD,5067.0,5067.17,0.17,17,Sydney,Tuesday
2026-01-27 01:24:44,Pepperstone Razor,EURUSD,1.18766,1.18766,0.0,0,Sydney,Tuesday
2026-01-27 01:24:44,Pepperstone Razor,GBPUSD,1.36773,1.36774,1e-05,1,Sydney,Tuesday
2026-01-27 01:24:44,Pepperstone Razor,USDJPY,154.268,154.271,0.003,3,Sydney,Tuesday
2026-01-27 01:24:45,Pepperstone Razor,AUDUSD,0.69133,0.69134,1e-05,1,Sydney,Tuesday
2026-01-27 01:24:45,Pepperstone Razor,NAS100,25783.4,25784.9,1.5,15,Sydney,Tuesday
2026-01-27 01:24:45,Pepperstone Razor,US500,6956.6,6957.0,0.4,4,Sydney,Tuesday
2026-01-27 01:24:45,Pepperstone Razor,US30,49258.1,49260.3,2.2,22,Sydney,Tuesday
2026-01-27 01:24:45,Pepperstone Razor,US2000,2661.1,2661.5,0.4,4,Sydney,Tuesday
2026-01-27 01:24:46,Pepperstone Razor,GER40,24932.2,24934.2,2.0,20,Sydney,Tuesday
2026-01-27 01:24:46,Pepperstone Razor,UK100,10164.5,10166.3,1.8,18,Sydney,Tuesday
2026-01-27 01:24:48,FusionMarkets Zero,XAUUSD,5066.71,5066.85,0.14,14,Sydney,Tuesday
2026-01-27 01:24:48,FusionMarkets Zero,EURUSD,1.18767,1.18767,0.0,0,Sydney,Tuesday
2026-01-27 01:24:48,FusionMarkets Zero,GBPUSD,1.36772,1.36772,0.0,0,Sydney,Tuesday
2026-01-27 01:24:48,FusionMarkets Zero,USDJPY,154.267,154.267,0.0,0,Sydney,Tuesday
2026-01-27 01:24:49,FusionMarkets Zero,AUDUSD,0.69133,0.69133,0.0,0,Sydney,Tuesday
2026-01-27 01:24:49,FusionMarkets Zero,NAS100,25784.32,25785.12,0.8,80,Sydney,Tuesday
2026-01-27 01:24:49,FusionMarkets Zero,US500,6956.56,6956.92,0.36,36,Sydney,Tuesday
2026-01-27 01:24:49,FusionMarkets Zero,US30,49270.72,49273.52,2.8,280,Sydney,Tuesday
2026-01-27 01:24:49,FusionMarkets Zero,US2000,2661.0,2661.3,0.3,30,Sydney,Tuesday
2026-01-27 01:24:50,FusionMarkets Zero,GER40,24941.53,24944.73,3.2,320,Sydney,Tuesday
2026-01-27 01:24:50,FusionMarkets Zero,UK100,10164.48,10165.28,0.8,80,Sydney,Tuesday
2026-01-27 01:24:52,ThinkMarkets ThinkZero,XAUUSD,5066.84,5066.92,0.08,8,Sydney,Tuesday
2026-01-27 01:24:52,ThinkMarkets ThinkZero,EURUSD,1.18766,1.18769,3e-05,3,Sydney,Tuesday
2026-01-27 01:24:52,ThinkMarkets ThinkZero,GBPUSD,1.3677,1.36774,4e-05,4,Sydney,Tuesday
2026-01-27 01:24:53,ThinkMarkets ThinkZero,USDJPY,154.253,154.258,0.005,5,Sydney,Tuesday
2026-01-27 01:24:53,ThinkMarkets ThinkZero,AUDUSD,0.69127,0.6913,3e-05,3,Sydney,Tuesday
2026-01-27 01:24:53,ThinkMarkets ThinkZero,NAS100,25801.89,25802.89,1.0,100,Sydney,Tuesday
2026-01-27 01:24:53,ThinkMarkets ThinkZero,US500,6959.83,6960.18,0.35,35,Sydney,Tuesday
2026-01-27 01:24:53,ThinkMarkets ThinkZero,US30,49302.25,49303.75,1.5,150,Sydney,Tuesday
2026-01-27 01:24:54,ThinkMarkets ThinkZero,US2000,2661.1,2661.9,0.8,80,Sydney,Tuesday
2026-01-27 01:24:54,ThinkMarkets ThinkZero,GER40,24946.6,24951.6,5.0,500,Sydney,Tuesday
2026-01-27 01:24:54,ThinkMarkets ThinkZero,UK100,10182.7,10185.0,2.3,230,Sydney,Tuesday
2026-01-27 01:24:56,ICMarkets Raw,XAUUSD,5064.49,5064.61,0.12,12,Sydney,Tuesday
2026-01-27 01:24:56,ICMarkets Raw,EURUSD,1.18768,1.18768,0.0,0,Sydney,Tuesday
2026-01-27 01:24:56,ICMarkets Raw,GBPUSD,1.36769,1.3677,1e-05,1,Sydney,Tuesday
2026-01-27 01:24:57,ICMarkets Raw,USDJPY,154.268,154.268,0.0,0,Sydney,Tuesday
2026-01-27 01:24:57,ICMarkets Raw,AUDUSD,0.69123,0.69124,1e-05,1,Sydney,Tuesday
2026-01-27 01:24:57,ICMarkets Raw,NAS100,25780.3,25781.3,1.0,100,Sydney,Tuesday
2026-01-27 01:24:57,ICMarkets Raw,US500,6955.6,6956.1,0.5,50,Sydney,Tuesday
2026-01-27 01:24:57,ICMarkets Raw,US30,49267.9,49269.1,1.2,120,Sydney,Tuesday
2026-01-27 01:24:58,ICMarkets Raw,US2000,2659.37,2659.7,0.33,33,Sydney,Tuesday
2026-01-27 01:24:58,ICMarkets Raw,GER40,24933.4,24934.1,0.7,70,Sydney,Tuesday
2026-01-27 01:24:58,ICMarkets Raw,UK100,10161.2,10163.7,2.5,250,Sydney,Tuesday
2026-01-27 01:25:00,VantageMarkets Raw,XAUUSD,5064.37,5064.45,0.08,8,Sydney,Tuesday
2026-01-27 01:25:00,VantageMarkets Raw,EURUSD,1.18767,1.18769,2e-05,2,Sydney,Tuesday
2026-01-27 01:25:00,VantageMarkets Raw,GBPUSD,1.36768,1.36769,1e-05,1,Sydney,Tuesday
2026-01-27 01:25:00,VantageMarkets Raw,USDJPY,154.264,154.266,0.002,2,Sydney,Tuesday
2026-01-27 01:25:01,VantageMarkets Raw,AUDUSD,0.69122,0.69126,4e-05,4,Sydney,Tuesday
2026-01-27 01:25:01,VantageMarkets Raw,NAS100,25801.81,25802.61,0.8,80,Sydney,Tuesday
2026-01-27 01:25:01,VantageMarkets Raw,US500,6959.83,6960.19,0.36,36,Sydney,Tuesday
2026-01-27 01:25:01,VantageMarkets Raw,US30,49301.51,49302.61,1.1,110,Sydney,Tuesday
2026-01-27 01:25:02,VantageMarkets Raw,US2000,2661.16,2661.64,0.48,48,Sydney,Tuesday
2026-01-27 01:25:02,VantageMarkets Raw,GER40,24946.35,24951.85,5.5,550,Sydney,Tuesday
2026-01-27 01:25:02,VantageMarkets Raw,UK100,10182.78,10184.94,2.16,216,Sydney,Tuesday
2026-01-27 01:25:04,FPMarkets Raw,XAUUSD,5067.09,5067.16,0.07,7,Sydney,Tuesday
2026-01-27 01:25:04,FPMarkets Raw,EURUSD,1.18766,1.18768,2e-05,2,Sydney,Tuesday
2026-01-27 01:25:04,FPMarkets Raw,GBPUSD,1.36768,1.36773,5e-05,5,Sydney,Tuesday
2026-01-27 01:25:04,FPMarkets Raw,USDJPY,154.258,154.262,0.004,4,Sydney,Tuesday
2026-01-27 01:25:04,FPMarkets Raw,AUDUSD,0.69121,0.69124,3e-05,3,Sydney,Tuesday
2026-01-27 01:25:05,FPMarkets Raw,NAS100,25801.9,25802.5,0.6,60,Sydney,Tuesday
2026-01-27 01:25:05,FPMarkets Raw,US500,6959.88,6960.13,0.25,25,Sydney,Tuesday
2026-01-27 01:25:05,FPMarkets Raw,US30,49302.3,49303.7,1.4,140,Sydney,Tuesday
2026-01-27 01:25:05,FPMarkets Raw,GER40,24946.75,24951.45,4.7,470,Sydney,Tuesday
2026-01-27 01:25:06,FPMarkets Raw,UK100,10182.55,10185.15,2.6,260,Sydney,Tuesday
2026-01-27 01:25:07,8Cap Raw,XAUUSD,5065.62,5065.78,0.16,16,Sydney,Tuesday
2026-01-27 01:25:07,8Cap Raw,EURUSD,1.1877,1.1877,0.0,0,Sydney,Tuesday
2026-01-27 01:25:07,8Cap Raw,GBPUSD,1.36772,1.36773,1e-05,1,Sydney,Tuesday
2026-01-27 01:25:07,8Cap Raw,USDJPY,154.255,154.256,0.001,1,Sydney,Tuesday
2026-01-27 01:25:07,8Cap Raw,AUDUSD,0.69124,0.69126,2e-05,2,Sydney,Tuesday
2026-01-27 01:25:08,8Cap Raw,NAS100,25782.52,25783.92,1.4,140,Sydney,Tuesday
2026-01-27 01:25:08,8Cap Raw,US500,6956.21,6956.77,0.56,56,Sydney,Tuesday
2026-01-27 01:25:08,8Cap Raw,US30,49270.87,49272.87,2.0,200,Sydney,Tuesday
2026-01-27 01:25:08,8Cap Raw,US2000,2660.73,2661.17,0.44,44,Sydney,Tuesday
2026-01-27 01:25:08,8Cap Raw,GER40,24940.63,24943.63,3.0,300,Sydney,Tuesday
2026-01-27 01:25:09,8Cap Raw,UK100,10164.16,10165.36,1.2,120,Sydney,Tuesday
2026-01-27 01:29:44,Pepperstone Razor,XAUUSD,5067.17,5067.35,0.18,18,Sydney,Tuesday
2026-01-27 01:29:44,Pepperstone Razor,EURUSD,1.18752,1.18752,0.0,0,Sydney,Tuesday
2026-01-27 01:29:44,Pepperstone Razor,GBPUSD,1.36756,1.36759,3e-05,3,Sydney,Tuesday
2026-01-27 01:29:44,Pepperstone Razor,USDJPY,154.32,154.323,0.003,3,Sydney,Tuesday
2026-01-27 01:29:44,Pepperstone Razor,AUDUSD,0.69123,0.69123,0.0,0,Sydney,Tuesday
2026-01-27 01:29:45,Pepperstone Razor,NAS100,25783.4,25784.9,1.5,15,Sydney,Tuesday
2026-01-27 01:29:45,Pepperstone Razor,US500,6956.3,6956.8,0.5,5,Sydney,Tuesday
2026-01-27 01:29:45,Pepperstone Razor,US30,49257.5,49259.6,2.1,21,Sydney,Tuesday
2026-01-27 01:29:45,Pepperstone Razor,US2000,2660.5,2661.0,0.5,5,Sydney,Tuesday
2026-01-27 01:29:46,Pepperstone Razor,GER40,24930.4,24932.4,2.0,20,Sydney,Tuesday
2026-01-27 01:29:46,Pepperstone Razor,UK100,10164.4,10166.2,1.8,18,Sydney,Tuesday
2026-01-27 01:29:47,FusionMarkets Zero,XAUUSD,5066.9,5067.01,0.11,11,Sydney,Tuesday
2026-01-27 01:29:47,FusionMarkets Zero,EURUSD,1.18752,1.18752,0.0,0,Sydney,Tuesday
2026-01-27 01:29:48,FusionMarkets Zero,GBPUSD,1.36753,1.36753,0.0,0,Sydney,Tuesday
2026-01-27 01:29:48,FusionMarkets Zero,USDJPY,154.338,154.338,0.0,0,Sydney,Tuesday
2026-01-27 01:29:48,FusionMarkets Zero,AUDUSD,0.69125,0.69125,0.0,0,Sydney,Tuesday
2026-01-27 01:29:48,FusionMarkets Zero,NAS100,25784.69,25785.49,0.8,80,Sydney,Tuesday
2026-01-27 01:29:48,FusionMarkets Zero,US500,6956.56,6956.92,0.36,36,Sydney,Tuesday
2026-01-27 01:29:49,FusionMarkets Zero,US30,49273.47,49276.27,2.8,280,Sydney,Tuesday
2026-01-27 01:29:49,FusionMarkets Zero,US2000,2660.7,2661.0,0.3,30,Sydney,Tuesday
2026-01-27 01:29:49,FusionMarkets Zero,GER40,24939.53,24942.73,3.2,320,Sydney,Tuesday
2026-01-27 01:29:49,FusionMarkets Zero,UK100,10164.98,10166.03,1.05,105,Sydney,Tuesday
2026-01-27 01:29:52,ThinkMarkets ThinkZero,XAUUSD,5066.44,5066.52,0.08,8,Sydney,Tuesday
2026-01-27 01:29:52,ThinkMarkets ThinkZero,EURUSD,1.18751,1.18753,2e-05,2,Sydney,Tuesday
2026-01-27 01:29:52,ThinkMarkets ThinkZero,GBPUSD,1.36751,1.36756,5e-05,5,Sydney,Tuesday
2026-01-27 01:29:52,ThinkMarkets ThinkZero,USDJPY,154.335,154.34,0.005,5,Sydney,Tuesday
2026-01-27 01:29:52,ThinkMarkets ThinkZero,AUDUSD,0.69124,0.69128,4e-05,4,Sydney,Tuesday
2026-01-27 01:29:53,ThinkMarkets ThinkZero,NAS100,25803.39,25804.39,1.0,100,Sydney,Tuesday
2026-01-27 01:29:53,ThinkMarkets ThinkZero,US500,6959.82,6960.17,0.35,35,Sydney,Tuesday
2026-01-27 01:29:53,ThinkMarkets ThinkZero,US30,49305.25,49306.75,1.5,150,Sydney,Tuesday
2026-01-27 01:29:53,ThinkMarkets ThinkZero,US2000,2660.9,2661.7,0.8,80,Sydney,Tuesday
2026-01-27 01:29:53,ThinkMarkets ThinkZero,GER40,24945.9,24948.3,2.4,240,Sydney,Tuesday
2026-01-27 01:29:54,ThinkMarkets ThinkZero,UK100,10182.95,10185.25,2.3,230,Sydney,Tuesday
2026-01-27 01:29:55,ICMarkets Raw,XAUUSD,5067.83,5067.88,0.05,5,Sydney,Tuesday
2026-01-27 01:29:56,ICMarkets Raw,EURUSD,1.18753,1.18753,0.0,0,Sydney,Tuesday
2026-01-27 01:29:56,ICMarkets Raw,GBPUSD,1.36754,1.36755,1e-05,1,Sydney,Tuesday
2026-01-27 01:29:56,ICMarkets Raw,USDJPY,154.337,154.337,0.0,0,Sydney,Tuesday
2026-01-27 01:29:56,ICMarkets Raw,AUDUSD,0.69126,0.69126,0.0,0,Sydney,Tuesday
2026-01-27 01:29:56,ICMarkets Raw,NAS100,25782.1,25783.1,1.0,100,Sydney,Tuesday
2026-01-27 01:29:57,ICMarkets Raw,US500,6955.9,6956.4,0.5,50,Sydney,Tuesday
2026-01-27 01:29:57,ICMarkets Raw,US30,49270.9,49272.1,1.2,120,Sydney,Tuesday
2026-01-27 01:29:57,ICMarkets Raw,US2000,2659.27,2659.59,0.32,32,Sydney,Tuesday
2026-01-27 01:29:57,ICMarkets Raw,GER40,24931.9,24932.6,0.7,70,Sydney,Tuesday
2026-01-27 01:29:57,ICMarkets Raw,UK100,10161.5,10164.0,2.5,250,Sydney,Tuesday
2026-01-27 01:29:59,VantageMarkets Raw,XAUUSD,5066.94,5067.02,0.08,8,Sydney,Tuesday
2026-01-27 01:30:00,VantageMarkets Raw,EURUSD,1.18753,1.18755,2e-05,2,Sydney,Tuesday
2026-01-27 01:30:00,VantageMarkets Raw,GBPUSD,1.36757,1.36758,1e-05,1,Sydney,Tuesday
2026-01-27 01:30:00,VantageMarkets Raw,USDJPY,154.335,154.336,0.001,1,Sydney,Tuesday
2026-01-27 01:30:00,VantageMarkets Raw,AUDUSD,0.69128,0.69132,4e-05,4,Sydney,Tuesday
2026-01-27 01:30:00,VantageMarkets Raw,NAS100,25804.81,25805.61,0.8,80,Sydney,Tuesday
2026-01-27 01:30:01,VantageMarkets Raw,US500,6960.09,6960.45,0.36,36,Sydney,Tuesday
2026-01-27 01:30:01,VantageMarkets Raw,US30,49304.51,49305.61,1.1,110,Sydney,Tuesday
2026-01-27 01:30:01,VantageMarkets Raw,US2000,2660.96,2661.44,0.48,48,Sydney,Tuesday
2026-01-27 01:30:01,VantageMarkets Raw,GER40,24944.85,24949.35,4.5,450,Sydney,Tuesday
2026-01-27 01:30:01,VantageMarkets Raw,UK100,10182.78,10184.94,2.16,216,Sydney,Tuesday
2026-01-27 01:30:03,FPMarkets Raw,XAUUSD,5065.41,5065.48,0.07,7,Sydney,Tuesday
2026-01-27 01:30:03,FPMarkets Raw,EURUSD,1.18752,1.18753,1e-05,1,Sydney,Tuesday
2026-01-27 01:30:04,FPMarkets Raw,GBPUSD,1.36752,1.36757,5e-05,5,Sydney,Tuesday
2026-01-27 01:30:04,FPMarkets Raw,USDJPY,154.334,154.338,0.004,4,Sydney,Tuesday
2026-01-27 01:30:04,FPMarkets Raw,AUDUSD,0.69126,0.69129,3e-05,3,Sydney,Tuesday
2026-01-27 01:30:04,FPMarkets Raw,NAS100,25803.9,25804.5,0.6,60,Sydney,Tuesday
2026-01-27 01:30:04,FPMarkets Raw,US500,6959.88,6960.13,0.25,25,Sydney,Tuesday
2026-01-27 01:30:05,FPMarkets Raw,US30,49304.3,49305.7,1.4,140,Sydney,Tuesday
2026-01-27 01:30:05,FPMarkets Raw,GER40,24940.75,24949.45,8.7,870,Sydney,Tuesday
2026-01-27 01:30:05,FPMarkets Raw,UK100,10182.05,10184.65,2.6,260,Sydney,Tuesday
2026-01-27 01:30:06,8Cap Raw,XAUUSD,5065.02,5065.18,0.16,16,Sydney,Tuesday
2026-01-27 01:30:06,8Cap Raw,EURUSD,1.18753,1.18754,1e-05,1,Sydney,Tuesday
2026-01-27 01:30:06,8Cap Raw,GBPUSD,1.36755,1.36756,1e-05,1,Sydney,Tuesday
2026-01-27 01:30:07,8Cap Raw,USDJPY,154.335,154.336,0.001,1,Sydney,Tuesday
2026-01-27 01:30:07,8Cap Raw,AUDUSD,0.69127,0.6913,3e-05,3,Sydney,Tuesday
2026-01-27 01:30:07,8Cap Raw,NAS100,25783.77,25785.17,1.4,140,Sydney,Tuesday
2026-01-27 01:30:07,8Cap Raw,US500,6956.21,6956.77,0.56,56,Sydney,Tuesday
2026-01-27 01:30:07,8Cap Raw,US30,49272.62,49274.62,2.0,200,Sydney,Tuesday
2026-01-27 01:30:08,8Cap Raw,US2000,2660.33,2660.87,0.54,54,Sydney,Tuesday
2026-01-27 01:30:08,8Cap Raw,GER40,24936.63,24939.63,3.0,300,Sydney,Tuesday
2026-01-27 01:30:08,8Cap Raw,UK100,10163.66,10164.86,1.2,120,Sydney,Tuesday
2026-01-27 01:34:44,Pepperstone Razor,XAUUSD,5065.18,5065.37,0.19,19,Sydney,Tuesday
2026-01-27 01:34:44,Pepperstone Razor,EURUSD,1.18763,1.18763,0.0,0,Sydney,Tuesday
2026-01-27 01:34:44,Pepperstone Razor,GBPUSD,1.36764,1.36767,3e-05,3,Sydney,Tuesday
2026-01-27 01:34:44,Pepperstone Razor,USDJPY,154.368,154.371,0.003,3,Sydney,Tuesday
2026-01-27 01:34:44,Pepperstone Razor,AUDUSD,0.69143,0.69145,2e-05,2,Sydney,Tuesday
2026-01-27 01:34:45,Pepperstone Razor,NAS100,25790.7,25792.2,1.5,15,Sydney,Tuesday
2026-01-27 01:34:45,Pepperstone Razor,US500,6957.8,6958.3,0.5,5,Sydney,Tuesday
2026-01-27 01:34:45,Pepperstone Razor,US30,49267.5,49269.6,2.1,21,Sydney,Tuesday
2026-01-27 01:34:45,Pepperstone Razor,US2000,2661.2,2661.6,0.4,4,Sydney,Tuesday
2026-01-27 01:34:45,Pepperstone Razor,GER40,24929.2,24931.2,2.0,20,Sydney,Tuesday
2026-01-27 01:34:46,Pepperstone Razor,UK100,10163.0,10164.9,1.9,19,Sydney,Tuesday
2026-01-27 01:34:47,FusionMarkets Zero,XAUUSD,5066.71,5066.79,0.08,8,Sydney,Tuesday
2026-01-27 01:34:47,FusionMarkets Zero,EURUSD,1.18767,1.18767,0.0,0,Sydney,Tuesday
2026-01-27 01:34:48,FusionMarkets Zero,GBPUSD,1.3677,1.3677,0.0,0,Sydney,Tuesday
2026-01-27 01:34:48,FusionMarkets Zero,USDJPY,154.36,154.36,0.0,0,Sydney,Tuesday
2026-01-27 01:34:48,FusionMarkets Zero,AUDUSD,0.69155,0.69155,0.0,0,Sydney,Tuesday
2026-01-27 01:34:48,FusionMarkets Zero,NAS100,25791.82,25792.62,0.8,80,Sydney,Tuesday
2026-01-27 01:34:48,FusionMarkets Zero,US500,6958.06,6958.42,0.36,36,Sydney,Tuesday
2026-01-27 01:34:49,FusionMarkets Zero,US30,49281.97,49284.77,2.8,280,Sydney,Tuesday
2026-01-27 01:34:49,FusionMarkets Zero,US2000,2661.2,2661.5,0.3,30,Sydney,Tuesday
2026-01-27 01:34:49,FusionMarkets Zero,GER40,24940.03,24943.23,3.2,320,Sydney,Tuesday
2026-01-27 01:34:49,FusionMarkets Zero,UK100,10162.98,10164.53,1.55,155,Sydney,Tuesday
2026-01-27 01:34:51,ThinkMarkets ThinkZero,XAUUSD,5067.25,5067.33,0.08,8,Sydney,Tuesday
2026-01-27 01:34:51,ThinkMarkets ThinkZero,EURUSD,1.18768,1.1877,2e-05,2,Sydney,Tuesday
2026-01-27 01:34:51,ThinkMarkets ThinkZero,GBPUSD,1.36769,1.36774,5e-05,5,Sydney,Tuesday
2026-01-27 01:34:52,ThinkMarkets ThinkZero,USDJPY,154.359,154.363,0.004,4,Sydney,Tuesday
2026-01-27 01:34:52,ThinkMarkets ThinkZero,AUDUSD,0.69153,0.69155,2e-05,2,Sydney,Tuesday
2026-01-27 01:34:52,ThinkMarkets ThinkZero,NAS100,25809.14,25810.14,1.0,100,Sydney,Tuesday
2026-01-27 01:34:52,ThinkMarkets ThinkZero,US500,6961.33,6961.68,0.35,35,Sydney,Tuesday
2026-01-27 01:34:52,ThinkMarkets ThinkZero,US30,49313.25,49314.75,1.5,150,Sydney,Tuesday
2026-01-27 01:34:53,ThinkMarkets ThinkZero,US2000,2661.3,2662.1,0.8,80,Sydney,Tuesday
2026-01-27 01:34:53,ThinkMarkets ThinkZero,GER40,24946.5,24949.7,3.2,320,Sydney,Tuesday
2026-01-27 01:34:53,ThinkMarkets ThinkZero,UK100,10181.45,10183.75,2.3,230,Sydney,Tuesday
2026-01-27 01:34:55,ICMarkets Raw,XAUUSD,5067.45,5067.53,0.08,8,Sydney,Tuesday
2026-01-27 01:34:55,ICMarkets Raw,EURUSD,1.18768,1.18768,0.0,0,Sydney,Tuesday
2026-01-27 01:34:55,ICMarkets Raw,GBPUSD,1.36772,1.36774,2e-05,2,Sydney,Tuesday
2026-01-27 01:34:55,ICMarkets Raw,USDJPY,154.358,154.358,0.0,0,Sydney,Tuesday
2026-01-27 01:34:56,ICMarkets Raw,AUDUSD,0.69155,0.69155,0.0,0,Sydney,Tuesday
2026-01-27 01:34:56,ICMarkets Raw,NAS100,25787.8,25788.8,1.0,100,Sydney,Tuesday
2026-01-27 01:34:56,ICMarkets Raw,US500,6957.1,6957.6,0.5,50,Sydney,Tuesday
2026-01-27 01:34:56,ICMarkets Raw,US30,49280.9,49282.1,1.2,120,Sydney,Tuesday
2026-01-27 01:34:57,ICMarkets Raw,US2000,2659.77,2660.0,0.23,23,Sydney,Tuesday
2026-01-27 01:34:57,ICMarkets Raw,GER40,24933.9,24934.6,0.7,70,Sydney,Tuesday
2026-01-27 01:34:57,ICMarkets Raw,UK100,10160.2,10162.7,2.5,250,Sydney,Tuesday
2026-01-27 01:34:59,VantageMarkets Raw,XAUUSD,5066.47,5066.55,0.08,8,Sydney,Tuesday
2026-01-27 01:34:59,VantageMarkets Raw,EURUSD,1.18769,1.18772,3e-05,3,Sydney,Tuesday
2026-01-27 01:34:59,VantageMarkets Raw,GBPUSD,1.36772,1.36773,1e-05,1,Sydney,Tuesday
2026-01-27 01:34:59,VantageMarkets Raw,USDJPY,154.358,154.36,0.002,2,Sydney,Tuesday
2026-01-27 01:35:00,VantageMarkets Raw,AUDUSD,0.69152,0.69156,4e-05,4,Sydney,Tuesday
2026-01-27 01:35:00,VantageMarkets Raw,NAS100,25809.56,25810.36,0.8,80,Sydney,Tuesday
2026-01-27 01:35:00,VantageMarkets Raw,US500,6961.34,6961.7,0.36,36,Sydney,Tuesday
2026-01-27 01:35:00,VantageMarkets Raw,US30,49315.51,49316.61,1.1,110,Sydney,Tuesday
2026-01-27 01:35:00,VantageMarkets Raw,US2000,2661.51,2661.99,0.48,48,Sydney,Tuesday
2026-01-27 01:35:01,VantageMarkets Raw,GER40,24948.65,24951.55,2.9,290,Sydney,Tuesday
2026-01-27 01:35:01,VantageMarkets Raw,UK100,10182.03,10184.19,2.16,216,Sydney,Tuesday
2026-01-27 01:35:03,FPMarkets Raw,XAUUSD,5065.29,5065.36,0.07,7,Sydney,Tuesday
2026-01-27 01:35:03,FPMarkets Raw,EURUSD,1.18769,1.1877,1e-05,1,Sydney,Tuesday
2026-01-27 01:35:03,FPMarkets Raw,GBPUSD,1.3677,1.36775,5e-05,5,Sydney,Tuesday
2026-01-27 01:35:03,FPMarkets Raw,USDJPY,154.355,154.361,0.006,6,Sydney,Tuesday
2026-01-27 01:35:03,FPMarkets Raw,AUDUSD,0.69154,0.69157,3e-05,3,Sydney,Tuesday
2026-01-27 01:35:04,FPMarkets Raw,NAS100,25809.9,25810.5,0.6,60,Sydney,Tuesday
2026-01-27 01:35:04,FPMarkets Raw,US500,6961.38,6961.63,0.25,25,Sydney,Tuesday
2026-01-27 01:35:04,FPMarkets Raw,US30,49315.3,49316.7,1.4,140,Sydney,Tuesday
2026-01-27 01:35:04,FPMarkets Raw,GER40,24948.05,24950.15,2.1,210,Sydney,Tuesday
2026-01-27 01:35:04,FPMarkets Raw,UK100,10181.8,10184.4,2.6,260,Sydney,Tuesday
2026-01-27 01:35:05,8Cap Raw,XAUUSD,5066.6,5066.76,0.16,16,Sydney,Tuesday
2026-01-27 01:35:06,8Cap Raw,EURUSD,1.18767,1.18767,0.0,0,Sydney,Tuesday
2026-01-27 01:35:06,8Cap Raw,GBPUSD,1.36769,1.3677,1e-05,1,Sydney,Tuesday
2026-01-27 01:35:06,8Cap Raw,USDJPY,154.359,154.36,0.001,1,Sydney,Tuesday
2026-01-27 01:35:06,8Cap Raw,AUDUSD,0.69152,0.69156,4e-05,4,Sydney,Tuesday
2026-01-27 01:35:06,8Cap Raw,NAS100,25790.77,25792.17,1.4,140,Sydney,Tuesday
2026-01-27 01:35:07,8Cap Raw,US500,6957.71,6958.27,0.56,56,Sydney,Tuesday
2026-01-27 01:35:07,8Cap Raw,US30,49283.87,49285.87,2.0,200,Sydney,Tuesday
2026-01-27 01:35:07,8Cap Raw,US2000,2661.13,2661.47,0.34,34,Sydney,Tuesday
2026-01-27 01:35:07,8Cap Raw,GER40,24941.13,24944.13,3.0,300,Sydney,Tuesday
2026-01-27 01:35:07,8Cap Raw,UK100,10163.08,10164.68,1.6,160,Sydney,Tuesday
2026-01-27 01:39:44,Pepperstone Razor,XAUUSD,5060.15,5060.45,0.3,30,Sydney,Tuesday
2026-01-27 01:39:44,Pepperstone Razor,EURUSD,1.18758,1.18758,0.0,0,Sydney,Tuesday
2026-01-27 01:39:44,Pepperstone Razor,GBPUSD,1.36764,1.36765,1e-05,1,Sydney,Tuesday
2026-01-27 01:39:45,Pepperstone Razor,USDJPY,154.323,154.326,0.003,3,Sydney,Tuesday
2026-01-27 01:39:45,Pepperstone Razor,AUDUSD,0.69142,0.69143,1e-05,1,Sydney,Tuesday
2026-01-27 01:39:45,Pepperstone Razor,NAS100,25786.7,25788.2,1.5,15,Sydney,Tuesday
2026-01-27 01:39:45,Pepperstone Razor,US500,6957.3,6957.8,0.5,5,Sydney,Tuesday
2026-01-27 01:39:45,Pepperstone Razor,US30,49266.2,49268.4,2.2,22,Sydney,Tuesday
2026-01-27 01:39:46,Pepperstone Razor,US2000,2661.3,2661.7,0.4,4,Sydney,Tuesday
2026-01-27 01:39:46,Pepperstone Razor,GER40,24934.5,24936.5,2.0,20,Sydney,Tuesday
2026-01-27 01:39:46,Pepperstone Razor,UK100,10163.8,10165.6,1.8,18,Sydney,Tuesday
2026-01-27 01:39:48,FusionMarkets Zero,XAUUSD,5058.75,5059.21,0.46,46,Sydney,Tuesday
2026-01-27 01:39:48,FusionMarkets Zero,EURUSD,1.18757,1.18757,0.0,0,Sydney,Tuesday
2026-01-27 01:39:49,FusionMarkets Zero,GBPUSD,1.36761,1.36761,0.0,0,Sydney,Tuesday
2026-01-27 01:39:49,FusionMarkets Zero,USDJPY,154.325,154.326,0.001,1,Sydney,Tuesday
2026-01-27 01:39:49,FusionMarkets Zero,AUDUSD,0.69137,0.69137,0.0,0,Sydney,Tuesday
2026-01-27 01:39:49,FusionMarkets Zero,NAS100,25787.07,25787.87,0.8,80,Sydney,Tuesday
2026-01-27 01:39:49,FusionMarkets Zero,US500,6957.31,6957.67,0.36,36,Sydney,Tuesday
2026-01-27 01:39:50,FusionMarkets Zero,US30,49280.47,49283.27,2.8,280,Sydney,Tuesday
2026-01-27 01:39:50,FusionMarkets Zero,US2000,2661.4,2661.7,0.3,30,Sydney,Tuesday
2026-01-27 01:39:50,FusionMarkets Zero,GER40,24943.53,24946.73,3.2,320,Sydney,Tuesday
2026-01-27 01:39:50,FusionMarkets Zero,UK100,10163.98,10165.28,1.3,130,Sydney,Tuesday
2026-01-27 01:39:52,ThinkMarkets ThinkZero,XAUUSD,5059.98,5060.06,0.08,8,Sydney,Tuesday
2026-01-27 01:39:52,ThinkMarkets ThinkZero,EURUSD,1.18757,1.18759,2e-05,2,Sydney,Tuesday
2026-01-27 01:39:53,ThinkMarkets ThinkZero,GBPUSD,1.36757,1.36764,7e-05,7,Sydney,Tuesday
2026-01-27 01:39:53,ThinkMarkets ThinkZero,USDJPY,154.324,154.33,0.006,6,Sydney,Tuesday
2026-01-27 01:39:53,ThinkMarkets ThinkZero,AUDUSD,0.69136,0.6914,4e-05,4,Sydney,Tuesday
2026-01-27 01:39:53,ThinkMarkets ThinkZero,NAS100,25806.14,25807.14,1.0,100,Sydney,Tuesday
2026-01-27 01:39:54,ThinkMarkets ThinkZero,US500,6960.57,6960.92,0.35,35,Sydney,Tuesday
2026-01-27 01:39:54,ThinkMarkets ThinkZero,US30,49312.25,49313.75,1.5,150,Sydney,Tuesday
2026-01-27 01:39:54,ThinkMarkets ThinkZero,US2000,2661.7,2662.5,0.8,80,Sydney,Tuesday
2026-01-27 01:39:54,ThinkMarkets ThinkZero,GER40,24950.5,24953.7,3.2,320,Sydney,Tuesday
2026-01-27 01:39:54,ThinkMarkets ThinkZero,UK100,10182.45,10184.75,2.3,230,Sydney,Tuesday
2026-01-27 01:39:56,ICMarkets Raw,XAUUSD,5068.23,5068.35,0.12,12,Sydney,Tuesday
2026-01-27 01:39:56,ICMarkets Raw,EURUSD,1.18758,1.18758,0.0,0,Sydney,Tuesday
2026-01-27 01:39:57,ICMarkets Raw,GBPUSD,1.36761,1.36762,1e-05,1,Sydney,Tuesday
2026-01-27 01:39:57,ICMarkets Raw,USDJPY,154.325,154.325,0.0,0,Sydney,Tuesday
2026-01-27 01:39:57,ICMarkets Raw,AUDUSD,0.69139,0.69139,0.0,0,Sydney,Tuesday
2026-01-27 01:39:57,ICMarkets Raw,NAS100,25784.3,25785.3,1.0,100,Sydney,Tuesday
2026-01-27 01:39:57,ICMarkets Raw,US500,6956.6,6957.1,0.5,50,Sydney,Tuesday
2026-01-27 01:39:58,ICMarkets Raw,US30,49278.9,49280.1,1.2,120,Sydney,Tuesday
2026-01-27 01:39:58,ICMarkets Raw,US2000,2660.07,2660.39,0.32,32,Sydney,Tuesday
2026-01-27 01:39:58,ICMarkets Raw,GER40,24936.4,24937.1,0.7,70,Sydney,Tuesday
2026-01-27 01:39:58,ICMarkets Raw,UK100,10161.0,10163.5,2.5,250,Sydney,Tuesday
2026-01-27 01:40:00,VantageMarkets Raw,XAUUSD,5060.43,5060.51,0.08,8,Sydney,Tuesday
2026-01-27 01:40:00,VantageMarkets Raw,EURUSD,1.18758,1.18759,1e-05,1,Sydney,Tuesday
2026-01-27 01:40:00,VantageMarkets Raw,GBPUSD,1.36761,1.36762,1e-05,1,Sydney,Tuesday
2026-01-27 01:40:00,VantageMarkets Raw,USDJPY,154.325,154.327,0.002,2,Sydney,Tuesday
2026-01-27 01:40:00,VantageMarkets Raw,AUDUSD,0.69137,0.6914,3e-05,3,Sydney,Tuesday
2026-01-27 01:40:01,VantageMarkets Raw,NAS100,25806.56,25807.36,0.8,80,Sydney,Tuesday
2026-01-27 01:40:01,VantageMarkets Raw,US500,6960.58,6960.94,0.36,36,Sydney,Tuesday
2026-01-27 01:40:01,VantageMarkets Raw,US30,49314.51,49315.61,1.1,110,Sydney,Tuesday
2026-01-27 01:40:01,VantageMarkets Raw,US2000,2661.96,2662.44,0.48,48,Sydney,Tuesday
2026-01-27 01:40:01,VantageMarkets Raw,GER40,24950.25,24953.95,3.7,370,Sydney,Tuesday
2026-01-27 01:40:02,VantageMarkets Raw,UK100,10182.53,10184.69,2.16,216,Sydney,Tuesday
2026-01-27 01:40:04,FPMarkets Raw,XAUUSD,5066.38,5066.45,0.07,7,Sydney,Tuesday
2026-01-27 01:40:04,FPMarkets Raw,EURUSD,1.18757,1.18758,1e-05,1,Sydney,Tuesday
2026-01-27 01:40:04,FPMarkets Raw,GBPUSD,1.36762,1.36763,1e-05,1,Sydney,Tuesday
2026-01-27 01:40:04,FPMarkets Raw,USDJPY,154.324,154.328,0.004,4,Sydney,Tuesday
2026-01-27 01:40:04,FPMarkets Raw,AUDUSD,0.69136,0.69139,3e-05,3,Sydney,Tuesday
2026-01-27 01:40:05,FPMarkets Raw,NAS100,25807.15,25807.75,0.6,60,Sydney,Tuesday
2026-01-27 01:40:05,FPMarkets Raw,US500,6960.88,6961.13,0.25,25,Sydney,Tuesday
2026-01-27 01:40:05,FPMarkets Raw,US30,49314.3,49315.7,1.4,140,Sydney,Tuesday
2026-01-27 01:40:05,FPMarkets Raw,GER40,24950.65,24953.55,2.9,290,Sydney,Tuesday
2026-01-27 01:40:05,FPMarkets Raw,UK100,10182.05,10184.65,2.6,260,Sydney,Tuesday
2026-01-27 01:40:06,8Cap Raw,XAUUSD,5059.9,5060.06,0.16,16,Sydney,Tuesday
2026-01-27 01:40:07,8Cap Raw,EURUSD,1.18758,1.18758,0.0,0,Sydney,Tuesday
2026-01-27 01:40:07,8Cap Raw,GBPUSD,1.36762,1.36763,1e-05,1,Sydney,Tuesday
2026-01-27 01:40:07,8Cap Raw,USDJPY,154.322,154.323,0.001,1,Sydney,Tuesday
2026-01-27 01:40:07,8Cap Raw,AUDUSD,0.69136,0.69139,3e-05,3,Sydney,Tuesday
2026-01-27 01:40:07,8Cap Raw,NAS100,25787.27,25788.67,1.4,140,Sydney,Tuesday
2026-01-27 01:40:08,8Cap Raw,US500,6957.21,6957.77,0.56,56,Sydney,Tuesday
2026-01-27 01:40:08,8Cap Raw,US30,49282.87,49284.87,2.0,200,Sydney,Tuesday
2026-01-27 01:40:08,8Cap Raw,US2000,2661.53,2661.97,0.44,44,Sydney,Tuesday
2026-01-27 01:40:08,8Cap Raw,GER40,24943.63,24946.63,3.0,300,Sydney,Tuesday
2026-01-27 01:40:08,8Cap Raw,UK100,10163.78,10164.98,1.2,120,Sydney,Tuesday
2026-01-27 01:44:44,Pepperstone Razor,XAUUSD,5062.29,5062.48,0.19,19,Sydney,Tuesday
2026-01-27 01:44:44,Pepperstone Razor,EURUSD,1.18778,1.18778,0.0,0,Sydney,Tuesday
2026-01-27 01:44:44,Pepperstone Razor,GBPUSD,1.36787,1.36789,2e-05,2,Sydney,Tuesday
2026-01-27 01:44:45,Pepperstone Razor,USDJPY,154.29,154.293,0.003,3,Sydney,Tuesday
2026-01-27 01:44:45,Pepperstone Razor,AUDUSD,0.69147,0.69147,0.0,0,Sydney,Tuesday
2026-01-27 01:44:45,Pepperstone Razor,NAS100,25789.7,25791.2,1.5,15,Sydney,Tuesday
2026-01-27 01:44:45,Pepperstone Razor,US500,6957.1,6957.5,0.4,4,Sydney,Tuesday
2026-01-27 01:44:45,Pepperstone Razor,US30,49267.7,49269.9,2.2,22,Sydney,Tuesday
2026-01-27 01:44:46,Pepperstone Razor,US2000,2661.9,2662.2,0.3,3,Sydney,Tuesday
2026-01-27 01:44:46,Pepperstone Razor,GER40,24931.3,24933.3,2.0,20,Sydney,Tuesday
2026-01-27 01:44:46,Pepperstone Razor,UK100,10165.0,10166.8,1.8,18,Sydney,Tuesday
2026-01-27 01:44:48,FusionMarkets Zero,XAUUSD,5057.57,5057.9,0.33,33,Sydney,Tuesday
2026-01-27 01:44:48,FusionMarkets Zero,EURUSD,1.18776,1.18776,0.0,0,Sydney,Tuesday
2026-01-27 01:44:48,FusionMarkets Zero,GBPUSD,1.36786,1.36786,0.0,0,Sydney,Tuesday
2026-01-27 01:44:49,FusionMarkets Zero,USDJPY,154.292,154.292,0.0,0,Sydney,Tuesday
2026-01-27 01:44:49,FusionMarkets Zero,AUDUSD,0.69148,0.69148,0.0,0,Sydney,Tuesday
2026-01-27 01:44:49,FusionMarkets Zero,NAS100,25790.07,25790.87,0.8,80,Sydney,Tuesday
2026-01-27 01:44:49,FusionMarkets Zero,US500,6957.06,6957.42,0.36,36,Sydney,Tuesday
2026-01-27 01:44:49,FusionMarkets Zero,US30,49282.47,49285.27,2.8,280,Sydney,Tuesday
2026-01-27 01:44:50,FusionMarkets Zero,US2000,2661.9,2662.2,0.3,30,Sydney,Tuesday
2026-01-27 01:44:50,FusionMarkets Zero,GER40,24941.53,24944.73,3.2,320,Sydney,Tuesday
2026-01-27 01:44:50,FusionMarkets Zero,UK100,10165.23,10166.28,1.05,105,Sydney,Tuesday
2026-01-27 01:44:52,ThinkMarkets ThinkZero,XAUUSD,5061.77,5061.85,0.08,8,Sydney,Tuesday
2026-01-27 01:44:52,ThinkMarkets ThinkZero,EURUSD,1.18774,1.18777,3e-05,3,Sydney,Tuesday
2026-01-27 01:44:53,ThinkMarkets ThinkZero,GBPUSD,1.36781,1.36785,4e-05,4,Sydney,Tuesday
2026-01-27 01:44:53,ThinkMarkets ThinkZero,USDJPY,154.289,154.292,0.003,3,Sydney,Tuesday
2026-01-27 01:44:53,ThinkMarkets ThinkZero,AUDUSD,0.69143,0.69147,4e-05,4,Sydney,Tuesday
2026-01-27 01:44:53,ThinkMarkets ThinkZero,NAS100,25808.64,25809.64,1.0,100,Sydney,Tuesday
2026-01-27 01:44:53,ThinkMarkets ThinkZero,US500,6960.32,6960.67,0.35,35,Sydney,Tuesday
2026-01-27 01:44:54,ThinkMarkets ThinkZero,US30,49314.25,49315.75,1.5,150,Sydney,Tuesday
2026-01-27 01:44:54,ThinkMarkets ThinkZero,US2000,2662.1,2662.9,0.8,80,Sydney,Tuesday
2026-01-27 01:44:54,ThinkMarkets ThinkZero,GER40,24945.6,24954.6,9.0,900,Sydney,Tuesday
2026-01-27 01:44:54,ThinkMarkets ThinkZero,UK100,10183.7,10186.0,2.3,230,Sydney,Tuesday
2026-01-27 01:44:56,ICMarkets Raw,XAUUSD,5061.24,5061.29,0.05,5,Sydney,Tuesday
2026-01-27 01:44:56,ICMarkets Raw,EURUSD,1.18775,1.18775,0.0,0,Sydney,Tuesday
2026-01-27 01:44:57,ICMarkets Raw,GBPUSD,1.36784,1.36785,1e-05,1,Sydney,Tuesday
2026-01-27 01:44:57,ICMarkets Raw,USDJPY,154.29,154.29,0.0,0,Sydney,Tuesday
2026-01-27 01:44:57,ICMarkets Raw,AUDUSD,0.69145,0.69145,0.0,0,Sydney,Tuesday
2026-01-27 01:44:57,ICMarkets Raw,NAS100,25786.8,25787.8,1.0,100,Sydney,Tuesday
2026-01-27 01:44:57,ICMarkets Raw,US500,6956.4,6956.9,0.5,50,Sydney,Tuesday
2026-01-27 01:44:58,ICMarkets Raw,US30,49279.9,49281.1,1.2,120,Sydney,Tuesday
2026-01-27 01:44:58,ICMarkets Raw,US2000,2660.46,2660.81,0.35,35,Sydney,Tuesday
2026-01-27 01:44:58,ICMarkets Raw,GER40,24934.4,24935.1,0.7,70,Sydney,Tuesday
2026-01-27 01:44:58,ICMarkets Raw,UK100,10162.2,10164.7,2.5,250,Sydney,Tuesday
2026-01-27 01:45:00,VantageMarkets Raw,XAUUSD,5062.66,5062.74,0.08,8,Sydney,Tuesday
2026-01-27 01:45:00,VantageMarkets Raw,EURUSD,1.18776,1.18778,2e-05,2,Sydney,Tuesday
2026-01-27 01:45:00,VantageMarkets Raw,GBPUSD,1.36784,1.36785,1e-05,1,Sydney,Tuesday
2026-01-27 01:45:00,VantageMarkets Raw,USDJPY,154.292,154.294,0.002,2,Sydney,Tuesday
2026-01-27 01:45:00,VantageMarkets Raw,AUDUSD,0.69143,0.69147,4e-05,4,Sydney,Tuesday
2026-01-27 01:45:01,VantageMarkets Raw,NAS100,25808.56,25809.36,0.8,80,Sydney,Tuesday
2026-01-27 01:45:01,VantageMarkets Raw,US500,6960.33,6960.69,0.36,36,Sydney,Tuesday
2026-01-27 01:45:01,VantageMarkets Raw,US30,49314.51,49315.61,1.1,110,Sydney,Tuesday
2026-01-27 01:45:01,VantageMarkets Raw,US2000,2662.16,2662.64,0.48,48,Sydney,Tuesday
2026-01-27 01:45:01,VantageMarkets Raw,GER40,24945.35,24954.85,9.5,950,Sydney,Tuesday
2026-01-27 01:45:02,VantageMarkets Raw,UK100,10184.03,10186.19,2.16,216,Sydney,Tuesday
2026-01-27 01:45:04,FPMarkets Raw,XAUUSD,5059.79,5059.86,0.07,7,Sydney,Tuesday
2026-01-27 01:45:04,FPMarkets Raw,EURUSD,1.18773,1.18773,0.0,0,Sydney,Tuesday
2026-01-27 01:45:04,FPMarkets Raw,GBPUSD,1.36779,1.36784,5e-05,5,Sydney,Tuesday
2026-01-27 01:45:05,FPMarkets Raw,USDJPY,154.3,154.304,0.004,4,Sydney,Tuesday
2026-01-27 01:45:05,FPMarkets Raw,AUDUSD,0.69141,0.69144,3e-05,3,Sydney,Tuesday
2026-01-27 01:45:05,FPMarkets Raw,NAS100,25809.15,25809.75,0.6,60,Sydney,Tuesday
2026-01-27 01:45:05,FPMarkets Raw,US500,6960.37,6960.62,0.25,25,Sydney,Tuesday
2026-01-27 01:45:05,FPMarkets Raw,US30,49314.3,49315.7,1.4,140,Sydney,Tuesday
2026-01-27 01:45:06,FPMarkets Raw,GER40,24945.75,24954.45,8.7,870,Sydney,Tuesday
2026-01-27 01:45:06,FPMarkets Raw,UK100,10183.8,10186.4,2.6,260,Sydney,Tuesday
2026-01-27 01:45:07,8Cap Raw,XAUUSD,5062.74,5062.9,0.16,16,Sydney,Tuesday
2026-01-27 01:45:07,8Cap Raw,EURUSD,1.18774,1.18775,1e-05,1,Sydney,Tuesday
2026-01-27 01:45:07,8Cap Raw,GBPUSD,1.36783,1.36784,1e-05,1,Sydney,Tuesday
2026-01-27 01:45:07,8Cap Raw,USDJPY,154.302,154.303,0.001,1,Sydney,Tuesday
2026-01-27 01:45:08,8Cap Raw,AUDUSD,0.69142,0.69145,3e-05,3,Sydney,Tuesday
2026-01-27 01:45:08,8Cap Raw,NAS100,25789.77,25791.17,1.4,140,Sydney,Tuesday
2026-01-27 01:45:08,8Cap Raw,US500,6956.96,6957.52,0.56,56,Sydney,Tuesday
2026-01-27 01:45:08,8Cap Raw,US30,49282.87,49284.87,2.0,200,Sydney,Tuesday
2026-01-27 01:45:08,8Cap Raw,US2000,2661.83,2662.27,0.44,44,Sydney,Tuesday
2026-01-27 01:45:09,8Cap Raw,GER40,24941.63,24944.63,3.0,300,Sydney,Tuesday
2026-01-27 01:45:09,8Cap Raw,UK100,10165.53,10166.73,1.2,120,Sydney,Tuesday
2026-01-27 01:49:44,Pepperstone Razor,XAUUSD,5064.94,5065.15,0.21,21,Sydney,Tuesday
2026-01-27 01:49:44,Pepperstone Razor,EURUSD,1.18796,1.18796,0.0,0,Sydney,Tuesday
2026-01-27 01:49:44,Pepperstone Razor,GBPUSD,1.36802,1.36804,2e-05,2,Sydney,Tuesday
2026-01-27 01:49:45,Pepperstone Razor,USDJPY,154.311,154.313,0.002,2,Sydney,Tuesday
2026-01-27 01:49:45,Pepperstone Razor,AUDUSD,0.69173,0.69174,1e-05,1,Sydney,Tuesday
2026-01-27 01:49:45,Pepperstone Razor,NAS100,25795.7,25797.2,1.5,15,Sydney,Tuesday
2026-01-27 01:49:45,Pepperstone Razor,US500,6958.8,6959.3,0.5,5,Sydney,Tuesday
2026-01-27 01:49:45,Pepperstone Razor,US30,49280.1,49282.2,2.1,21,Sydney,Tuesday
2026-01-27 01:49:46,Pepperstone Razor,US2000,2662.8,2663.3,0.5,5,Sydney,Tuesday
2026-01-27 01:49:46,Pepperstone Razor,GER40,24935.4,24937.4,2.0,20,Sydney,Tuesday
2026-01-27 01:49:46,Pepperstone Razor,UK100,10166.8,10168.6,1.8,18,Sydney,Tuesday
2026-01-27 01:49:48,FusionMarkets Zero,XAUUSD,5061.7,5061.82,0.12,12,Sydney,Tuesday
2026-01-27 01:49:48,FusionMarkets Zero,EURUSD,1.18794,1.18794,0.0,0,Sydney,Tuesday
2026-01-27 01:49:48,FusionMarkets Zero,GBPUSD,1.36808,1.36808,0.0,0,Sydney,Tuesday
2026-01-27 01:49:49,FusionMarkets Zero,USDJPY,154.311,154.311,0.0,0,Sydney,Tuesday
2026-01-27 01:49:49,FusionMarkets Zero,AUDUSD,0.69179,0.69179,0.0,0,Sydney,Tuesday
2026-01-27 01:49:49,FusionMarkets Zero,NAS100,25796.69,25797.49,0.8,80,Sydney,Tuesday
2026-01-27 01:49:49,FusionMarkets Zero,US500,6959.06,6959.42,0.36,36,Sydney,Tuesday
2026-01-27 01:49:49,FusionMarkets Zero,US30,49295.47,49298.27,2.8,280,Sydney,Tuesday
2026-01-27 01:49:50,FusionMarkets Zero,US2000,2663.0,2663.3,0.3,30,Sydney,Tuesday
2026-01-27 01:49:50,FusionMarkets Zero,GER40,24944.53,24947.73,3.2,320,Sydney,Tuesday
2026-01-27 01:49:50,FusionMarkets Zero,UK100,10166.98,10168.28,1.3,130,Sydney,Tuesday
2026-01-27 01:49:52,ThinkMarkets ThinkZero,XAUUSD,5065.86,5065.94,0.08,8,Sydney,Tuesday
2026-01-27 01:49:52,ThinkMarkets ThinkZero,EURUSD,1.18791,1.18794,3e-05,3,Sydney,Tuesday
2026-01-27 01:49:53,ThinkMarkets ThinkZero,GBPUSD,1.36803,1.36809,6e-05,6,Sydney,Tuesday
2026-01-27 01:49:53,ThinkMarkets ThinkZero,USDJPY,154.309,154.314,0.005,5,Sydney,Tuesday
2026-01-27 01:49:53,ThinkMarkets ThinkZero,AUDUSD,0.69177,0.69179,2e-05,2,Sydney,Tuesday
2026-01-27 01:49:53,ThinkMarkets ThinkZero,NAS100,25816.14,25817.14,1.0,100,Sydney,Tuesday
2026-01-27 01:49:53,ThinkMarkets ThinkZero,US500,6962.58,6962.93,0.35,35,Sydney,Tuesday
2026-01-27 01:49:54,ThinkMarkets ThinkZero,US30,49328.25,49329.75,1.5,150,Sydney,Tuesday
2026-01-27 01:49:54,ThinkMarkets ThinkZero,US2000,2663.2,2664.0,0.8,80,Sydney,Tuesday
2026-01-27 01:49:54,ThinkMarkets ThinkZero,GER40,24948.1,24958.1,10.0,1000,Sydney,Tuesday
2026-01-27 01:49:54,ThinkMarkets ThinkZero,UK100,10185.45,10187.75,2.3,230,Sydney,Tuesday
2026-01-27 01:49:56,ICMarkets Raw,XAUUSD,5066.04,5066.1,0.06,6,Sydney,Tuesday
2026-01-27 01:49:56,ICMarkets Raw,EURUSD,1.18793,1.18793,0.0,0,Sydney,Tuesday
2026-01-27 01:49:57,ICMarkets Raw,GBPUSD,1.36807,1.36808,1e-05,1,Sydney,Tuesday
2026-01-27 01:49:57,ICMarkets Raw,USDJPY,154.301,154.301,0.0,0,Sydney,Tuesday
2026-01-27 01:49:57,ICMarkets Raw,AUDUSD,0.6918,0.6918,0.0,0,Sydney,Tuesday
2026-01-27 01:49:57,ICMarkets Raw,NAS100,25794.1,25795.1,1.0,100,Sydney,Tuesday
2026-01-27 01:49:57,ICMarkets Raw,US500,6958.4,6958.9,0.5,50,Sydney,Tuesday
2026-01-27 01:49:58,ICMarkets Raw,US30,49293.9,49295.1,1.2,120,Sydney,Tuesday
2026-01-27 01:49:58,ICMarkets Raw,US2000,2661.57,2661.99,0.42,42,Sydney,Tuesday
2026-01-27 01:49:58,ICMarkets Raw,GER40,24937.4,24938.1,0.7,70,Sydney,Tuesday
2026-01-27 01:49:58,ICMarkets Raw,UK100,10164.0,10166.5,2.5,250,Sydney,Tuesday
2026-01-27 01:50:00,VantageMarkets Raw,XAUUSD,5066.18,5066.26,0.08,8,Sydney,Tuesday
2026-01-27 01:50:00,VantageMarkets Raw,EURUSD,1.18794,1.18795,1e-05,1,Sydney,Tuesday
2026-01-27 01:50:01,VantageMarkets Raw,GBPUSD,1.36808,1.36809,1e-05,1,Sydney,Tuesday
2026-01-27 01:50:01,VantageMarkets Raw,USDJPY,154.298,154.3,0.002,2,Sydney,Tuesday
2026-01-27 01:50:01,VantageMarkets Raw,AUDUSD,0.6918,0.69183,3e-05,3,Sydney,Tuesday
2026-01-27 01:50:01,VantageMarkets Raw,NAS100,25816.81,25817.61,0.8,80,Sydney,Tuesday
2026-01-27 01:50:01,VantageMarkets Raw,US500,6962.59,6962.95,0.36,36,Sydney,Tuesday
2026-01-27 01:50:02,VantageMarkets Raw,US30,49328.51,49329.61,1.1,110,Sydney,Tuesday
2026-01-27 01:50:02,VantageMarkets Raw,US2000,2663.46,2663.94,0.48,48,Sydney,Tuesday
2026-01-27 01:50:02,VantageMarkets Raw,GER40,24948.1,24958.1,10.0,1000,Sydney,Tuesday
2026-01-27 01:50:02,VantageMarkets Raw,UK100,10185.53,10187.69,2.16,216,Sydney,Tuesday
2026-01-27 01:50:04,FPMarkets Raw,XAUUSD,5066.39,5066.46,0.07,7,Sydney,Tuesday
2026-01-27 01:50:04,FPMarkets Raw,EURUSD,1.18795,1.18796,1e-05,1,Sydney,Tuesday
2026-01-27 01:50:04,FPMarkets Raw,GBPUSD,1.36804,1.36809,5e-05,5,Sydney,Tuesday
2026-01-27 01:50:05,FPMarkets Raw,USDJPY,154.301,154.305,0.004,4,Sydney,Tuesday
2026-01-27 01:50:05,FPMarkets Raw,AUDUSD,0.69173,0.69176,3e-05,3,Sydney,Tuesday
2026-01-27 01:50:05,FPMarkets Raw,NAS100,25816.9,25817.5,0.6,60,Sydney,Tuesday
2026-01-27 01:50:05,FPMarkets Raw,US500,6962.63,6962.88,0.25,25,Sydney,Tuesday
2026-01-27 01:50:05,FPMarkets Raw,US30,49328.3,49329.7,1.4,140,Sydney,Tuesday
2026-01-27 01:50:06,FPMarkets Raw,GER40,24946.75,24959.45,12.7,1270,Sydney,Tuesday
2026-01-27 01:50:06,FPMarkets Raw,UK100,10185.3,10187.9,2.6,260,Sydney,Tuesday
2026-01-27 01:50:07,8Cap Raw,XAUUSD,5066.3,5066.46,0.16,16,Sydney,Tuesday
2026-01-27 01:50:07,8Cap Raw,EURUSD,1.18794,1.18795,1e-05,1,Sydney,Tuesday
2026-01-27 01:50:07,8Cap Raw,GBPUSD,1.36806,1.36807,1e-05,1,Sydney,Tuesday
2026-01-27 01:50:08,8Cap Raw,USDJPY,154.308,154.309,0.001,1,Sydney,Tuesday
2026-01-27 01:50:08,8Cap Raw,AUDUSD,0.69173,0.69176,3e-05,3,Sydney,Tuesday
2026-01-27 01:50:08,8Cap Raw,NAS100,25797.14,25798.54,1.4,140,Sydney,Tuesday
2026-01-27 01:50:08,8Cap Raw,US500,6958.96,6959.52,0.56,56,Sydney,Tuesday
2026-01-27 01:50:08,8Cap Raw,US30,49296.87,49298.87,2.0,200,Sydney,Tuesday
2026-01-27 01:50:09,8Cap Raw,US2000,2663.03,2663.47,0.44,44,Sydney,Tuesday
2026-01-27 01:50:09,8Cap Raw,GER40,24945.13,24948.13,3.0,300,Sydney,Tuesday
2026-01-27 01:50:09,8Cap Raw,UK100,10167.53,10168.73,1.2,120,Sydney,Tuesday
2026-01-27 01:54:44,Pepperstone Razor,XAUUSD,5064.46,5064.8,0.34,34,Sydney,Tuesday
2026-01-27 01:54:44,Pepperstone Razor,EURUSD,1.18812,1.18812,0.0,0,Sydney,Tuesday
2026-01-27 01:54:44,Pepperstone Razor,GBPUSD,1.36821,1.36821,0.0,0,Sydney,Tuesday
2026-01-27 01:54:45,Pepperstone Razor,USDJPY,154.264,154.267,0.003,3,Sydney,Tuesday
2026-01-27 01:54:45,Pepperstone Razor,AUDUSD,0.69195,0.69196,1e-05,1,Sydney,Tuesday
2026-01-27 01:54:45,Pepperstone Razor,NAS100,25795.0,25796.5,1.5,15,Sydney,Tuesday
2026-01-27 01:54:45,Pepperstone Razor,US500,6958.3,6958.8,0.5,5,Sydney,Tuesday
2026-01-27 01:54:45,Pepperstone Razor,US30,49274.6,49276.7,2.1,21,Sydney,Tuesday
2026-01-27 01:54:46,Pepperstone Razor,US2000,2662.6,2662.9,0.3,3,Sydney,Tuesday
2026-01-27 01:54:46,Pepperstone Razor,GER40,24940.7,24942.7,2.0,20,Sydney,Tuesday
2026-01-27 01:54:46,Pepperstone Razor,UK100,10169.0,10170.8,1.8,18,Sydney,Tuesday
2026-01-27 01:54:48,FusionMarkets Zero,XAUUSD,5065.67,5065.9,0.23,23,Sydney,Tuesday
2026-01-27 01:54:48,FusionMarkets Zero,EURUSD,1.18812,1.18812,0.0,0,Sydney,Tuesday
2026-01-27 01:54:48,FusionMarkets Zero,GBPUSD,1.36823,1.36823,0.0,0,Sydney,Tuesday
2026-01-27 01:54:49,FusionMarkets Zero,USDJPY,154.267,154.267,0.0,0,Sydney,Tuesday
2026-01-27 01:54:49,FusionMarkets Zero,AUDUSD,0.69195,0.69195,0.0,0,Sydney,Tuesday
2026-01-27 01:54:49,FusionMarkets Zero,NAS100,25795.07,25795.87,0.8,80,Sydney,Tuesday
2026-01-27 01:54:49,FusionMarkets Zero,US500,6958.31,6958.67,0.36,36,Sydney,Tuesday
2026-01-27 01:54:49,FusionMarkets Zero,US30,49288.47,49291.27,2.8,280,Sydney,Tuesday
2026-01-27 01:54:50,FusionMarkets Zero,US2000,2662.7,2662.9,0.2,20,Sydney,Tuesday
2026-01-27 01:54:50,FusionMarkets Zero,GER40,24950.53,24953.73,3.2,320,Sydney,Tuesday
2026-01-27 01:54:50,FusionMarkets Zero,UK100,10169.48,10170.28,0.8,80,Sydney,Tuesday
2026-01-27 01:54:52,ThinkMarkets ThinkZero,XAUUSD,5064.79,5064.87,0.08,8,Sydney,Tuesday
2026-01-27 01:54:52,ThinkMarkets ThinkZero,EURUSD,1.18807,1.18809,2e-05,2,Sydney,Tuesday
2026-01-27 01:54:53,ThinkMarkets ThinkZero,GBPUSD,1.36819,1.36823,4e-05,4,Sydney,Tuesday
2026-01-27 01:54:53,ThinkMarkets ThinkZero,USDJPY,154.275,154.278,0.003,3,Sydney,Tuesday
2026-01-27 01:54:53,ThinkMarkets ThinkZero,AUDUSD,0.69194,0.69197,3e-05,3,Sydney,Tuesday
2026-01-27 01:54:53,ThinkMarkets ThinkZero,NAS100,25813.39,25814.39,1.0,100,Sydney,Tuesday
2026-01-27 01:54:53,ThinkMarkets ThinkZero,US500,6961.58,6961.93,0.35,35,Sydney,Tuesday
2026-01-27 01:54:54,ThinkMarkets ThinkZero,US30,49319.25,49320.75,1.5,150,Sydney,Tuesday
2026-01-27 01:54:54,ThinkMarkets ThinkZero,US2000,2662.7,2663.5,0.8,80,Sydney,Tuesday
2026-01-27 01:54:54,ThinkMarkets ThinkZero,GER40,24956.6,24961.6,5.0,500,Sydney,Tuesday
2026-01-27 01:54:54,ThinkMarkets ThinkZero,UK100,10188.45,10190.75,2.3,230,Sydney,Tuesday
2026-01-27 01:54:56,ICMarkets Raw,XAUUSD,5065.11,5065.19,0.08,8,Sydney,Tuesday
2026-01-27 01:54:56,ICMarkets Raw,EURUSD,1.18808,1.18808,0.0,0,Sydney,Tuesday
2026-01-27 01:54:57,ICMarkets Raw,GBPUSD,1.36821,1.36822,1e-05,1,Sydney,Tuesday
2026-01-27 01:54:57,ICMarkets Raw,USDJPY,154.289,154.289,0.0,0,Sydney,Tuesday
2026-01-27 01:54:57,ICMarkets Raw,AUDUSD,0.69196,0.69196,0.0,0,Sydney,Tuesday
2026-01-27 01:54:57,ICMarkets Raw,NAS100,25791.6,25792.6,1.0,100,Sydney,Tuesday
2026-01-27 01:54:57,ICMarkets Raw,US500,6957.4,6957.9,0.5,50,Sydney,Tuesday
2026-01-27 01:54:58,ICMarkets Raw,US30,49284.9,49286.1,1.2,120,Sydney,Tuesday
2026-01-27 01:54:58,ICMarkets Raw,US2000,2661.07,2661.39,0.32,32,Sydney,Tuesday
2026-01-27 01:54:58,ICMarkets Raw,GER40,24943.4,24944.1,0.7,70,Sydney,Tuesday
2026-01-27 01:54:58,ICMarkets Raw,UK100,10167.0,10169.5,2.5,250,Sydney,Tuesday
2026-01-27 01:55:00,VantageMarkets Raw,XAUUSD,5064.93,5065.01,0.08,8,Sydney,Tuesday
2026-01-27 01:55:00,VantageMarkets Raw,EURUSD,1.18809,1.1881,1e-05,1,Sydney,Tuesday
2026-01-27 01:55:00,VantageMarkets Raw,GBPUSD,1.36818,1.36819,1e-05,1,Sydney,Tuesday
2026-01-27 01:55:01,VantageMarkets Raw,USDJPY,154.29,154.292,0.002,2,Sydney,Tuesday
2026-01-27 01:55:01,VantageMarkets Raw,AUDUSD,0.69193,0.69196,3e-05,3,Sydney,Tuesday
2026-01-27 01:55:01,VantageMarkets Raw,NAS100,25813.31,25814.11,0.8,80,Sydney,Tuesday
2026-01-27 01:55:01,VantageMarkets Raw,US500,6961.59,6961.95,0.36,36,Sydney,Tuesday
2026-01-27 01:55:01,VantageMarkets Raw,US30,49318.51,49319.61,1.1,110,Sydney,Tuesday
2026-01-27 01:55:02,VantageMarkets Raw,US2000,2662.76,2663.24,0.48,48,Sydney,Tuesday
2026-01-27 01:55:02,VantageMarkets Raw,GER40,24956.35,24961.85,5.5,550,Sydney,Tuesday
2026-01-27 01:55:02,VantageMarkets Raw,UK100,10188.03,10190.19,2.16,216,Sydney,Tuesday
2026-01-27 01:55:04,FPMarkets Raw,XAUUSD,5066.15,5066.22,0.07,7,Sydney,Tuesday
2026-01-27 01:55:04,FPMarkets Raw,EURUSD,1.18809,1.1881,1e-05,1,Sydney,Tuesday
2026-01-27 01:55:04,FPMarkets Raw,GBPUSD,1.36818,1.36823,5e-05,5,Sydney,Tuesday
2026-01-27 01:55:04,FPMarkets Raw,USDJPY,154.289,154.293,0.004,4,Sydney,Tuesday
2026-01-27 01:55:05,FPMarkets Raw,AUDUSD,0.69194,0.69197,3e-05,3,Sydney,Tuesday
2026-01-27 01:55:05,FPMarkets Raw,NAS100,25812.4,25813.0,0.6,60,Sydney,Tuesday
2026-01-27 01:55:05,FPMarkets Raw,US500,6961.38,6961.63,0.25,25,Sydney,Tuesday
2026-01-27 01:55:05,FPMarkets Raw,US30,49317.3,49318.7,1.4,140,Sydney,Tuesday
2026-01-27 01:55:05,FPMarkets Raw,GER40,24956.75,24961.45,4.7,470,Sydney,Tuesday
2026-01-27 01:55:06,FPMarkets Raw,UK100,10187.8,10190.4,2.6,260,Sydney,Tuesday
2026-01-27 01:55:07,8Cap Raw,XAUUSD,5065.07,5065.23,0.16,16,Sydney,Tuesday
2026-01-27 01:55:07,8Cap Raw,EURUSD,1.18809,1.1881,1e-05,1,Sydney,Tuesday
2026-01-27 01:55:07,8Cap Raw,GBPUSD,1.3682,1.36821,1e-05,1,Sydney,Tuesday
2026-01-27 01:55:07,8Cap Raw,USDJPY,154.289,154.29,0.001,1,Sydney,Tuesday
2026-01-27 01:55:08,8Cap Raw,AUDUSD,0.69194,0.69196,2e-05,2,Sydney,Tuesday
2026-01-27 01:55:08,8Cap Raw,NAS100,25792.52,25793.92,1.4,140,Sydney,Tuesday
2026-01-27 01:55:08,8Cap Raw,US500,6957.71,6958.27,0.56,56,Sydney,Tuesday
2026-01-27 01:55:08,8Cap Raw,US30,49286.62,49288.62,2.0,200,Sydney,Tuesday
2026-01-27 01:55:08,8Cap Raw,US2000,2662.23,2662.67,0.44,44,Sydney,Tuesday
2026-01-27 01:55:09,8Cap Raw,GER40,24949.63,24952.63,3.0,300,Sydney,Tuesday
2026-01-27 01:55:09,8Cap Raw,UK100,10169.58,10170.93,1.35,135,Sydney,Tuesday
2026-01-27 01:59:44,Pepperstone Razor,XAUUSD,5060.09,5060.29,0.2,20,Sydney,Tuesday
2026-01-27 01:59:44,Pepperstone Razor,EURUSD,1.18793,1.18793,0.0,0,Sydney,Tuesday
2026-01-27 01:59:44,Pepperstone Razor,GBPUSD,1.36803,1.36806,3e-05,3,Sydney,Tuesday
2026-01-27 01:59:44,Pepperstone Razor,USDJPY,154.334,154.337,0.003,3,Sydney,Tuesday
2026-01-27 01:59:45,Pepperstone Razor,AUDUSD,0.69181,0.69182,1e-05,1,Sydney,Tuesday
2026-01-27 01:59:45,Pepperstone Razor,NAS100,25795.4,25796.9,1.5,15,Sydney,Tuesday
2026-01-27 01:59:45,Pepperstone Razor,US500,6958.3,6958.8,0.5,5,Sydney,Tuesday
2026-01-27 01:59:45,Pepperstone Razor,US30,49273.3,49275.5,2.2,22,Sydney,Tuesday
2026-01-27 01:59:45,Pepperstone Razor,US2000,2662.4,2662.8,0.4,4,Sydney,Tuesday
2026-01-27 01:59:46,Pepperstone Razor,GER40,24933.0,24935.0,2.0,20,Sydney,Tuesday
2026-01-27 01:59:46,Pepperstone Razor,UK100,10168.7,10170.5,1.8,18,Sydney,Tuesday
2026-01-27 01:59:48,FusionMarkets Zero,XAUUSD,5058.85,5058.95,0.1,10,Sydney,Tuesday
2026-01-27 01:59:48,FusionMarkets Zero,EURUSD,1.18791,1.18791,0.0,0,Sydney,Tuesday
2026-01-27 01:59:48,FusionMarkets Zero,GBPUSD,1.36803,1.36803,0.0,0,Sydney,Tuesday
2026-01-27 01:59:48,FusionMarkets Zero,USDJPY,154.336,154.337,0.001,1,Sydney,Tuesday
2026-01-27 01:59:49,FusionMarkets Zero,AUDUSD,0.69179,0.69179,0.0,0,Sydney,Tuesday
2026-01-27 01:59:49,FusionMarkets Zero,NAS100,25796.82,25797.62,0.8,80,Sydney,Tuesday
2026-01-27 01:59:49,FusionMarkets Zero,US500,6958.56,6958.92,0.36,36,Sydney,Tuesday
2026-01-27 01:59:49,FusionMarkets Zero,US30,49288.47,49291.27,2.8,280,Sydney,Tuesday
2026-01-27 01:59:49,FusionMarkets Zero,US2000,2662.6,2662.9,0.3,30,Sydney,Tuesday
2026-01-27 01:59:50,FusionMarkets Zero,GER40,24942.53,24945.73,3.2,320,Sydney,Tuesday
2026-01-27 01:59:50,FusionMarkets Zero,UK100,10168.98,10170.28,1.3,130,Sydney,Tuesday
2026-01-27 01:59:52,ThinkMarkets ThinkZero,XAUUSD,5058.51,5058.59,0.08,8,Sydney,Tuesday
2026-01-27 01:59:52,ThinkMarkets ThinkZero,EURUSD,1.18789,1.18791,2e-05,2,Sydney,Tuesday
2026-01-27 01:59:52,ThinkMarkets ThinkZero,GBPUSD,1.36801,1.36804,3e-05,3,Sydney,Tuesday
2026-01-27 01:59:53,ThinkMarkets ThinkZero,USDJPY,154.312,154.317,0.005,5,Sydney,Tuesday
2026-01-27 01:59:53,ThinkMarkets ThinkZero,AUDUSD,0.69177,0.69182,5e-05,5,Sydney,Tuesday
2026-01-27 01:59:53,ThinkMarkets ThinkZero,NAS100,25816.64,25817.64,1.0,100,Sydney,Tuesday
2026-01-27 01:59:53,ThinkMarkets ThinkZero,US500,6962.08,6962.43,0.35,35,Sydney,Tuesday
2026-01-27 01:59:53,ThinkMarkets ThinkZero,US30,49320.25,49321.75,1.5,150,Sydney,Tuesday
2026-01-27 01:59:54,ThinkMarkets ThinkZero,US2000,2662.8,2663.6,0.8,80,Sydney,Tuesday
2026-01-27 01:59:54,ThinkMarkets ThinkZero,GER40,24949.5,24952.7,3.2,320,Sydney,Tuesday
2026-01-27 01:59:54,ThinkMarkets ThinkZero,UK100,10187.45,10189.75,2.3,230,Sydney,Tuesday
2026-01-27 01:59:56,ICMarkets Raw,XAUUSD,5064.73,5064.81,0.08,8,Sydney,Tuesday
2026-01-27 01:59:56,ICMarkets Raw,EURUSD,1.18791,1.18791,0.0,0,Sydney,Tuesday
2026-01-27 01:59:56,ICMarkets Raw,GBPUSD,1.36803,1.36804,1e-05,1,Sydney,Tuesday
2026-01-27 01:59:56,ICMarkets Raw,USDJPY,154.315,154.316,0.001,1,Sydney,Tuesday
2026-01-27 01:59:57,ICMarkets Raw,AUDUSD,0.69181,0.69183,2e-05,2,Sydney,Tuesday
2026-01-27 01:59:57,ICMarkets Raw,NAS100,25795.1,25796.1,1.0,100,Sydney,Tuesday
2026-01-27 01:59:57,ICMarkets Raw,US500,6958.1,6958.6,0.5,50,Sydney,Tuesday
2026-01-27 01:59:57,ICMarkets Raw,US30,49287.9,49289.1,1.2,120,Sydney,Tuesday
2026-01-27 01:59:57,ICMarkets Raw,US2000,2661.17,2661.49,0.32,32,Sydney,Tuesday
2026-01-27 01:59:58,ICMarkets Raw,GER40,24935.4,24936.1,0.7,70,Sydney,Tuesday
2026-01-27 01:59:58,ICMarkets Raw,UK100,10166.0,10168.5,2.5,250,Sydney,Tuesday
2026-01-27 01:59:59,VantageMarkets Raw,XAUUSD,5059.17,5059.25,0.08,8,Sydney,Tuesday
2026-01-27 02:00:00,VantageMarkets Raw,EURUSD,1.18791,1.18793,2e-05,2,Sydney,Tuesday
2026-01-27 02:00:00,VantageMarkets Raw,GBPUSD,1.36803,1.36806,3e-05,3,Sydney,Tuesday
2026-01-27 02:00:00,VantageMarkets Raw,USDJPY,154.313,154.317,0.004,4,Sydney,Tuesday
2026-01-27 02:00:00,VantageMarkets Raw,AUDUSD,0.6918,0.69184,4e-05,4,Sydney,Tuesday
2026-01-27 02:00:00,VantageMarkets Raw,NAS100,25817.56,25818.36,0.8,80,Sydney,Tuesday
2026-01-27 02:00:01,VantageMarkets Raw,US500,6962.08,6962.44,0.36,36,Sydney,Tuesday
2026-01-27 02:00:01,VantageMarkets Raw,US30,49321.51,49322.61,1.1,110,Sydney,Tuesday
2026-01-27 02:00:01,VantageMarkets Raw,US2000,2662.91,2663.39,0.48,48,Sydney,Tuesday
2026-01-27 02:00:01,VantageMarkets Raw,GER40,24948.85,24953.35,4.5,450,Sydney,Tuesday
2026-01-27 02:00:01,VantageMarkets Raw,UK100,10187.78,10189.94,2.16,216,Sydney,Tuesday
2026-01-27 02:00:04,FPMarkets Raw,XAUUSD,5065.1,5065.17,0.07,7,Sydney,Tuesday
2026-01-27 02:00:04,FPMarkets Raw,EURUSD,1.18789,1.18791,2e-05,2,Sydney,Tuesday
2026-01-27 02:00:04,FPMarkets Raw,GBPUSD,1.36803,1.36808,5e-05,5,Sydney,Tuesday
2026-01-27 02:00:04,FPMarkets Raw,USDJPY,154.323,154.327,0.004,4,Sydney,Tuesday
2026-01-27 02:00:05,FPMarkets Raw,AUDUSD,0.69181,0.69184,3e-05,3,Sydney,Tuesday
2026-01-27 02:00:05,FPMarkets Raw,NAS100,25818.15,25818.75,0.6,60,Sydney,Tuesday
2026-01-27 02:00:05,FPMarkets Raw,US500,6962.38,6962.63,0.25,25,Sydney,Tuesday
2026-01-27 02:00:05,FPMarkets Raw,US30,49323.3,49324.7,1.4,140,Sydney,Tuesday
2026-01-27 02:00:05,FPMarkets Raw,GER40,24950.25,24953.95,3.7,370,Sydney,Tuesday
2026-01-27 02:00:06,FPMarkets Raw,UK100,10187.55,10190.15,2.6,260,Sydney,Tuesday
2026-01-27 02:00:07,8Cap Raw,XAUUSD,5059.01,5059.17,0.16,16,Sydney,Tuesday
2026-01-27 02:00:07,8Cap Raw,EURUSD,1.18787,1.18788,1e-05,1,Sydney,Tuesday
2026-01-27 02:00:07,8Cap Raw,GBPUSD,1.36801,1.36803,2e-05,2,Sydney,Tuesday
2026-01-27 02:00:07,8Cap Raw,USDJPY,154.333,154.336,0.003,3,Sydney,Tuesday
2026-01-27 02:00:07,8Cap Raw,AUDUSD,0.69177,0.6918,3e-05,3,Sydney,Tuesday
2026-01-27 02:00:08,8Cap Raw,NAS100,25798.52,25799.92,1.4,140,Sydney,Tuesday
2026-01-27 02:00:08,8Cap Raw,US500,6958.71,6959.27,0.56,56,Sydney,Tuesday
2026-01-27 02:00:08,8Cap Raw,US30,49290.87,49292.87,2.0,200,Sydney,Tuesday
2026-01-27 02:00:08,8Cap Raw,US2000,2662.53,2663.07,0.54,54,Sydney,Tuesday
2026-01-27 02:00:08,8Cap Raw,GER40,24944.63,24947.63,3.0,300,Sydney,Tuesday
2026-01-27 02:00:09,8Cap Raw,UK100,10169.28,10170.48,1.2,120,Sydney,Tuesday
2026-01-27 02:01:37,Pepperstone Razor,XAUUSD,5059.29,5059.47,0.18,18,Sydney,Tuesday
2026-01-27 02:01:37,Pepperstone Razor,EURUSD,1.1877,1.1877,0.0,0,Sydney,Tuesday
2026-01-27 02:01:37,Pepperstone Razor,GBPUSD,1.36783,1.36786,3e-05,3,Sydney,Tuesday
2026-01-27 02:01:37,Pepperstone Razor,USDJPY,154.336,154.338,0.002,2,Sydney,Tuesday
2026-01-27 02:01:37,Pepperstone Razor,AUDUSD,0.69165,0.69166,1e-05,1,Sydney,Tuesday
2026-01-27 02:01:38,Pepperstone Razor,NAS100,25801.3,25802.8,1.5,15,Sydney,Tuesday
2026-01-27 02:01:39,Pepperstone Razor,US500,6959.3,6959.8,0.5,5,Sydney,Tuesday
2026-01-27 02:01:39,Pepperstone Razor,US30,49281.1,49283.3,2.2,22,Sydney,Tuesday
2026-01-27 02:01:39,Pepperstone Razor,US2000,2663.4,2663.8,0.4,4,Sydney,Tuesday
2026-01-27 02:01:39,Pepperstone Razor,GER40,24939.2,24941.2,2.0,20,Sydney,Tuesday
2026-01-27 02:01:39,Pepperstone Razor,UK100,10169.8,10171.6,1.8,18,Sydney,Tuesday
2026-01-27 02:01:41,FusionMarkets Zero,XAUUSD,5053.64,5053.77,0.13,13,Sydney,Tuesday
2026-01-27 02:01:41,FusionMarkets Zero,EURUSD,1.18771,1.18771,0.0,0,Sydney,Tuesday
2026-01-27 02:01:42,FusionMarkets Zero,GBPUSD,1.36782,1.36782,0.0,0,Sydney,Tuesday
2026-01-27 02:01:42,FusionMarkets Zero,USDJPY,154.335,154.335,0.0,0,Sydney,Tuesday
2026-01-27 02:01:42,FusionMarkets Zero,AUDUSD,0.69165,0.69165,0.0,0,Sydney,Tuesday
2026-01-27 02:01:43,FusionMarkets Zero,NAS100,25801.07,25801.87,0.8,80,Sydney,Tuesday
2026-01-27 02:01:43,FusionMarkets Zero,US500,6959.06,6959.42,0.36,36,Sydney,Tuesday
2026-01-27 02:01:43,FusionMarkets Zero,US30,49294.47,49297.27,2.8,280,Sydney,Tuesday
2026-01-27 02:01:44,FusionMarkets Zero,US2000,2663.4,2663.7,0.3,30,Sydney,Tuesday
2026-01-27 02:01:44,FusionMarkets Zero,GER40,24948.03,24951.23,3.2,320,Sydney,Tuesday
2026-01-27 02:01:44,FusionMarkets Zero,UK100,10169.98,10171.28,1.3,130,Sydney,Tuesday
2026-01-27 02:01:46,ThinkMarkets ThinkZero,XAUUSD,5053.09,5053.17,0.08,8,Sydney,Tuesday
2026-01-27 02:01:46,ThinkMarkets ThinkZero,EURUSD,1.1877,1.18772,2e-05,2,Sydney,Tuesday
2026-01-27 02:01:46,ThinkMarkets ThinkZero,GBPUSD,1.3678,1.36785,5e-05,5,Sydney,Tuesday
2026-01-27 02:01:46,ThinkMarkets ThinkZero,USDJPY,154.333,154.338,0.005,5,Sydney,Tuesday
2026-01-27 02:01:47,ThinkMarkets ThinkZero,AUDUSD,0.69164,0.69167,3e-05,3,Sydney,Tuesday
2026-01-27 02:01:48,ThinkMarkets ThinkZero,NAS100,25819.64,25820.64,1.0,100,Sydney,Tuesday
2026-01-27 02:01:48,ThinkMarkets ThinkZero,US500,6962.32,6962.67,0.35,35,Sydney,Tuesday
2026-01-27 02:01:48,ThinkMarkets ThinkZero,US30,49326.25,49327.75,1.5,150,Sydney,Tuesday
2026-01-27 02:01:48,ThinkMarkets ThinkZero,US2000,2663.5,2664.3,0.8,80,Sydney,Tuesday
2026-01-27 02:01:48,ThinkMarkets ThinkZero,GER40,24954.1,24958.1,4.0,400,Sydney,Tuesday
2026-01-27 02:01:49,ThinkMarkets ThinkZero,UK100,10188.2,10190.5,2.3,230,Sydney,Tuesday
2026-01-27 02:01:50,ICMarkets Raw,XAUUSD,5052.97,5053.09,0.12,12,Sydney,Tuesday
2026-01-27 02:01:51,ICMarkets Raw,EURUSD,1.1877,1.1877,0.0,0,Sydney,Tuesday
2026-01-27 02:01:51,ICMarkets Raw,GBPUSD,1.36782,1.36783,1e-05,1,Sydney,Tuesday
2026-01-27 02:01:51,ICMarkets Raw,USDJPY,154.335,154.335,0.0,0,Sydney,Tuesday
2026-01-27 02:01:51,ICMarkets Raw,AUDUSD,0.69165,0.69165,0.0,0,Sydney,Tuesday
2026-01-27 02:01:52,ICMarkets Raw,NAS100,25797.0,25798.0,1.0,100,Sydney,Tuesday
2026-01-27 02:01:52,ICMarkets Raw,US500,6958.1,6958.6,0.5,50,Sydney,Tuesday
2026-01-27 02:01:53,ICMarkets Raw,US30,49290.4,49291.6,1.2,120,Sydney,Tuesday
2026-01-27 02:01:53,ICMarkets Raw,US2000,2661.87,2662.19,0.32,32,Sydney,Tuesday
2026-01-27 02:01:53,ICMarkets Raw,GER40,24941.4,24942.1,0.7,70,Sydney,Tuesday
2026-01-27 02:01:53,ICMarkets Raw,UK100,10166.2,10168.7,2.5,250,Sydney,Tuesday
2026-01-27 02:01:55,VantageMarkets Raw,XAUUSD,5052.94,5053.02,0.08,8,Sydney,Tuesday
2026-01-27 02:01:55,VantageMarkets Raw,EURUSD,1.18764,1.18769,5e-05,5,Sydney,Tuesday
2026-01-27 02:01:55,VantageMarkets Raw,GBPUSD,1.36771,1.36774,3e-05,3,Sydney,Tuesday
2026-01-27 02:01:55,VantageMarkets Raw,USDJPY,154.356,154.359,0.003,3,Sydney,Tuesday
2026-01-27 02:01:56,VantageMarkets Raw,AUDUSD,0.69159,0.69163,4e-05,4,Sydney,Tuesday
2026-01-27 02:01:57,VantageMarkets Raw,NAS100,25818.81,25819.61,0.8,80,Sydney,Tuesday
2026-01-27 02:01:57,VantageMarkets Raw,US500,6962.08,6962.44,0.36,36,Sydney,Tuesday
2026-01-27 02:01:57,VantageMarkets Raw,US30,49324.51,49325.61,1.1,110,Sydney,Tuesday
2026-01-27 02:01:57,VantageMarkets Raw,US2000,2663.61,2664.09,0.48,48,Sydney,Tuesday
2026-01-27 02:01:57,VantageMarkets Raw,GER40,24953.35,24958.85,5.5,550,Sydney,Tuesday
2026-01-27 02:01:58,VantageMarkets Raw,UK100,10187.78,10189.94,2.16,216,Sydney,Tuesday
2026-01-27 02:02:00,FPMarkets Raw,XAUUSD,5059.08,5059.15,0.07,7,Sydney,Tuesday
2026-01-27 02:02:00,FPMarkets Raw,EURUSD,1.18764,1.18766,2e-05,2,Sydney,Tuesday
2026-01-27 02:02:00,FPMarkets Raw,GBPUSD,1.36771,1.36776,5e-05,5,Sydney,Tuesday
2026-01-27 02:02:00,FPMarkets Raw,USDJPY,154.353,154.357,0.004,4,Sydney,Tuesday
2026-01-27 02:02:00,FPMarkets Raw,AUDUSD,0.69158,0.69161,3e-05,3,Sydney,Tuesday
2026-01-27 02:02:01,FPMarkets Raw,NAS100,25818.65,25819.25,0.6,60,Sydney,Tuesday
2026-01-27 02:02:02,FPMarkets Raw,US500,6962.12,6962.37,0.25,25,Sydney,Tuesday
2026-01-27 02:02:02,FPMarkets Raw,US30,49324.3,49325.7,1.4,140,Sydney,Tuesday
2026-01-27 02:02:02,FPMarkets Raw,GER40,24954.25,24957.95,3.7,370,Sydney,Tuesday
2026-01-27 02:02:02,FPMarkets Raw,UK100,10187.55,10190.15,2.6,260,Sydney,Tuesday
2026-01-27 02:02:04,8Cap Raw,XAUUSD,5051.76,5051.92,0.16,16,Sydney,Tuesday
2026-01-27 02:02:04,8Cap Raw,EURUSD,1.18765,1.18766,1e-05,1,Sydney,Tuesday
2026-01-27 02:02:04,8Cap Raw,GBPUSD,1.36771,1.36774,3e-05,3,Sydney,Tuesday
2026-01-27 02:02:05,8Cap Raw,USDJPY,154.349,154.351,0.002,2,Sydney,Tuesday
2026-01-27 02:02:05,8Cap Raw,AUDUSD,0.69157,0.69161,4e-05,4,Sydney,Tuesday
2026-01-27 02:02:05,8Cap Raw,USDCAD,1.37202,1.37205,3e-05,3,Sydney,Tuesday
2026-01-27 02:02:05,8Cap Raw,USDCHF,0.77717,0.7772,3e-05,3,Sydney,Tuesday
2026-01-27 02:02:06,8Cap Raw,NZDUSD,0.59659,0.59662,3e-05,3,Sydney,Tuesday
2026-01-27 02:02:06,8Cap Raw,GBPJPY,211.097,211.115,0.018,18,Sydney,Tuesday
2026-01-27 02:02:06,8Cap Raw,NAS100,25800.02,25801.42,1.4,140,Sydney,Tuesday
2026-01-27 02:02:06,8Cap Raw,US500,6958.71,6959.27,0.56,56,Sydney,Tuesday
2026-01-27 02:02:06,8Cap Raw,US30,49292.87,49294.87,2.0,200,Sydney,Tuesday
2026-01-27 02:02:07,8Cap Raw,US2000,2663.23,2663.57,0.34,34,Sydney,Tuesday
2026-01-27 02:02:07,8Cap Raw,GER40,24948.13,24951.13,3.0,300,Sydney,Tuesday
2026-01-27 02:02:07,8Cap Raw,UK100,10169.28,10170.48,1.2,120,Sydney,Tuesday
2026-01-27 02:08:18,Pepperstone Razor,XAUUSD,5065.06,5065.24,0.18,18,Sydney,Tuesday
2026-01-27 02:08:18,Pepperstone Razor,EURUSD,1.18793,1.18793,0.0,0,Sydney,Tuesday
2026-01-27 02:08:18,Pepperstone Razor,GBPUSD,1.36807,1.3681,3e-05,3,Sydney,Tuesday
2026-01-27 02:08:18,Pepperstone Razor,USDJPY,154.328,154.331,0.003,3,Sydney,Tuesday
2026-01-27 02:08:19,Pepperstone Razor,AUDUSD,0.69176,0.69177,1e-05,1,Sydney,Tuesday
2026-01-27 02:08:19,Pepperstone Razor,USDCAD,1.37162,1.37166,4e-05,4,Sydney,Tuesday
2026-01-27 02:08:19,Pepperstone Razor,USDCHF,0.77698,0.77698,0.0,0,Sydney,Tuesday
2026-01-27 02:08:19,Pepperstone Razor,NZDUSD,0.59657,0.59659,2e-05,2,Sydney,Tuesday
2026-01-27 02:08:19,Pepperstone Razor,GBPJPY,211.13,211.135,0.005,5,Sydney,Tuesday
2026-01-27 02:08:20,Pepperstone Razor,NAS100,25814.4,25815.9,1.5,15,Sydney,Tuesday
2026-01-27 02:08:20,Pepperstone Razor,US500,6961.8,6962.3,0.5,5,Sydney,Tuesday
2026-01-27 02:08:20,Pepperstone Razor,US30,49296.1,49298.2,2.1,21,Sydney,Tuesday
2026-01-27 02:08:20,Pepperstone Razor,US2000,2664.8,2665.2,0.4,4,Sydney,Tuesday
2026-01-27 02:08:20,Pepperstone Razor,GER40,24952.2,24954.2,2.0,20,Sydney,Tuesday
2026-01-27 02:08:21,Pepperstone Razor,UK100,10171.0,10172.9,1.9,19,Sydney,Tuesday
2026-01-27 02:08:22,FusionMarkets Zero,XAUUSD,5065.34,5065.41,0.07,7,Sydney,Tuesday
2026-01-27 02:08:23,FusionMarkets Zero,EURUSD,1.18792,1.18792,0.0,0,Sydney,Tuesday
2026-01-27 02:08:23,FusionMarkets Zero,GBPUSD,1.36805,1.36805,0.0,0,Sydney,Tuesday
2026-01-27 02:08:23,FusionMarkets Zero,USDJPY,154.332,154.333,0.001,1,Sydney,Tuesday
2026-01-27 02:08:23,FusionMarkets Zero,AUDUSD,0.69176,0.69176,0.0,0,Sydney,Tuesday
2026-01-27 02:08:23,FusionMarkets Zero,USDCAD,1.37166,1.37166,0.0,0,Sydney,Tuesday
2026-01-27 02:08:24,FusionMarkets Zero,USDCHF,0.77698,0.77698,0.0,0,Sydney,Tuesday
2026-01-27 02:08:24,FusionMarkets Zero,NZDUSD,0.59657,0.59657,0.0,0,Sydney,Tuesday
2026-01-27 02:08:24,FusionMarkets Zero,GBPJPY,211.13,211.139,0.009,9,Sydney,Tuesday
2026-01-27 02:08:24,FusionMarkets Zero,NAS100,25814.69,25815.49,0.8,80,Sydney,Tuesday
2026-01-27 02:08:24,FusionMarkets Zero,US500,6961.81,6962.17,0.36,36,Sydney,Tuesday
2026-01-27 02:08:25,FusionMarkets Zero,US30,49309.97,49312.77,2.8,280,Sydney,Tuesday
2026-01-27 02:08:25,FusionMarkets Zero,US2000,2664.8,2665.0,0.2,20,Sydney,Tuesday
2026-01-27 02:08:25,FusionMarkets Zero,GER40,24961.03,24964.23,3.2,320,Sydney,Tuesday
2026-01-27 02:08:25,FusionMarkets Zero,UK100,10171.23,10172.78,1.55,155,Sydney,Tuesday
2026-01-27 02:08:27,ThinkMarkets ThinkZero,XAUUSD,5052.96,5053.04,0.08,8,Sydney,Tuesday
2026-01-27 02:08:27,ThinkMarkets ThinkZero,EURUSD,1.18792,1.18795,3e-05,3,Sydney,Tuesday
2026-01-27 02:08:27,ThinkMarkets ThinkZero,GBPUSD,1.36802,1.36807,5e-05,5,Sydney,Tuesday
2026-01-27 02:08:28,ThinkMarkets ThinkZero,USDJPY,154.33,154.335,0.005,5,Sydney,Tuesday
2026-01-27 02:08:28,ThinkMarkets ThinkZero,AUDUSD,0.69174,0.69177,3e-05,3,Sydney,Tuesday
2026-01-27 02:08:28,ThinkMarkets ThinkZero,USDCAD,1.37165,1.37168,3e-05,3,Sydney,Tuesday
2026-01-27 02:08:28,ThinkMarkets ThinkZero,USDCHF,0.77697,0.77699,2e-05,2,Sydney,Tuesday
2026-01-27 02:08:28,ThinkMarkets ThinkZero,NZDUSD,0.59655,0.59658,3e-05,3,Sydney,Tuesday
2026-01-27 02:08:29,ThinkMarkets ThinkZero,GBPJPY,211.128,211.139,0.011,11,Sydney,Tuesday
2026-01-27 02:08:29,ThinkMarkets ThinkZero,NAS100,25833.64,25834.64,1.0,100,Sydney,Tuesday
2026-01-27 02:08:29,ThinkMarkets ThinkZero,US500,6965.07,6965.42,0.35,35,Sydney,Tuesday
2026-01-27 02:08:29,ThinkMarkets ThinkZero,US30,49342.25,49343.75,1.5,150,Sydney,Tuesday
2026-01-27 02:08:29,ThinkMarkets ThinkZero,US2000,2664.9,2665.7,0.8,80,Sydney,Tuesday
2026-01-27 02:08:30,ThinkMarkets ThinkZero,GER40,24964.6,24974.6,10.0,1000,Sydney,Tuesday
2026-01-27 02:08:30,ThinkMarkets ThinkZero,UK100,10189.7,10192.0,2.3,230,Sydney,Tuesday
2026-01-27 02:08:32,ICMarkets Raw,XAUUSD,5063.62,5063.7,0.08,8,Sydney,Tuesday
2026-01-27 02:08:32,ICMarkets Raw,EURUSD,1.18793,1.18793,0.0,0,Sydney,Tuesday
2026-01-27 02:08:32,ICMarkets Raw,GBPUSD,1.36803,1.36804,1e-05,1,Sydney,Tuesday
2026-01-27 02:08:32,ICMarkets Raw,USDJPY,154.331,154.331,0.0,0,Sydney,Tuesday
2026-01-27 02:08:32,ICMarkets Raw,AUDUSD,0.69174,0.69174,0.0,0,Sydney,Tuesday
2026-01-27 02:08:33,ICMarkets Raw,USDCAD,1.37164,1.37166,2e-05,2,Sydney,Tuesday
2026-01-27 02:08:33,ICMarkets Raw,USDCHF,0.77697,0.77699,2e-05,2,Sydney,Tuesday
2026-01-27 02:08:33,ICMarkets Raw,NZDUSD,0.59654,0.5966,6e-05,6,Sydney,Tuesday
2026-01-27 02:08:33,ICMarkets Raw,GBPJPY,211.129,211.133,0.004,4,Sydney,Tuesday
2026-01-27 02:08:33,ICMarkets Raw,NAS100,25812.0,25813.0,1.0,100,Sydney,Tuesday
2026-01-27 02:08:34,ICMarkets Raw,US500,6961.1,6961.6,0.5,50,Sydney,Tuesday
2026-01-27 02:08:34,ICMarkets Raw,US30,49308.9,49310.1,1.2,120,Sydney,Tuesday
2026-01-27 02:08:34,ICMarkets Raw,US2000,2663.27,2663.59,0.32,32,Sydney,Tuesday
2026-01-27 02:08:34,ICMarkets Raw,GER40,24953.9,24954.6,0.7,70,Sydney,Tuesday
2026-01-27 02:08:34,ICMarkets Raw,UK100,10168.7,10171.2,2.5,250,Sydney,Tuesday
2026-01-27 02:08:36,VantageMarkets Raw,XAUUSD,5063.13,5063.21,0.08,8,Sydney,Tuesday
2026-01-27 02:08:36,VantageMarkets Raw,EURUSD,1.18794,1.18795,1e-05,1,Sydney,Tuesday
2026-01-27 02:08:36,VantageMarkets Raw,GBPUSD,1.36805,1.36806,1e-05,1,Sydney,Tuesday
2026-01-27 02:08:37,VantageMarkets Raw,USDJPY,154.331,154.333,0.002,2,Sydney,Tuesday
2026-01-27 02:08:37,VantageMarkets Raw,AUDUSD,0.69173,0.69176,3e-05,3,Sydney,Tuesday
2026-01-27 02:08:37,VantageMarkets Raw,USDCAD,1.37165,1.37165,0.0,0,Sydney,Tuesday
2026-01-27 02:08:37,VantageMarkets Raw,USDCHF,0.77697,0.77703,6e-05,6,Sydney,Tuesday
2026-01-27 02:08:37,VantageMarkets Raw,NZDUSD,0.59658,0.5966,2e-05,2,Sydney,Tuesday
2026-01-27 02:08:38,VantageMarkets Raw,GBPJPY,211.135,211.136,0.001,1,Sydney,Tuesday
2026-01-27 02:08:38,VantageMarkets Raw,NAS100,25834.81,25835.61,0.8,80,Sydney,Tuesday
2026-01-27 02:08:38,VantageMarkets Raw,US500,6965.34,6965.7,0.36,36,Sydney,Tuesday
2026-01-27 02:08:38,VantageMarkets Raw,US30,49344.51,49345.61,1.1,110,Sydney,Tuesday
2026-01-27 02:08:38,VantageMarkets Raw,US2000,2665.06,2665.54,0.48,48,Sydney,Tuesday
2026-01-27 02:08:39,VantageMarkets Raw,GER40,24964.6,24974.6,10.0,1000,Sydney,Tuesday
2026-01-27 02:08:39,VantageMarkets Raw,UK100,10190.53,10192.69,2.16,216,Sydney,Tuesday
2026-01-27 02:08:41,FPMarkets Raw,XAUUSD,5063.77,5063.84,0.07,7,Sydney,Tuesday
2026-01-27 02:08:41,FPMarkets Raw,EURUSD,1.18792,1.18794,2e-05,2,Sydney,Tuesday
2026-01-27 02:08:41,FPMarkets Raw,GBPUSD,1.36801,1.36806,5e-05,5,Sydney,Tuesday
2026-01-27 02:08:42,FPMarkets Raw,USDJPY,154.331,154.335,0.004,4,Sydney,Tuesday
2026-01-27 02:08:42,FPMarkets Raw,AUDUSD,0.69171,0.69175,4e-05,4,Sydney,Tuesday
2026-01-27 02:08:42,FPMarkets Raw,USDCAD,1.37165,1.37171,6e-05,6,Sydney,Tuesday
2026-01-27 02:08:42,FPMarkets Raw,USDCHF,0.77698,0.77705,7e-05,7,Sydney,Tuesday
2026-01-27 02:08:42,FPMarkets Raw,NZDUSD,0.5965,0.59652,2e-05,2,Sydney,Tuesday
2026-01-27 02:08:43,FPMarkets Raw,GBPJPY,211.127,211.14,0.013,13,Sydney,Tuesday
2026-01-27 02:08:43,FPMarkets Raw,NAS100,25837.65,25838.25,0.6,60,Sydney,Tuesday
2026-01-27 02:08:43,FPMarkets Raw,US500,6965.62,6965.87,0.25,25,Sydney,Tuesday
2026-01-27 02:08:43,FPMarkets Raw,US30,49345.3,49346.7,1.4,140,Sydney,Tuesday
2026-01-27 02:08:43,FPMarkets Raw,GER40,24964.25,24974.95,10.7,1070,Sydney,Tuesday
2026-01-27 02:08:44,FPMarkets Raw,UK100,10190.3,10192.9,2.6,260,Sydney,Tuesday
2026-01-27 02:08:45,8Cap Raw,XAUUSD,5063.85,5064.01,0.16,16,Sydney,Tuesday
2026-01-27 02:08:45,8Cap Raw,EURUSD,1.18788,1.18791,3e-05,3,Sydney,Tuesday
2026-01-27 02:08:45,8Cap Raw,GBPUSD,1.36803,1.36804,1e-05,1,Sydney,Tuesday
2026-01-27 02:08:45,8Cap Raw,USDJPY,154.332,154.333,0.001,1,Sydney,Tuesday
2026-01-27 02:08:46,8Cap Raw,AUDUSD,0.69173,0.69176,3e-05,3,Sydney,Tuesday
2026-01-27 02:08:46,8Cap Raw,USDCAD,1.37163,1.37166,3e-05,3,Sydney,Tuesday
2026-01-27 02:08:46,8Cap Raw,USDCHF,0.77698,0.77703,5e-05,5,Sydney,Tuesday
2026-01-27 02:08:46,8Cap Raw,NZDUSD,0.59653,0.59656,3e-05,3,Sydney,Tuesday
2026-01-27 02:08:46,8Cap Raw,GBPJPY,211.125,211.144,0.019,19,Sydney,Tuesday
2026-01-27 02:08:47,8Cap Raw,NAS100,25818.89,25820.29,1.4,140,Sydney,Tuesday
2026-01-27 02:08:47,8Cap Raw,US500,6962.21,6962.77,0.56,56,Sydney,Tuesday
2026-01-27 02:08:47,8Cap Raw,US30,49313.37,49315.37,2.0,200,Sydney,Tuesday
2026-01-27 02:08:47,8Cap Raw,US2000,2664.93,2665.27,0.34,34,Sydney,Tuesday
2026-01-27 02:08:47,8Cap Raw,GER40,24961.13,24964.13,3.0,300,Sydney,Tuesday
2026-01-27 02:08:48,8Cap Raw,UK100,10172.08,10173.43,1.35,135,Sydney,Tuesday
2026-01-27 02:13:18,Pepperstone Razor,XAUUSD,5062.22,5062.41,0.19,19,Sydney,Tuesday
2026-01-27 02:13:18,Pepperstone Razor,EURUSD,1.18793,1.18793,0.0,0,Sydney,Tuesday
2026-01-27 02:13:18,Pepperstone Razor,GBPUSD,1.36817,1.36818,1e-05,1,Sydney,Tuesday
2026-01-27 02:13:19,Pepperstone Razor,USDJPY,154.339,154.342,0.003,3,Sydney,Tuesday
2026-01-27 02:13:19,Pepperstone Razor,AUDUSD,0.69194,0.69195,1e-05,1,Sydney,Tuesday
2026-01-27 02:13:19,Pepperstone Razor,USDCAD,1.37152,1.37156,4e-05,4,Sydney,Tuesday
2026-01-27 02:13:19,Pepperstone Razor,USDCHF,0.77693,0.77693,0.0,0,Sydney,Tuesday
2026-01-27 02:13:19,Pepperstone Razor,NZDUSD,0.59686,0.59688,2e-05,2,Sydney,Tuesday
2026-01-27 02:13:20,Pepperstone Razor,GBPJPY,211.16,211.166,0.006,6,Sydney,Tuesday
2026-01-27 02:13:20,Pepperstone Razor,NAS100,25821.4,25822.9,1.5,15,Sydney,Tuesday
2026-01-27 02:13:20,Pepperstone Razor,US500,6962.8,6963.3,0.5,5,Sydney,Tuesday
2026-01-27 02:13:20,Pepperstone Razor,US30,49297.2,49299.4,2.2,22,Sydney,Tuesday
2026-01-27 02:13:20,Pepperstone Razor,US2000,2664.9,2665.3,0.4,4,Sydney,Tuesday
2026-01-27 02:13:21,Pepperstone Razor,GER40,24962.2,24964.2,2.0,20,Sydney,Tuesday
2026-01-27 02:13:21,Pepperstone Razor,UK100,10172.8,10174.6,1.8,18,Sydney,Tuesday
2026-01-27 02:13:23,FusionMarkets Zero,XAUUSD,5062.36,5062.42,0.06,6,Sydney,Tuesday
2026-01-27 02:13:23,FusionMarkets Zero,EURUSD,1.18792,1.18792,0.0,0,Sydney,Tuesday
2026-01-27 02:13:23,FusionMarkets Zero,GBPUSD,1.36812,1.36812,0.0,0,Sydney,Tuesday
2026-01-27 02:13:23,FusionMarkets Zero,USDJPY,154.339,154.34,0.001,1,Sydney,Tuesday
2026-01-27 02:13:24,FusionMarkets Zero,AUDUSD,0.69196,0.69196,0.0,0,Sydney,Tuesday
2026-01-27 02:13:24,FusionMarkets Zero,USDCAD,1.37153,1.37153,0.0,0,Sydney,Tuesday
2026-01-27 02:13:24,FusionMarkets Zero,USDCHF,0.77693,0.77693,0.0,0,Sydney,Tuesday
2026-01-27 02:13:24,FusionMarkets Zero,NZDUSD,0.59692,0.59692,0.0,0,Sydney,Tuesday
2026-01-27 02:13:24,FusionMarkets Zero,GBPJPY,211.156,211.164,0.008,8,Sydney,Tuesday
2026-01-27 02:13:25,FusionMarkets Zero,NAS100,25822.32,25823.12,0.8,80,Sydney,Tuesday
2026-01-27 02:13:25,FusionMarkets Zero,US500,6962.81,6963.17,0.36,36,Sydney,Tuesday
2026-01-27 02:13:25,FusionMarkets Zero,US30,49311.97,49314.77,2.8,280,Sydney,Tuesday
2026-01-27 02:13:25,FusionMarkets Zero,US2000,2665.0,2665.3,0.3,30,Sydney,Tuesday
2026-01-27 02:13:25,FusionMarkets Zero,GER40,24971.53,24974.73,3.2,320,Sydney,Tuesday
2026-01-27 02:13:26,FusionMarkets Zero,UK100,10173.48,10174.28,0.8,80,Sydney,Tuesday
2026-01-27 02:13:27,ThinkMarkets ThinkZero,XAUUSD,5062.89,5062.97,0.08,8,Sydney,Tuesday
2026-01-27 02:13:27,ThinkMarkets ThinkZero,EURUSD,1.18791,1.18793,2e-05,2,Sydney,Tuesday
2026-01-27 02:13:28,ThinkMarkets ThinkZero,GBPUSD,1.36815,1.36821,6e-05,6,Sydney,Tuesday
2026-01-27 02:13:28,ThinkMarkets ThinkZero,USDJPY,154.339,154.344,0.005,5,Sydney,Tuesday
2026-01-27 02:13:28,ThinkMarkets ThinkZero,AUDUSD,0.69196,0.69198,2e-05,2,Sydney,Tuesday
2026-01-27 02:13:28,ThinkMarkets ThinkZero,USDCAD,1.3715,1.37153,3e-05,3,Sydney,Tuesday
2026-01-27 02:13:28,ThinkMarkets ThinkZero,USDCHF,0.77693,0.77695,2e-05,2,Sydney,Tuesday
2026-01-27 02:13:29,ThinkMarkets ThinkZero,NZDUSD,0.59691,0.59694,3e-05,3,Sydney,Tuesday
2026-01-27 02:13:29,ThinkMarkets ThinkZero,GBPJPY,211.155,211.169,0.014,14,Sydney,Tuesday
2026-01-27 02:13:29,ThinkMarkets ThinkZero,NAS100,25840.64,25841.64,1.0,100,Sydney,Tuesday
2026-01-27 02:13:29,ThinkMarkets ThinkZero,US500,6966.08,6966.43,0.35,35,Sydney,Tuesday
2026-01-27 02:13:29,ThinkMarkets ThinkZero,US30,49342.25,49343.75,1.5,150,Sydney,Tuesday
2026-01-27 02:13:30,ThinkMarkets ThinkZero,US2000,2665.1,2665.9,0.8,80,Sydney,Tuesday
2026-01-27 02:13:30,ThinkMarkets ThinkZero,GER40,24975.6,24984.6,9.0,900,Sydney,Tuesday
2026-01-27 02:13:30,ThinkMarkets ThinkZero,UK100,10191.45,10193.75,2.3,230,Sydney,Tuesday
2026-01-27 02:13:32,ICMarkets Raw,XAUUSD,5062.88,5062.96,0.08,8,Sydney,Tuesday
2026-01-27 02:13:32,ICMarkets Raw,EURUSD,1.18792,1.18792,0.0,0,Sydney,Tuesday
2026-01-27 02:13:32,ICMarkets Raw,GBPUSD,1.36813,1.36816,3e-05,3,Sydney,Tuesday
2026-01-27 02:13:32,ICMarkets Raw,USDJPY,154.34,154.34,0.0,0,Sydney,Tuesday
2026-01-27 02:13:33,ICMarkets Raw,AUDUSD,0.69195,0.69197,2e-05,2,Sydney,Tuesday
2026-01-27 02:13:33,ICMarkets Raw,USDCAD,1.37151,1.37153,2e-05,2,Sydney,Tuesday
2026-01-27 02:13:33,ICMarkets Raw,USDCHF,0.77692,0.77694,2e-05,2,Sydney,Tuesday
2026-01-27 02:13:33,ICMarkets Raw,NZDUSD,0.59689,0.59691,2e-05,2,Sydney,Tuesday
2026-01-27 02:13:33,ICMarkets Raw,GBPJPY,211.161,211.167,0.006,6,Sydney,Tuesday
2026-01-27 02:13:34,ICMarkets Raw,NAS100,25818.8,25819.8,1.0,100,Sydney,Tuesday
2026-01-27 02:13:34,ICMarkets Raw,US500,6962.1,6962.6,0.5,50,Sydney,Tuesday
2026-01-27 02:13:34,ICMarkets Raw,US30,49309.4,49310.6,1.2,120,Sydney,Tuesday
2026-01-27 02:13:34,ICMarkets Raw,US2000,2663.47,2663.79,0.32,32,Sydney,Tuesday
2026-01-27 02:13:34,ICMarkets Raw,GER40,24964.4,24965.1,0.7,70,Sydney,Tuesday
2026-01-27 02:13:35,ICMarkets Raw,UK100,10170.2,10172.7,2.5,250,Sydney,Tuesday
2026-01-27 02:13:36,VantageMarkets Raw,XAUUSD,5063.03,5063.11,0.08,8,Sydney,Tuesday
2026-01-27 02:13:36,VantageMarkets Raw,EURUSD,1.18792,1.18793,1e-05,1,Sydney,Tuesday
2026-01-27 02:13:37,VantageMarkets Raw,GBPUSD,1.36818,1.36819,1e-05,1,Sydney,Tuesday
2026-01-27 02:13:37,VantageMarkets Raw,USDJPY,154.342,154.344,0.002,2,Sydney,Tuesday
2026-01-27 02:13:37,VantageMarkets Raw,AUDUSD,0.69194,0.69198,4e-05,4,Sydney,Tuesday
2026-01-27 02:13:37,VantageMarkets Raw,USDCAD,1.37152,1.37152,0.0,0,Sydney,Tuesday
2026-01-27 02:13:37,VantageMarkets Raw,USDCHF,0.77692,0.77696,4e-05,4,Sydney,Tuesday
2026-01-27 02:13:38,VantageMarkets Raw,NZDUSD,0.59689,0.59692,3e-05,3,Sydney,Tuesday
2026-01-27 02:13:38,VantageMarkets Raw,GBPJPY,211.167,211.169,0.002,2,Sydney,Tuesday
2026-01-27 02:13:38,VantageMarkets Raw,NAS100,25841.56,25842.36,0.8,80,Sydney,Tuesday
2026-01-27 02:13:38,VantageMarkets Raw,US500,6966.33,6966.69,0.36,36,Sydney,Tuesday
2026-01-27 02:13:38,VantageMarkets Raw,US30,49345.51,49346.61,1.1,110,Sydney,Tuesday
2026-01-27 02:13:39,VantageMarkets Raw,US2000,2665.46,2665.94,0.48,48,Sydney,Tuesday
2026-01-27 02:13:39,VantageMarkets Raw,GER40,24977.35,24984.85,7.5,750,Sydney,Tuesday
2026-01-27 02:13:39,VantageMarkets Raw,UK100,10191.78,10193.94,2.16,216,Sydney,Tuesday
2026-01-27 02:13:41,FPMarkets Raw,XAUUSD,5063.76,5063.83,0.07,7,Sydney,Tuesday
2026-01-27 02:13:41,FPMarkets Raw,EURUSD,1.18791,1.18792,1e-05,1,Sydney,Tuesday
2026-01-27 02:13:41,FPMarkets Raw,GBPUSD,1.36815,1.3682,5e-05,5,Sydney,Tuesday
2026-01-27 02:13:42,FPMarkets Raw,USDJPY,154.34,154.344,0.004,4,Sydney,Tuesday
2026-01-27 02:13:42,FPMarkets Raw,AUDUSD,0.69194,0.69197,3e-05,3,Sydney,Tuesday
2026-01-27 02:13:42,FPMarkets Raw,USDCAD,1.37151,1.37157,6e-05,6,Sydney,Tuesday
2026-01-27 02:13:42,FPMarkets Raw,USDCHF,0.77689,0.77696,7e-05,7,Sydney,Tuesday
2026-01-27 02:13:43,FPMarkets Raw,NZDUSD,0.59689,0.59691,2e-05,2,Sydney,Tuesday
2026-01-27 02:13:43,FPMarkets Raw,GBPJPY,211.158,211.176,0.018,18,Sydney,Tuesday
2026-01-27 02:13:43,FPMarkets Raw,NAS100,25841.4,25842.0,0.6,60,Sydney,Tuesday
2026-01-27 02:13:43,FPMarkets Raw,US500,6966.37,6966.62,0.25,25,Sydney,Tuesday
2026-01-27 02:13:43,FPMarkets Raw,US30,49345.3,49346.7,1.4,140,Sydney,Tuesday
2026-01-27 02:13:44,FPMarkets Raw,GER40,24977.75,24982.45,4.7,470,Sydney,Tuesday
2026-01-27 02:13:44,FPMarkets Raw,UK100,10191.55,10194.15,2.6,260,Sydney,Tuesday
2026-01-27 02:13:45,8Cap Raw,XAUUSD,5061.23,5061.39,0.16,16,Sydney,Tuesday
2026-01-27 02:13:45,8Cap Raw,EURUSD,1.18792,1.18793,1e-05,1,Sydney,Tuesday
2026-01-27 02:13:45,8Cap Raw,GBPUSD,1.36814,1.36815,1e-05,1,Sydney,Tuesday
2026-01-27 02:13:46,8Cap Raw,USDJPY,154.342,154.343,0.001,1,Sydney,Tuesday
2026-01-27 02:13:46,8Cap Raw,AUDUSD,0.69194,0.69196,2e-05,2,Sydney,Tuesday
2026-01-27 02:13:46,8Cap Raw,USDCAD,1.37152,1.37155,3e-05,3,Sydney,Tuesday
2026-01-27 02:13:46,8Cap Raw,USDCHF,0.77689,0.77695,6e-05,6,Sydney,Tuesday
2026-01-27 02:13:46,8Cap Raw,NZDUSD,0.59687,0.59691,4e-05,4,Sydney,Tuesday
2026-01-27 02:13:47,8Cap Raw,GBPJPY,211.151,211.171,0.02,20,Sydney,Tuesday
2026-01-27 02:13:47,8Cap Raw,NAS100,25821.14,25822.54,1.4,140,Sydney,Tuesday
2026-01-27 02:13:47,8Cap Raw,US500,6962.71,6963.27,0.56,56,Sydney,Tuesday
2026-01-27 02:13:47,8Cap Raw,US30,49312.37,49314.37,2.0,200,Sydney,Tuesday
2026-01-27 02:13:47,8Cap Raw,US2000,2664.93,2665.37,0.44,44,Sydney,Tuesday
2026-01-27 02:13:48,8Cap Raw,GER40,24971.63,24974.63,3.0,300,Sydney,Tuesday
2026-01-27 02:13:48,8Cap Raw,UK100,10173.28,10174.48,1.2,120,Sydney,Tuesday
2026-01-27 02:18:18,Pepperstone Razor,XAUUSD,5062.56,5062.73,0.17,17,Sydney,Tuesday
2026-01-27 02:18:18,Pepperstone Razor,EURUSD,1.18788,1.18788,0.0,0,Sydney,Tuesday
2026-01-27 02:18:18,Pepperstone Razor,GBPUSD,1.36829,1.36832,3e-05,3,Sydney,Tuesday
2026-01-27 02:18:18,Pepperstone Razor,USDJPY,154.347,154.35,0.003,3,Sydney,Tuesday
2026-01-27 02:18:18,Pepperstone Razor,AUDUSD,0.69201,0.69202,1e-05,1,Sydney,Tuesday
2026-01-27 02:18:19,Pepperstone Razor,USDCAD,1.37151,1.37153,2e-05,2,Sydney,Tuesday
2026-01-27 02:18:19,Pepperstone Razor,USDCHF,0.77686,0.77686,0.0,0,Sydney,Tuesday
2026-01-27 02:18:19,Pepperstone Razor,NZDUSD,0.59713,0.59715,2e-05,2,Sydney,Tuesday
2026-01-27 02:18:19,Pepperstone Razor,GBPJPY,211.191,211.197,0.006,6,Sydney,Tuesday
2026-01-27 02:18:19,Pepperstone Razor,NAS100,25826.9,25828.4,1.5,15,Sydney,Tuesday
2026-01-27 02:18:20,Pepperstone Razor,US500,6963.6,6964.0,0.4,4,Sydney,Tuesday
2026-01-27 02:18:20,Pepperstone Razor,US30,49300.2,49302.4,2.2,22,Sydney,Tuesday
2026-01-27 02:18:20,Pepperstone Razor,US2000,2665.0,2665.4,0.4,4,Sydney,Tuesday
2026-01-27 02:18:20,Pepperstone Razor,GER40,24958.2,24960.2,2.0,20,Sydney,Tuesday
2026-01-27 02:18:20,Pepperstone Razor,UK100,10172.7,10174.5,1.8,18,Sydney,Tuesday
2026-01-27 02:18:22,FusionMarkets Zero,XAUUSD,5064.2,5064.31,0.11,11,Sydney,Tuesday
2026-01-27 02:18:22,FusionMarkets Zero,EURUSD,1.1879,1.1879,0.0,0,Sydney,Tuesday
2026-01-27 02:18:23,FusionMarkets Zero,GBPUSD,1.36834,1.36834,0.0,0,Sydney,Tuesday
2026-01-27 02:18:23,FusionMarkets Zero,USDJPY,154.346,154.346,0.0,0,Sydney,Tuesday
2026-01-27 02:18:23,FusionMarkets Zero,AUDUSD,0.69201,0.69201,0.0,0,Sydney,Tuesday
2026-01-27 02:18:23,FusionMarkets Zero,USDCAD,1.37151,1.37151,0.0,0,Sydney,Tuesday
2026-01-27 02:18:23,FusionMarkets Zero,USDCHF,0.77685,0.77685,0.0,0,Sydney,Tuesday
2026-01-27 02:18:24,FusionMarkets Zero,NZDUSD,0.59714,0.59714,0.0,0,Sydney,Tuesday
2026-01-27 02:18:24,FusionMarkets Zero,GBPJPY,211.198,211.203,0.005,5,Sydney,Tuesday
2026-01-27 02:18:24,FusionMarkets Zero,NAS100,25827.32,25828.12,0.8,80,Sydney,Tuesday
2026-01-27 02:18:24,FusionMarkets Zero,US500,6963.56,6963.92,0.36,36,Sydney,Tuesday
2026-01-27 02:18:24,FusionMarkets Zero,US30,49314.47,49317.27,2.8,280,Sydney,Tuesday
2026-01-27 02:18:25,FusionMarkets Zero,US2000,2665.2,2665.4,0.2,20,Sydney,Tuesday
2026-01-27 02:18:25,FusionMarkets Zero,GER40,24969.03,24972.23,3.2,320,Sydney,Tuesday
2026-01-27 02:18:25,FusionMarkets Zero,UK100,10172.98,10174.28,1.3,130,Sydney,Tuesday
2026-01-27 02:18:27,ThinkMarkets ThinkZero,XAUUSD,5062.96,5063.04,0.08,8,Sydney,Tuesday
2026-01-27 02:18:27,ThinkMarkets ThinkZero,EURUSD,1.18788,1.18791,3e-05,3,Sydney,Tuesday
2026-01-27 02:18:27,ThinkMarkets ThinkZero,GBPUSD,1.36833,1.36839,6e-05,6,Sydney,Tuesday
2026-01-27 02:18:27,ThinkMarkets ThinkZero,USDJPY,154.345,154.349,0.004,4,Sydney,Tuesday
2026-01-27 02:18:28,ThinkMarkets ThinkZero,AUDUSD,0.69198,0.69201,3e-05,3,Sydney,Tuesday
2026-01-27 02:18:28,ThinkMarkets ThinkZero,USDCAD,1.37147,1.37152,5e-05,5,Sydney,Tuesday
2026-01-27 02:18:28,ThinkMarkets ThinkZero,USDCHF,0.77684,0.77687,3e-05,3,Sydney,Tuesday
2026-01-27 02:18:28,ThinkMarkets ThinkZero,NZDUSD,0.59712,0.59713,1e-05,1,Sydney,Tuesday
2026-01-27 02:18:28,ThinkMarkets ThinkZero,GBPJPY,211.197,211.208,0.011,11,Sydney,Tuesday
2026-01-27 02:18:29,ThinkMarkets ThinkZero,NAS100,25846.64,25847.64,1.0,100,Sydney,Tuesday
2026-01-27 02:18:29,ThinkMarkets ThinkZero,US500,6967.08,6967.43,0.35,35,Sydney,Tuesday
2026-01-27 02:18:29,ThinkMarkets ThinkZero,US30,49347.25,49348.75,1.5,150,Sydney,Tuesday
2026-01-27 02:18:29,ThinkMarkets ThinkZero,US2000,2665.4,2666.2,0.8,80,Sydney,Tuesday
2026-01-27 02:18:29,ThinkMarkets ThinkZero,GER40,24974.6,24981.6,7.0,700,Sydney,Tuesday
2026-01-27 02:18:30,ThinkMarkets ThinkZero,UK100,10191.45,10193.75,2.3,230,Sydney,Tuesday
2026-01-27 02:18:31,ICMarkets Raw,XAUUSD,5064.32,5064.42,0.1,10,Sydney,Tuesday
2026-01-27 02:18:32,ICMarkets Raw,EURUSD,1.18792,1.18792,0.0,0,Sydney,Tuesday
2026-01-27 02:18:32,ICMarkets Raw,GBPUSD,1.36838,1.36839,1e-05,1,Sydney,Tuesday
2026-01-27 02:18:32,ICMarkets Raw,USDJPY,154.337,154.337,0.0,0,Sydney,Tuesday
2026-01-27 02:18:32,ICMarkets Raw,AUDUSD,0.69204,0.69204,0.0,0,Sydney,Tuesday
2026-01-27 02:18:32,ICMarkets Raw,USDCAD,1.37148,1.37149,1e-05,1,Sydney,Tuesday
2026-01-27 02:18:33,ICMarkets Raw,USDCHF,0.77685,0.77687,2e-05,2,Sydney,Tuesday
2026-01-27 02:18:33,ICMarkets Raw,NZDUSD,0.59713,0.59716,3e-05,3,Sydney,Tuesday
2026-01-27 02:18:33,ICMarkets Raw,GBPJPY,211.19,211.194,0.004,4,Sydney,Tuesday
2026-01-27 02:18:33,ICMarkets Raw,NAS100,25823.3,25824.3,1.0,100,Sydney,Tuesday
2026-01-27 02:18:33,ICMarkets Raw,US500,6962.9,6963.4,0.5,50,Sydney,Tuesday
2026-01-27 02:18:34,ICMarkets Raw,US30,49312.9,49314.1,1.2,120,Sydney,Tuesday
2026-01-27 02:18:34,ICMarkets Raw,US2000,2663.77,2664.09,0.32,32,Sydney,Tuesday
2026-01-27 02:18:34,ICMarkets Raw,GER40,24961.9,24962.6,0.7,70,Sydney,Tuesday
2026-01-27 02:18:34,ICMarkets Raw,UK100,10170.2,10172.7,2.5,250,Sydney,Tuesday
2026-01-27 02:18:36,VantageMarkets Raw,XAUUSD,5063.97,5064.05,0.08,8,Sydney,Tuesday
2026-01-27 02:18:36,VantageMarkets Raw,EURUSD,1.18793,1.18794,1e-05,1,Sydney,Tuesday
2026-01-27 02:18:36,VantageMarkets Raw,GBPUSD,1.36839,1.3684,1e-05,1,Sydney,Tuesday
2026-01-27 02:18:36,VantageMarkets Raw,USDJPY,154.341,154.343,0.002,2,Sydney,Tuesday
2026-01-27 02:18:37,VantageMarkets Raw,AUDUSD,0.69202,0.69206,4e-05,4,Sydney,Tuesday
2026-01-27 02:18:37,VantageMarkets Raw,USDCAD,1.37147,1.37148,1e-05,1,Sydney,Tuesday
2026-01-27 02:18:37,VantageMarkets Raw,USDCHF,0.77684,0.7769,6e-05,6,Sydney,Tuesday
2026-01-27 02:18:37,VantageMarkets Raw,NZDUSD,0.59709,0.59713,4e-05,4,Sydney,Tuesday
2026-01-27 02:18:37,VantageMarkets Raw,GBPJPY,211.194,211.201,0.007,7,Sydney,Tuesday
2026-01-27 02:18:38,VantageMarkets Raw,NAS100,25845.06,25845.86,0.8,80,Sydney,Tuesday
2026-01-27 02:18:38,VantageMarkets Raw,US500,6966.83,6967.19,0.36,36,Sydney,Tuesday
2026-01-27 02:18:38,VantageMarkets Raw,US30,49347.51,49348.61,1.1,110,Sydney,Tuesday
2026-01-27 02:18:38,VantageMarkets Raw,US2000,2665.61,2666.09,0.48,48,Sydney,Tuesday
2026-01-27 02:18:38,VantageMarkets Raw,GER40,24974.35,24981.85,7.5,750,Sydney,Tuesday
2026-01-27 02:18:39,VantageMarkets Raw,UK100,10192.03,10194.19,2.16,216,Sydney,Tuesday
2026-01-27 02:18:41,FPMarkets Raw,XAUUSD,5061.24,5061.31,0.07,7,Sydney,Tuesday
2026-01-27 02:18:41,FPMarkets Raw,EURUSD,1.18791,1.18793,2e-05,2,Sydney,Tuesday
2026-01-27 02:18:41,FPMarkets Raw,GBPUSD,1.36836,1.36841,5e-05,5,Sydney,Tuesday
2026-01-27 02:18:41,FPMarkets Raw,USDJPY,154.341,154.345,0.004,4,Sydney,Tuesday
2026-01-27 02:18:41,FPMarkets Raw,AUDUSD,0.69205,0.69208,3e-05,3,Sydney,Tuesday
2026-01-27 02:18:42,FPMarkets Raw,USDCAD,1.37143,1.37149,6e-05,6,Sydney,Tuesday
2026-01-27 02:18:42,FPMarkets Raw,USDCHF,0.77683,0.7769,7e-05,7,Sydney,Tuesday
2026-01-27 02:18:42,FPMarkets Raw,NZDUSD,0.59717,0.59719,2e-05,2,Sydney,Tuesday
2026-01-27 02:18:42,FPMarkets Raw,GBPJPY,211.194,211.206,0.012,12,Sydney,Tuesday
2026-01-27 02:18:42,FPMarkets Raw,NAS100,25844.9,25845.5,0.6,60,Sydney,Tuesday
2026-01-27 02:18:43,FPMarkets Raw,US500,6967.13,6967.38,0.25,25,Sydney,Tuesday
2026-01-27 02:18:43,FPMarkets Raw,US30,49347.3,49348.7,1.4,140,Sydney,Tuesday
2026-01-27 02:18:43,FPMarkets Raw,GER40,24974.75,24981.45,6.7,670,Sydney,Tuesday
2026-01-27 02:18:43,FPMarkets Raw,UK100,10191.8,10194.4,2.6,260,Sydney,Tuesday
2026-01-27 02:18:45,8Cap Raw,XAUUSD,5063.68,5063.84,0.16,16,Sydney,Tuesday
2026-01-27 02:18:45,8Cap Raw,EURUSD,1.18793,1.18793,0.0,0,Sydney,Tuesday
2026-01-27 02:18:45,8Cap Raw,GBPUSD,1.36841,1.36844,3e-05,3,Sydney,Tuesday
2026-01-27 02:18:45,8Cap Raw,USDJPY,154.34,154.341,0.001,1,Sydney,Tuesday
2026-01-27 02:18:45,8Cap Raw,AUDUSD,0.69201,0.69205,4e-05,4,Sydney,Tuesday
2026-01-27 02:18:46,8Cap Raw,USDCAD,1.37146,1.37149,3e-05,3,Sydney,Tuesday
2026-01-27 02:18:46,8Cap Raw,USDCHF,0.77685,0.77689,4e-05,4,Sydney,Tuesday
2026-01-27 02:18:46,8Cap Raw,NZDUSD,0.59713,0.59717,4e-05,4,Sydney,Tuesday
2026-01-27 02:18:46,8Cap Raw,GBPJPY,211.199,211.216,0.017,17,Sydney,Tuesday
2026-01-27 02:18:46,8Cap Raw,NAS100,25824.52,25825.92,1.4,140,Sydney,Tuesday
2026-01-27 02:18:47,8Cap Raw,US500,6963.21,6963.77,0.56,56,Sydney,Tuesday
2026-01-27 02:18:47,8Cap Raw,US30,49315.87,49317.87,2.0,200,Sydney,Tuesday
2026-01-27 02:18:47,8Cap Raw,US2000,2665.23,2665.67,0.44,44,Sydney,Tuesday
2026-01-27 02:18:47,8Cap Raw,GER40,24969.13,24972.13,3.0,300,Sydney,Tuesday
2026-01-27 02:18:47,8Cap Raw,UK100,10173.08,10174.68,1.6,160,Sydney,Tuesday
2026-01-27 02:23:18,Pepperstone Razor,XAUUSD,5066.73,5066.9,0.17,17,Sydney,Tuesday
2026-01-27 02:23:18,Pepperstone Razor,EURUSD,1.18843,1.18843,0.0,0,Sydney,Tuesday
2026-01-27 02:23:18,Pepperstone Razor,GBPUSD,1.36878,1.3688,2e-05,2,Sydney,Tuesday
2026-01-27 02:23:19,Pepperstone Razor,USDJPY,154.315,154.316,0.001,1,Sydney,Tuesday
2026-01-27 02:23:19,Pepperstone Razor,AUDUSD,0.69224,0.69224,0.0,0,Sydney,Tuesday
2026-01-27 02:23:19,Pepperstone Razor,USDCAD,1.37104,1.37106,2e-05,2,Sydney,Tuesday
2026-01-27 02:23:19,Pepperstone Razor,USDCHF,0.7764,0.77642,2e-05,2,Sydney,Tuesday
2026-01-27 02:23:19,Pepperstone Razor,NZDUSD,0.59725,0.59727,2e-05,2,Sydney,Tuesday
2026-01-27 02:23:20,Pepperstone Razor,GBPJPY,211.221,211.224,0.003,3,Sydney,Tuesday
2026-01-27 02:23:20,Pepperstone Razor,NAS100,25827.8,25829.3,1.5,15,Sydney,Tuesday
2026-01-27 02:23:20,Pepperstone Razor,US500,6964.6,6965.0,0.4,4,Sydney,Tuesday
2026-01-27 02:23:20,Pepperstone Razor,US30,49309.9,49312.1,2.2,22,Sydney,Tuesday
2026-01-27 02:23:20,Pepperstone Razor,US2000,2665.3,2665.7,0.4,4,Sydney,Tuesday
2026-01-27 02:23:21,Pepperstone Razor,GER40,24965.2,24967.2,2.0,20,Sydney,Tuesday
2026-01-27 02:23:21,Pepperstone Razor,UK100,10173.9,10175.9,2.0,20,Sydney,Tuesday
2026-01-27 02:23:22,FusionMarkets Zero,XAUUSD,5067.24,5067.33,0.09,9,Sydney,Tuesday
2026-01-27 02:23:23,FusionMarkets Zero,EURUSD,1.18844,1.18844,0.0,0,Sydney,Tuesday
2026-01-27 02:23:23,FusionMarkets Zero,GBPUSD,1.36881,1.36881,0.0,0,Sydney,Tuesday
2026-01-27 02:23:23,FusionMarkets Zero,USDJPY,154.313,154.313,0.0,0,Sydney,Tuesday
2026-01-27 02:23:23,FusionMarkets Zero,AUDUSD,0.69226,0.69226,0.0,0,Sydney,Tuesday
2026-01-27 02:23:23,FusionMarkets Zero,USDCAD,1.37104,1.37104,0.0,0,Sydney,Tuesday
2026-01-27 02:23:24,FusionMarkets Zero,USDCHF,0.77642,0.77642,0.0,0,Sydney,Tuesday
2026-01-27 02:23:24,FusionMarkets Zero,NZDUSD,0.59726,0.59726,0.0,0,Sydney,Tuesday
2026-01-27 02:23:24,FusionMarkets Zero,GBPJPY,211.232,211.236,0.004,4,Sydney,Tuesday
2026-01-27 02:23:24,FusionMarkets Zero,NAS100,25827.32,25828.12,0.8,80,Sydney,Tuesday
2026-01-27 02:23:25,FusionMarkets Zero,US500,6964.31,6964.67,0.36,36,Sydney,Tuesday
2026-01-27 02:23:25,FusionMarkets Zero,US30,49322.47,49325.27,2.8,280,Sydney,Tuesday
2026-01-27 02:23:25,FusionMarkets Zero,US2000,2665.3,2665.6,0.3,30,Sydney,Tuesday
2026-01-27 02:23:25,FusionMarkets Zero,GER40,24972.53,24975.73,3.2,320,Sydney,Tuesday
2026-01-27 02:23:25,FusionMarkets Zero,UK100,10173.98,10175.28,1.3,130,Sydney,Tuesday
2026-01-27 02:23:27,ThinkMarkets ThinkZero,XAUUSD,5063.65,5063.73,0.08,8,Sydney,Tuesday
2026-01-27 02:23:27,ThinkMarkets ThinkZero,EURUSD,1.18842,1.18843,1e-05,1,Sydney,Tuesday
2026-01-27 02:23:27,ThinkMarkets ThinkZero,GBPUSD,1.36878,1.36884,6e-05,6,Sydney,Tuesday
2026-01-27 02:23:28,ThinkMarkets ThinkZero,USDJPY,154.314,154.319,0.005,5,Sydney,Tuesday
2026-01-27 02:23:28,ThinkMarkets ThinkZero,AUDUSD,0.69223,0.69227,4e-05,4,Sydney,Tuesday
2026-01-27 02:23:28,ThinkMarkets ThinkZero,USDCAD,1.37102,1.37108,6e-05,6,Sydney,Tuesday
2026-01-27 02:23:28,ThinkMarkets ThinkZero,USDCHF,0.7764,0.77644,4e-05,4,Sydney,Tuesday
2026-01-27 02:23:28,ThinkMarkets ThinkZero,NZDUSD,0.59723,0.59726,3e-05,3,Sydney,Tuesday
2026-01-27 02:23:29,ThinkMarkets ThinkZero,GBPJPY,211.225,211.238,0.013,13,Sydney,Tuesday
2026-01-27 02:23:29,ThinkMarkets ThinkZero,NAS100,25846.14,25847.14,1.0,100,Sydney,Tuesday
2026-01-27 02:23:29,ThinkMarkets ThinkZero,US500,6967.57,6967.92,0.35,35,Sydney,Tuesday
2026-01-27 02:23:29,ThinkMarkets ThinkZero,US30,49354.25,49355.75,1.5,150,Sydney,Tuesday
2026-01-27 02:23:29,ThinkMarkets ThinkZero,US2000,2665.4,2666.2,0.8,80,Sydney,Tuesday
2026-01-27 02:23:30,ThinkMarkets ThinkZero,GER40,24979.5,24982.7,3.2,320,Sydney,Tuesday
2026-01-27 02:23:30,ThinkMarkets ThinkZero,UK100,10192.45,10194.75,2.3,230,Sydney,Tuesday
2026-01-27 02:23:32,ICMarkets Raw,XAUUSD,5064.08,5064.2,0.12,12,Sydney,Tuesday
2026-01-27 02:23:32,ICMarkets Raw,EURUSD,1.18845,1.18845,0.0,0,Sydney,Tuesday
2026-01-27 02:23:32,ICMarkets Raw,GBPUSD,1.36883,1.36884,1e-05,1,Sydney,Tuesday
2026-01-27 02:23:32,ICMarkets Raw,USDJPY,154.315,154.315,0.0,0,Sydney,Tuesday
2026-01-27 02:23:32,ICMarkets Raw,AUDUSD,0.69227,0.69227,0.0,0,Sydney,Tuesday
2026-01-27 02:23:33,ICMarkets Raw,USDCAD,1.37104,1.37105,1e-05,1,Sydney,Tuesday
2026-01-27 02:23:33,ICMarkets Raw,USDCHF,0.77641,0.77643,2e-05,2,Sydney,Tuesday
2026-01-27 02:23:33,ICMarkets Raw,NZDUSD,0.59725,0.59725,0.0,0,Sydney,Tuesday
2026-01-27 02:23:33,ICMarkets Raw,GBPJPY,211.226,211.23,0.004,4,Sydney,Tuesday
2026-01-27 02:23:33,ICMarkets Raw,NAS100,25824.3,25825.3,1.0,100,Sydney,Tuesday
2026-01-27 02:23:34,ICMarkets Raw,US500,6963.6,6964.1,0.5,50,Sydney,Tuesday
2026-01-27 02:23:34,ICMarkets Raw,US30,49319.4,49320.6,1.2,120,Sydney,Tuesday
2026-01-27 02:23:34,ICMarkets Raw,US2000,2663.77,2664.09,0.32,32,Sydney,Tuesday
2026-01-27 02:23:34,ICMarkets Raw,GER40,24963.4,24964.1,0.7,70,Sydney,Tuesday
2026-01-27 02:23:34,ICMarkets Raw,UK100,10171.0,10173.5,2.5,250,Sydney,Tuesday
2026-01-27 02:23:36,VantageMarkets Raw,XAUUSD,5067.95,5068.03,0.08,8,Sydney,Tuesday
2026-01-27 02:23:36,VantageMarkets Raw,EURUSD,1.18844,1.18846,2e-05,2,Sydney,Tuesday
2026-01-27 02:23:36,VantageMarkets Raw,GBPUSD,1.36882,1.36883,1e-05,1,Sydney,Tuesday
2026-01-27 02:23:37,VantageMarkets Raw,USDJPY,154.314,154.315,0.001,1,Sydney,Tuesday
2026-01-27 02:23:37,VantageMarkets Raw,AUDUSD,0.69224,0.69227,3e-05,3,Sydney,Tuesday
2026-01-27 02:23:37,VantageMarkets Raw,USDCAD,1.37106,1.37107,1e-05,1,Sydney,Tuesday
2026-01-27 02:23:37,VantageMarkets Raw,USDCHF,0.7764,0.77647,7e-05,7,Sydney,Tuesday
2026-01-27 02:23:37,VantageMarkets Raw,NZDUSD,0.59725,0.59726,1e-05,1,Sydney,Tuesday
2026-01-27 02:23:38,VantageMarkets Raw,GBPJPY,211.229,211.232,0.003,3,Sydney,Tuesday
2026-01-27 02:23:38,VantageMarkets Raw,NAS100,25846.81,25847.61,0.8,80,Sydney,Tuesday
2026-01-27 02:23:38,VantageMarkets Raw,US500,6967.84,6968.2,0.36,36,Sydney,Tuesday
2026-01-27 02:23:38,VantageMarkets Raw,US30,49353.51,49354.61,1.1,110,Sydney,Tuesday
2026-01-27 02:23:38,VantageMarkets Raw,US2000,2665.56,2666.04,0.48,48,Sydney,Tuesday
2026-01-27 02:23:39,VantageMarkets Raw,GER40,24978.65,24981.55,2.9,290,Sydney,Tuesday
2026-01-27 02:23:39,VantageMarkets Raw,UK100,10192.53,10194.69,2.16,216,Sydney,Tuesday
2026-01-27 02:23:41,FPMarkets Raw,XAUUSD,5064.03,5064.1,0.07,7,Sydney,Tuesday
2026-01-27 02:23:41,FPMarkets Raw,EURUSD,1.18842,1.18843,1e-05,1,Sydney,Tuesday
2026-01-27 02:23:41,FPMarkets Raw,GBPUSD,1.36881,1.36886,5e-05,5,Sydney,Tuesday
2026-01-27 02:23:42,FPMarkets Raw,USDJPY,154.312,154.316,0.004,4,Sydney,Tuesday
2026-01-27 02:23:42,FPMarkets Raw,AUDUSD,0.69226,0.69229,3e-05,3,Sydney,Tuesday
2026-01-27 02:23:42,FPMarkets Raw,USDCAD,1.37103,1.37109,6e-05,6,Sydney,Tuesday
2026-01-27 02:23:42,FPMarkets Raw,USDCHF,0.77638,0.77645,7e-05,7,Sydney,Tuesday
2026-01-27 02:23:42,FPMarkets Raw,NZDUSD,0.59727,0.5973,3e-05,3,Sydney,Tuesday
2026-01-27 02:23:43,FPMarkets Raw,GBPJPY,211.221,211.239,0.018,18,Sydney,Tuesday
2026-01-27 02:23:43,FPMarkets Raw,NAS100,25848.15,25848.75,0.6,60,Sydney,Tuesday
2026-01-27 02:23:43,FPMarkets Raw,US500,6968.12,6968.37,0.25,25,Sydney,Tuesday
2026-01-27 02:23:43,FPMarkets Raw,US30,49356.3,49357.7,1.4,140,Sydney,Tuesday
2026-01-27 02:23:43,FPMarkets Raw,GER40,24977.65,24980.55,2.9,290,Sydney,Tuesday
2026-01-27 02:23:44,FPMarkets Raw,UK100,10192.8,10195.4,2.6,260,Sydney,Tuesday
2026-01-27 02:23:45,8Cap Raw,XAUUSD,5068.22,5068.38,0.16,16,Sydney,Tuesday
2026-01-27 02:23:45,8Cap Raw,EURUSD,1.18844,1.18845,1e-05,1,Sydney,Tuesday
2026-01-27 02:23:45,8Cap Raw,GBPUSD,1.36885,1.36886,1e-05,1,Sydney,Tuesday
2026-01-27 02:23:45,8Cap Raw,USDJPY,154.312,154.313,0.001,1,Sydney,Tuesday
2026-01-27 02:23:46,8Cap Raw,AUDUSD,0.69227,0.69229,2e-05,2,Sydney,Tuesday
2026-01-27 02:23:46,8Cap Raw,USDCAD,1.37106,1.3711,4e-05,4,Sydney,Tuesday
2026-01-27 02:23:46,8Cap Raw,USDCHF,0.77639,0.77644,5e-05,5,Sydney,Tuesday
2026-01-27 02:23:46,8Cap Raw,NZDUSD,0.59727,0.59729,2e-05,2,Sydney,Tuesday
2026-01-27 02:23:46,8Cap Raw,GBPJPY,211.222,211.238,0.016,16,Sydney,Tuesday
2026-01-27 02:23:47,8Cap Raw,NAS100,25828.52,25829.92,1.4,140,Sydney,Tuesday
2026-01-27 02:23:47,8Cap Raw,US500,6964.71,6965.27,0.56,56,Sydney,Tuesday
2026-01-27 02:23:47,8Cap Raw,US30,49325.12,49327.12,2.0,200,Sydney,Tuesday
2026-01-27 02:23:47,8Cap Raw,US2000,2665.43,2665.87,0.44,44,Sydney,Tuesday
2026-01-27 02:23:47,8Cap Raw,GER40,24970.63,24973.63,3.0,300,Sydney,Tuesday
2026-01-27 02:23:48,8Cap Raw,UK100,10174.03,10175.23,1.2,120,Sydney,Tuesday
2026-01-27 02:28:18,Pepperstone Razor,XAUUSD,5066.74,5066.91,0.17,17,Sydney,Tuesday
2026-01-27 02:28:18,Pepperstone Razor,EURUSD,1.18884,1.18884,0.0,0,Sydney,Tuesday
2026-01-27 02:28:18,Pepperstone Razor,GBPUSD,1.36926,1.36928,2e-05,2,Sydney,Tuesday
2026-01-27 02:28:18,Pepperstone Razor,USDJPY,154.229,154.232,0.003,3,Sydney,Tuesday
2026-01-27 02:28:19,Pepperstone Razor,AUDUSD,0.69246,0.69246,0.0,0,Sydney,Tuesday
2026-01-27 02:28:19,Pepperstone Razor,USDCAD,1.3709,1.37093,3e-05,3,Sydney,Tuesday
2026-01-27 02:28:19,Pepperstone Razor,USDCHF,0.77614,0.77614,0.0,0,Sydney,Tuesday
2026-01-27 02:28:19,Pepperstone Razor,NZDUSD,0.59738,0.5974,2e-05,2,Sydney,Tuesday
2026-01-27 02:28:19,Pepperstone Razor,GBPJPY,211.183,211.186,0.003,3,Sydney,Tuesday
2026-01-27 02:28:20,Pepperstone Razor,NAS100,25824.8,25826.3,1.5,15,Sydney,Tuesday
2026-01-27 02:28:20,Pepperstone Razor,US500,6964.3,6964.8,0.5,5,Sydney,Tuesday
2026-01-27 02:28:20,Pepperstone Razor,US30,49308.2,49310.3,2.1,21,Sydney,Tuesday
2026-01-27 02:28:20,Pepperstone Razor,US2000,2665.3,2665.7,0.4,4,Sydney,Tuesday
2026-01-27 02:28:20,Pepperstone Razor,GER40,24960.9,24962.9,2.0,20,Sydney,Tuesday
2026-01-27 02:28:21,Pepperstone Razor,UK100,10170.5,10172.4,1.9,19,Sydney,Tuesday
2026-01-27 02:28:22,FusionMarkets Zero,XAUUSD,5066.66,5066.73,0.07,7,Sydney,Tuesday
2026-01-27 02:28:23,FusionMarkets Zero,EURUSD,1.18885,1.18885,0.0,0,Sydney,Tuesday
2026-01-27 02:28:23,FusionMarkets Zero,GBPUSD,1.36927,1.36927,0.0,0,Sydney,Tuesday
2026-01-27 02:28:23,FusionMarkets Zero,USDJPY,154.231,154.231,0.0,0,Sydney,Tuesday
2026-01-27 02:28:23,FusionMarkets Zero,AUDUSD,0.69245,0.69245,0.0,0,Sydney,Tuesday
2026-01-27 02:28:23,FusionMarkets Zero,USDCAD,1.37092,1.37092,0.0,0,Sydney,Tuesday
2026-01-27 02:28:24,FusionMarkets Zero,USDCHF,0.77613,0.77614,1e-05,1,Sydney,Tuesday
2026-01-27 02:28:24,FusionMarkets Zero,NZDUSD,0.5974,0.5974,0.0,0,Sydney,Tuesday
2026-01-27 02:28:24,FusionMarkets Zero,GBPJPY,211.181,211.188,0.007,7,Sydney,Tuesday
2026-01-27 02:28:24,FusionMarkets Zero,NAS100,25825.07,25825.87,0.8,80,Sydney,Tuesday
2026-01-27 02:28:24,FusionMarkets Zero,US500,6964.31,6964.67,0.36,36,Sydney,Tuesday
2026-01-27 02:28:25,FusionMarkets Zero,US30,49322.47,49325.27,2.8,280,Sydney,Tuesday
2026-01-27 02:28:25,FusionMarkets Zero,US2000,2665.3,2665.6,0.3,30,Sydney,Tuesday
2026-01-27 02:28:25,FusionMarkets Zero,GER40,24969.53,24972.73,3.2,320,Sydney,Tuesday
2026-01-27 02:28:25,FusionMarkets Zero,UK100,10170.48,10171.78,1.3,130,Sydney,Tuesday
2026-01-27 02:28:27,ThinkMarkets ThinkZero,XAUUSD,5067.16,5067.24,0.08,8,Sydney,Tuesday
2026-01-27 02:28:27,ThinkMarkets ThinkZero,EURUSD,1.18883,1.18885,2e-05,2,Sydney,Tuesday
2026-01-27 02:28:27,ThinkMarkets ThinkZero,GBPUSD,1.36921,1.36926,5e-05,5,Sydney,Tuesday
2026-01-27 02:28:28,ThinkMarkets ThinkZero,USDJPY,154.231,154.235,0.004,4,Sydney,Tuesday
2026-01-27 02:28:28,ThinkMarkets ThinkZero,AUDUSD,0.69243,0.69247,4e-05,4,Sydney,Tuesday
2026-01-27 02:28:28,ThinkMarkets ThinkZero,USDCAD,1.3709,1.37094,4e-05,4,Sydney,Tuesday
2026-01-27 02:28:28,ThinkMarkets ThinkZero,USDCHF,0.77612,0.77617,5e-05,5,Sydney,Tuesday
2026-01-27 02:28:28,ThinkMarkets ThinkZero,NZDUSD,0.59735,0.59739,4e-05,4,Sydney,Tuesday
2026-01-27 02:28:29,ThinkMarkets ThinkZero,GBPJPY,211.176,211.185,0.009,9,Sydney,Tuesday
2026-01-27 02:28:29,ThinkMarkets ThinkZero,NAS100,25844.39,25845.39,1.0,100,Sydney,Tuesday
2026-01-27 02:28:29,ThinkMarkets ThinkZero,US500,6967.57,6967.92,0.35,35,Sydney,Tuesday
2026-01-27 02:28:29,ThinkMarkets ThinkZero,US30,49354.25,49355.75,1.5,150,Sydney,Tuesday
2026-01-27 02:28:29,ThinkMarkets ThinkZero,US2000,2665.5,2666.3,0.8,80,Sydney,Tuesday
2026-01-27 02:28:30,ThinkMarkets ThinkZero,GER40,24976.5,24979.7,3.2,320,Sydney,Tuesday
2026-01-27 02:28:30,ThinkMarkets ThinkZero,UK100,10189.2,10191.5,2.3,230,Sydney,Tuesday
2026-01-27 02:28:31,ICMarkets Raw,XAUUSD,5067.85,5067.93,0.08,8,Sydney,Tuesday
2026-01-27 02:28:32,ICMarkets Raw,EURUSD,1.18886,1.18886,0.0,0,Sydney,Tuesday
2026-01-27 02:28:32,ICMarkets Raw,GBPUSD,1.36928,1.36929,1e-05,1,Sydney,Tuesday
2026-01-27 02:28:32,ICMarkets Raw,USDJPY,154.231,154.231,0.0,0,Sydney,Tuesday
2026-01-27 02:28:32,ICMarkets Raw,AUDUSD,0.69244,0.69244,0.0,0,Sydney,Tuesday
2026-01-27 02:28:32,ICMarkets Raw,USDCAD,1.37091,1.37092,1e-05,1,Sydney,Tuesday
2026-01-27 02:28:33,ICMarkets Raw,USDCHF,0.77613,0.77615,2e-05,2,Sydney,Tuesday
2026-01-27 02:28:33,ICMarkets Raw,NZDUSD,0.59737,0.59737,0.0,0,Sydney,Tuesday
2026-01-27 02:28:33,ICMarkets Raw,GBPJPY,211.182,211.186,0.004,4,Sydney,Tuesday
2026-01-27 02:28:33,ICMarkets Raw,NAS100,25822.5,25823.5,1.0,100,Sydney,Tuesday
2026-01-27 02:28:33,ICMarkets Raw,US500,6963.6,6964.1,0.5,50,Sydney,Tuesday
2026-01-27 02:28:34,ICMarkets Raw,US30,49320.4,49321.6,1.2,120,Sydney,Tuesday
2026-01-27 02:28:34,ICMarkets Raw,US2000,2663.87,2664.19,0.32,32,Sydney,Tuesday
2026-01-27 02:28:34,ICMarkets Raw,GER40,24962.4,24963.1,0.7,70,Sydney,Tuesday
2026-01-27 02:28:34,ICMarkets Raw,UK100,10167.7,10170.2,2.5,250,Sydney,Tuesday
2026-01-27 02:28:36,VantageMarkets Raw,XAUUSD,5067.39,5067.47,0.08,8,Sydney,Tuesday
2026-01-27 02:28:36,VantageMarkets Raw,EURUSD,1.18885,1.18886,1e-05,1,Sydney,Tuesday
2026-01-27 02:28:36,VantageMarkets Raw,GBPUSD,1.36925,1.36926,1e-05,1,Sydney,Tuesday
2026-01-27 02:28:36,VantageMarkets Raw,USDJPY,154.23,154.232,0.002,2,Sydney,Tuesday
2026-01-27 02:28:37,VantageMarkets Raw,AUDUSD,0.69243,0.69246,3e-05,3,Sydney,Tuesday
2026-01-27 02:28:37,VantageMarkets Raw,USDCAD,1.37091,1.37091,0.0,0,Sydney,Tuesday
2026-01-27 02:28:37,VantageMarkets Raw,USDCHF,0.7761,0.77616,6e-05,6,Sydney,Tuesday
2026-01-27 02:28:37,VantageMarkets Raw,NZDUSD,0.59738,0.5974,2e-05,2,Sydney,Tuesday
2026-01-27 02:28:37,VantageMarkets Raw,GBPJPY,211.18,211.182,0.002,2,Sydney,Tuesday
2026-01-27 02:28:38,VantageMarkets Raw,NAS100,25844.06,25844.86,0.8,80,Sydney,Tuesday
2026-01-27 02:28:38,VantageMarkets Raw,US500,6967.58,6967.94,0.36,36,Sydney,Tuesday
2026-01-27 02:28:38,VantageMarkets Raw,US30,49354.51,49355.61,1.1,110,Sydney,Tuesday
2026-01-27 02:28:38,VantageMarkets Raw,US2000,2665.66,2666.14,0.48,48,Sydney,Tuesday
2026-01-27 02:28:38,VantageMarkets Raw,GER40,24976.25,24979.95,3.7,370,Sydney,Tuesday
2026-01-27 02:28:39,VantageMarkets Raw,UK100,10189.28,10191.44,2.16,216,Sydney,Tuesday
2026-01-27 02:28:41,FPMarkets Raw,XAUUSD,5068.38,5068.45,0.07,7,Sydney,Tuesday
2026-01-27 02:28:41,FPMarkets Raw,EURUSD,1.18885,1.18886,1e-05,1,Sydney,Tuesday
2026-01-27 02:28:41,FPMarkets Raw,GBPUSD,1.36921,1.36926,5e-05,5,Sydney,Tuesday
2026-01-27 02:28:41,FPMarkets Raw,USDJPY,154.232,154.236,0.004,4,Sydney,Tuesday
2026-01-27 02:28:41,FPMarkets Raw,AUDUSD,0.69242,0.69245,3e-05,3,Sydney,Tuesday
2026-01-27 02:28:42,FPMarkets Raw,USDCAD,1.37089,1.37095,6e-05,6,Sydney,Tuesday
2026-01-27 02:28:42,FPMarkets Raw,USDCHF,0.7761,0.77617,7e-05,7,Sydney,Tuesday
2026-01-27 02:28:42,FPMarkets Raw,NZDUSD,0.59737,0.59739,2e-05,2,Sydney,Tuesday
2026-01-27 02:28:42,FPMarkets Raw,GBPJPY,211.172,211.189,0.017,17,Sydney,Tuesday
2026-01-27 02:28:42,FPMarkets Raw,NAS100,25843.15,25843.75,0.6,60,Sydney,Tuesday
2026-01-27 02:28:43,FPMarkets Raw,US500,6967.63,6967.88,0.25,25,Sydney,Tuesday
2026-01-27 02:28:43,FPMarkets Raw,US30,49355.3,49356.7,1.4,140,Sydney,Tuesday
2026-01-27 02:28:43,FPMarkets Raw,GER40,24976.65,24979.55,2.9,290,Sydney,Tuesday
2026-01-27 02:28:43,FPMarkets Raw,UK100,10189.05,10191.65,2.6,260,Sydney,Tuesday
2026-01-27 02:28:45,8Cap Raw,XAUUSD,5067.35,5067.51,0.16,16,Sydney,Tuesday
2026-01-27 02:28:45,8Cap Raw,EURUSD,1.18885,1.18885,0.0,0,Sydney,Tuesday
2026-01-27 02:28:45,8Cap Raw,GBPUSD,1.36924,1.36925,1e-05,1,Sydney,Tuesday
2026-01-27 02:28:45,8Cap Raw,USDJPY,154.23,154.231,0.001,1,Sydney,Tuesday
2026-01-27 02:28:45,8Cap Raw,AUDUSD,0.69242,0.69245,3e-05,3,Sydney,Tuesday
2026-01-27 02:28:46,8Cap Raw,USDCAD,1.37091,1.37094,3e-05,3,Sydney,Tuesday
2026-01-27 02:28:46,8Cap Raw,USDCHF,0.77611,0.77617,6e-05,6,Sydney,Tuesday
2026-01-27 02:28:46,8Cap Raw,NZDUSD,0.59735,0.59737,2e-05,2,Sydney,Tuesday
2026-01-27 02:28:46,8Cap Raw,GBPJPY,211.168,211.185,0.017,17,Sydney,Tuesday
2026-01-27 02:28:46,8Cap Raw,NAS100,25824.64,25826.04,1.4,140,Sydney,Tuesday
2026-01-27 02:28:47,8Cap Raw,US500,6964.21,6964.77,0.56,56,Sydney,Tuesday
2026-01-27 02:28:47,8Cap Raw,US30,49324.12,49326.12,2.0,200,Sydney,Tuesday
2026-01-27 02:28:47,8Cap Raw,US2000,2665.23,2665.67,0.44,44,Sydney,Tuesday
2026-01-27 02:28:47,8Cap Raw,GER40,24969.63,24972.63,3.0,300,Sydney,Tuesday
2026-01-27 02:28:47,8Cap Raw,UK100,10170.78,10171.98,1.2,120,Sydney,Tuesday
2026-01-27 02:33:18,Pepperstone Razor,XAUUSD,5066.55,5066.77,0.22,22,Sydney,Tuesday
2026-01-27 02:33:18,Pepperstone Razor,EURUSD,1.18892,1.18892,0.0,0,Sydney,Tuesday
2026-01-27 02:33:18,Pepperstone Razor,GBPUSD,1.36931,1.36934,3e-05,3,Sydney,Tuesday
2026-01-27 02:33:18,Pepperstone Razor,USDJPY,154.207,154.21,0.003,3,Sydney,Tuesday
2026-01-27 02:33:19,Pepperstone Razor,AUDUSD,0.69227,0.69228,1e-05,1,Sydney,Tuesday
2026-01-27 02:33:19,Pepperstone Razor,USDCAD,1.37117,1.37118,1e-05,1,Sydney,Tuesday
2026-01-27 02:33:19,Pepperstone Razor,USDCHF,0.77599,0.77599,0.0,0,Sydney,Tuesday
2026-01-27 02:33:19,Pepperstone Razor,NZDUSD,0.59722,0.59724,2e-05,2,Sydney,Tuesday
2026-01-27 02:33:19,Pepperstone Razor,GBPJPY,211.157,211.165,0.008,8,Sydney,Tuesday
2026-01-27 02:33:20,Pepperstone Razor,NAS100,25820.2,25821.7,1.5,15,Sydney,Tuesday
2026-01-27 02:33:20,Pepperstone Razor,US500,6963.3,6963.8,0.5,5,Sydney,Tuesday
2026-01-27 02:33:20,Pepperstone Razor,US30,49304.9,49307.1,2.2,22,Sydney,Tuesday
2026-01-27 02:33:20,Pepperstone Razor,US2000,2664.8,2665.2,0.4,4,Sydney,Tuesday
2026-01-27 02:33:20,Pepperstone Razor,GER40,24955.3,24957.3,2.0,20,Sydney,Tuesday
2026-01-27 02:33:21,Pepperstone Razor,UK100,10170.0,10171.8,1.8,18,Sydney,Tuesday
2026-01-27 02:33:23,FusionMarkets Zero,XAUUSD,5070.14,5070.24,0.1,10,Sydney,Tuesday
2026-01-27 02:33:23,FusionMarkets Zero,EURUSD,1.18891,1.18891,0.0,0,Sydney,Tuesday
2026-01-27 02:33:23,FusionMarkets Zero,GBPUSD,1.36934,1.36934,0.0,0,Sydney,Tuesday
2026-01-27 02:33:23,FusionMarkets Zero,USDJPY,154.209,154.209,0.0,0,Sydney,Tuesday
2026-01-27 02:33:23,FusionMarkets Zero,AUDUSD,0.6923,0.6923,0.0,0,Sydney,Tuesday
2026-01-27 02:33:24,FusionMarkets Zero,USDCAD,1.37118,1.37118,0.0,0,Sydney,Tuesday
2026-01-27 02:33:24,FusionMarkets Zero,USDCHF,0.77599,0.77599,0.0,0,Sydney,Tuesday
2026-01-27 02:33:24,FusionMarkets Zero,NZDUSD,0.59724,0.59724,0.0,0,Sydney,Tuesday
2026-01-27 02:33:24,FusionMarkets Zero,GBPJPY,211.16,211.168,0.008,8,Sydney,Tuesday
2026-01-27 02:33:24,FusionMarkets Zero,NAS100,25820.44,25821.24,0.8,80,Sydney,Tuesday
2026-01-27 02:33:25,FusionMarkets Zero,US500,6963.31,6963.67,0.36,36,Sydney,Tuesday
2026-01-27 02:33:25,FusionMarkets Zero,US30,49318.47,49321.27,2.8,280,Sydney,Tuesday
2026-01-27 02:33:25,FusionMarkets Zero,US2000,2664.9,2665.2,0.3,30,Sydney,Tuesday
2026-01-27 02:33:25,FusionMarkets Zero,GER40,24964.53,24967.73,3.2,320,Sydney,Tuesday
2026-01-27 02:33:25,FusionMarkets Zero,UK100,10169.98,10171.28,1.3,130,Sydney,Tuesday
2026-01-27 02:33:27,ThinkMarkets ThinkZero,XAUUSD,5069.9,5069.98,0.08,8,Sydney,Tuesday
2026-01-27 02:33:27,ThinkMarkets ThinkZero,EURUSD,1.18886,1.18889,3e-05,3,Sydney,Tuesday
2026-01-27 02:33:27,ThinkMarkets ThinkZero,GBPUSD,1.36935,1.36938,3e-05,3,Sydney,Tuesday
2026-01-27 02:33:28,ThinkMarkets ThinkZero,USDJPY,154.202,154.207,0.005,5,Sydney,Tuesday
2026-01-27 02:33:28,ThinkMarkets ThinkZero,AUDUSD,0.69228,0.69231,3e-05,3,Sydney,Tuesday
2026-01-27 02:33:28,ThinkMarkets ThinkZero,USDCAD,1.37115,1.3712,5e-05,5,Sydney,Tuesday
2026-01-27 02:33:28,ThinkMarkets ThinkZero,USDCHF,0.77598,0.77602,4e-05,4,Sydney,Tuesday
2026-01-27 02:33:29,ThinkMarkets ThinkZero,NZDUSD,0.59723,0.59726,3e-05,3,Sydney,Tuesday
2026-01-27 02:33:29,ThinkMarkets ThinkZero,GBPJPY,211.155,211.169,0.014,14,Sydney,Tuesday
2026-01-27 02:33:29,ThinkMarkets ThinkZero,NAS100,25839.64,25840.64,1.0,100,Sydney,Tuesday
2026-01-27 02:33:29,ThinkMarkets ThinkZero,US500,6966.83,6967.18,0.35,35,Sydney,Tuesday
2026-01-27 02:33:29,ThinkMarkets ThinkZero,US30,49350.25,49351.75,1.5,150,Sydney,Tuesday
2026-01-27 02:33:30,ThinkMarkets ThinkZero,US2000,2665.1,2665.9,0.8,80,Sydney,Tuesday
2026-01-27 02:33:30,ThinkMarkets ThinkZero,GER40,24971.5,24974.7,3.2,320,Sydney,Tuesday
2026-01-27 02:33:30,ThinkMarkets ThinkZero,UK100,10188.95,10191.25,2.3,230,Sydney,Tuesday
2026-01-27 02:33:32,ICMarkets Raw,XAUUSD,5069.99,5070.06,0.07,7,Sydney,Tuesday
2026-01-27 02:33:32,ICMarkets Raw,EURUSD,1.1889,1.1889,0.0,0,Sydney,Tuesday
2026-01-27 02:33:32,ICMarkets Raw,GBPUSD,1.36945,1.36947,2e-05,2,Sydney,Tuesday
2026-01-27 02:33:32,ICMarkets Raw,USDJPY,154.208,154.208,0.0,0,Sydney,Tuesday
2026-01-27 02:33:32,ICMarkets Raw,AUDUSD,0.69226,0.69227,1e-05,1,Sydney,Tuesday
2026-01-27 02:33:33,ICMarkets Raw,USDCAD,1.37118,1.37119,1e-05,1,Sydney,Tuesday
2026-01-27 02:33:33,ICMarkets Raw,USDCHF,0.77598,0.776,2e-05,2,Sydney,Tuesday
2026-01-27 02:33:33,ICMarkets Raw,NZDUSD,0.59722,0.59722,0.0,0,Sydney,Tuesday
2026-01-27 02:33:33,ICMarkets Raw,GBPJPY,211.175,211.182,0.007,7,Sydney,Tuesday
2026-01-27 02:33:33,ICMarkets Raw,NAS100,25818.3,25819.3,1.0,100,Sydney,Tuesday
2026-01-27 02:33:34,ICMarkets Raw,US500,6962.6,6963.1,0.5,50,Sydney,Tuesday
2026-01-27 02:33:34,ICMarkets Raw,US30,49315.9,49317.1,1.2,120,Sydney,Tuesday
2026-01-27 02:33:34,ICMarkets Raw,US2000,2663.47,2663.79,0.32,32,Sydney,Tuesday
2026-01-27 02:33:34,ICMarkets Raw,GER40,24957.9,24958.6,0.7,70,Sydney,Tuesday
2026-01-27 02:33:34,ICMarkets Raw,UK100,10167.5,10170.0,2.5,250,Sydney,Tuesday
2026-01-27 02:33:36,VantageMarkets Raw,XAUUSD,5071.1,5071.18,0.08,8,Sydney,Tuesday
2026-01-27 02:33:36,VantageMarkets Raw,EURUSD,1.18889,1.18892,3e-05,3,Sydney,Tuesday
2026-01-27 02:33:36,VantageMarkets Raw,GBPUSD,1.36941,1.36947,6e-05,6,Sydney,Tuesday
2026-01-27 02:33:37,VantageMarkets Raw,USDJPY,154.208,154.209,0.001,1,Sydney,Tuesday
2026-01-27 02:33:37,VantageMarkets Raw,AUDUSD,0.69225,0.69229,4e-05,4,Sydney,Tuesday
2026-01-27 02:33:37,VantageMarkets Raw,USDCAD,1.37115,1.37115,0.0,0,Sydney,Tuesday
2026-01-27 02:33:37,VantageMarkets Raw,USDCHF,0.77595,0.77602,7e-05,7,Sydney,Tuesday
2026-01-27 02:33:37,VantageMarkets Raw,NZDUSD,0.5972,0.59724,4e-05,4,Sydney,Tuesday
2026-01-27 02:33:38,VantageMarkets Raw,GBPJPY,211.172,211.185,0.013,13,Sydney,Tuesday
2026-01-27 02:33:38,VantageMarkets Raw,NAS100,25841.81,25842.61,0.8,80,Sydney,Tuesday
2026-01-27 02:33:38,VantageMarkets Raw,US500,6967.09,6967.45,0.36,36,Sydney,Tuesday
2026-01-27 02:33:38,VantageMarkets Raw,US30,49353.51,49354.61,1.1,110,Sydney,Tuesday
2026-01-27 02:33:38,VantageMarkets Raw,US2000,2665.46,2665.94,0.48,48,Sydney,Tuesday
2026-01-27 02:33:39,VantageMarkets Raw,GER40,24972.25,24975.95,3.7,370,Sydney,Tuesday
2026-01-27 02:33:39,VantageMarkets Raw,UK100,10189.53,10191.69,2.16,216,Sydney,Tuesday
2026-01-27 02:33:41,FPMarkets Raw,XAUUSD,5067.32,5067.39,0.07,7,Sydney,Tuesday
2026-01-27 02:33:41,FPMarkets Raw,EURUSD,1.18889,1.1889,1e-05,1,Sydney,Tuesday
2026-01-27 02:33:41,FPMarkets Raw,GBPUSD,1.3694,1.36945,5e-05,5,Sydney,Tuesday
2026-01-27 02:33:42,FPMarkets Raw,USDJPY,154.207,154.211,0.004,4,Sydney,Tuesday
2026-01-27 02:33:42,FPMarkets Raw,AUDUSD,0.69227,0.6923,3e-05,3,Sydney,Tuesday
2026-01-27 02:33:42,FPMarkets Raw,USDCAD,1.37111,1.37117,6e-05,6,Sydney,Tuesday
2026-01-27 02:33:42,FPMarkets Raw,USDCHF,0.77593,0.776,7e-05,7,Sydney,Tuesday
2026-01-27 02:33:42,FPMarkets Raw,NZDUSD,0.5972,0.59722,2e-05,2,Sydney,Tuesday
2026-01-27 02:33:43,FPMarkets Raw,GBPJPY,211.169,211.184,0.015,15,Sydney,Tuesday
2026-01-27 02:33:43,FPMarkets Raw,NAS100,25841.9,25842.5,0.6,60,Sydney,Tuesday
2026-01-27 02:33:43,FPMarkets Raw,US500,6967.12,6967.37,0.25,25,Sydney,Tuesday
2026-01-27 02:33:43,FPMarkets Raw,US30,49353.3,49354.7,1.4,140,Sydney,Tuesday
2026-01-27 02:33:43,FPMarkets Raw,GER40,24974.05,24976.15,2.1,210,Sydney,Tuesday
2026-01-27 02:33:44,FPMarkets Raw,UK100,10189.3,10191.9,2.6,260,Sydney,Tuesday
2026-01-27 02:33:45,8Cap Raw,XAUUSD,5071.83,5071.99,0.16,16,Sydney,Tuesday
2026-01-27 02:33:45,8Cap Raw,EURUSD,1.1889,1.18891,1e-05,1,Sydney,Tuesday
2026-01-27 02:33:45,8Cap Raw,GBPUSD,1.36942,1.36944,2e-05,2,Sydney,Tuesday
2026-01-27 02:33:45,8Cap Raw,USDJPY,154.207,154.208,0.001,1,Sydney,Tuesday
2026-01-27 02:33:46,8Cap Raw,AUDUSD,0.69228,0.69231,3e-05,3,Sydney,Tuesday
2026-01-27 02:33:46,8Cap Raw,USDCAD,1.37115,1.37118,3e-05,3,Sydney,Tuesday
2026-01-27 02:33:46,8Cap Raw,USDCHF,0.77593,0.77599,6e-05,6,Sydney,Tuesday
2026-01-27 02:33:46,8Cap Raw,NZDUSD,0.59722,0.59724,2e-05,2,Sydney,Tuesday
2026-01-27 02:33:46,8Cap Raw,GBPJPY,211.164,211.18,0.016,16,Sydney,Tuesday
2026-01-27 02:33:47,8Cap Raw,NAS100,25822.39,25823.79,1.4,140,Sydney,Tuesday
2026-01-27 02:33:47,8Cap Raw,US500,6963.71,6964.27,0.56,56,Sydney,Tuesday
2026-01-27 02:33:47,8Cap Raw,US30,49321.87,49323.87,2.0,200,Sydney,Tuesday
2026-01-27 02:33:47,8Cap Raw,US2000,2665.03,2665.47,0.44,44,Sydney,Tuesday
2026-01-27 02:33:47,8Cap Raw,GER40,24966.63,24969.63,3.0,300,Sydney,Tuesday
2026-01-27 02:33:48,8Cap Raw,UK100,10170.58,10172.18,1.6,160,Sydney,Tuesday
2026-01-27 02:38:18,Pepperstone Razor,XAUUSD,5073.45,5073.63,0.18,18,Sydney,Tuesday
2026-01-27 02:38:18,Pepperstone Razor,EURUSD,1.18946,1.18946,0.0,0,Sydney,Tuesday
2026-01-27 02:38:19,Pepperstone Razor,GBPUSD,1.36979,1.3698,1e-05,1,Sydney,Tuesday
2026-01-27 02:38:19,Pepperstone Razor,USDJPY,154.143,154.146,0.003,3,Sydney,Tuesday
2026-01-27 02:38:19,Pepperstone Razor,AUDUSD,0.69261,0.69262,1e-05,1,Sydney,Tuesday
2026-01-27 02:38:19,Pepperstone Razor,USDCAD,1.37088,1.37092,4e-05,4,Sydney,Tuesday
2026-01-27 02:38:19,Pepperstone Razor,USDCHF,0.77545,0.77547,2e-05,2,Sydney,Tuesday
2026-01-27 02:38:20,Pepperstone Razor,NZDUSD,0.59767,0.59769,2e-05,2,Sydney,Tuesday
2026-01-27 02:38:20,Pepperstone Razor,GBPJPY,211.155,211.162,0.007,7,Sydney,Tuesday
2026-01-27 02:38:20,Pepperstone Razor,NAS100,25832.7,25834.2,1.5,15,Sydney,Tuesday
2026-01-27 02:38:20,Pepperstone Razor,US500,6965.3,6965.8,0.5,5,Sydney,Tuesday
2026-01-27 02:38:20,Pepperstone Razor,US30,49317.1,49319.3,2.2,22,Sydney,Tuesday
2026-01-27 02:38:21,Pepperstone Razor,US2000,2665.5,2666.0,0.5,5,Sydney,Tuesday
2026-01-27 02:38:21,Pepperstone Razor,GER40,24963.2,24965.2,2.0,20,Sydney,Tuesday
2026-01-27 02:38:21,Pepperstone Razor,UK100,10172.2,10174.0,1.8,18,Sydney,Tuesday
2026-01-27 02:38:23,FusionMarkets Zero,XAUUSD,5070.08,5070.18,0.1,10,Sydney,Tuesday
2026-01-27 02:38:23,FusionMarkets Zero,EURUSD,1.18945,1.18945,0.0,0,Sydney,Tuesday
2026-01-27 02:38:23,FusionMarkets Zero,GBPUSD,1.36983,1.36983,0.0,0,Sydney,Tuesday
2026-01-27 02:38:23,FusionMarkets Zero,USDJPY,154.144,154.146,0.002,2,Sydney,Tuesday
2026-01-27 02:38:24,FusionMarkets Zero,AUDUSD,0.69264,0.69264,0.0,0,Sydney,Tuesday
2026-01-27 02:38:24,FusionMarkets Zero,USDCAD,1.3709,1.3709,0.0,0,Sydney,Tuesday
2026-01-27 02:38:24,FusionMarkets Zero,USDCHF,0.77545,0.77545,0.0,0,Sydney,Tuesday
2026-01-27 02:38:24,FusionMarkets Zero,NZDUSD,0.59767,0.59767,0.0,0,Sydney,Tuesday
2026-01-27 02:38:24,FusionMarkets Zero,GBPJPY,211.147,211.158,0.011,11,Sydney,Tuesday
2026-01-27 02:38:25,FusionMarkets Zero,NAS100,25833.32,25834.12,0.8,80,Sydney,Tuesday
2026-01-27 02:38:25,FusionMarkets Zero,US500,6965.31,6965.67,0.36,36,Sydney,Tuesday
2026-01-27 02:38:25,FusionMarkets Zero,US30,49331.47,49334.27,2.8,280,Sydney,Tuesday
2026-01-27 02:38:25,FusionMarkets Zero,US2000,2665.7,2666.0,0.3,30,Sydney,Tuesday
2026-01-27 02:38:25,FusionMarkets Zero,GER40,24971.53,24974.73,3.2,320,Sydney,Tuesday
2026-01-27 02:38:26,FusionMarkets Zero,UK100,10172.98,10174.03,1.05,105,Sydney,Tuesday
2026-01-27 02:38:27,ThinkMarkets ThinkZero,XAUUSD,5073.54,5073.62,0.08,8,Sydney,Tuesday
2026-01-27 02:38:28,ThinkMarkets ThinkZero,EURUSD,1.18944,1.18946,2e-05,2,Sydney,Tuesday
2026-01-27 02:38:28,ThinkMarkets ThinkZero,GBPUSD,1.36979,1.36986,7e-05,7,Sydney,Tuesday
2026-01-27 02:38:28,ThinkMarkets ThinkZero,USDJPY,154.135,154.14,0.005,5,Sydney,Tuesday
2026-01-27 02:38:28,ThinkMarkets ThinkZero,AUDUSD,0.69258,0.69261,3e-05,3,Sydney,Tuesday
2026-01-27 02:38:28,ThinkMarkets ThinkZero,USDCAD,1.37087,1.37093,6e-05,6,Sydney,Tuesday
2026-01-27 02:38:29,ThinkMarkets ThinkZero,USDCHF,0.77545,0.7755,5e-05,5,Sydney,Tuesday
2026-01-27 02:38:29,ThinkMarkets ThinkZero,NZDUSD,0.59765,0.59767,2e-05,2,Sydney,Tuesday
2026-01-27 02:38:29,ThinkMarkets ThinkZero,GBPJPY,211.137,211.148,0.011,11,Sydney,Tuesday
2026-01-27 02:38:29,ThinkMarkets ThinkZero,NAS100,25852.14,25853.14,1.0,100,Sydney,Tuesday
2026-01-27 02:38:29,ThinkMarkets ThinkZero,US500,6968.57,6968.92,0.35,35,Sydney,Tuesday
2026-01-27 02:38:30,ThinkMarkets ThinkZero,US30,49362.25,49363.75,1.5,150,Sydney,Tuesday
2026-01-27 02:38:30,ThinkMarkets ThinkZero,US2000,2665.9,2666.7,0.8,80,Sydney,Tuesday
2026-01-27 02:38:30,ThinkMarkets ThinkZero,GER40,24977.6,24982.6,5.0,500,Sydney,Tuesday
2026-01-27 02:38:30,ThinkMarkets ThinkZero,UK100,10191.2,10193.5,2.3,230,Sydney,Tuesday
2026-01-27 02:38:32,ICMarkets Raw,XAUUSD,5072.91,5072.97,0.06,6,Sydney,Tuesday
2026-01-27 02:38:32,ICMarkets Raw,EURUSD,1.18942,1.18942,0.0,0,Sydney,Tuesday
2026-01-27 02:38:32,ICMarkets Raw,GBPUSD,1.36978,1.36979,1e-05,1,Sydney,Tuesday
2026-01-27 02:38:33,ICMarkets Raw,USDJPY,154.148,154.148,0.0,0,Sydney,Tuesday
2026-01-27 02:38:33,ICMarkets Raw,AUDUSD,0.69257,0.69259,2e-05,2,Sydney,Tuesday
2026-01-27 02:38:33,ICMarkets Raw,USDCAD,1.3709,1.37091,1e-05,1,Sydney,Tuesday
2026-01-27 02:38:33,ICMarkets Raw,USDCHF,0.77545,0.77547,2e-05,2,Sydney,Tuesday
2026-01-27 02:38:33,ICMarkets Raw,NZDUSD,0.59765,0.59765,0.0,0,Sydney,Tuesday
2026-01-27 02:38:34,ICMarkets Raw,GBPJPY,211.151,211.155,0.004,4,Sydney,Tuesday
2026-01-27 02:38:34,ICMarkets Raw,NAS100,25830.1,25831.1,1.0,100,Sydney,Tuesday
2026-01-27 02:38:34,ICMarkets Raw,US500,6964.6,6965.1,0.5,50,Sydney,Tuesday
2026-01-27 02:38:34,ICMarkets Raw,US30,49327.9,49329.1,1.2,120,Sydney,Tuesday
2026-01-27 02:38:34,ICMarkets Raw,US2000,2664.17,2664.59,0.42,42,Sydney,Tuesday
2026-01-27 02:38:35,ICMarkets Raw,GER40,24964.4,24965.1,0.7,70,Sydney,Tuesday
2026-01-27 02:38:35,ICMarkets Raw,UK100,10170.0,10172.5,2.5,250,Sydney,Tuesday
2026-01-27 02:38:36,VantageMarkets Raw,XAUUSD,5070.69,5070.77,0.08,8,Sydney,Tuesday
2026-01-27 02:38:36,VantageMarkets Raw,EURUSD,1.18944,1.18945,1e-05,1,Sydney,Tuesday
2026-01-27 02:38:37,VantageMarkets Raw,GBPUSD,1.36979,1.3698,1e-05,1,Sydney,Tuesday
2026-01-27 02:38:37,VantageMarkets Raw,USDJPY,154.146,154.147,0.001,1,Sydney,Tuesday
2026-01-27 02:38:37,VantageMarkets Raw,AUDUSD,0.69257,0.69261,4e-05,4,Sydney,Tuesday
2026-01-27 02:38:37,VantageMarkets Raw,USDCAD,1.3709,1.3709,0.0,0,Sydney,Tuesday
2026-01-27 02:38:37,VantageMarkets Raw,USDCHF,0.77542,0.77549,7e-05,7,Sydney,Tuesday
2026-01-27 02:38:38,VantageMarkets Raw,NZDUSD,0.59764,0.59768,4e-05,4,Sydney,Tuesday
2026-01-27 02:38:38,VantageMarkets Raw,GBPJPY,211.151,211.154,0.003,3,Sydney,Tuesday
2026-01-27 02:38:38,VantageMarkets Raw,NAS100,25851.81,25852.61,0.8,80,Sydney,Tuesday
2026-01-27 02:38:38,VantageMarkets Raw,US500,6968.59,6968.95,0.36,36,Sydney,Tuesday
2026-01-27 02:38:38,VantageMarkets Raw,US30,49361.51,49362.61,1.1,110,Sydney,Tuesday
2026-01-27 02:38:39,VantageMarkets Raw,US2000,2665.86,2666.34,0.48,48,Sydney,Tuesday
2026-01-27 02:38:39,VantageMarkets Raw,GER40,24977.35,24982.85,5.5,550,Sydney,Tuesday
2026-01-27 02:38:39,VantageMarkets Raw,UK100,10191.28,10193.44,2.16,216,Sydney,Tuesday
2026-01-27 02:38:41,FPMarkets Raw,XAUUSD,5071.57,5071.64,0.07,7,Sydney,Tuesday
2026-01-27 02:38:41,FPMarkets Raw,EURUSD,1.18948,1.18949,1e-05,1,Sydney,Tuesday
2026-01-27 02:38:41,FPMarkets Raw,GBPUSD,1.36978,1.36983,5e-05,5,Sydney,Tuesday
2026-01-27 02:38:42,FPMarkets Raw,USDJPY,154.144,154.148,0.004,4,Sydney,Tuesday
2026-01-27 02:38:42,FPMarkets Raw,AUDUSD,0.69257,0.6926,3e-05,3,Sydney,Tuesday
2026-01-27 02:38:42,FPMarkets Raw,USDCAD,1.37086,1.37092,6e-05,6,Sydney,Tuesday
2026-01-27 02:38:42,FPMarkets Raw,USDCHF,0.77542,0.77549,7e-05,7,Sydney,Tuesday
2026-01-27 02:38:43,FPMarkets Raw,NZDUSD,0.59763,0.59765,2e-05,2,Sydney,Tuesday
2026-01-27 02:38:43,FPMarkets Raw,GBPJPY,211.147,211.162,0.015,15,Sydney,Tuesday
2026-01-27 02:38:43,FPMarkets Raw,NAS100,25851.4,25852.0,0.6,60,Sydney,Tuesday
2026-01-27 02:38:43,FPMarkets Raw,US500,6968.63,6968.88,0.25,25,Sydney,Tuesday
2026-01-27 02:38:43,FPMarkets Raw,US30,49362.3,49363.7,1.4,140,Sydney,Tuesday
2026-01-27 02:38:44,FPMarkets Raw,GER40,24977.75,24982.45,4.7,470,Sydney,Tuesday
2026-01-27 02:38:44,FPMarkets Raw,UK100,10191.05,10193.65,2.6,260,Sydney,Tuesday
2026-01-27 02:38:45,8Cap Raw,XAUUSD,5072.41,5072.57,0.16,16,Sydney,Tuesday
2026-01-27 02:38:45,8Cap Raw,EURUSD,1.18949,1.18951,2e-05,2,Sydney,Tuesday
2026-01-27 02:38:45,8Cap Raw,GBPUSD,1.36982,1.36983,1e-05,1,Sydney,Tuesday
2026-01-27 02:38:46,8Cap Raw,USDJPY,154.147,154.148,0.001,1,Sydney,Tuesday
2026-01-27 02:38:46,8Cap Raw,AUDUSD,0.69258,0.69261,3e-05,3,Sydney,Tuesday
2026-01-27 02:38:46,8Cap Raw,USDCAD,1.37088,1.37091,3e-05,3,Sydney,Tuesday
2026-01-27 02:38:46,8Cap Raw,USDCHF,0.77542,0.77548,6e-05,6,Sydney,Tuesday
2026-01-27 02:38:46,8Cap Raw,NZDUSD,0.59761,0.59765,4e-05,4,Sydney,Tuesday
2026-01-27 02:38:47,8Cap Raw,GBPJPY,211.146,211.164,0.018,18,Sydney,Tuesday
2026-01-27 02:38:47,8Cap Raw,NAS100,25832.89,25834.29,1.4,140,Sydney,Tuesday
2026-01-27 02:38:47,8Cap Raw,US500,6965.21,6965.77,0.56,56,Sydney,Tuesday
2026-01-27 02:38:47,8Cap Raw,US30,49330.87,49332.87,2.0,200,Sydney,Tuesday
2026-01-27 02:38:47,8Cap Raw,US2000,2665.43,2665.87,0.44,44,Sydney,Tuesday
2026-01-27 02:38:48,8Cap Raw,GER40,24971.63,24974.63,3.0,300,Sydney,Tuesday
2026-01-27 02:38:48,8Cap Raw,UK100,10173.28,10174.48,1.2,120,Sydney,Tuesday
2026-01-27 02:43:18,Pepperstone Razor,XAUUSD,5077.18,5077.35,0.17,17,Sydney,Tuesday
2026-01-27 02:43:18,Pepperstone Razor,EURUSD,1.18983,1.18983,0.0,0,Sydney,Tuesday
2026-01-27 02:43:18,Pepperstone Razor,GBPUSD,1.36999,1.37001,2e-05,2,Sydney,Tuesday
2026-01-27 02:43:19,Pepperstone Razor,USDJPY,154.101,154.104,0.003,3,Sydney,Tuesday
2026-01-27 02:43:19,Pepperstone Razor,AUDUSD,0.6928,0.69281,1e-05,1,Sydney,Tuesday
2026-01-27 02:43:19,Pepperstone Razor,USDCAD,1.3709,1.37091,1e-05,1,Sydney,Tuesday
2026-01-27 02:43:19,Pepperstone Razor,USDCHF,0.77543,0.77545,2e-05,2,Sydney,Tuesday
2026-01-27 02:43:19,Pepperstone Razor,NZDUSD,0.59785,0.59787,2e-05,2,Sydney,Tuesday
2026-01-27 02:43:20,Pepperstone Razor,GBPJPY,211.129,211.136,0.007,7,Sydney,Tuesday
2026-01-27 02:43:20,Pepperstone Razor,NAS100,25833.3,25834.8,1.5,15,Sydney,Tuesday
2026-01-27 02:43:20,Pepperstone Razor,US500,6965.3,6965.8,0.5,5,Sydney,Tuesday
2026-01-27 02:43:20,Pepperstone Razor,US30,49312.2,49314.4,2.2,22,Sydney,Tuesday
2026-01-27 02:43:20,Pepperstone Razor,US2000,2665.3,2665.7,0.4,4,Sydney,Tuesday
2026-01-27 02:43:21,Pepperstone Razor,GER40,24959.7,24961.7,2.0,20,Sydney,Tuesday
2026-01-27 02:43:21,Pepperstone Razor,UK100,10172.7,10174.5,1.8,18,Sydney,Tuesday
2026-01-27 02:43:23,FusionMarkets Zero,XAUUSD,5077.26,5077.38,0.12,12,Sydney,Tuesday
2026-01-27 02:43:23,FusionMarkets Zero,EURUSD,1.1898,1.1898,0.0,0,Sydney,Tuesday
2026-01-27 02:43:23,FusionMarkets Zero,GBPUSD,1.37004,1.37004,0.0,0,Sydney,Tuesday
2026-01-27 02:43:23,FusionMarkets Zero,USDJPY,154.103,154.104,0.001,1,Sydney,Tuesday
2026-01-27 02:43:23,FusionMarkets Zero,AUDUSD,0.69281,0.69281,0.0,0,Sydney,Tuesday
2026-01-27 02:43:24,FusionMarkets Zero,USDCAD,1.37093,1.37093,0.0,0,Sydney,Tuesday
2026-01-27 02:43:24,FusionMarkets Zero,USDCHF,0.77546,0.77546,0.0,0,Sydney,Tuesday
2026-01-27 02:43:24,FusionMarkets Zero,NZDUSD,0.59786,0.59786,0.0,0,Sydney,Tuesday
2026-01-27 02:43:24,FusionMarkets Zero,GBPJPY,211.122,211.133,0.011,11,Sydney,Tuesday
2026-01-27 02:43:24,FusionMarkets Zero,NAS100,25833.57,25834.37,0.8,80,Sydney,Tuesday
2026-01-27 02:43:25,FusionMarkets Zero,US500,6965.31,6965.67,0.36,36,Sydney,Tuesday
2026-01-27 02:43:25,FusionMarkets Zero,US30,49325.97,49328.77,2.8,280,Sydney,Tuesday
2026-01-27 02:43:25,FusionMarkets Zero,US2000,2665.4,2665.7,0.3,30,Sydney,Tuesday
2026-01-27 02:43:25,FusionMarkets Zero,GER40,24968.53,24971.73,3.2,320,Sydney,Tuesday
2026-01-27 02:43:25,FusionMarkets Zero,UK100,10172.98,10174.28,1.3,130,Sydney,Tuesday
2026-01-27 02:43:27,ThinkMarkets ThinkZero,XAUUSD,5077.4,5077.48,0.08,8,Sydney,Tuesday
2026-01-27 02:43:27,ThinkMarkets ThinkZero,EURUSD,1.1898,1.18983,3e-05,3,Sydney,Tuesday
2026-01-27 02:43:28,ThinkMarkets ThinkZero,GBPUSD,1.37,1.37008,8e-05,8,Sydney,Tuesday
2026-01-27 02:43:28,ThinkMarkets ThinkZero,USDJPY,154.088,154.093,0.005,5,Sydney,Tuesday
2026-01-27 02:43:28,ThinkMarkets ThinkZero,AUDUSD,0.69278,0.69281,3e-05,3,Sydney,Tuesday
2026-01-27 02:43:28,ThinkMarkets ThinkZero,USDCAD,1.37089,1.37094,5e-05,5,Sydney,Tuesday
2026-01-27 02:43:28,ThinkMarkets ThinkZero,USDCHF,0.77543,0.77548,5e-05,5,Sydney,Tuesday
2026-01-27 02:43:29,ThinkMarkets ThinkZero,NZDUSD,0.59785,0.59788,3e-05,3,Sydney,Tuesday
2026-01-27 02:43:29,ThinkMarkets ThinkZero,GBPJPY,211.104,211.117,0.013,13,Sydney,Tuesday
2026-01-27 02:43:29,ThinkMarkets ThinkZero,NAS100,25852.64,25853.64,1.0,100,Sydney,Tuesday
2026-01-27 02:43:29,ThinkMarkets ThinkZero,US500,6968.57,6968.92,0.35,35,Sydney,Tuesday
2026-01-27 02:43:29,ThinkMarkets ThinkZero,US30,49357.25,49358.75,1.5,150,Sydney,Tuesday
2026-01-27 02:43:30,ThinkMarkets ThinkZero,US2000,2665.6,2666.4,0.8,80,Sydney,Tuesday
2026-01-27 02:43:30,ThinkMarkets ThinkZero,GER40,24974.6,24979.6,5.0,500,Sydney,Tuesday
2026-01-27 02:43:30,ThinkMarkets ThinkZero,UK100,10191.45,10193.75,2.3,230,Sydney,Tuesday
2026-01-27 02:43:32,ICMarkets Raw,XAUUSD,5077.97,5078.09,0.12,12,Sydney,Tuesday
2026-01-27 02:43:32,ICMarkets Raw,EURUSD,1.18982,1.18982,0.0,0,Sydney,Tuesday
2026-01-27 02:43:32,ICMarkets Raw,GBPUSD,1.37005,1.37006,1e-05,1,Sydney,Tuesday
2026-01-27 02:43:32,ICMarkets Raw,USDJPY,154.088,154.088,0.0,0,Sydney,Tuesday
2026-01-27 02:43:32,ICMarkets Raw,AUDUSD,0.69281,0.69281,0.0,0,Sydney,Tuesday
2026-01-27 02:43:33,ICMarkets Raw,USDCAD,1.37091,1.37092,1e-05,1,Sydney,Tuesday
2026-01-27 02:43:33,ICMarkets Raw,USDCHF,0.77544,0.77546,2e-05,2,Sydney,Tuesday
2026-01-27 02:43:33,ICMarkets Raw,NZDUSD,0.59788,0.59788,0.0,0,Sydney,Tuesday
2026-01-27 02:43:33,ICMarkets Raw,GBPJPY,211.108,211.112,0.004,4,Sydney,Tuesday
2026-01-27 02:43:33,ICMarkets Raw,NAS100,25830.6,25831.6,1.0,100,Sydney,Tuesday
2026-01-27 02:43:34,ICMarkets Raw,US500,6964.6,6965.1,0.5,50,Sydney,Tuesday
2026-01-27 02:43:34,ICMarkets Raw,US30,49322.9,49324.1,1.2,120,Sydney,Tuesday
2026-01-27 02:43:34,ICMarkets Raw,US2000,2663.97,2664.29,0.32,32,Sydney,Tuesday
2026-01-27 02:43:34,ICMarkets Raw,GER40,24961.4,24962.1,0.7,70,Sydney,Tuesday
2026-01-27 02:43:34,ICMarkets Raw,UK100,10170.0,10172.5,2.5,250,Sydney,Tuesday
2026-01-27 02:43:36,VantageMarkets Raw,XAUUSD,5078.37,5078.45,0.08,8,Sydney,Tuesday
2026-01-27 02:43:36,VantageMarkets Raw,EURUSD,1.18983,1.18985,2e-05,2,Sydney,Tuesday
2026-01-27 02:43:36,VantageMarkets Raw,GBPUSD,1.37004,1.37005,1e-05,1,Sydney,Tuesday
2026-01-27 02:43:37,VantageMarkets Raw,USDJPY,154.088,154.09,0.002,2,Sydney,Tuesday
2026-01-27 02:43:37,VantageMarkets Raw,AUDUSD,0.69279,0.69282,3e-05,3,Sydney,Tuesday
2026-01-27 02:43:37,VantageMarkets Raw,USDCAD,1.37091,1.37091,0.0,0,Sydney,Tuesday
2026-01-27 02:43:37,VantageMarkets Raw,USDCHF,0.77541,0.77547,6e-05,6,Sydney,Tuesday
2026-01-27 02:43:37,VantageMarkets Raw,NZDUSD,0.59787,0.59788,1e-05,1,Sydney,Tuesday
2026-01-27 02:43:38,VantageMarkets Raw,GBPJPY,211.106,211.11,0.004,4,Sydney,Tuesday
2026-01-27 02:43:38,VantageMarkets Raw,NAS100,25852.31,25853.11,0.8,80,Sydney,Tuesday
2026-01-27 02:43:38,VantageMarkets Raw,US500,6968.58,6968.94,0.36,36,Sydney,Tuesday
2026-01-27 02:43:38,VantageMarkets Raw,US30,49358.51,49359.61,1.1,110,Sydney,Tuesday
2026-01-27 02:43:38,VantageMarkets Raw,US2000,2665.81,2666.29,0.48,48,Sydney,Tuesday
2026-01-27 02:43:39,VantageMarkets Raw,GER40,24974.35,24979.85,5.5,550,Sydney,Tuesday
2026-01-27 02:43:39,VantageMarkets Raw,UK100,10191.53,10193.69,2.16,216,Sydney,Tuesday
2026-01-27 02:43:41,FPMarkets Raw,XAUUSD,5072.36,5072.43,0.07,7,Sydney,Tuesday
2026-01-27 02:43:41,FPMarkets Raw,EURUSD,1.18983,1.18984,1e-05,1,Sydney,Tuesday
2026-01-27 02:43:41,FPMarkets Raw,GBPUSD,1.37002,1.37007,5e-05,5,Sydney,Tuesday
2026-01-27 02:43:42,FPMarkets Raw,USDJPY,154.086,154.09,0.004,4,Sydney,Tuesday
2026-01-27 02:43:42,FPMarkets Raw,AUDUSD,0.6928,0.69283,3e-05,3,Sydney,Tuesday
2026-01-27 02:43:42,FPMarkets Raw,USDCAD,1.37097,1.37105,8e-05,8,Sydney,Tuesday
2026-01-27 02:43:42,FPMarkets Raw,USDCHF,0.77539,0.77546,7e-05,7,Sydney,Tuesday
2026-01-27 02:43:42,FPMarkets Raw,NZDUSD,0.59786,0.59788,2e-05,2,Sydney,Tuesday
2026-01-27 02:43:43,FPMarkets Raw,GBPJPY,211.099,211.117,0.018,18,Sydney,Tuesday
2026-01-27 02:43:43,FPMarkets Raw,NAS100,25852.9,25853.5,0.6,60,Sydney,Tuesday
2026-01-27 02:43:43,FPMarkets Raw,US500,6968.88,6969.13,0.25,25,Sydney,Tuesday
2026-01-27 02:43:43,FPMarkets Raw,US30,49357.3,49358.7,1.4,140,Sydney,Tuesday
2026-01-27 02:43:43,FPMarkets Raw,GER40,24974.75,24979.45,4.7,470,Sydney,Tuesday
2026-01-27 02:43:44,FPMarkets Raw,UK100,10191.3,10193.9,2.6,260,Sydney,Tuesday
2026-01-27 02:43:45,8Cap Raw,XAUUSD,5078.8,5078.96,0.16,16,Sydney,Tuesday
2026-01-27 02:43:45,8Cap Raw,EURUSD,1.18984,1.18985,1e-05,1,Sydney,Tuesday
2026-01-27 02:43:45,8Cap Raw,GBPUSD,1.37004,1.37005,1e-05,1,Sydney,Tuesday
2026-01-27 02:43:45,8Cap Raw,USDJPY,154.089,154.09,0.001,1,Sydney,Tuesday
2026-01-27 02:43:46,8Cap Raw,AUDUSD,0.69279,0.69282,3e-05,3,Sydney,Tuesday
2026-01-27 02:43:46,8Cap Raw,USDCAD,1.37098,1.37103,5e-05,5,Sydney,Tuesday
2026-01-27 02:43:46,8Cap Raw,USDCHF,0.77542,0.77545,3e-05,3,Sydney,Tuesday
2026-01-27 02:43:46,8Cap Raw,NZDUSD,0.59786,0.59787,1e-05,1,Sydney,Tuesday
2026-01-27 02:43:46,8Cap Raw,GBPJPY,211.098,211.114,0.016,16,Sydney,Tuesday
2026-01-27 02:43:47,8Cap Raw,NAS100,25833.27,25834.67,1.4,140,Sydney,Tuesday
2026-01-27 02:43:47,8Cap Raw,US500,6965.21,6965.77,0.56,56,Sydney,Tuesday
2026-01-27 02:43:47,8Cap Raw,US30,49326.37,49328.37,2.0,200,Sydney,Tuesday
2026-01-27 02:43:47,8Cap Raw,US2000,2665.33,2665.77,0.44,44,Sydney,Tuesday
2026-01-27 02:43:47,8Cap Raw,GER40,24968.63,24971.63,3.0,300,Sydney,Tuesday
2026-01-27 02:43:48,8Cap Raw,UK100,10173.03,10174.23,1.2,120,Sydney,Tuesday
2026-01-27 02:48:18,Pepperstone Razor,XAUUSD,5078.04,5078.19,0.15,15,Sydney,Tuesday
2026-01-27 02:48:18,Pepperstone Razor,EURUSD,1.18976,1.18976,0.0,0,Sydney,Tuesday
2026-01-27 02:48:18,Pepperstone Razor,GBPUSD,1.36984,1.36986,2e-05,2,Sydney,Tuesday
2026-01-27 02:48:18,Pepperstone Razor,USDJPY,154.134,154.137,0.003,3,Sydney,Tuesday
2026-01-27 02:48:19,Pepperstone Razor,AUDUSD,0.69263,0.69264,1e-05,1,Sydney,Tuesday
2026-01-27 02:48:19,Pepperstone Razor,USDCAD,1.3711,1.37113,3e-05,3,Sydney,Tuesday
2026-01-27 02:48:19,Pepperstone Razor,USDCHF,0.77535,0.77538,3e-05,3,Sydney,Tuesday
2026-01-27 02:48:19,Pepperstone Razor,NZDUSD,0.59757,0.59759,2e-05,2,Sydney,Tuesday
2026-01-27 02:48:19,Pepperstone Razor,GBPJPY,211.142,211.152,0.01,10,Sydney,Tuesday
2026-01-27 02:48:20,Pepperstone Razor,NAS100,25832.8,25834.3,1.5,15,Sydney,Tuesday
2026-01-27 02:48:20,Pepperstone Razor,US500,6965.3,6965.8,0.5,5,Sydney,Tuesday
2026-01-27 02:48:20,Pepperstone Razor,US30,49309.3,49311.5,2.2,22,Sydney,Tuesday
2026-01-27 02:48:20,Pepperstone Razor,US2000,2665.0,2665.4,0.4,4,Sydney,Tuesday
2026-01-27 02:48:20,Pepperstone Razor,GER40,24952.7,24954.7,2.0,20,Sydney,Tuesday
2026-01-27 02:48:21,Pepperstone Razor,UK100,10170.9,10173.0,2.1,21,Sydney,Tuesday
2026-01-27 02:48:22,FusionMarkets Zero,XAUUSD,5077.82,5077.91,0.09,9,Sydney,Tuesday
2026-01-27 02:48:23,FusionMarkets Zero,EURUSD,1.18974,1.18974,0.0,0,Sydney,Tuesday
2026-01-27 02:48:23,FusionMarkets Zero,GBPUSD,1.36985,1.36985,0.0,0,Sydney,Tuesday
2026-01-27 02:48:23,FusionMarkets Zero,USDJPY,154.147,154.148,0.001,1,Sydney,Tuesday
2026-01-27 02:48:23,FusionMarkets Zero,AUDUSD,0.6926,0.6926,0.0,0,Sydney,Tuesday
2026-01-27 02:48:23,FusionMarkets Zero,USDCAD,1.37112,1.37112,0.0,0,Sydney,Tuesday
2026-01-27 02:48:24,FusionMarkets Zero,USDCHF,0.77537,0.77537,0.0,0,Sydney,Tuesday
2026-01-27 02:48:24,FusionMarkets Zero,NZDUSD,0.59755,0.59755,0.0,0,Sydney,Tuesday
2026-01-27 02:48:24,FusionMarkets Zero,GBPJPY,211.154,211.164,0.01,10,Sydney,Tuesday
2026-01-27 02:48:24,FusionMarkets Zero,NAS100,25833.44,25834.24,0.8,80,Sydney,Tuesday
2026-01-27 02:48:24,FusionMarkets Zero,US500,6965.31,6965.67,0.36,36,Sydney,Tuesday
2026-01-27 02:48:25,FusionMarkets Zero,US30,49324.47,49327.27,2.8,280,Sydney,Tuesday
2026-01-27 02:48:25,FusionMarkets Zero,US2000,2665.1,2665.4,0.3,30,Sydney,Tuesday
2026-01-27 02:48:25,FusionMarkets Zero,GER40,24961.03,24964.23,3.2,320,Sydney,Tuesday
2026-01-27 02:48:25,FusionMarkets Zero,UK100,10170.98,10172.78,1.8,180,Sydney,Tuesday
2026-01-27 02:48:27,ThinkMarkets ThinkZero,XAUUSD,5077.46,5077.54,0.08,8,Sydney,Tuesday
2026-01-27 02:48:27,ThinkMarkets ThinkZero,EURUSD,1.18974,1.18974,0.0,0,Sydney,Tuesday
2026-01-27 02:48:27,ThinkMarkets ThinkZero,GBPUSD,1.3698,1.36987,7e-05,7,Sydney,Tuesday
2026-01-27 02:48:28,ThinkMarkets ThinkZero,USDJPY,154.147,154.152,0.005,5,Sydney,Tuesday
2026-01-27 02:48:28,ThinkMarkets ThinkZero,AUDUSD,0.69255,0.69259,4e-05,4,Sydney,Tuesday
2026-01-27 02:48:28,ThinkMarkets ThinkZero,USDCAD,1.37108,1.37113,5e-05,5,Sydney,Tuesday
2026-01-27 02:48:28,ThinkMarkets ThinkZero,USDCHF,0.77536,0.77541,5e-05,5,Sydney,Tuesday
2026-01-27 02:48:28,ThinkMarkets ThinkZero,NZDUSD,0.59754,0.59757,3e-05,3,Sydney,Tuesday
2026-01-27 02:48:29,ThinkMarkets ThinkZero,GBPJPY,211.151,211.163,0.012,12,Sydney,Tuesday
2026-01-27 02:48:29,ThinkMarkets ThinkZero,NAS100,25851.64,25852.64,1.0,100,Sydney,Tuesday
2026-01-27 02:48:29,ThinkMarkets ThinkZero,US500,6968.58,6968.93,0.35,35,Sydney,Tuesday
2026-01-27 02:48:29,ThinkMarkets ThinkZero,US30,49355.25,49356.75,1.5,150,Sydney,Tuesday
2026-01-27 02:48:29,ThinkMarkets ThinkZero,US2000,2665.3,2666.1,0.8,80,Sydney,Tuesday
2026-01-27 02:48:30,ThinkMarkets ThinkZero,GER40,24966.6,24973.6,7.0,700,Sydney,Tuesday
2026-01-27 02:48:30,ThinkMarkets ThinkZero,UK100,10189.95,10192.25,2.3,230,Sydney,Tuesday
2026-01-27 02:48:31,ICMarkets Raw,XAUUSD,5077.31,5077.43,0.12,12,Sydney,Tuesday
2026-01-27 02:48:32,ICMarkets Raw,EURUSD,1.18974,1.18974,0.0,0,Sydney,Tuesday
2026-01-27 02:48:32,ICMarkets Raw,GBPUSD,1.36984,1.36985,1e-05,1,Sydney,Tuesday
2026-01-27 02:48:32,ICMarkets Raw,USDJPY,154.149,154.15,0.001,1,Sydney,Tuesday
2026-01-27 02:48:32,ICMarkets Raw,AUDUSD,0.69257,0.69257,0.0,0,Sydney,Tuesday
2026-01-27 02:48:32,ICMarkets Raw,USDCAD,1.3711,1.37111,1e-05,1,Sydney,Tuesday
2026-01-27 02:48:33,ICMarkets Raw,USDCHF,0.77537,0.77539,2e-05,2,Sydney,Tuesday
2026-01-27 02:48:33,ICMarkets Raw,NZDUSD,0.59755,0.59755,0.0,0,Sydney,Tuesday
2026-01-27 02:48:33,ICMarkets Raw,GBPJPY,211.167,211.172,0.005,5,Sydney,Tuesday
2026-01-27 02:48:33,ICMarkets Raw,NAS100,25830.0,25831.0,1.0,100,Sydney,Tuesday
2026-01-27 02:48:33,ICMarkets Raw,US500,6964.6,6965.1,0.5,50,Sydney,Tuesday
2026-01-27 02:48:34,ICMarkets Raw,US30,49321.9,49323.1,1.2,120,Sydney,Tuesday
2026-01-27 02:48:34,ICMarkets Raw,US2000,2663.67,2663.99,0.32,32,Sydney,Tuesday
2026-01-27 02:48:34,ICMarkets Raw,GER40,24953.9,24954.6,0.7,70,Sydney,Tuesday
2026-01-27 02:48:34,ICMarkets Raw,UK100,10168.5,10171.0,2.5,250,Sydney,Tuesday
2026-01-27 02:48:36,VantageMarkets Raw,XAUUSD,5077.4,5077.48,0.08,8,Sydney,Tuesday
2026-01-27 02:48:36,VantageMarkets Raw,EURUSD,1.18972,1.18973,1e-05,1,Sydney,Tuesday
2026-01-27 02:48:36,VantageMarkets Raw,GBPUSD,1.36983,1.36984,1e-05,1,Sydney,Tuesday
2026-01-27 02:48:37,VantageMarkets Raw,USDJPY,154.157,154.159,0.002,2,Sydney,Tuesday
2026-01-27 02:48:37,VantageMarkets Raw,AUDUSD,0.69253,0.69257,4e-05,4,Sydney,Tuesday
2026-01-27 02:48:37,VantageMarkets Raw,USDCAD,1.37111,1.37111,0.0,0,Sydney,Tuesday
2026-01-27 02:48:37,VantageMarkets Raw,USDCHF,0.77535,0.77544,9e-05,9,Sydney,Tuesday
2026-01-27 02:48:37,VantageMarkets Raw,NZDUSD,0.59754,0.59756,2e-05,2,Sydney,Tuesday
2026-01-27 02:48:38,VantageMarkets Raw,GBPJPY,211.174,211.176,0.002,2,Sydney,Tuesday
2026-01-27 02:48:38,VantageMarkets Raw,NAS100,25852.06,25852.86,0.8,80,Sydney,Tuesday
2026-01-27 02:48:38,VantageMarkets Raw,US500,6968.58,6968.94,0.36,36,Sydney,Tuesday
2026-01-27 02:48:38,VantageMarkets Raw,US30,49356.51,49357.61,1.1,110,Sydney,Tuesday
2026-01-27 02:48:38,VantageMarkets Raw,US2000,2665.36,2665.84,0.48,48,Sydney,Tuesday
2026-01-27 02:48:39,VantageMarkets Raw,GER40,24965.35,24974.85,9.5,950,Sydney,Tuesday
2026-01-27 02:48:39,VantageMarkets Raw,UK100,10190.03,10192.19,2.16,216,Sydney,Tuesday
2026-01-27 02:48:41,FPMarkets Raw,XAUUSD,5078.84,5078.91,0.07,7,Sydney,Tuesday
2026-01-27 02:48:41,FPMarkets Raw,EURUSD,1.18972,1.18973,1e-05,1,Sydney,Tuesday
2026-01-27 02:48:41,FPMarkets Raw,GBPUSD,1.3698,1.36985,5e-05,5,Sydney,Tuesday
2026-01-27 02:48:41,FPMarkets Raw,USDJPY,154.162,154.166,0.004,4,Sydney,Tuesday
2026-01-27 02:48:42,FPMarkets Raw,AUDUSD,0.69257,0.6926,3e-05,3,Sydney,Tuesday
2026-01-27 02:48:42,FPMarkets Raw,USDCAD,1.37108,1.37114,6e-05,6,Sydney,Tuesday
2026-01-27 02:48:42,FPMarkets Raw,USDCHF,0.77534,0.77541,7e-05,7,Sydney,Tuesday
2026-01-27 02:48:42,FPMarkets Raw,NZDUSD,0.59754,0.59757,3e-05,3,Sydney,Tuesday
2026-01-27 02:48:42,FPMarkets Raw,GBPJPY,211.168,211.182,0.014,14,Sydney,Tuesday
2026-01-27 02:48:43,FPMarkets Raw,NAS100,25852.15,25852.75,0.6,60,Sydney,Tuesday
2026-01-27 02:48:43,FPMarkets Raw,US500,6968.62,6968.87,0.25,25,Sydney,Tuesday
2026-01-27 02:48:43,FPMarkets Raw,US30,49356.3,49357.7,1.4,140,Sydney,Tuesday
2026-01-27 02:48:43,FPMarkets Raw,GER40,24966.75,24973.45,6.7,670,Sydney,Tuesday
2026-01-27 02:48:43,FPMarkets Raw,UK100,10189.8,10192.4,2.6,260,Sydney,Tuesday
2026-01-27 02:48:45,8Cap Raw,XAUUSD,5078.28,5078.44,0.16,16,Sydney,Tuesday
2026-01-27 02:48:45,8Cap Raw,EURUSD,1.18972,1.18973,1e-05,1,Sydney,Tuesday
2026-01-27 02:48:45,8Cap Raw,GBPUSD,1.36984,1.36985,1e-05,1,Sydney,Tuesday
2026-01-27 02:48:45,8Cap Raw,USDJPY,154.159,154.16,0.001,1,Sydney,Tuesday
2026-01-27 02:48:45,8Cap Raw,AUDUSD,0.69257,0.6926,3e-05,3,Sydney,Tuesday
2026-01-27 02:48:46,8Cap Raw,USDCAD,1.3711,1.37113,3e-05,3,Sydney,Tuesday
2026-01-27 02:48:46,8Cap Raw,USDCHF,0.77532,0.77539,7e-05,7,Sydney,Tuesday
2026-01-27 02:48:46,8Cap Raw,NZDUSD,0.59754,0.59755,1e-05,1,Sydney,Tuesday
2026-01-27 02:48:46,8Cap Raw,GBPJPY,211.168,211.185,0.017,17,Sydney,Tuesday
2026-01-27 02:48:46,8Cap Raw,NAS100,25832.89,25834.29,1.4,140,Sydney,Tuesday
2026-01-27 02:48:47,8Cap Raw,US500,6965.21,6965.77,0.56,56,Sydney,Tuesday
2026-01-27 02:48:47,8Cap Raw,US30,49324.87,49326.87,2.0,200,Sydney,Tuesday
2026-01-27 02:48:47,8Cap Raw,US2000,2665.03,2665.47,0.44,44,Sydney,Tuesday
2026-01-27 02:48:47,8Cap Raw,GER40,24961.13,24964.13,3.0,300,Sydney,Tuesday
2026-01-27 02:48:47,8Cap Raw,UK100,10171.58,10173.18,1.6,160,Sydney,Tuesday
2026-01-27 02:53:18,Pepperstone Razor,XAUUSD,5071.84,5072.02,0.18,18,Sydney,Tuesday
2026-01-27 02:53:18,Pepperstone Razor,EURUSD,1.18978,1.18978,0.0,0,Sydney,Tuesday
2026-01-27 02:53:18,Pepperstone Razor,GBPUSD,1.36991,1.36992,1e-05,1,Sydney,Tuesday
2026-01-27 02:53:19,Pepperstone Razor,USDJPY,154.123,154.126,0.003,3,Sydney,Tuesday
2026-01-27 02:53:19,Pepperstone Razor,AUDUSD,0.69252,0.69253,1e-05,1,Sydney,Tuesday
2026-01-27 02:53:19,Pepperstone Razor,USDCAD,1.37137,1.3714,3e-05,3,Sydney,Tuesday
2026-01-27 02:53:19,Pepperstone Razor,USDCHF,0.77536,0.77537,1e-05,1,Sydney,Tuesday
2026-01-27 02:53:19,Pepperstone Razor,NZDUSD,0.59757,0.59759,2e-05,2,Sydney,Tuesday
2026-01-27 02:53:20,Pepperstone Razor,GBPJPY,211.133,211.14,0.007,7,Sydney,Tuesday
2026-01-27 02:53:20,Pepperstone Razor,NAS100,25835.7,25837.2,1.5,15,Sydney,Tuesday
2026-01-27 02:53:20,Pepperstone Razor,US500,6965.6,6966.0,0.4,4,Sydney,Tuesday
2026-01-27 02:53:20,Pepperstone Razor,US30,49310.3,49312.5,2.2,22,Sydney,Tuesday
2026-01-27 02:53:20,Pepperstone Razor,US2000,2665.5,2666.0,0.5,5,Sydney,Tuesday
2026-01-27 02:53:21,Pepperstone Razor,GER40,24957.3,24959.3,2.0,20,Sydney,Tuesday
2026-01-27 02:53:21,Pepperstone Razor,UK100,10173.4,10175.2,1.8,18,Sydney,Tuesday
2026-01-27 02:53:23,FusionMarkets Zero,XAUUSD,5077.77,5077.86,0.09,9,Sydney,Tuesday
2026-01-27 02:53:23,FusionMarkets Zero,EURUSD,1.1898,1.1898,0.0,0,Sydney,Tuesday
2026-01-27 02:53:23,FusionMarkets Zero,GBPUSD,1.36993,1.36993,0.0,0,Sydney,Tuesday
2026-01-27 02:53:23,FusionMarkets Zero,USDJPY,154.122,154.122,0.0,0,Sydney,Tuesday
2026-01-27 02:53:23,FusionMarkets Zero,AUDUSD,0.69254,0.69254,0.0,0,Sydney,Tuesday
2026-01-27 02:53:24,FusionMarkets Zero,USDCAD,1.37138,1.37138,0.0,0,Sydney,Tuesday
2026-01-27 02:53:24,FusionMarkets Zero,USDCHF,0.77536,0.77536,0.0,0,Sydney,Tuesday
2026-01-27 02:53:24,FusionMarkets Zero,NZDUSD,0.59758,0.59758,0.0,0,Sydney,Tuesday
2026-01-27 02:53:24,FusionMarkets Zero,GBPJPY,211.135,211.139,0.004,4,Sydney,Tuesday
2026-01-27 02:53:24,FusionMarkets Zero,NAS100,25835.44,25836.24,0.8,80,Sydney,Tuesday
2026-01-27 02:53:25,FusionMarkets Zero,US500,6965.56,6965.92,0.36,36,Sydney,Tuesday
2026-01-27 02:53:25,FusionMarkets Zero,US30,49325.22,49328.02,2.8,280,Sydney,Tuesday
2026-01-27 02:53:25,FusionMarkets Zero,US2000,2665.7,2666.0,0.3,30,Sydney,Tuesday
2026-01-27 02:53:25,FusionMarkets Zero,GER40,24966.53,24969.73,3.2,320,Sydney,Tuesday
2026-01-27 02:53:25,FusionMarkets Zero,UK100,10173.48,10174.78,1.3,130,Sydney,Tuesday
2026-01-27 02:53:27,ThinkMarkets ThinkZero,XAUUSD,5071.09,5071.17,0.08,8,Sydney,Tuesday
2026-01-27 02:53:27,ThinkMarkets ThinkZero,EURUSD,1.1898,1.18982,2e-05,2,Sydney,Tuesday
2026-01-27 02:53:28,ThinkMarkets ThinkZero,GBPUSD,1.36992,1.36999,7e-05,7,Sydney,Tuesday
2026-01-27 02:53:28,ThinkMarkets ThinkZero,USDJPY,154.12,154.123,0.003,3,Sydney,Tuesday
2026-01-27 02:53:28,ThinkMarkets ThinkZero,AUDUSD,0.69257,0.69262,5e-05,5,Sydney,Tuesday
2026-01-27 02:53:28,ThinkMarkets ThinkZero,USDCAD,1.37135,1.37139,4e-05,4,Sydney,Tuesday
2026-01-27 02:53:28,ThinkMarkets ThinkZero,USDCHF,0.77532,0.77537,5e-05,5,Sydney,Tuesday
2026-01-27 02:53:29,ThinkMarkets ThinkZero,NZDUSD,0.59759,0.59761,2e-05,2,Sydney,Tuesday
2026-01-27 02:53:29,ThinkMarkets ThinkZero,GBPJPY,211.134,211.146,0.012,12,Sydney,Tuesday
2026-01-27 02:53:29,ThinkMarkets ThinkZero,NAS100,25853.89,25854.89,1.0,100,Sydney,Tuesday
2026-01-27 02:53:29,ThinkMarkets ThinkZero,US500,6968.82,6969.17,0.35,35,Sydney,Tuesday
2026-01-27 02:53:29,ThinkMarkets ThinkZero,US30,49357.25,49358.75,1.5,150,Sydney,Tuesday
2026-01-27 02:53:30,ThinkMarkets ThinkZero,US2000,2665.9,2666.7,0.8,80,Sydney,Tuesday
2026-01-27 02:53:30,ThinkMarkets ThinkZero,GER40,24972.6,24977.6,5.0,500,Sydney,Tuesday
2026-01-27 02:53:30,ThinkMarkets ThinkZero,UK100,10191.95,10194.25,2.3,230,Sydney,Tuesday
2026-01-27 02:53:32,ICMarkets Raw,XAUUSD,5070.64,5070.76,0.12,12,Sydney,Tuesday
2026-01-27 02:53:32,ICMarkets Raw,EURUSD,1.18975,1.18977,2e-05,2,Sydney,Tuesday
2026-01-27 02:53:32,ICMarkets Raw,GBPUSD,1.36993,1.36995,2e-05,2,Sydney,Tuesday
2026-01-27 02:53:32,ICMarkets Raw,USDJPY,154.121,154.121,0.0,0,Sydney,Tuesday
2026-01-27 02:53:33,ICMarkets Raw,AUDUSD,0.69258,0.6926,2e-05,2,Sydney,Tuesday
2026-01-27 02:53:33,ICMarkets Raw,USDCAD,1.37138,1.37139,1e-05,1,Sydney,Tuesday
2026-01-27 02:53:33,ICMarkets Raw,USDCHF,0.77536,0.77538,2e-05,2,Sydney,Tuesday
2026-01-27 02:53:33,ICMarkets Raw,NZDUSD,0.59759,0.59759,0.0,0,Sydney,Tuesday
2026-01-27 02:53:33,ICMarkets Raw,GBPJPY,211.133,211.139,0.006,6,Sydney,Tuesday
2026-01-27 02:53:34,ICMarkets Raw,NAS100,25832.3,25833.3,1.0,100,Sydney,Tuesday
2026-01-27 02:53:34,ICMarkets Raw,US500,6964.9,6965.4,0.5,50,Sydney,Tuesday
2026-01-27 02:53:34,ICMarkets Raw,US30,49322.4,49323.6,1.2,120,Sydney,Tuesday
2026-01-27 02:53:34,ICMarkets Raw,US2000,2664.27,2664.59,0.32,32,Sydney,Tuesday
2026-01-27 02:53:34,ICMarkets Raw,GER40,24959.4,24960.1,0.7,70,Sydney,Tuesday
2026-01-27 02:53:35,ICMarkets Raw,UK100,10170.5,10173.0,2.5,250,Sydney,Tuesday
2026-01-27 02:53:36,VantageMarkets Raw,XAUUSD,5070.52,5070.6,0.08,8,Sydney,Tuesday
2026-01-27 02:53:36,VantageMarkets Raw,EURUSD,1.18974,1.18979,5e-05,5,Sydney,Tuesday
2026-01-27 02:53:37,VantageMarkets Raw,GBPUSD,1.36993,1.36994,1e-05,1,Sydney,Tuesday
2026-01-27 02:53:37,VantageMarkets Raw,USDJPY,154.122,154.123,0.001,1,Sydney,Tuesday
2026-01-27 02:53:37,VantageMarkets Raw,AUDUSD,0.69257,0.69261,4e-05,4,Sydney,Tuesday
2026-01-27 02:53:37,VantageMarkets Raw,USDCAD,1.37138,1.37138,0.0,0,Sydney,Tuesday
2026-01-27 02:53:37,VantageMarkets Raw,USDCHF,0.77535,0.77542,7e-05,7,Sydney,Tuesday
2026-01-27 02:53:38,VantageMarkets Raw,NZDUSD,0.59757,0.59761,4e-05,4,Sydney,Tuesday
2026-01-27 02:53:38,VantageMarkets Raw,GBPJPY,211.136,211.138,0.002,2,Sydney,Tuesday
2026-01-27 02:53:38,VantageMarkets Raw,NAS100,25853.31,25854.11,0.8,80,Sydney,Tuesday
2026-01-27 02:53:38,VantageMarkets Raw,US500,6968.83,6969.19,0.36,36,Sydney,Tuesday
2026-01-27 02:53:38,VantageMarkets Raw,US30,49357.51,49358.61,1.1,110,Sydney,Tuesday
2026-01-27 02:53:39,VantageMarkets Raw,US2000,2665.96,2666.44,0.48,48,Sydney,Tuesday
2026-01-27 02:53:39,VantageMarkets Raw,GER40,24972.35,24977.85,5.5,550,Sydney,Tuesday
2026-01-27 02:53:39,VantageMarkets Raw,UK100,10192.03,10194.19,2.16,216,Sydney,Tuesday
2026-01-27 02:53:41,FPMarkets Raw,XAUUSD,5078.2,5078.27,0.07,7,Sydney,Tuesday
2026-01-27 02:53:41,FPMarkets Raw,EURUSD,1.18975,1.18976,1e-05,1,Sydney,Tuesday
2026-01-27 02:53:41,FPMarkets Raw,GBPUSD,1.36988,1.36993,5e-05,5,Sydney,Tuesday
2026-01-27 02:53:42,FPMarkets Raw,USDJPY,154.119,154.123,0.004,4,Sydney,Tuesday
2026-01-27 02:53:42,FPMarkets Raw,AUDUSD,0.69256,0.69259,3e-05,3,Sydney,Tuesday
2026-01-27 02:53:42,FPMarkets Raw,USDCAD,1.37136,1.37142,6e-05,6,Sydney,Tuesday
2026-01-27 02:53:42,FPMarkets Raw,USDCHF,0.77533,0.7754,7e-05,7,Sydney,Tuesday
2026-01-27 02:53:42,FPMarkets Raw,NZDUSD,0.59758,0.59761,3e-05,3,Sydney,Tuesday
2026-01-27 02:53:43,FPMarkets Raw,GBPJPY,211.128,211.143,0.015,15,Sydney,Tuesday
2026-01-27 02:53:43,FPMarkets Raw,NAS100,25852.4,25853.0,0.6,60,Sydney,Tuesday
2026-01-27 02:53:43,FPMarkets Raw,US500,6968.62,6968.87,0.25,25,Sydney,Tuesday
2026-01-27 02:53:43,FPMarkets Raw,US30,49356.3,49357.7,1.4,140,Sydney,Tuesday
2026-01-27 02:53:43,FPMarkets Raw,GER40,24972.75,24977.45,4.7,470,Sydney,Tuesday
2026-01-27 02:53:44,FPMarkets Raw,UK100,10191.55,10194.15,2.6,260,Sydney,Tuesday
2026-01-27 02:53:45,8Cap Raw,XAUUSD,5070.72,5070.88,0.16,16,Sydney,Tuesday
2026-01-27 02:53:45,8Cap Raw,EURUSD,1.18972,1.18972,0.0,0,Sydney,Tuesday
2026-01-27 02:53:45,8Cap Raw,GBPUSD,1.36986,1.36987,1e-05,1,Sydney,Tuesday
2026-01-27 02:53:45,8Cap Raw,USDJPY,154.134,154.135,0.001,1,Sydney,Tuesday
2026-01-27 02:53:46,8Cap Raw,AUDUSD,0.69256,0.6926,4e-05,4,Sydney,Tuesday
2026-01-27 02:53:46,8Cap Raw,USDCAD,1.37138,1.37141,3e-05,3,Sydney,Tuesday
2026-01-27 02:53:46,8Cap Raw,USDCHF,0.77538,0.77541,3e-05,3,Sydney,Tuesday
2026-01-27 02:53:46,8Cap Raw,NZDUSD,0.59756,0.59758,2e-05,2,Sydney,Tuesday
2026-01-27 02:53:47,8Cap Raw,GBPJPY,211.132,211.148,0.016,16,Sydney,Tuesday
2026-01-27 02:53:47,8Cap Raw,NAS100,25832.52,25833.92,1.4,140,Sydney,Tuesday
2026-01-27 02:53:47,8Cap Raw,US500,6965.21,6965.77,0.56,56,Sydney,Tuesday
2026-01-27 02:53:47,8Cap Raw,US30,49324.87,49326.87,2.0,200,Sydney,Tuesday
2026-01-27 02:53:47,8Cap Raw,US2000,2665.43,2665.87,0.44,44,Sydney,Tuesday
2026-01-27 02:53:48,8Cap Raw,GER40,24966.63,24969.63,3.0,300,Sydney,Tuesday
2026-01-27 02:53:48,8Cap Raw,UK100,10173.41,10174.61,1.2,120,Sydney,Tuesday
2026-01-27 02:58:18,Pepperstone Razor,XAUUSD,5072.7,5072.91,0.21,21,Sydney,Tuesday
2026-01-27 02:58:18,Pepperstone Razor,EURUSD,1.18937,1.18937,0.0,0,Sydney,Tuesday
2026-01-27 02:58:18,Pepperstone Razor,GBPUSD,1.36964,1.36965,1e-05,1,Sydney,Tuesday
2026-01-27 02:58:19,Pepperstone Razor,USDJPY,154.215,154.218,0.003,3,Sydney,Tuesday
2026-01-27 02:58:19,Pepperstone Razor,AUDUSD,0.69237,0.69237,0.0,0,Sydney,Tuesday
2026-01-27 02:58:19,Pepperstone Razor,USDCAD,1.37152,1.37154,2e-05,2,Sydney,Tuesday
2026-01-27 02:58:19,Pepperstone Razor,USDCHF,0.77568,0.77569,1e-05,1,Sydney,Tuesday
2026-01-27 02:58:19,Pepperstone Razor,NZDUSD,0.59728,0.5973,2e-05,2,Sydney,Tuesday
2026-01-27 02:58:20,Pepperstone Razor,GBPJPY,211.219,211.225,0.006,6,Sydney,Tuesday
2026-01-27 02:58:20,Pepperstone Razor,NAS100,25845.8,25847.3,1.5,15,Sydney,Tuesday
2026-01-27 02:58:20,Pepperstone Razor,US500,6967.8,6968.3,0.5,5,Sydney,Tuesday
2026-01-27 02:58:20,Pepperstone Razor,US30,49325.0,49327.1,2.1,21,Sydney,Tuesday
2026-01-27 02:58:20,Pepperstone Razor,US2000,2666.6,2666.9,0.3,3,Sydney,Tuesday
2026-01-27 02:58:21,Pepperstone Razor,GER40,24967.4,24969.4,2.0,20,Sydney,Tuesday
2026-01-27 02:58:21,Pepperstone Razor,UK100,10175.4,10177.3,1.9,19,Sydney,Tuesday
2026-01-27 02:58:23,FusionMarkets Zero,XAUUSD,5072.71,5072.82,0.11,11,Sydney,Tuesday
2026-01-27 02:58:23,FusionMarkets Zero,EURUSD,1.18935,1.18935,0.0,0,Sydney,Tuesday
2026-01-27 02:58:23,FusionMarkets Zero,GBPUSD,1.36961,1.36961,0.0,0,Sydney,Tuesday
2026-01-27 02:58:23,FusionMarkets Zero,USDJPY,154.219,154.219,0.0,0,Sydney,Tuesday
2026-01-27 02:58:23,FusionMarkets Zero,AUDUSD,0.69238,0.69238,0.0,0,Sydney,Tuesday
2026-01-27 02:58:24,FusionMarkets Zero,USDCAD,1.37154,1.37154,0.0,0,Sydney,Tuesday
2026-01-27 02:58:24,FusionMarkets Zero,USDCHF,0.77572,0.77572,0.0,0,Sydney,Tuesday
2026-01-27 02:58:24,FusionMarkets Zero,NZDUSD,0.59728,0.59728,0.0,0,Sydney,Tuesday
2026-01-27 02:58:24,FusionMarkets Zero,GBPJPY,211.214,211.222,0.008,8,Sydney,Tuesday
2026-01-27 02:58:24,FusionMarkets Zero,NAS100,25845.57,25846.37,0.8,80,Sydney,Tuesday
2026-01-27 02:58:25,FusionMarkets Zero,US500,6967.81,6968.17,0.36,36,Sydney,Tuesday
2026-01-27 02:58:25,FusionMarkets Zero,US30,49339.47,49342.27,2.8,280,Sydney,Tuesday
2026-01-27 02:58:25,FusionMarkets Zero,US2000,2666.7,2667.0,0.3,30,Sydney,Tuesday
2026-01-27 02:58:25,FusionMarkets Zero,GER40,24976.03,24979.23,3.2,320,Sydney,Tuesday
2026-01-27 02:58:25,FusionMarkets Zero,UK100,10175.48,10177.03,1.55,155,Sydney,Tuesday
2026-01-27 02:58:27,ThinkMarkets ThinkZero,XAUUSD,5070.98,5071.06,0.08,8,Sydney,Tuesday
2026-01-27 02:58:27,ThinkMarkets ThinkZero,EURUSD,1.18935,1.18936,1e-05,1,Sydney,Tuesday
2026-01-27 02:58:28,ThinkMarkets ThinkZero,GBPUSD,1.36952,1.36959,7e-05,7,Sydney,Tuesday
2026-01-27 02:58:28,ThinkMarkets ThinkZero,USDJPY,154.214,154.22,0.006,6,Sydney,Tuesday
2026-01-27 02:58:28,ThinkMarkets ThinkZero,AUDUSD,0.69236,0.6924,4e-05,4,Sydney,Tuesday
2026-01-27 02:58:28,ThinkMarkets ThinkZero,USDCAD,1.3715,1.37156,6e-05,6,Sydney,Tuesday
2026-01-27 02:58:28,ThinkMarkets ThinkZero,USDCHF,0.77569,0.77573,4e-05,4,Sydney,Tuesday
2026-01-27 02:58:29,ThinkMarkets ThinkZero,NZDUSD,0.59727,0.59729,2e-05,2,Sydney,Tuesday
2026-01-27 02:58:29,ThinkMarkets ThinkZero,GBPJPY,211.206,211.215,0.009,9,Sydney,Tuesday
2026-01-27 02:58:29,ThinkMarkets ThinkZero,NAS100,25864.64,25865.64,1.0,100,Sydney,Tuesday
2026-01-27 02:58:29,ThinkMarkets ThinkZero,US500,6971.07,6971.42,0.35,35,Sydney,Tuesday
2026-01-27 02:58:29,ThinkMarkets ThinkZero,US30,49370.25,49371.75,1.5,150,Sydney,Tuesday
2026-01-27 02:58:30,ThinkMarkets ThinkZero,US2000,2666.8,2667.6,0.8,80,Sydney,Tuesday
2026-01-27 02:58:30,ThinkMarkets ThinkZero,GER40,24982.1,24986.1,4.0,400,Sydney,Tuesday
2026-01-27 02:58:30,ThinkMarkets ThinkZero,UK100,10193.95,10196.25,2.3,230,Sydney,Tuesday
2026-01-27 02:58:32,ICMarkets Raw,XAUUSD,5072.6,5072.68,0.08,8,Sydney,Tuesday
2026-01-27 02:58:32,ICMarkets Raw,EURUSD,1.18934,1.18934,0.0,0,Sydney,Tuesday
2026-01-27 02:58:32,ICMarkets Raw,GBPUSD,1.36957,1.36958,1e-05,1,Sydney,Tuesday
2026-01-27 02:58:32,ICMarkets Raw,USDJPY,154.224,154.224,0.0,0,Sydney,Tuesday
2026-01-27 02:58:33,ICMarkets Raw,AUDUSD,0.69238,0.69238,0.0,0,Sydney,Tuesday
2026-01-27 02:58:33,ICMarkets Raw,USDCAD,1.37154,1.37155,1e-05,1,Sydney,Tuesday
2026-01-27 02:58:33,ICMarkets Raw,USDCHF,0.7757,0.77572,2e-05,2,Sydney,Tuesday
2026-01-27 02:58:33,ICMarkets Raw,NZDUSD,0.59728,0.59729,1e-05,1,Sydney,Tuesday
2026-01-27 02:58:33,ICMarkets Raw,GBPJPY,211.224,211.228,0.004,4,Sydney,Tuesday
2026-01-27 02:58:34,ICMarkets Raw,NAS100,25842.6,25843.6,1.0,100,Sydney,Tuesday
2026-01-27 02:58:34,ICMarkets Raw,US500,6967.1,6967.6,0.5,50,Sydney,Tuesday
2026-01-27 02:58:34,ICMarkets Raw,US30,49336.4,49337.6,1.2,120,Sydney,Tuesday
2026-01-27 02:58:34,ICMarkets Raw,US2000,2665.16,2665.51,0.35,35,Sydney,Tuesday
2026-01-27 02:58:34,ICMarkets Raw,GER40,24968.9,24969.6,0.7,70,Sydney,Tuesday
2026-01-27 02:58:35,ICMarkets Raw,UK100,10172.7,10175.2,2.5,250,Sydney,Tuesday
2026-01-27 02:58:36,VantageMarkets Raw,XAUUSD,5073.02,5073.1,0.08,8,Sydney,Tuesday
2026-01-27 02:58:36,VantageMarkets Raw,EURUSD,1.18935,1.18936,1e-05,1,Sydney,Tuesday
2026-01-27 02:58:37,VantageMarkets Raw,GBPUSD,1.36956,1.36957,1e-05,1,Sydney,Tuesday
2026-01-27 02:58:37,VantageMarkets Raw,USDJPY,154.228,154.229,0.001,1,Sydney,Tuesday
2026-01-27 02:58:37,VantageMarkets Raw,AUDUSD,0.69237,0.6924,3e-05,3,Sydney,Tuesday
2026-01-27 02:58:37,VantageMarkets Raw,USDCAD,1.37152,1.37153,1e-05,1,Sydney,Tuesday
2026-01-27 02:58:37,VantageMarkets Raw,USDCHF,0.77569,0.77572,3e-05,3,Sydney,Tuesday
2026-01-27 02:58:38,VantageMarkets Raw,NZDUSD,0.59728,0.5973,2e-05,2,Sydney,Tuesday
2026-01-27 02:58:38,VantageMarkets Raw,GBPJPY,211.23,211.237,0.007,7,Sydney,Tuesday
2026-01-27 02:58:38,VantageMarkets Raw,NAS100,25864.56,25865.36,0.8,80,Sydney,Tuesday
2026-01-27 02:58:38,VantageMarkets Raw,US500,6971.08,6971.44,0.36,36,Sydney,Tuesday
2026-01-27 02:58:38,VantageMarkets Raw,US30,49371.51,49372.61,1.1,110,Sydney,Tuesday
2026-01-27 02:58:39,VantageMarkets Raw,US2000,2667.01,2667.49,0.48,48,Sydney,Tuesday
2026-01-27 02:58:39,VantageMarkets Raw,GER40,24982.85,24987.35,4.5,450,Sydney,Tuesday
2026-01-27 02:58:39,VantageMarkets Raw,UK100,10194.03,10196.19,2.16,216,Sydney,Tuesday
2026-01-27 02:58:41,FPMarkets Raw,XAUUSD,5073.06,5073.13,0.07,7,Sydney,Tuesday
2026-01-27 02:58:41,FPMarkets Raw,EURUSD,1.18938,1.18939,1e-05,1,Sydney,Tuesday
2026-01-27 02:58:42,FPMarkets Raw,GBPUSD,1.3696,1.36965,5e-05,5,Sydney,Tuesday
2026-01-27 02:58:42,FPMarkets Raw,USDJPY,154.226,154.23,0.004,4,Sydney,Tuesday
2026-01-27 02:58:42,FPMarkets Raw,AUDUSD,0.69237,0.6924,3e-05,3,Sydney,Tuesday
2026-01-27 02:58:42,FPMarkets Raw,USDCAD,1.3715,1.37156,6e-05,6,Sydney,Tuesday
2026-01-27 02:58:42,FPMarkets Raw,USDCHF,0.77565,0.77572,7e-05,7,Sydney,Tuesday
2026-01-27 02:58:43,FPMarkets Raw,NZDUSD,0.59728,0.5973,2e-05,2,Sydney,Tuesday
2026-01-27 02:58:43,FPMarkets Raw,GBPJPY,211.222,211.235,0.013,13,Sydney,Tuesday
2026-01-27 02:58:43,FPMarkets Raw,NAS100,25864.65,25865.25,0.6,60,Sydney,Tuesday
2026-01-27 02:58:43,FPMarkets Raw,US500,6971.38,6971.63,0.25,25,Sydney,Tuesday
2026-01-27 02:58:43,FPMarkets Raw,US30,49371.3,49372.7,1.4,140,Sydney,Tuesday
2026-01-27 02:58:44,FPMarkets Raw,GER40,24983.25,24986.95,3.7,370,Sydney,Tuesday
2026-01-27 02:58:44,FPMarkets Raw,UK100,10193.8,10196.4,2.6,260,Sydney,Tuesday
2026-01-27 02:58:45,8Cap Raw,XAUUSD,5073.02,5073.18,0.16,16,Sydney,Tuesday
2026-01-27 02:58:45,8Cap Raw,EURUSD,1.18938,1.18938,0.0,0,Sydney,Tuesday
2026-01-27 02:58:45,8Cap Raw,GBPUSD,1.36958,1.3696,2e-05,2,Sydney,Tuesday
2026-01-27 02:58:46,8Cap Raw,USDJPY,154.226,154.227,0.001,1,Sydney,Tuesday
2026-01-27 02:58:46,8Cap Raw,AUDUSD,0.69237,0.69239,2e-05,2,Sydney,Tuesday
2026-01-27 02:58:46,8Cap Raw,USDCAD,1.37152,1.37156,4e-05,4,Sydney,Tuesday
2026-01-27 02:58:46,8Cap Raw,USDCHF,0.77567,0.77573,6e-05,6,Sydney,Tuesday
2026-01-27 02:58:46,8Cap Raw,NZDUSD,0.59726,0.59728,2e-05,2,Sydney,Tuesday
2026-01-27 02:58:47,8Cap Raw,GBPJPY,211.215,211.233,0.018,18,Sydney,Tuesday
2026-01-27 02:58:47,8Cap Raw,NAS100,25845.02,25846.42,1.4,140,Sydney,Tuesday
2026-01-27 02:58:47,8Cap Raw,US500,6967.71,6968.27,0.56,56,Sydney,Tuesday
2026-01-27 02:58:47,8Cap Raw,US30,49339.87,49341.87,2.0,200,Sydney,Tuesday
2026-01-27 02:58:47,8Cap Raw,US2000,2666.53,2666.97,0.44,44,Sydney,Tuesday
2026-01-27 02:58:48,8Cap Raw,GER40,24976.13,24979.13,3.0,300,Sydney,Tuesday
2026-01-27 02:58:48,8Cap Raw,UK100,10175.58,10177.18,1.6,160,Sydney,Tuesday
2026-01-27 03:03:18,Pepperstone Razor,XAUUSD,5068.1,5068.4,0.3,30,Sydney,Tuesday
2026-01-27 03:03:18,Pepperstone Razor,EURUSD,1.18889,1.18889,0.0,0,Sydney,Tuesday
2026-01-27 03:03:18,Pepperstone Razor,GBPUSD,1.36927,1.36927,0.0,0,Sydney,Tuesday
2026-01-27 03:03:18,Pepperstone Razor,USDJPY,154.286,154.289,0.003,3,Sydney,Tuesday
2026-01-27 03:03:18,Pepperstone Razor,AUDUSD,0.69204,0.69204,0.0,0,Sydney,Tuesday
2026-01-27 03:03:19,Pepperstone Razor,USDCAD,1.3719,1.37194,4e-05,4,Sydney,Tuesday
2026-01-27 03:03:19,Pepperstone Razor,USDCHF,0.77611,0.77613,2e-05,2,Sydney,Tuesday
2026-01-27 03:03:19,Pepperstone Razor,NZDUSD,0.59699,0.59701,2e-05,2,Sydney,Tuesday
2026-01-27 03:03:19,Pepperstone Razor,GBPJPY,211.256,211.263,0.007,7,Sydney,Tuesday
2026-01-27 03:03:19,Pepperstone Razor,NAS100,25847.7,25849.2,1.5,15,Sydney,Tuesday
2026-01-27 03:03:20,Pepperstone Razor,US500,6967.8,6968.3,0.5,5,Sydney,Tuesday
2026-01-27 03:03:20,Pepperstone Razor,US30,49320.5,49322.6,2.1,21,Sydney,Tuesday
2026-01-27 03:03:20,Pepperstone Razor,US2000,2666.7,2667.0,0.3,3,Sydney,Tuesday
2026-01-27 03:03:20,Pepperstone Razor,GER40,24969.7,24971.7,2.0,20,Sydney,Tuesday
2026-01-27 03:03:20,Pepperstone Razor,UK100,10174.8,10176.7,1.9,19,Sydney,Tuesday
2026-01-27 03:03:22,FusionMarkets Zero,XAUUSD,5072.03,5072.15,0.12,12,Sydney,Tuesday
2026-01-27 03:03:22,FusionMarkets Zero,EURUSD,1.18889,1.18889,0.0,0,Sydney,Tuesday
2026-01-27 03:03:23,FusionMarkets Zero,GBPUSD,1.36926,1.36926,0.0,0,Sydney,Tuesday
2026-01-27 03:03:23,FusionMarkets Zero,USDJPY,154.288,154.288,0.0,0,Sydney,Tuesday
2026-01-27 03:03:23,FusionMarkets Zero,AUDUSD,0.69206,0.69206,0.0,0,Sydney,Tuesday
2026-01-27 03:03:23,FusionMarkets Zero,USDCAD,1.37193,1.37193,0.0,0,Sydney,Tuesday
2026-01-27 03:03:23,FusionMarkets Zero,USDCHF,0.77612,0.77612,0.0,0,Sydney,Tuesday
2026-01-27 03:03:24,FusionMarkets Zero,NZDUSD,0.59703,0.59703,0.0,0,Sydney,Tuesday
2026-01-27 03:03:24,FusionMarkets Zero,GBPJPY,211.256,211.265,0.009,9,Sydney,Tuesday
2026-01-27 03:03:24,FusionMarkets Zero,NAS100,25848.07,25848.87,0.8,80,Sydney,Tuesday
2026-01-27 03:03:24,FusionMarkets Zero,US500,6967.81,6968.17,0.36,36,Sydney,Tuesday
2026-01-27 03:03:24,FusionMarkets Zero,US30,49334.47,49337.27,2.8,280,Sydney,Tuesday
2026-01-27 03:03:25,FusionMarkets Zero,US2000,2666.9,2667.2,0.3,30,Sydney,Tuesday
2026-01-27 03:03:25,FusionMarkets Zero,GER40,24978.53,24981.73,3.2,320,Sydney,Tuesday
2026-01-27 03:03:25,FusionMarkets Zero,UK100,10174.98,10176.78,1.8,180,Sydney,Tuesday
2026-01-27 03:03:27,ThinkMarkets ThinkZero,XAUUSD,5069.85,5069.93,0.08,8,Sydney,Tuesday
2026-01-27 03:03:27,ThinkMarkets ThinkZero,EURUSD,1.18888,1.1889,2e-05,2,Sydney,Tuesday
2026-01-27 03:03:27,ThinkMarkets ThinkZero,GBPUSD,1.36924,1.36929,5e-05,5,Sydney,Tuesday
2026-01-27 03:03:27,ThinkMarkets ThinkZero,USDJPY,154.286,154.29,0.004,4,Sydney,Tuesday
2026-01-27 03:03:28,ThinkMarkets ThinkZero,AUDUSD,0.69201,0.69205,4e-05,4,Sydney,Tuesday
2026-01-27 03:03:28,ThinkMarkets ThinkZero,USDCAD,1.3719,1.37196,6e-05,6,Sydney,Tuesday
2026-01-27 03:03:28,ThinkMarkets ThinkZero,USDCHF,0.7761,0.77615,5e-05,5,Sydney,Tuesday
2026-01-27 03:03:28,ThinkMarkets ThinkZero,NZDUSD,0.59696,0.597,4e-05,4,Sydney,Tuesday
2026-01-27 03:03:28,ThinkMarkets ThinkZero,GBPJPY,211.253,211.266,0.013,13,Sydney,Tuesday
2026-01-27 03:03:29,ThinkMarkets ThinkZero,NAS100,25867.14,25868.14,1.0,100,Sydney,Tuesday
2026-01-27 03:03:29,ThinkMarkets ThinkZero,US500,6971.07,6971.42,0.35,35,Sydney,Tuesday
2026-01-27 03:03:29,ThinkMarkets ThinkZero,US30,49366.25,49367.75,1.5,150,Sydney,Tuesday
2026-01-27 03:03:29,ThinkMarkets ThinkZero,US2000,2667.1,2667.9,0.8,80,Sydney,Tuesday
2026-01-27 03:03:29,ThinkMarkets ThinkZero,GER40,24984.6,24989.6,5.0,500,Sydney,Tuesday
2026-01-27 03:03:30,ThinkMarkets ThinkZero,UK100,10193.45,10195.75,2.3,230,Sydney,Tuesday
2026-01-27 03:03:31,ICMarkets Raw,XAUUSD,5073.05,5073.17,0.12,12,Sydney,Tuesday
2026-01-27 03:03:31,ICMarkets Raw,EURUSD,1.18888,1.18889,1e-05,1,Sydney,Tuesday
2026-01-27 03:03:32,ICMarkets Raw,GBPUSD,1.36927,1.36928,1e-05,1,Sydney,Tuesday
2026-01-27 03:03:32,ICMarkets Raw,USDJPY,154.29,154.29,0.0,0,Sydney,Tuesday
2026-01-27 03:03:32,ICMarkets Raw,AUDUSD,0.69196,0.69198,2e-05,2,Sydney,Tuesday
2026-01-27 03:03:32,ICMarkets Raw,USDCAD,1.37193,1.37194,1e-05,1,Sydney,Tuesday
2026-01-27 03:03:32,ICMarkets Raw,USDCHF,0.77608,0.77613,5e-05,5,Sydney,Tuesday
2026-01-27 03:03:33,ICMarkets Raw,NZDUSD,0.59696,0.597,4e-05,4,Sydney,Tuesday
2026-01-27 03:03:33,ICMarkets Raw,GBPJPY,211.263,211.267,0.004,4,Sydney,Tuesday
2026-01-27 03:03:33,ICMarkets Raw,NAS100,25844.6,25845.6,1.0,100,Sydney,Tuesday
2026-01-27 03:03:33,ICMarkets Raw,US500,6967.1,6967.6,0.5,50,Sydney,Tuesday
2026-01-27 03:03:33,ICMarkets Raw,US30,49331.9,49333.1,1.2,120,Sydney,Tuesday
2026-01-27 03:03:34,ICMarkets Raw,US2000,2665.47,2665.69,0.22,22,Sydney,Tuesday
2026-01-27 03:03:34,ICMarkets Raw,GER40,24970.9,24971.6,0.7,70,Sydney,Tuesday
2026-01-27 03:03:34,ICMarkets Raw,UK100,10172.2,10174.7,2.5,250,Sydney,Tuesday
2026-01-27 03:03:36,VantageMarkets Raw,XAUUSD,5070.43,5070.51,0.08,8,Sydney,Tuesday
2026-01-27 03:03:36,VantageMarkets Raw,EURUSD,1.18888,1.1889,2e-05,2,Sydney,Tuesday
2026-01-27 03:03:36,VantageMarkets Raw,GBPUSD,1.36927,1.36928,1e-05,1,Sydney,Tuesday
2026-01-27 03:03:36,VantageMarkets Raw,USDJPY,154.287,154.289,0.002,2,Sydney,Tuesday
2026-01-27 03:03:36,VantageMarkets Raw,AUDUSD,0.69194,0.69198,4e-05,4,Sydney,Tuesday
2026-01-27 03:03:37,VantageMarkets Raw,USDCAD,1.37192,1.37192,0.0,0,Sydney,Tuesday
2026-01-27 03:03:37,VantageMarkets Raw,USDCHF,0.77608,0.77615,7e-05,7,Sydney,Tuesday
2026-01-27 03:03:37,VantageMarkets Raw,NZDUSD,0.59697,0.59699,2e-05,2,Sydney,Tuesday
2026-01-27 03:03:37,VantageMarkets Raw,GBPJPY,211.26,211.264,0.004,4,Sydney,Tuesday
2026-01-27 03:03:37,VantageMarkets Raw,NAS100,25866.56,25867.36,0.8,80,Sydney,Tuesday
2026-01-27 03:03:38,VantageMarkets Raw,US500,6971.09,6971.45,0.36,36,Sydney,Tuesday
2026-01-27 03:03:38,VantageMarkets Raw,US30,49365.51,49366.61,1.1,110,Sydney,Tuesday
2026-01-27 03:03:38,VantageMarkets Raw,US2000,2667.16,2667.64,0.48,48,Sydney,Tuesday
2026-01-27 03:03:38,VantageMarkets Raw,GER40,24984.85,24989.35,4.5,450,Sydney,Tuesday
2026-01-27 03:03:39,VantageMarkets Raw,UK100,10194.03,10196.19,2.16,216,Sydney,Tuesday
2026-01-27 03:03:41,FPMarkets Raw,XAUUSD,5070.15,5070.22,0.07,7,Sydney,Tuesday
2026-01-27 03:03:41,FPMarkets Raw,EURUSD,1.18882,1.18884,2e-05,2,Sydney,Tuesday
2026-01-27 03:03:41,FPMarkets Raw,GBPUSD,1.36921,1.36926,5e-05,5,Sydney,Tuesday
2026-01-27 03:03:41,FPMarkets Raw,USDJPY,154.287,154.291,0.004,4,Sydney,Tuesday
2026-01-27 03:03:41,FPMarkets Raw,AUDUSD,0.69193,0.69196,3e-05,3,Sydney,Tuesday
2026-01-27 03:03:42,FPMarkets Raw,USDCAD,1.37192,1.37198,6e-05,6,Sydney,Tuesday
2026-01-27 03:03:42,FPMarkets Raw,USDCHF,0.7761,0.77617,7e-05,7,Sydney,Tuesday
2026-01-27 03:03:42,FPMarkets Raw,NZDUSD,0.59697,0.59699,2e-05,2,Sydney,Tuesday
2026-01-27 03:03:42,FPMarkets Raw,GBPJPY,211.248,211.266,0.018,18,Sydney,Tuesday
2026-01-27 03:03:42,FPMarkets Raw,NAS100,25867.15,25867.75,0.6,60,Sydney,Tuesday
2026-01-27 03:03:43,FPMarkets Raw,US500,6971.12,6971.37,0.25,25,Sydney,Tuesday
2026-01-27 03:03:43,FPMarkets Raw,US30,49366.3,49367.7,1.4,140,Sydney,Tuesday
2026-01-27 03:03:43,FPMarkets Raw,GER40,24984.25,24987.95,3.7,370,Sydney,Tuesday
2026-01-27 03:03:43,FPMarkets Raw,UK100,10193.8,10196.4,2.6,260,Sydney,Tuesday
2026-01-27 03:03:44,8Cap Raw,XAUUSD,5070.33,5070.49,0.16,16,Sydney,Tuesday
2026-01-27 03:03:45,8Cap Raw,EURUSD,1.18883,1.18884,1e-05,1,Sydney,Tuesday
2026-01-27 03:03:45,8Cap Raw,GBPUSD,1.36923,1.36924,1e-05,1,Sydney,Tuesday
2026-01-27 03:03:45,8Cap Raw,USDJPY,154.289,154.29,0.001,1,Sydney,Tuesday
2026-01-27 03:03:45,8Cap Raw,AUDUSD,0.69193,0.69197,4e-05,4,Sydney,Tuesday
2026-01-27 03:03:45,8Cap Raw,USDCAD,1.37195,1.37198,3e-05,3,Sydney,Tuesday
2026-01-27 03:03:46,8Cap Raw,USDCHF,0.77611,0.77617,6e-05,6,Sydney,Tuesday
2026-01-27 03:03:46,8Cap Raw,NZDUSD,0.59696,0.59698,2e-05,2,Sydney,Tuesday
2026-01-27 03:03:46,8Cap Raw,GBPJPY,211.247,211.269,0.022,22,Sydney,Tuesday
2026-01-27 03:03:46,8Cap Raw,NAS100,25847.64,25849.04,1.4,140,Sydney,Tuesday
2026-01-27 03:03:46,8Cap Raw,US500,6967.71,6968.27,0.56,56,Sydney,Tuesday
2026-01-27 03:03:47,8Cap Raw,US30,49334.87,49336.87,2.0,200,Sydney,Tuesday
2026-01-27 03:03:47,8Cap Raw,US2000,2666.83,2667.37,0.54,54,Sydney,Tuesday
2026-01-27 03:03:47,8Cap Raw,GER40,24978.13,24981.13,3.0,300,Sydney,Tuesday
2026-01-27 03:03:47,8Cap Raw,UK100,10175.08,10176.68,1.6,160,Sydney,Tuesday
2026-01-27 03:08:18,Pepperstone Razor,XAUUSD,5067.81,5068.08,0.27,27,Sydney,Tuesday
2026-01-27 03:08:18,Pepperstone Razor,EURUSD,1.18872,1.18872,0.0,0,Sydney,Tuesday
2026-01-27 03:08:18,Pepperstone Razor,GBPUSD,1.3692,1.36921,1e-05,1,Sydney,Tuesday
2026-01-27 03:08:18,Pepperstone Razor,USDJPY,154.249,154.252,0.003,3,Sydney,Tuesday
2026-01-27 03:08:19,Pepperstone Razor,AUDUSD,0.69189,0.6919,1e-05,1,Sydney,Tuesday
2026-01-27 03:08:19,Pepperstone Razor,USDCAD,1.37203,1.37204,1e-05,1,Sydney,Tuesday
2026-01-27 03:08:19,Pepperstone Razor,USDCHF,0.77614,0.77614,0.0,0,Sydney,Tuesday
2026-01-27 03:08:19,Pepperstone Razor,NZDUSD,0.59689,0.59691,2e-05,2,Sydney,Tuesday
2026-01-27 03:08:19,Pepperstone Razor,GBPJPY,211.203,211.21,0.007,7,Sydney,Tuesday
2026-01-27 03:08:20,Pepperstone Razor,NAS100,25847.9,25849.4,1.5,15,Sydney,Tuesday
2026-01-27 03:08:20,Pepperstone Razor,US500,6968.6,6969.0,0.4,4,Sydney,Tuesday
2026-01-27 03:08:20,Pepperstone Razor,US30,49329.4,49331.5,2.1,21,Sydney,Tuesday
2026-01-27 03:08:20,Pepperstone Razor,US2000,2667.1,2667.6,0.5,5,Sydney,Tuesday
2026-01-27 03:08:20,Pepperstone Razor,GER40,24967.2,24969.2,2.0,20,Sydney,Tuesday
2026-01-27 03:08:21,Pepperstone Razor,UK100,10173.4,10175.5,2.1,21,Sydney,Tuesday
2026-01-27 03:08:22,FusionMarkets Zero,XAUUSD,5068.5,5068.63,0.13,13,Sydney,Tuesday
2026-01-27 03:08:23,FusionMarkets Zero,EURUSD,1.18873,1.18873,0.0,0,Sydney,Tuesday
2026-01-27 03:08:23,FusionMarkets Zero,GBPUSD,1.36924,1.36924,0.0,0,Sydney,Tuesday
2026-01-27 03:08:23,FusionMarkets Zero,USDJPY,154.241,154.242,0.001,1,Sydney,Tuesday
2026-01-27 03:08:23,FusionMarkets Zero,AUDUSD,0.6919,0.6919,0.0,0,Sydney,Tuesday
2026-01-27 03:08:23,FusionMarkets Zero,USDCAD,1.37203,1.37203,0.0,0,Sydney,Tuesday
2026-01-27 03:08:24,FusionMarkets Zero,USDCHF,0.77618,0.77618,0.0,0,Sydney,Tuesday
2026-01-27 03:08:24,FusionMarkets Zero,NZDUSD,0.59689,0.59689,0.0,0,Sydney,Tuesday
2026-01-27 03:08:24,FusionMarkets Zero,GBPJPY,211.207,211.215,0.008,8,Sydney,Tuesday
2026-01-27 03:08:24,FusionMarkets Zero,NAS100,25848.57,25849.37,0.8,80,Sydney,Tuesday
2026-01-27 03:08:25,FusionMarkets Zero,US500,6968.56,6968.92,0.36,36,Sydney,Tuesday
2026-01-27 03:08:25,FusionMarkets Zero,US30,49343.47,49346.27,2.8,280,Sydney,Tuesday
2026-01-27 03:08:25,FusionMarkets Zero,US2000,2667.2,2667.6,0.4,40,Sydney,Tuesday
2026-01-27 03:08:25,FusionMarkets Zero,GER40,24976.03,24979.23,3.2,320,Sydney,Tuesday
2026-01-27 03:08:25,FusionMarkets Zero,UK100,10173.48,10175.28,1.8,180,Sydney,Tuesday
2026-01-27 03:08:27,ThinkMarkets ThinkZero,XAUUSD,5068.85,5068.93,0.08,8,Sydney,Tuesday
2026-01-27 03:08:27,ThinkMarkets ThinkZero,EURUSD,1.18868,1.18871,3e-05,3,Sydney,Tuesday
2026-01-27 03:08:28,ThinkMarkets ThinkZero,GBPUSD,1.36915,1.36922,7e-05,7,Sydney,Tuesday
2026-01-27 03:08:28,ThinkMarkets ThinkZero,USDJPY,154.248,154.252,0.004,4,Sydney,Tuesday
2026-01-27 03:08:28,ThinkMarkets ThinkZero,AUDUSD,0.69185,0.69188,3e-05,3,Sydney,Tuesday
2026-01-27 03:08:28,ThinkMarkets ThinkZero,USDCAD,1.372,1.37206,6e-05,6,Sydney,Tuesday
2026-01-27 03:08:28,ThinkMarkets ThinkZero,USDCHF,0.77615,0.77619,4e-05,4,Sydney,Tuesday
2026-01-27 03:08:29,ThinkMarkets ThinkZero,NZDUSD,0.59687,0.59689,2e-05,2,Sydney,Tuesday
2026-01-27 03:08:29,ThinkMarkets ThinkZero,GBPJPY,211.191,211.202,0.011,11,Sydney,Tuesday
2026-01-27 03:08:29,ThinkMarkets ThinkZero,NAS100,25867.14,25868.14,1.0,100,Sydney,Tuesday
2026-01-27 03:08:29,ThinkMarkets ThinkZero,US500,6971.83,6972.18,0.35,35,Sydney,Tuesday
2026-01-27 03:08:29,ThinkMarkets ThinkZero,US30,49375.25,49376.75,1.5,150,Sydney,Tuesday
2026-01-27 03:08:30,ThinkMarkets ThinkZero,US2000,2667.5,2668.3,0.8,80,Sydney,Tuesday
2026-01-27 03:08:30,ThinkMarkets ThinkZero,GER40,24980.6,24987.6,7.0,700,Sydney,Tuesday
2026-01-27 03:08:30,ThinkMarkets ThinkZero,UK100,10191.95,10194.25,2.3,230,Sydney,Tuesday
2026-01-27 03:08:31,ICMarkets Raw,XAUUSD,5070.42,5070.54,0.12,12,Sydney,Tuesday
2026-01-27 03:08:32,ICMarkets Raw,EURUSD,1.18869,1.18869,0.0,0,Sydney,Tuesday
2026-01-27 03:08:32,ICMarkets Raw,GBPUSD,1.36918,1.36921,3e-05,3,Sydney,Tuesday
2026-01-27 03:08:32,ICMarkets Raw,USDJPY,154.249,154.251,0.002,2,Sydney,Tuesday
2026-01-27 03:08:32,ICMarkets Raw,AUDUSD,0.69185,0.69185,0.0,0,Sydney,Tuesday
2026-01-27 03:08:32,ICMarkets Raw,USDCAD,1.37205,1.37206,1e-05,1,Sydney,Tuesday
2026-01-27 03:08:33,ICMarkets Raw,USDCHF,0.77616,0.77618,2e-05,2,Sydney,Tuesday
2026-01-27 03:08:33,ICMarkets Raw,NZDUSD,0.59687,0.59687,0.0,0,Sydney,Tuesday
2026-01-27 03:08:33,ICMarkets Raw,GBPJPY,211.191,211.198,0.007,7,Sydney,Tuesday
2026-01-27 03:08:33,ICMarkets Raw,NAS100,25844.8,25845.8,1.0,100,Sydney,Tuesday
2026-01-27 03:08:33,ICMarkets Raw,US500,6967.6,6968.1,0.5,50,Sydney,Tuesday
2026-01-27 03:08:34,ICMarkets Raw,US30,49341.9,49343.1,1.2,120,Sydney,Tuesday
2026-01-27 03:08:34,ICMarkets Raw,US2000,2665.86,2666.21,0.35,35,Sydney,Tuesday
2026-01-27 03:08:34,ICMarkets Raw,GER40,24969.4,24970.1,0.7,70,Sydney,Tuesday
2026-01-27 03:08:34,ICMarkets Raw,UK100,10171.0,10173.5,2.5,250,Sydney,Tuesday
2026-01-27 03:08:36,VantageMarkets Raw,XAUUSD,5070.14,5070.22,0.08,8,Sydney,Tuesday
2026-01-27 03:08:36,VantageMarkets Raw,EURUSD,1.18868,1.1887,2e-05,2,Sydney,Tuesday
2026-01-27 03:08:36,VantageMarkets Raw,GBPUSD,1.36917,1.36918,1e-05,1,Sydney,Tuesday
2026-01-27 03:08:37,VantageMarkets Raw,USDJPY,154.249,154.255,0.006,6,Sydney,Tuesday
2026-01-27 03:08:37,VantageMarkets Raw,AUDUSD,0.69182,0.69185,3e-05,3,Sydney,Tuesday
2026-01-27 03:08:37,VantageMarkets Raw,USDCAD,1.37208,1.37208,0.0,0,Sydney,Tuesday
2026-01-27 03:08:37,VantageMarkets Raw,USDCHF,0.77616,0.77624,8e-05,8,Sydney,Tuesday
2026-01-27 03:08:38,VantageMarkets Raw,NZDUSD,0.59687,0.59689,2e-05,2,Sydney,Tuesday
2026-01-27 03:08:38,VantageMarkets Raw,GBPJPY,211.191,211.199,0.008,8,Sydney,Tuesday
2026-01-27 03:08:38,VantageMarkets Raw,NAS100,25867.06,25867.86,0.8,80,Sydney,Tuesday
2026-01-27 03:08:38,VantageMarkets Raw,US500,6971.84,6972.2,0.36,36,Sydney,Tuesday
2026-01-27 03:08:38,VantageMarkets Raw,US30,49375.51,49376.61,1.1,110,Sydney,Tuesday
2026-01-27 03:08:39,VantageMarkets Raw,US2000,2667.66,2668.14,0.48,48,Sydney,Tuesday
2026-01-27 03:08:39,VantageMarkets Raw,GER40,24981.35,24988.85,7.5,750,Sydney,Tuesday
2026-01-27 03:08:39,VantageMarkets Raw,UK100,10192.53,10194.69,2.16,216,Sydney,Tuesday
2026-01-27 03:08:41,FPMarkets Raw,XAUUSD,5070.03,5070.1,0.07,7,Sydney,Tuesday
2026-01-27 03:08:41,FPMarkets Raw,EURUSD,1.18864,1.18866,2e-05,2,Sydney,Tuesday
2026-01-27 03:08:41,FPMarkets Raw,GBPUSD,1.36915,1.3692,5e-05,5,Sydney,Tuesday
2026-01-27 03:08:41,FPMarkets Raw,USDJPY,154.247,154.251,0.004,4,Sydney,Tuesday
2026-01-27 03:08:42,FPMarkets Raw,AUDUSD,0.69187,0.6919,3e-05,3,Sydney,Tuesday
2026-01-27 03:08:42,FPMarkets Raw,USDCAD,1.37204,1.3721,6e-05,6,Sydney,Tuesday
2026-01-27 03:08:42,FPMarkets Raw,USDCHF,0.77616,0.77623,7e-05,7,Sydney,Tuesday
2026-01-27 03:08:42,FPMarkets Raw,NZDUSD,0.59687,0.59689,2e-05,2,Sydney,Tuesday
2026-01-27 03:08:42,FPMarkets Raw,GBPJPY,211.187,211.202,0.015,15,Sydney,Tuesday
2026-01-27 03:08:43,FPMarkets Raw,NAS100,25866.9,25867.5,0.6,60,Sydney,Tuesday
2026-01-27 03:08:43,FPMarkets Raw,US500,6971.88,6972.13,0.25,25,Sydney,Tuesday
2026-01-27 03:08:43,FPMarkets Raw,US30,49376.3,49377.7,1.4,140,Sydney,Tuesday
2026-01-27 03:08:43,FPMarkets Raw,GER40,24982.75,24987.45,4.7,470,Sydney,Tuesday
2026-01-27 03:08:43,FPMarkets Raw,UK100,10192.3,10194.9,2.6,260,Sydney,Tuesday
2026-01-27 03:08:45,8Cap Raw,XAUUSD,5070.31,5070.47,0.16,16,Sydney,Tuesday
2026-01-27 03:08:45,8Cap Raw,EURUSD,1.18868,1.18869,1e-05,1,Sydney,Tuesday
2026-01-27 03:08:45,8Cap Raw,GBPUSD,1.36918,1.36919,1e-05,1,Sydney,Tuesday
2026-01-27 03:08:45,8Cap Raw,USDJPY,154.249,154.253,0.004,4,Sydney,Tuesday
2026-01-27 03:08:46,8Cap Raw,AUDUSD,0.69186,0.69189,3e-05,3,Sydney,Tuesday
2026-01-27 03:08:46,8Cap Raw,USDCAD,1.37204,1.37207,3e-05,3,Sydney,Tuesday
2026-01-27 03:08:46,8Cap Raw,USDCHF,0.77617,0.7762,3e-05,3,Sydney,Tuesday
2026-01-27 03:08:46,8Cap Raw,NZDUSD,0.59688,0.59689,1e-05,1,Sydney,Tuesday
2026-01-27 03:08:46,8Cap Raw,GBPJPY,211.194,211.21,0.016,16,Sydney,Tuesday
2026-01-27 03:08:47,8Cap Raw,NAS100,25847.52,25848.92,1.4,140,Sydney,Tuesday
2026-01-27 03:08:47,8Cap Raw,US500,6968.21,6968.77,0.56,56,Sydney,Tuesday
2026-01-27 03:08:47,8Cap Raw,US30,49344.87,49346.87,2.0,200,Sydney,Tuesday
2026-01-27 03:08:47,8Cap Raw,US2000,2667.23,2667.67,0.44,44,Sydney,Tuesday
2026-01-27 03:08:47,8Cap Raw,GER40,24975.13,24978.13,3.0,300,Sydney,Tuesday
2026-01-27 03:08:48,8Cap Raw,UK100,10174.03,10175.23,1.2,120,Sydney,Tuesday
2026-01-27 03:13:18,Pepperstone Razor,XAUUSD,5068.5,5068.68,0.18,18,Sydney,Tuesday
2026-01-27 03:13:18,Pepperstone Razor,EURUSD,1.18861,1.18861,0.0,0,Sydney,Tuesday
2026-01-27 03:13:18,Pepperstone Razor,GBPUSD,1.36904,1.36904,0.0,0,Sydney,Tuesday
2026-01-27 03:13:18,Pepperstone Razor,USDJPY,154.321,154.324,0.003,3,Sydney,Tuesday
2026-01-27 03:13:18,Pepperstone Razor,AUDUSD,0.69169,0.69169,0.0,0,Sydney,Tuesday
2026-01-27 03:13:19,Pepperstone Razor,USDCAD,1.3722,1.37222,2e-05,2,Sydney,Tuesday
2026-01-27 03:13:19,Pepperstone Razor,USDCHF,0.77631,0.77634,3e-05,3,Sydney,Tuesday
2026-01-27 03:13:19,Pepperstone Razor,NZDUSD,0.59663,0.59665,2e-05,2,Sydney,Tuesday
2026-01-27 03:13:19,Pepperstone Razor,GBPJPY,211.269,211.276,0.007,7,Sydney,Tuesday
2026-01-27 03:13:19,Pepperstone Razor,NAS100,25841.2,25842.7,1.5,15,Sydney,Tuesday
2026-01-27 03:13:20,Pepperstone Razor,US500,6967.3,6967.8,0.5,5,Sydney,Tuesday
2026-01-27 03:13:20,Pepperstone Razor,US30,49323.8,49326.0,2.2,22,Sydney,Tuesday
2026-01-27 03:13:20,Pepperstone Razor,US2000,2666.5,2666.9,0.4,4,Sydney,Tuesday
2026-01-27 03:13:20,Pepperstone Razor,GER40,24959.3,24961.3,2.0,20,Sydney,Tuesday
2026-01-27 03:13:20,Pepperstone Razor,UK100,10170.7,10172.5,1.8,18,Sydney,Tuesday
2026-01-27 03:13:22,FusionMarkets Zero,XAUUSD,5067.47,5067.58,0.11,11,Sydney,Tuesday
2026-01-27 03:13:22,FusionMarkets Zero,EURUSD,1.18863,1.18863,0.0,0,Sydney,Tuesday
2026-01-27 03:13:23,FusionMarkets Zero,GBPUSD,1.36902,1.36902,0.0,0,Sydney,Tuesday
2026-01-27 03:13:23,FusionMarkets Zero,USDJPY,154.324,154.324,0.0,0,Sydney,Tuesday
2026-01-27 03:13:23,FusionMarkets Zero,AUDUSD,0.69172,0.69172,0.0,0,Sydney,Tuesday
2026-01-27 03:13:23,FusionMarkets Zero,USDCAD,1.37221,1.37221,0.0,0,Sydney,Tuesday
2026-01-27 03:13:23,FusionMarkets Zero,USDCHF,0.77634,0.77634,0.0,0,Sydney,Tuesday
2026-01-27 03:13:24,FusionMarkets Zero,NZDUSD,0.59666,0.59666,0.0,0,Sydney,Tuesday
2026-01-27 03:13:24,FusionMarkets Zero,GBPJPY,211.273,211.281,0.008,8,Sydney,Tuesday
2026-01-27 03:13:24,FusionMarkets Zero,NAS100,25842.07,25842.87,0.8,80,Sydney,Tuesday
2026-01-27 03:13:24,FusionMarkets Zero,US500,6967.31,6967.67,0.36,36,Sydney,Tuesday
2026-01-27 03:13:24,FusionMarkets Zero,US30,49338.47,49341.27,2.8,280,Sydney,Tuesday
2026-01-27 03:13:25,FusionMarkets Zero,US2000,2666.7,2667.0,0.3,30,Sydney,Tuesday
2026-01-27 03:13:25,FusionMarkets Zero,GER40,24969.03,24972.23,3.2,320,Sydney,Tuesday
2026-01-27 03:13:25,FusionMarkets Zero,UK100,10170.98,10172.78,1.8,180,Sydney,Tuesday
2026-01-27 03:13:27,ThinkMarkets ThinkZero,XAUUSD,5065.53,5065.61,0.08,8,Sydney,Tuesday
2026-01-27 03:13:27,ThinkMarkets ThinkZero,EURUSD,1.18864,1.18865,1e-05,1,Sydney,Tuesday
2026-01-27 03:13:27,ThinkMarkets ThinkZero,GBPUSD,1.36902,1.36908,6e-05,6,Sydney,Tuesday
2026-01-27 03:13:28,ThinkMarkets ThinkZero,USDJPY,154.32,154.325,0.005,5,Sydney,Tuesday
2026-01-27 03:13:28,ThinkMarkets ThinkZero,AUDUSD,0.69174,0.69176,2e-05,2,Sydney,Tuesday
2026-01-27 03:13:28,ThinkMarkets ThinkZero,USDCAD,1.37217,1.37221,4e-05,4,Sydney,Tuesday
2026-01-27 03:13:28,ThinkMarkets ThinkZero,USDCHF,0.7763,0.77635,5e-05,5,Sydney,Tuesday
2026-01-27 03:13:28,ThinkMarkets ThinkZero,NZDUSD,0.59665,0.59667,2e-05,2,Sydney,Tuesday
2026-01-27 03:13:29,ThinkMarkets ThinkZero,GBPJPY,211.271,211.282,0.011,11,Sydney,Tuesday
2026-01-27 03:13:29,ThinkMarkets ThinkZero,NAS100,25861.14,25862.14,1.0,100,Sydney,Tuesday
2026-01-27 03:13:29,ThinkMarkets ThinkZero,US500,6970.83,6971.18,0.35,35,Sydney,Tuesday
2026-01-27 03:13:29,ThinkMarkets ThinkZero,US30,49370.25,49371.75,1.5,150,Sydney,Tuesday
2026-01-27 03:13:29,ThinkMarkets ThinkZero,US2000,2666.8,2667.6,0.8,80,Sydney,Tuesday
2026-01-27 03:13:30,ThinkMarkets ThinkZero,GER40,24972.6,24982.6,10.0,1000,Sydney,Tuesday
2026-01-27 03:13:30,ThinkMarkets ThinkZero,UK100,10189.45,10191.75,2.3,230,Sydney,Tuesday
2026-01-27 03:13:32,ICMarkets Raw,XAUUSD,5070.11,5070.17,0.06,6,Sydney,Tuesday
2026-01-27 03:13:32,ICMarkets Raw,EURUSD,1.18861,1.18861,0.0,0,Sydney,Tuesday
2026-01-27 03:13:32,ICMarkets Raw,GBPUSD,1.36902,1.36903,1e-05,1,Sydney,Tuesday
2026-01-27 03:13:32,ICMarkets Raw,USDJPY,154.325,154.325,0.0,0,Sydney,Tuesday
2026-01-27 03:13:33,ICMarkets Raw,AUDUSD,0.69172,0.69172,0.0,0,Sydney,Tuesday
2026-01-27 03:13:33,ICMarkets Raw,USDCAD,1.37222,1.37223,1e-05,1,Sydney,Tuesday
2026-01-27 03:13:33,ICMarkets Raw,USDCHF,0.77632,0.77634,2e-05,2,Sydney,Tuesday
2026-01-27 03:13:33,ICMarkets Raw,NZDUSD,0.59665,0.59665,0.0,0,Sydney,Tuesday
2026-01-27 03:13:33,ICMarkets Raw,GBPJPY,211.272,211.276,0.004,4,Sydney,Tuesday
2026-01-27 03:13:34,ICMarkets Raw,NAS100,25839.0,25840.0,1.0,100,Sydney,Tuesday
2026-01-27 03:13:34,ICMarkets Raw,US500,6966.6,6967.1,0.5,50,Sydney,Tuesday
2026-01-27 03:13:34,ICMarkets Raw,US30,49335.9,49337.1,1.2,120,Sydney,Tuesday
2026-01-27 03:13:34,ICMarkets Raw,US2000,2665.17,2665.59,0.42,42,Sydney,Tuesday
2026-01-27 03:13:34,ICMarkets Raw,GER40,24961.9,24962.6,0.7,70,Sydney,Tuesday
2026-01-27 03:13:35,ICMarkets Raw,UK100,10168.0,10170.5,2.5,250,Sydney,Tuesday
2026-01-27 03:13:36,VantageMarkets Raw,XAUUSD,5064.86,5064.94,0.08,8,Sydney,Tuesday
2026-01-27 03:13:37,VantageMarkets Raw,EURUSD,1.18862,1.18864,2e-05,2,Sydney,Tuesday
2026-01-27 03:13:37,VantageMarkets Raw,GBPUSD,1.36903,1.36904,1e-05,1,Sydney,Tuesday
2026-01-27 03:13:37,VantageMarkets Raw,USDJPY,154.32,154.324,0.004,4,Sydney,Tuesday
2026-01-27 03:13:37,VantageMarkets Raw,AUDUSD,0.6917,0.69174,4e-05,4,Sydney,Tuesday
2026-01-27 03:13:37,VantageMarkets Raw,USDCAD,1.37222,1.37222,0.0,0,Sydney,Tuesday
2026-01-27 03:13:38,VantageMarkets Raw,USDCHF,0.77631,0.77637,6e-05,6,Sydney,Tuesday
2026-01-27 03:13:38,VantageMarkets Raw,NZDUSD,0.59664,0.59666,2e-05,2,Sydney,Tuesday
2026-01-27 03:13:38,VantageMarkets Raw,GBPJPY,211.271,211.275,0.004,4,Sydney,Tuesday
2026-01-27 03:13:38,VantageMarkets Raw,NAS100,25861.06,25861.86,0.8,80,Sydney,Tuesday
2026-01-27 03:13:39,VantageMarkets Raw,US500,6970.84,6971.2,0.36,36,Sydney,Tuesday
2026-01-27 03:13:39,VantageMarkets Raw,US30,49370.51,49371.61,1.1,110,Sydney,Tuesday
2026-01-27 03:13:39,VantageMarkets Raw,US2000,2666.96,2667.44,0.48,48,Sydney,Tuesday
2026-01-27 03:13:39,VantageMarkets Raw,GER40,24972.6,24982.6,10.0,1000,Sydney,Tuesday
2026-01-27 03:13:39,VantageMarkets Raw,UK100,10190.03,10192.19,2.16,216,Sydney,Tuesday
2026-01-27 03:13:41,FPMarkets Raw,XAUUSD,5065.17,5065.24,0.07,7,Sydney,Tuesday
2026-01-27 03:13:42,FPMarkets Raw,EURUSD,1.18863,1.18864,1e-05,1,Sydney,Tuesday
2026-01-27 03:13:42,FPMarkets Raw,GBPUSD,1.36899,1.36904,5e-05,5,Sydney,Tuesday
2026-01-27 03:13:42,FPMarkets Raw,USDJPY,154.32,154.324,0.004,4,Sydney,Tuesday
2026-01-27 03:13:42,FPMarkets Raw,AUDUSD,0.69172,0.69175,3e-05,3,Sydney,Tuesday
2026-01-27 03:13:42,FPMarkets Raw,USDCAD,1.3722,1.37226,6e-05,6,Sydney,Tuesday
2026-01-27 03:13:43,FPMarkets Raw,USDCHF,0.77632,0.77639,7e-05,7,Sydney,Tuesday
2026-01-27 03:13:43,FPMarkets Raw,NZDUSD,0.59663,0.59666,3e-05,3,Sydney,Tuesday
2026-01-27 03:13:43,FPMarkets Raw,GBPJPY,211.266,211.279,0.013,13,Sydney,Tuesday
2026-01-27 03:13:43,FPMarkets Raw,NAS100,25861.9,25862.5,0.6,60,Sydney,Tuesday
2026-01-27 03:13:43,FPMarkets Raw,US500,6970.87,6971.12,0.25,25,Sydney,Tuesday
2026-01-27 03:13:44,FPMarkets Raw,US30,49371.3,49372.7,1.4,140,Sydney,Tuesday
2026-01-27 03:13:44,FPMarkets Raw,GER40,24972.25,24982.95,10.7,1070,Sydney,Tuesday
2026-01-27 03:13:44,FPMarkets Raw,UK100,10189.8,10192.4,2.6,260,Sydney,Tuesday
2026-01-27 03:13:46,8Cap Raw,XAUUSD,5064.71,5064.87,0.16,16,Sydney,Tuesday
2026-01-27 03:13:46,8Cap Raw,EURUSD,1.18862,1.18863,1e-05,1,Sydney,Tuesday
2026-01-27 03:13:46,8Cap Raw,GBPUSD,1.36904,1.36905,1e-05,1,Sydney,Tuesday
2026-01-27 03:13:46,8Cap Raw,USDJPY,154.323,154.324,0.001,1,Sydney,Tuesday
2026-01-27 03:13:46,8Cap Raw,AUDUSD,0.69173,0.69175,2e-05,2,Sydney,Tuesday
2026-01-27 03:13:47,8Cap Raw,USDCAD,1.37221,1.37224,3e-05,3,Sydney,Tuesday
2026-01-27 03:13:47,8Cap Raw,USDCHF,0.77632,0.77637,5e-05,5,Sydney,Tuesday
2026-01-27 03:13:47,8Cap Raw,NZDUSD,0.59663,0.59664,1e-05,1,Sydney,Tuesday
2026-01-27 03:13:47,8Cap Raw,GBPJPY,211.267,211.284,0.017,17,Sydney,Tuesday
2026-01-27 03:13:47,8Cap Raw,NAS100,25842.27,25843.67,1.4,140,Sydney,Tuesday
2026-01-27 03:13:48,8Cap Raw,US500,6967.46,6968.02,0.56,56,Sydney,Tuesday
2026-01-27 03:13:48,8Cap Raw,US30,49339.87,49341.87,2.0,200,Sydney,Tuesday
2026-01-27 03:13:48,8Cap Raw,US2000,2666.73,2667.17,0.44,44,Sydney,Tuesday
2026-01-27 03:13:48,8Cap Raw,GER40,24969.13,24972.13,3.0,300,Sydney,Tuesday
2026-01-27 03:13:48,8Cap Raw,UK100,10171.08,10172.43,1.35,135,Sydney,Tuesday
2026-01-27 03:18:18,Pepperstone Razor,XAUUSD,5067.92,5068.09,0.17,17,Sydney,Tuesday
2026-01-27 03:18:18,Pepperstone Razor,EURUSD,1.1887,1.1887,0.0,0,Sydney,Tuesday
2026-01-27 03:18:18,Pepperstone Razor,GBPUSD,1.36937,1.36939,2e-05,2,Sydney,Tuesday
2026-01-27 03:18:19,Pepperstone Razor,USDJPY,154.285,154.288,0.003,3,Sydney,Tuesday
2026-01-27 03:18:19,Pepperstone Razor,AUDUSD,0.69179,0.69179,0.0,0,Sydney,Tuesday
2026-01-27 03:18:19,Pepperstone Razor,USDCAD,1.3722,1.37221,1e-05,1,Sydney,Tuesday
2026-01-27 03:18:19,Pepperstone Razor,USDCHF,0.77628,0.77631,3e-05,3,Sydney,Tuesday
2026-01-27 03:18:19,Pepperstone Razor,NZDUSD,0.59666,0.59668,2e-05,2,Sydney,Tuesday
2026-01-27 03:18:20,Pepperstone Razor,GBPJPY,211.283,211.294,0.011,11,Sydney,Tuesday
2026-01-27 03:18:20,Pepperstone Razor,NAS100,25842.4,25843.9,1.5,15,Sydney,Tuesday
2026-01-27 03:18:20,Pepperstone Razor,US500,6967.8,6968.3,0.5,5,Sydney,Tuesday
2026-01-27 03:18:20,Pepperstone Razor,US30,49329.6,49331.7,2.1,21,Sydney,Tuesday
2026-01-27 03:18:20,Pepperstone Razor,US2000,2666.7,2667.2,0.5,5,Sydney,Tuesday
2026-01-27 03:18:21,Pepperstone Razor,GER40,24958.2,24960.2,2.0,20,Sydney,Tuesday
2026-01-27 03:18:21,Pepperstone Razor,UK100,10170.4,10172.4,2.0,20,Sydney,Tuesday
2026-01-27 03:18:23,FusionMarkets Zero,XAUUSD,5067.17,5067.29,0.12,12,Sydney,Tuesday
2026-01-27 03:18:23,FusionMarkets Zero,EURUSD,1.18871,1.18871,0.0,0,Sydney,Tuesday
2026-01-27 03:18:23,FusionMarkets Zero,GBPUSD,1.36946,1.36946,0.0,0,Sydney,Tuesday
2026-01-27 03:18:23,FusionMarkets Zero,USDJPY,154.288,154.288,0.0,0,Sydney,Tuesday
2026-01-27 03:18:23,FusionMarkets Zero,AUDUSD,0.69181,0.69181,0.0,0,Sydney,Tuesday
2026-01-27 03:18:24,FusionMarkets Zero,USDCAD,1.37219,1.37219,0.0,0,Sydney,Tuesday
2026-01-27 03:18:24,FusionMarkets Zero,USDCHF,0.77628,0.77629,1e-05,1,Sydney,Tuesday
2026-01-27 03:18:24,FusionMarkets Zero,NZDUSD,0.59666,0.59666,0.0,0,Sydney,Tuesday
2026-01-27 03:18:24,FusionMarkets Zero,GBPJPY,211.287,211.294,0.007,7,Sydney,Tuesday
2026-01-27 03:18:24,FusionMarkets Zero,NAS100,25842.82,25843.62,0.8,80,Sydney,Tuesday
2026-01-27 03:18:25,FusionMarkets Zero,US500,6967.81,6968.17,0.36,36,Sydney,Tuesday
2026-01-27 03:18:25,FusionMarkets Zero,US30,49344.47,49347.27,2.8,280,Sydney,Tuesday
2026-01-27 03:18:25,FusionMarkets Zero,US2000,2666.8,2667.2,0.4,40,Sydney,Tuesday
2026-01-27 03:18:25,FusionMarkets Zero,GER40,24966.03,24969.23,3.2,320,Sydney,Tuesday
2026-01-27 03:18:25,FusionMarkets Zero,UK100,10169.98,10171.78,1.8,180,Sydney,Tuesday
2026-01-27 03:18:27,ThinkMarkets ThinkZero,XAUUSD,5069.54,5069.62,0.08,8,Sydney,Tuesday
2026-01-27 03:18:27,ThinkMarkets ThinkZero,EURUSD,1.18871,1.18873,2e-05,2,Sydney,Tuesday
2026-01-27 03:18:28,ThinkMarkets ThinkZero,GBPUSD,1.36938,1.36944,6e-05,6,Sydney,Tuesday
2026-01-27 03:18:28,ThinkMarkets ThinkZero,USDJPY,154.297,154.3,0.003,3,Sydney,Tuesday
2026-01-27 03:18:28,ThinkMarkets ThinkZero,AUDUSD,0.69173,0.69178,5e-05,5,Sydney,Tuesday
2026-01-27 03:18:28,ThinkMarkets ThinkZero,USDCAD,1.37219,1.37223,4e-05,4,Sydney,Tuesday
2026-01-27 03:18:28,ThinkMarkets ThinkZero,USDCHF,0.77628,0.77632,4e-05,4,Sydney,Tuesday
2026-01-27 03:18:29,ThinkMarkets ThinkZero,NZDUSD,0.59663,0.59666,3e-05,3,Sydney,Tuesday
2026-01-27 03:18:29,ThinkMarkets ThinkZero,GBPJPY,211.292,211.301,0.009,9,Sydney,Tuesday
2026-01-27 03:18:29,ThinkMarkets ThinkZero,NAS100,25863.39,25864.39,1.0,100,Sydney,Tuesday
2026-01-27 03:18:29,ThinkMarkets ThinkZero,US500,6971.32,6971.67,0.35,35,Sydney,Tuesday
2026-01-27 03:18:29,ThinkMarkets ThinkZero,US30,49376.25,49377.75,1.5,150,Sydney,Tuesday
2026-01-27 03:18:30,ThinkMarkets ThinkZero,US2000,2667.1,2667.9,0.8,80,Sydney,Tuesday
2026-01-27 03:18:30,ThinkMarkets ThinkZero,GER40,24969.6,24979.6,10.0,1000,Sydney,Tuesday
2026-01-27 03:18:30,ThinkMarkets ThinkZero,UK100,10188.95,10191.25,2.3,230,Sydney,Tuesday
2026-01-27 03:18:32,ICMarkets Raw,XAUUSD,5069.35,5069.4,0.05,5,Sydney,Tuesday
2026-01-27 03:18:32,ICMarkets Raw,EURUSD,1.1887,1.1887,0.0,0,Sydney,Tuesday
2026-01-27 03:18:32,ICMarkets Raw,GBPUSD,1.36936,1.36939,3e-05,3,Sydney,Tuesday
2026-01-27 03:18:32,ICMarkets Raw,USDJPY,154.305,154.305,0.0,0,Sydney,Tuesday
2026-01-27 03:18:33,ICMarkets Raw,AUDUSD,0.69175,0.69177,2e-05,2,Sydney,Tuesday
2026-01-27 03:18:33,ICMarkets Raw,USDCAD,1.3722,1.37221,1e-05,1,Sydney,Tuesday
2026-01-27 03:18:33,ICMarkets Raw,USDCHF,0.77628,0.7763,2e-05,2,Sydney,Tuesday
2026-01-27 03:18:33,ICMarkets Raw,NZDUSD,0.59664,0.59664,0.0,0,Sydney,Tuesday
2026-01-27 03:18:33,ICMarkets Raw,GBPJPY,211.299,211.304,0.005,5,Sydney,Tuesday
2026-01-27 03:18:34,ICMarkets Raw,NAS100,25841.6,25842.6,1.0,100,Sydney,Tuesday
2026-01-27 03:18:34,ICMarkets Raw,US500,6967.4,6967.9,0.5,50,Sydney,Tuesday
2026-01-27 03:18:34,ICMarkets Raw,US30,49343.4,49344.6,1.2,120,Sydney,Tuesday
2026-01-27 03:18:34,ICMarkets Raw,US2000,2665.47,2665.89,0.42,42,Sydney,Tuesday
2026-01-27 03:18:34,ICMarkets Raw,GER40,24960.4,24961.1,0.7,70,Sydney,Tuesday
2026-01-27 03:18:35,ICMarkets Raw,UK100,10167.7,10170.2,2.5,250,Sydney,Tuesday
2026-01-27 03:18:36,VantageMarkets Raw,XAUUSD,5069.36,5069.44,0.08,8,Sydney,Tuesday
2026-01-27 03:18:37,VantageMarkets Raw,EURUSD,1.18871,1.18872,1e-05,1,Sydney,Tuesday
2026-01-27 03:18:37,VantageMarkets Raw,GBPUSD,1.36936,1.36937,1e-05,1,Sydney,Tuesday
2026-01-27 03:18:37,VantageMarkets Raw,USDJPY,154.301,154.303,0.002,2,Sydney,Tuesday
2026-01-27 03:18:37,VantageMarkets Raw,AUDUSD,0.69174,0.69178,4e-05,4,Sydney,Tuesday
2026-01-27 03:18:37,VantageMarkets Raw,USDCAD,1.3722,1.3722,0.0,0,Sydney,Tuesday
2026-01-27 03:18:38,VantageMarkets Raw,USDCHF,0.77629,0.77634,5e-05,5,Sydney,Tuesday
2026-01-27 03:18:38,VantageMarkets Raw,NZDUSD,0.59664,0.59666,2e-05,2,Sydney,Tuesday
2026-01-27 03:18:38,VantageMarkets Raw,GBPJPY,211.293,211.297,0.004,4,Sydney,Tuesday
2026-01-27 03:18:38,VantageMarkets Raw,NAS100,25863.81,25864.61,0.8,80,Sydney,Tuesday
2026-01-27 03:18:38,VantageMarkets Raw,US500,6971.33,6971.69,0.36,36,Sydney,Tuesday
2026-01-27 03:18:39,VantageMarkets Raw,US30,49378.51,49379.61,1.1,110,Sydney,Tuesday
2026-01-27 03:18:39,VantageMarkets Raw,US2000,2667.26,2667.74,0.48,48,Sydney,Tuesday
2026-01-27 03:18:39,VantageMarkets Raw,GER40,24971.6,24981.6,10.0,1000,Sydney,Tuesday
2026-01-27 03:18:39,VantageMarkets Raw,UK100,10189.53,10191.69,2.16,216,Sydney,Tuesday
2026-01-27 03:18:41,FPMarkets Raw,XAUUSD,5064.61,5064.68,0.07,7,Sydney,Tuesday
2026-01-27 03:18:41,FPMarkets Raw,EURUSD,1.18873,1.18874,1e-05,1,Sydney,Tuesday
2026-01-27 03:18:41,FPMarkets Raw,GBPUSD,1.36934,1.36939,5e-05,5,Sydney,Tuesday
2026-01-27 03:18:42,FPMarkets Raw,USDJPY,154.299,154.303,0.004,4,Sydney,Tuesday
2026-01-27 03:18:42,FPMarkets Raw,AUDUSD,0.69175,0.69178,3e-05,3,Sydney,Tuesday
2026-01-27 03:18:42,FPMarkets Raw,USDCAD,1.37217,1.37223,6e-05,6,Sydney,Tuesday
2026-01-27 03:18:42,FPMarkets Raw,USDCHF,0.77626,0.77633,7e-05,7,Sydney,Tuesday
2026-01-27 03:18:42,FPMarkets Raw,NZDUSD,0.59664,0.59667,3e-05,3,Sydney,Tuesday
2026-01-27 03:18:43,FPMarkets Raw,GBPJPY,211.286,211.302,0.016,16,Sydney,Tuesday
2026-01-27 03:18:43,FPMarkets Raw,NAS100,25863.15,25863.75,0.6,60,Sydney,Tuesday
2026-01-27 03:18:43,FPMarkets Raw,US500,6971.37,6971.62,0.25,25,Sydney,Tuesday
2026-01-27 03:18:43,FPMarkets Raw,US30,49379.3,49380.7,1.4,140,Sydney,Tuesday
2026-01-27 03:18:43,FPMarkets Raw,GER40,24969.75,24982.45,12.7,1270,Sydney,Tuesday
2026-01-27 03:18:44,FPMarkets Raw,UK100,10189.3,10191.9,2.6,260,Sydney,Tuesday
2026-01-27 03:18:45,8Cap Raw,XAUUSD,5068.44,5068.6,0.16,16,Sydney,Tuesday
2026-01-27 03:18:45,8Cap Raw,EURUSD,1.18873,1.18874,1e-05,1,Sydney,Tuesday
2026-01-27 03:18:45,8Cap Raw,GBPUSD,1.36936,1.36937,1e-05,1,Sydney,Tuesday
2026-01-27 03:18:45,8Cap Raw,USDJPY,154.292,154.293,0.001,1,Sydney,Tuesday
2026-01-27 03:18:46,8Cap Raw,AUDUSD,0.69179,0.69181,2e-05,2,Sydney,Tuesday
2026-01-27 03:18:46,8Cap Raw,USDCAD,1.37217,1.3722,3e-05,3,Sydney,Tuesday
2026-01-27 03:18:46,8Cap Raw,USDCHF,0.77626,0.77636,0.0001,10,Sydney,Tuesday
2026-01-27 03:18:46,8Cap Raw,NZDUSD,0.59665,0.59666,1e-05,1,Sydney,Tuesday
2026-01-27 03:18:46,8Cap Raw,GBPJPY,211.274,211.292,0.018,18,Sydney,Tuesday
2026-01-27 03:18:47,8Cap Raw,NAS100,25844.02,25845.42,1.4,140,Sydney,Tuesday
2026-01-27 03:18:47,8Cap Raw,US500,6967.96,6968.52,0.56,56,Sydney,Tuesday
2026-01-27 03:18:47,8Cap Raw,US30,49347.37,49349.37,2.0,200,Sydney,Tuesday
2026-01-27 03:18:47,8Cap Raw,US2000,2666.83,2667.37,0.54,54,Sydney,Tuesday
2026-01-27 03:18:47,8Cap Raw,GER40,24967.63,24970.63,3.0,300,Sydney,Tuesday
2026-01-27 03:18:48,8Cap Raw,UK100,10170.58,10172.43,1.85,185,Sydney,Tuesday
2026-01-27 03:23:18,Pepperstone Razor,XAUUSD,5069.52,5069.72,0.2,20,Sydney,Tuesday
2026-01-27 03:23:18,Pepperstone Razor,EURUSD,1.18854,1.18855,1e-05,1,Sydney,Tuesday
2026-01-27 03:23:18,Pepperstone Razor,GBPUSD,1.36931,1.36932,1e-05,1,Sydney,Tuesday
2026-01-27 03:23:18,Pepperstone Razor,USDJPY,154.346,154.349,0.003,3,Sydney,Tuesday
2026-01-27 03:23:19,Pepperstone Razor,AUDUSD,0.69165,0.69165,0.0,0,Sydney,Tuesday
2026-01-27 03:23:19,Pepperstone Razor,USDCAD,1.37224,1.37227,3e-05,3,Sydney,Tuesday
2026-01-27 03:23:19,Pepperstone Razor,USDCHF,0.77642,0.77645,3e-05,3,Sydney,Tuesday
2026-01-27 03:23:19,Pepperstone Razor,NZDUSD,0.59656,0.59658,2e-05,2,Sydney,Tuesday
2026-01-27 03:23:19,Pepperstone Razor,GBPJPY,211.348,211.357,0.009,9,Sydney,Tuesday
2026-01-27 03:23:20,Pepperstone Razor,NAS100,25843.4,25844.9,1.5,15,Sydney,Tuesday
2026-01-27 03:23:20,Pepperstone Razor,US500,6968.1,6968.5,0.4,4,Sydney,Tuesday
2026-01-27 03:23:20,Pepperstone Razor,US30,49332.3,49334.5,2.2,22,Sydney,Tuesday
2026-01-27 03:23:20,Pepperstone Razor,US2000,2666.8,2667.2,0.4,4,Sydney,Tuesday
2026-01-27 03:23:20,Pepperstone Razor,GER40,24962.7,24964.7,2.0,20,Sydney,Tuesday
2026-01-27 03:23:21,Pepperstone Razor,UK100,10170.8,10172.6,1.8,18,Sydney,Tuesday
2026-01-27 03:23:22,FusionMarkets Zero,XAUUSD,5072.02,5072.08,0.06,6,Sydney,Tuesday
2026-01-27 03:23:23,FusionMarkets Zero,EURUSD,1.18855,1.18855,0.0,0,Sydney,Tuesday
2026-01-27 03:23:23,FusionMarkets Zero,GBPUSD,1.36935,1.36935,0.0,0,Sydney,Tuesday
2026-01-27 03:23:23,FusionMarkets Zero,USDJPY,154.346,154.346,0.0,0,Sydney,Tuesday
2026-01-27 03:23:23,FusionMarkets Zero,AUDUSD,0.69165,0.69165,0.0,0,Sydney,Tuesday
2026-01-27 03:23:23,FusionMarkets Zero,USDCAD,1.37225,1.37225,0.0,0,Sydney,Tuesday
2026-01-27 03:23:24,FusionMarkets Zero,USDCHF,0.77646,0.77646,0.0,0,Sydney,Tuesday
2026-01-27 03:23:24,FusionMarkets Zero,NZDUSD,0.59658,0.59658,0.0,0,Sydney,Tuesday
2026-01-27 03:23:24,FusionMarkets Zero,GBPJPY,211.352,211.356,0.004,4,Sydney,Tuesday
2026-01-27 03:23:24,FusionMarkets Zero,NAS100,25844.07,25844.87,0.8,80,Sydney,Tuesday
2026-01-27 03:23:24,FusionMarkets Zero,US500,6968.06,6968.42,0.36,36,Sydney,Tuesday
2026-01-27 03:23:25,FusionMarkets Zero,US30,49347.22,49350.02,2.8,280,Sydney,Tuesday
2026-01-27 03:23:25,FusionMarkets Zero,US2000,2666.9,2667.2,0.3,30,Sydney,Tuesday
2026-01-27 03:23:25,FusionMarkets Zero,GER40,24971.53,24974.73,3.2,320,Sydney,Tuesday
2026-01-27 03:23:25,FusionMarkets Zero,UK100,10171.23,10172.78,1.55,155,Sydney,Tuesday
2026-01-27 03:23:27,ThinkMarkets ThinkZero,XAUUSD,5071.72,5071.8,0.08,8,Sydney,Tuesday
2026-01-27 03:23:27,ThinkMarkets ThinkZero,EURUSD,1.18853,1.18855,2e-05,2,Sydney,Tuesday
2026-01-27 03:23:27,ThinkMarkets ThinkZero,GBPUSD,1.3693,1.36936,6e-05,6,Sydney,Tuesday
2026-01-27 03:23:28,ThinkMarkets ThinkZero,USDJPY,154.342,154.346,0.004,4,Sydney,Tuesday
2026-01-27 03:23:28,ThinkMarkets ThinkZero,AUDUSD,0.69162,0.69167,5e-05,5,Sydney,Tuesday
2026-01-27 03:23:28,ThinkMarkets ThinkZero,USDCAD,1.37223,1.37226,3e-05,3,Sydney,Tuesday
2026-01-27 03:23:28,ThinkMarkets ThinkZero,USDCHF,0.77644,0.77648,4e-05,4,Sydney,Tuesday
2026-01-27 03:23:28,ThinkMarkets ThinkZero,NZDUSD,0.59657,0.5966,3e-05,3,Sydney,Tuesday
2026-01-27 03:23:29,ThinkMarkets ThinkZero,GBPJPY,211.345,211.356,0.011,11,Sydney,Tuesday
2026-01-27 03:23:29,ThinkMarkets ThinkZero,NAS100,25863.14,25864.14,1.0,100,Sydney,Tuesday
2026-01-27 03:23:29,ThinkMarkets ThinkZero,US500,6971.58,6971.93,0.35,35,Sydney,Tuesday
2026-01-27 03:23:29,ThinkMarkets ThinkZero,US30,49378.25,49379.75,1.5,150,Sydney,Tuesday
2026-01-27 03:23:29,ThinkMarkets ThinkZero,US2000,2667.1,2667.9,0.8,80,Sydney,Tuesday
2026-01-27 03:23:30,ThinkMarkets ThinkZero,GER40,24975.1,24985.1,10.0,1000,Sydney,Tuesday
2026-01-27 03:23:30,ThinkMarkets ThinkZero,UK100,10189.95,10192.25,2.3,230,Sydney,Tuesday
2026-01-27 03:23:31,ICMarkets Raw,XAUUSD,5071.6,5071.65,0.05,5,Sydney,Tuesday
2026-01-27 03:23:32,ICMarkets Raw,EURUSD,1.18854,1.18854,0.0,0,Sydney,Tuesday
2026-01-27 03:23:32,ICMarkets Raw,GBPUSD,1.36934,1.36935,1e-05,1,Sydney,Tuesday
2026-01-27 03:23:32,ICMarkets Raw,USDJPY,154.345,154.345,0.0,0,Sydney,Tuesday
2026-01-27 03:23:32,ICMarkets Raw,AUDUSD,0.69163,0.69164,1e-05,1,Sydney,Tuesday
2026-01-27 03:23:32,ICMarkets Raw,USDCAD,1.37225,1.37227,2e-05,2,Sydney,Tuesday
2026-01-27 03:23:33,ICMarkets Raw,USDCHF,0.77644,0.77646,2e-05,2,Sydney,Tuesday
2026-01-27 03:23:33,ICMarkets Raw,NZDUSD,0.59658,0.59658,0.0,0,Sydney,Tuesday
2026-01-27 03:23:33,ICMarkets Raw,GBPJPY,211.344,211.348,0.004,4,Sydney,Tuesday
2026-01-27 03:23:33,ICMarkets Raw,NAS100,25841.5,25842.5,1.0,100,Sydney,Tuesday
2026-01-27 03:23:34,ICMarkets Raw,US500,6967.4,6967.9,0.5,50,Sydney,Tuesday
2026-01-27 03:23:34,ICMarkets Raw,US30,49343.9,49345.1,1.2,120,Sydney,Tuesday
2026-01-27 03:23:34,ICMarkets Raw,US2000,2665.47,2665.79,0.32,32,Sydney,Tuesday
2026-01-27 03:23:34,ICMarkets Raw,GER40,24964.4,24965.1,0.7,70,Sydney,Tuesday
2026-01-27 03:23:34,ICMarkets Raw,UK100,10168.5,10171.0,2.5,250,Sydney,Tuesday
2026-01-27 03:23:36,VantageMarkets Raw,XAUUSD,5071.35,5071.43,0.08,8,Sydney,Tuesday
2026-01-27 03:23:36,VantageMarkets Raw,EURUSD,1.18856,1.18858,2e-05,2,Sydney,Tuesday
2026-01-27 03:23:36,VantageMarkets Raw,GBPUSD,1.36935,1.36936,1e-05,1,Sydney,Tuesday
2026-01-27 03:23:37,VantageMarkets Raw,USDJPY,154.339,154.34,0.001,1,Sydney,Tuesday
2026-01-27 03:23:37,VantageMarkets Raw,AUDUSD,0.69161,0.69165,4e-05,4,Sydney,Tuesday
2026-01-27 03:23:37,VantageMarkets Raw,USDCAD,1.37225,1.37225,0.0,0,Sydney,Tuesday
2026-01-27 03:23:37,VantageMarkets Raw,USDCHF,0.77643,0.77649,6e-05,6,Sydney,Tuesday
2026-01-27 03:23:37,VantageMarkets Raw,NZDUSD,0.59654,0.59658,4e-05,4,Sydney,Tuesday
2026-01-27 03:23:38,VantageMarkets Raw,GBPJPY,211.344,211.346,0.002,2,Sydney,Tuesday
2026-01-27 03:23:38,VantageMarkets Raw,NAS100,25863.81,25864.61,0.8,80,Sydney,Tuesday
2026-01-27 03:23:38,VantageMarkets Raw,US500,6971.59,6971.95,0.36,36,Sydney,Tuesday
2026-01-27 03:23:38,VantageMarkets Raw,US30,49379.51,49380.61,1.1,110,Sydney,Tuesday
2026-01-27 03:23:38,VantageMarkets Raw,US2000,2667.26,2667.74,0.48,48,Sydney,Tuesday
2026-01-27 03:23:39,VantageMarkets Raw,GER40,24975.1,24985.1,10.0,1000,Sydney,Tuesday
2026-01-27 03:23:39,VantageMarkets Raw,UK100,10190.03,10192.19,2.16,216,Sydney,Tuesday
2026-01-27 03:23:41,FPMarkets Raw,XAUUSD,5068.57,5068.64,0.07,7,Sydney,Tuesday
2026-01-27 03:23:41,FPMarkets Raw,EURUSD,1.18856,1.18857,1e-05,1,Sydney,Tuesday
2026-01-27 03:23:41,FPMarkets Raw,GBPUSD,1.36932,1.36937,5e-05,5,Sydney,Tuesday
2026-01-27 03:23:41,FPMarkets Raw,USDJPY,154.336,154.34,0.004,4,Sydney,Tuesday
2026-01-27 03:23:42,FPMarkets Raw,AUDUSD,0.69161,0.69164,3e-05,3,Sydney,Tuesday
2026-01-27 03:23:42,FPMarkets Raw,USDCAD,1.3722,1.37226,6e-05,6,Sydney,Tuesday
2026-01-27 03:23:42,FPMarkets Raw,USDCHF,0.77643,0.7765,7e-05,7,Sydney,Tuesday
2026-01-27 03:23:42,FPMarkets Raw,NZDUSD,0.59656,0.59658,2e-05,2,Sydney,Tuesday
2026-01-27 03:23:42,FPMarkets Raw,GBPJPY,211.335,211.348,0.013,13,Sydney,Tuesday
2026-01-27 03:23:43,FPMarkets Raw,NAS100,25863.4,25864.0,0.6,60,Sydney,Tuesday
2026-01-27 03:23:43,FPMarkets Raw,US500,6971.37,6971.62,0.25,25,Sydney,Tuesday
2026-01-27 03:23:43,FPMarkets Raw,US30,49378.3,49379.7,1.4,140,Sydney,Tuesday
2026-01-27 03:23:43,FPMarkets Raw,GER40,24974.75,24985.45,10.7,1070,Sydney,Tuesday
2026-01-27 03:23:43,FPMarkets Raw,UK100,10189.8,10192.4,2.6,260,Sydney,Tuesday
2026-01-27 03:23:45,8Cap Raw,XAUUSD,5071.18,5071.34,0.16,16,Sydney,Tuesday
2026-01-27 03:23:45,8Cap Raw,EURUSD,1.18856,1.18856,0.0,0,Sydney,Tuesday
2026-01-27 03:23:45,8Cap Raw,GBPUSD,1.36935,1.36936,1e-05,1,Sydney,Tuesday
2026-01-27 03:23:45,8Cap Raw,USDJPY,154.336,154.337,0.001,1,Sydney,Tuesday
2026-01-27 03:23:46,8Cap Raw,AUDUSD,0.69161,0.69164,3e-05,3,Sydney,Tuesday
2026-01-27 03:23:46,8Cap Raw,USDCAD,1.37224,1.37227,3e-05,3,Sydney,Tuesday
2026-01-27 03:23:46,8Cap Raw,USDCHF,0.77643,0.77651,8e-05,8,Sydney,Tuesday
2026-01-27 03:23:46,8Cap Raw,NZDUSD,0.59654,0.59656,2e-05,2,Sydney,Tuesday
2026-01-27 03:23:46,8Cap Raw,GBPJPY,211.334,211.349,0.015,15,Sydney,Tuesday
2026-01-27 03:23:47,8Cap Raw,NAS100,25843.52,25844.92,1.4,140,Sydney,Tuesday
2026-01-27 03:23:47,8Cap Raw,US500,6967.96,6968.52,0.56,56,Sydney,Tuesday
2026-01-27 03:23:47,8Cap Raw,US30,49346.12,49348.12,2.0,200,Sydney,Tuesday
2026-01-27 03:23:47,8Cap Raw,US2000,2666.73,2667.27,0.54,54,Sydney,Tuesday
2026-01-27 03:23:47,8Cap Raw,GER40,24971.63,24974.63,3.0,300,Sydney,Tuesday
2026-01-27 03:23:48,8Cap Raw,UK100,10171.53,10172.73,1.2,120,Sydney,Tuesday
2026-01-27 03:28:18,Pepperstone Razor,XAUUSD,5065.76,5065.95,0.19,19,Sydney,Tuesday
2026-01-27 03:28:18,Pepperstone Razor,EURUSD,1.18844,1.18844,0.0,0,Sydney,Tuesday
2026-01-27 03:28:18,Pepperstone Razor,GBPUSD,1.36929,1.36931,2e-05,2,Sydney,Tuesday
2026-01-27 03:28:18,Pepperstone Razor,USDJPY,154.343,154.346,0.003,3,Sydney,Tuesday
2026-01-27 03:28:18,Pepperstone Razor,AUDUSD,0.69146,0.69146,0.0,0,Sydney,Tuesday
2026-01-27 03:28:19,Pepperstone Razor,USDCAD,1.37228,1.37229,1e-05,1,Sydney,Tuesday
2026-01-27 03:28:19,Pepperstone Razor,USDCHF,0.77652,0.77655,3e-05,3,Sydney,Tuesday
2026-01-27 03:28:19,Pepperstone Razor,NZDUSD,0.5964,0.59642,2e-05,2,Sydney,Tuesday
2026-01-27 03:28:19,Pepperstone Razor,GBPJPY,211.337,211.343,0.006,6,Sydney,Tuesday
2026-01-27 03:28:19,Pepperstone Razor,NAS100,25839.8,25841.3,1.5,15,Sydney,Tuesday
2026-01-27 03:28:20,Pepperstone Razor,US500,6967.8,6968.3,0.5,5,Sydney,Tuesday
2026-01-27 03:28:20,Pepperstone Razor,US30,49332.2,49334.4,2.2,22,Sydney,Tuesday
2026-01-27 03:28:20,Pepperstone Razor,US2000,2666.9,2667.3,0.4,4,Sydney,Tuesday
2026-01-27 03:28:20,Pepperstone Razor,GER40,24960.4,24962.4,2.0,20,Sydney,Tuesday
2026-01-27 03:28:20,Pepperstone Razor,UK100,10169.3,10171.1,1.8,18,Sydney,Tuesday
2026-01-27 03:28:22,FusionMarkets Zero,XAUUSD,5072.36,5072.42,0.06,6,Sydney,Tuesday
2026-01-27 03:28:23,FusionMarkets Zero,EURUSD,1.18846,1.18846,0.0,0,Sydney,Tuesday
2026-01-27 03:28:23,FusionMarkets Zero,GBPUSD,1.36933,1.36933,0.0,0,Sydney,Tuesday
2026-01-27 03:28:23,FusionMarkets Zero,USDJPY,154.337,154.337,0.0,0,Sydney,Tuesday
2026-01-27 03:28:23,FusionMarkets Zero,AUDUSD,0.69148,0.69148,0.0,0,Sydney,Tuesday
2026-01-27 03:28:23,FusionMarkets Zero,USDCAD,1.37229,1.37229,0.0,0,Sydney,Tuesday
2026-01-27 03:28:24,FusionMarkets Zero,USDCHF,0.77654,0.77654,0.0,0,Sydney,Tuesday
2026-01-27 03:28:24,FusionMarkets Zero,NZDUSD,0.59639,0.59639,0.0,0,Sydney,Tuesday
2026-01-27 03:28:24,FusionMarkets Zero,GBPJPY,211.334,211.34,0.006,6,Sydney,Tuesday
2026-01-27 03:28:24,FusionMarkets Zero,NAS100,25839.19,25839.99,0.8,80,Sydney,Tuesday
2026-01-27 03:28:24,FusionMarkets Zero,US500,6967.56,6967.92,0.36,36,Sydney,Tuesday
2026-01-27 03:28:25,FusionMarkets Zero,US30,49345.47,49348.27,2.8,280,Sydney,Tuesday
2026-01-27 03:28:25,FusionMarkets Zero,US2000,2666.9,2667.2,0.3,30,Sydney,Tuesday
2026-01-27 03:28:25,FusionMarkets Zero,GER40,24968.53,24971.73,3.2,320,Sydney,Tuesday
2026-01-27 03:28:25,FusionMarkets Zero,UK100,10169.23,10170.78,1.55,155,Sydney,Tuesday
2026-01-27 03:28:27,ThinkMarkets ThinkZero,XAUUSD,5065.18,5065.26,0.08,8,Sydney,Tuesday
2026-01-27 03:28:27,ThinkMarkets ThinkZero,EURUSD,1.18846,1.18849,3e-05,3,Sydney,Tuesday
2026-01-27 03:28:27,ThinkMarkets ThinkZero,GBPUSD,1.36929,1.36935,6e-05,6,Sydney,Tuesday
2026-01-27 03:28:28,ThinkMarkets ThinkZero,USDJPY,154.332,154.337,0.005,5,Sydney,Tuesday
2026-01-27 03:28:28,ThinkMarkets ThinkZero,AUDUSD,0.69145,0.69149,4e-05,4,Sydney,Tuesday
2026-01-27 03:28:28,ThinkMarkets ThinkZero,USDCAD,1.37225,1.37229,4e-05,4,Sydney,Tuesday
2026-01-27 03:28:28,ThinkMarkets ThinkZero,USDCHF,0.7765,0.77654,4e-05,4,Sydney,Tuesday
2026-01-27 03:28:28,ThinkMarkets ThinkZero,NZDUSD,0.59641,0.59644,3e-05,3,Sydney,Tuesday
2026-01-27 03:28:29,ThinkMarkets ThinkZero,GBPJPY,211.329,211.34,0.011,11,Sydney,Tuesday
2026-01-27 03:28:29,ThinkMarkets ThinkZero,NAS100,25858.39,25859.39,1.0,100,Sydney,Tuesday
2026-01-27 03:28:29,ThinkMarkets ThinkZero,US500,6971.08,6971.43,0.35,35,Sydney,Tuesday
2026-01-27 03:28:29,ThinkMarkets ThinkZero,US30,49377.25,49378.75,1.5,150,Sydney,Tuesday
2026-01-27 03:28:29,ThinkMarkets ThinkZero,US2000,2667.0,2667.8,0.8,80,Sydney,Tuesday
2026-01-27 03:28:30,ThinkMarkets ThinkZero,GER40,24974.6,24979.6,5.0,500,Sydney,Tuesday
2026-01-27 03:28:30,ThinkMarkets ThinkZero,UK100,10187.95,10190.25,2.3,230,Sydney,Tuesday
2026-01-27 03:28:31,ICMarkets Raw,XAUUSD,5065.34,5065.46,0.12,12,Sydney,Tuesday
2026-01-27 03:28:32,ICMarkets Raw,EURUSD,1.18847,1.18847,0.0,0,Sydney,Tuesday
2026-01-27 03:28:32,ICMarkets Raw,GBPUSD,1.3693,1.36933,3e-05,3,Sydney,Tuesday
2026-01-27 03:28:32,ICMarkets Raw,USDJPY,154.336,154.336,0.0,0,Sydney,Tuesday
2026-01-27 03:28:32,ICMarkets Raw,AUDUSD,0.69145,0.69146,1e-05,1,Sydney,Tuesday
2026-01-27 03:28:32,ICMarkets Raw,USDCAD,1.37227,1.37228,1e-05,1,Sydney,Tuesday
2026-01-27 03:28:33,ICMarkets Raw,USDCHF,0.77653,0.77655,2e-05,2,Sydney,Tuesday
2026-01-27 03:28:33,ICMarkets Raw,NZDUSD,0.5964,0.59644,4e-05,4,Sydney,Tuesday
2026-01-27 03:28:33,ICMarkets Raw,GBPJPY,211.332,211.337,0.005,5,Sydney,Tuesday
2026-01-27 03:28:33,ICMarkets Raw,NAS100,25836.2,25837.2,1.0,100,Sydney,Tuesday
2026-01-27 03:28:33,ICMarkets Raw,US500,6966.9,6967.4,0.5,50,Sydney,Tuesday
2026-01-27 03:28:34,ICMarkets Raw,US30,49342.9,49344.1,1.2,120,Sydney,Tuesday
2026-01-27 03:28:34,ICMarkets Raw,US2000,2665.37,2665.79,0.42,42,Sydney,Tuesday
2026-01-27 03:28:34,ICMarkets Raw,GER40,24961.4,24962.1,0.7,70,Sydney,Tuesday
2026-01-27 03:28:34,ICMarkets Raw,UK100,10166.5,10169.0,2.5,250,Sydney,Tuesday
2026-01-27 03:28:36,VantageMarkets Raw,XAUUSD,5065.2,5065.28,0.08,8,Sydney,Tuesday
2026-01-27 03:28:36,VantageMarkets Raw,EURUSD,1.18848,1.1885,2e-05,2,Sydney,Tuesday
2026-01-27 03:28:36,VantageMarkets Raw,GBPUSD,1.36934,1.36935,1e-05,1,Sydney,Tuesday
2026-01-27 03:28:36,VantageMarkets Raw,USDJPY,154.332,154.334,0.002,2,Sydney,Tuesday
2026-01-27 03:28:37,VantageMarkets Raw,AUDUSD,0.69147,0.69151,4e-05,4,Sydney,Tuesday
2026-01-27 03:28:37,VantageMarkets Raw,USDCAD,1.37222,1.37222,0.0,0,Sydney,Tuesday
2026-01-27 03:28:37,VantageMarkets Raw,USDCHF,0.77648,0.77654,6e-05,6,Sydney,Tuesday
2026-01-27 03:28:37,VantageMarkets Raw,NZDUSD,0.5965,0.59654,4e-05,4,Sydney,Tuesday
2026-01-27 03:28:37,VantageMarkets Raw,GBPJPY,211.334,211.338,0.004,4,Sydney,Tuesday
2026-01-27 03:28:38,VantageMarkets Raw,NAS100,25859.06,25859.86,0.8,80,Sydney,Tuesday
2026-01-27 03:28:38,VantageMarkets Raw,US500,6971.08,6971.44,0.36,36,Sydney,Tuesday
2026-01-27 03:28:38,VantageMarkets Raw,US30,49379.51,49380.61,1.1,110,Sydney,Tuesday
2026-01-27 03:28:38,VantageMarkets Raw,US2000,2667.26,2667.74,0.48,48,Sydney,Tuesday
2026-01-27 03:28:38,VantageMarkets Raw,GER40,24975.85,24980.35,4.5,450,Sydney,Tuesday
2026-01-27 03:28:39,VantageMarkets Raw,UK100,10188.53,10190.69,2.16,216,Sydney,Tuesday
2026-01-27 03:28:41,FPMarkets Raw,XAUUSD,5071.23,5071.3,0.07,7,Sydney,Tuesday
2026-01-27 03:28:41,FPMarkets Raw,EURUSD,1.18842,1.18844,2e-05,2,Sydney,Tuesday
2026-01-27 03:28:41,FPMarkets Raw,GBPUSD,1.36928,1.36933,5e-05,5,Sydney,Tuesday
2026-01-27 03:28:41,FPMarkets Raw,USDJPY,154.331,154.335,0.004,4,Sydney,Tuesday
2026-01-27 03:28:41,FPMarkets Raw,AUDUSD,0.69147,0.6915,3e-05,3,Sydney,Tuesday
2026-01-27 03:28:42,FPMarkets Raw,USDCAD,1.37223,1.37229,6e-05,6,Sydney,Tuesday
2026-01-27 03:28:42,FPMarkets Raw,USDCHF,0.77653,0.77661,8e-05,8,Sydney,Tuesday
2026-01-27 03:28:42,FPMarkets Raw,NZDUSD,0.59648,0.5965,2e-05,2,Sydney,Tuesday
2026-01-27 03:28:42,FPMarkets Raw,GBPJPY,211.323,211.341,0.018,18,Sydney,Tuesday
2026-01-27 03:28:43,FPMarkets Raw,NAS100,25859.4,25860.0,0.6,60,Sydney,Tuesday
2026-01-27 03:28:43,FPMarkets Raw,US500,6971.12,6971.37,0.25,25,Sydney,Tuesday
2026-01-27 03:28:43,FPMarkets Raw,US30,49379.3,49380.7,1.4,140,Sydney,Tuesday
2026-01-27 03:28:43,FPMarkets Raw,GER40,24976.25,24979.95,3.7,370,Sydney,Tuesday
2026-01-27 03:28:43,FPMarkets Raw,UK100,10188.3,10190.9,2.6,260,Sydney,Tuesday
2026-01-27 03:28:45,8Cap Raw,XAUUSD,5064.88,5065.04,0.16,16,Sydney,Tuesday
2026-01-27 03:28:45,8Cap Raw,EURUSD,1.18843,1.18845,2e-05,2,Sydney,Tuesday
2026-01-27 03:28:45,8Cap Raw,GBPUSD,1.36932,1.36933,1e-05,1,Sydney,Tuesday
2026-01-27 03:28:45,8Cap Raw,USDJPY,154.334,154.335,0.001,1,Sydney,Tuesday
2026-01-27 03:28:45,8Cap Raw,AUDUSD,0.69146,0.69149,3e-05,3,Sydney,Tuesday
2026-01-27 03:28:46,8Cap Raw,USDCAD,1.37227,1.3723,3e-05,3,Sydney,Tuesday
2026-01-27 03:28:46,8Cap Raw,USDCHF,0.77654,0.7766,6e-05,6,Sydney,Tuesday
2026-01-27 03:28:46,8Cap Raw,NZDUSD,0.59647,0.5965,3e-05,3,Sydney,Tuesday
2026-01-27 03:28:46,8Cap Raw,GBPJPY,211.321,211.344,0.023,23,Sydney,Tuesday
2026-01-27 03:28:46,8Cap Raw,NAS100,25840.14,25841.54,1.4,140,Sydney,Tuesday
2026-01-27 03:28:47,8Cap Raw,US500,6967.71,6968.27,0.56,56,Sydney,Tuesday
2026-01-27 03:28:47,8Cap Raw,US30,49347.37,49349.37,2.0,200,Sydney,Tuesday
2026-01-27 03:28:47,8Cap Raw,US2000,2666.93,2667.37,0.44,44,Sydney,Tuesday
2026-01-27 03:28:47,8Cap Raw,GER40,24969.13,24972.13,3.0,300,Sydney,Tuesday
2026-01-27 03:28:47,8Cap Raw,UK100,10169.58,10171.18,1.6,160,Sydney,Tuesday
2026-01-27 03:33:18,Pepperstone Razor,XAUUSD,5068.52,5068.74,0.22,22,Sydney,Tuesday
2026-01-27 03:33:18,Pepperstone Razor,EURUSD,1.18856,1.18856,0.0,0,Sydney,Tuesday
2026-01-27 03:33:18,Pepperstone Razor,GBPUSD,1.36936,1.36937,1e-05,1,Sydney,Tuesday
2026-01-27 03:33:19,Pepperstone Razor,USDJPY,154.334,154.337,0.003,3,Sydney,Tuesday
2026-01-27 03:33:19,Pepperstone Razor,AUDUSD,0.6914,0.6914,0.0,0,Sydney,Tuesday
2026-01-27 03:33:19,Pepperstone Razor,USDCAD,1.37212,1.37213,1e-05,1,Sydney,Tuesday
2026-01-27 03:33:19,Pepperstone Razor,USDCHF,0.77645,0.77648,3e-05,3,Sydney,Tuesday
2026-01-27 03:33:19,Pepperstone Razor,NZDUSD,0.59673,0.59675,2e-05,2,Sydney,Tuesday
2026-01-27 03:33:20,Pepperstone Razor,GBPJPY,211.339,211.343,0.004,4,Sydney,Tuesday
2026-01-27 03:33:20,Pepperstone Razor,NAS100,25837.4,25838.9,1.5,15,Sydney,Tuesday
2026-01-27 03:33:20,Pepperstone Razor,US500,6967.6,6968.0,0.4,4,Sydney,Tuesday
2026-01-27 03:33:20,Pepperstone Razor,US30,49332.5,49334.6,2.1,21,Sydney,Tuesday
2026-01-27 03:33:20,Pepperstone Razor,US2000,2666.6,2667.0,0.4,4,Sydney,Tuesday
2026-01-27 03:33:21,Pepperstone Razor,GER40,24954.4,24956.4,2.0,20,Sydney,Tuesday
2026-01-27 03:33:21,Pepperstone Razor,UK100,10167.3,10169.1,1.8,18,Sydney,Tuesday
2026-01-27 03:33:23,FusionMarkets Zero,XAUUSD,5064.22,5064.37,0.15,15,Sydney,Tuesday
2026-01-27 03:33:23,FusionMarkets Zero,EURUSD,1.18853,1.18853,0.0,0,Sydney,Tuesday
2026-01-27 03:33:23,FusionMarkets Zero,GBPUSD,1.36935,1.36935,0.0,0,Sydney,Tuesday
2026-01-27 03:33:23,FusionMarkets Zero,USDJPY,154.335,154.335,0.0,0,Sydney,Tuesday
2026-01-27 03:33:23,FusionMarkets Zero,AUDUSD,0.69143,0.69143,0.0,0,Sydney,Tuesday
2026-01-27 03:33:24,FusionMarkets Zero,USDCAD,1.37211,1.37211,0.0,0,Sydney,Tuesday
2026-01-27 03:33:24,FusionMarkets Zero,USDCHF,0.77648,0.77648,0.0,0,Sydney,Tuesday
2026-01-27 03:33:24,FusionMarkets Zero,NZDUSD,0.59674,0.59674,0.0,0,Sydney,Tuesday
2026-01-27 03:33:24,FusionMarkets Zero,GBPJPY,211.339,211.343,0.004,4,Sydney,Tuesday
2026-01-27 03:33:24,FusionMarkets Zero,NAS100,25837.07,25837.87,0.8,80,Sydney,Tuesday
2026-01-27 03:33:25,FusionMarkets Zero,US500,6967.56,6967.92,0.36,36,Sydney,Tuesday
2026-01-27 03:33:25,FusionMarkets Zero,US30,49346.47,49349.27,2.8,280,Sydney,Tuesday
2026-01-27 03:33:25,FusionMarkets Zero,US2000,2666.6,2666.9,0.3,30,Sydney,Tuesday
2026-01-27 03:33:25,FusionMarkets Zero,GER40,24963.03,24966.23,3.2,320,Sydney,Tuesday
2026-01-27 03:33:25,FusionMarkets Zero,UK100,10167.73,10169.28,1.55,155,Sydney,Tuesday
2026-01-27 03:33:27,ThinkMarkets ThinkZero,XAUUSD,5065.47,5065.55,0.08,8,Sydney,Tuesday
2026-01-27 03:33:27,ThinkMarkets ThinkZero,EURUSD,1.18854,1.18856,2e-05,2,Sydney,Tuesday
2026-01-27 03:33:28,ThinkMarkets ThinkZero,GBPUSD,1.36934,1.3694,6e-05,6,Sydney,Tuesday
2026-01-27 03:33:28,ThinkMarkets ThinkZero,USDJPY,154.321,154.324,0.003,3,Sydney,Tuesday
2026-01-27 03:33:28,ThinkMarkets ThinkZero,AUDUSD,0.69137,0.69141,4e-05,4,Sydney,Tuesday
2026-01-27 03:33:28,ThinkMarkets ThinkZero,USDCAD,1.37208,1.37213,5e-05,5,Sydney,Tuesday
2026-01-27 03:33:28,ThinkMarkets ThinkZero,USDCHF,0.77644,0.77649,5e-05,5,Sydney,Tuesday
2026-01-27 03:33:29,ThinkMarkets ThinkZero,NZDUSD,0.59674,0.59676,2e-05,2,Sydney,Tuesday
2026-01-27 03:33:29,ThinkMarkets ThinkZero,GBPJPY,211.313,211.32,0.007,7,Sydney,Tuesday
2026-01-27 03:33:29,ThinkMarkets ThinkZero,NAS100,25856.14,25857.14,1.0,100,Sydney,Tuesday
2026-01-27 03:33:29,ThinkMarkets ThinkZero,US500,6971.08,6971.43,0.35,35,Sydney,Tuesday
2026-01-27 03:33:29,ThinkMarkets ThinkZero,US30,49378.25,49379.75,1.5,150,Sydney,Tuesday
2026-01-27 03:33:30,ThinkMarkets ThinkZero,US2000,2666.8,2667.6,0.8,80,Sydney,Tuesday
2026-01-27 03:33:30,ThinkMarkets ThinkZero,GER40,24970.1,24974.1,4.0,400,Sydney,Tuesday
2026-01-27 03:33:30,ThinkMarkets ThinkZero,UK100,10185.95,10188.25,2.3,230,Sydney,Tuesday
2026-01-27 03:33:32,ICMarkets Raw,XAUUSD,5067.63,5067.7,0.07,7,Sydney,Tuesday
2026-01-27 03:33:32,ICMarkets Raw,EURUSD,1.18851,1.18852,1e-05,1,Sydney,Tuesday
2026-01-27 03:33:32,ICMarkets Raw,GBPUSD,1.36934,1.36936,2e-05,2,Sydney,Tuesday
2026-01-27 03:33:32,ICMarkets Raw,USDJPY,154.314,154.314,0.0,0,Sydney,Tuesday
2026-01-27 03:33:33,ICMarkets Raw,AUDUSD,0.69137,0.69137,0.0,0,Sydney,Tuesday
2026-01-27 03:33:33,ICMarkets Raw,USDCAD,1.37212,1.37213,1e-05,1,Sydney,Tuesday
2026-01-27 03:33:33,ICMarkets Raw,USDCHF,0.77646,0.77648,2e-05,2,Sydney,Tuesday
2026-01-27 03:33:33,ICMarkets Raw,NZDUSD,0.59674,0.59677,3e-05,3,Sydney,Tuesday
2026-01-27 03:33:33,ICMarkets Raw,GBPJPY,211.306,211.31,0.004,4,Sydney,Tuesday
2026-01-27 03:33:34,ICMarkets Raw,NAS100,25834.1,25835.1,1.0,100,Sydney,Tuesday
2026-01-27 03:33:34,ICMarkets Raw,US500,6966.9,6967.4,0.5,50,Sydney,Tuesday
2026-01-27 03:33:34,ICMarkets Raw,US30,49343.9,49345.1,1.2,120,Sydney,Tuesday
2026-01-27 03:33:34,ICMarkets Raw,US2000,2665.17,2665.49,0.32,32,Sydney,Tuesday
2026-01-27 03:33:34,ICMarkets Raw,GER40,24955.9,24956.6,0.7,70,Sydney,Tuesday
2026-01-27 03:33:35,ICMarkets Raw,UK100,10165.0,10167.5,2.5,250,Sydney,Tuesday
2026-01-27 03:33:36,VantageMarkets Raw,XAUUSD,5067.64,5067.72,0.08,8,Sydney,Tuesday
2026-01-27 03:33:36,VantageMarkets Raw,EURUSD,1.18853,1.18856,3e-05,3,Sydney,Tuesday
2026-01-27 03:33:37,VantageMarkets Raw,GBPUSD,1.36936,1.36937,1e-05,1,Sydney,Tuesday
2026-01-27 03:33:37,VantageMarkets Raw,USDJPY,154.31,154.312,0.002,2,Sydney,Tuesday
2026-01-27 03:33:37,VantageMarkets Raw,AUDUSD,0.69137,0.69141,4e-05,4,Sydney,Tuesday
2026-01-27 03:33:37,VantageMarkets Raw,USDCAD,1.37212,1.37212,0.0,0,Sydney,Tuesday
2026-01-27 03:33:37,VantageMarkets Raw,USDCHF,0.77644,0.7765,6e-05,6,Sydney,Tuesday
2026-01-27 03:33:38,VantageMarkets Raw,NZDUSD,0.59674,0.59676,2e-05,2,Sydney,Tuesday
2026-01-27 03:33:38,VantageMarkets Raw,GBPJPY,211.306,211.309,0.003,3,Sydney,Tuesday
2026-01-27 03:33:38,VantageMarkets Raw,NAS100,25856.31,25857.11,0.8,80,Sydney,Tuesday
2026-01-27 03:33:38,VantageMarkets Raw,US500,6971.09,6971.45,0.36,36,Sydney,Tuesday
2026-01-27 03:33:38,VantageMarkets Raw,US30,49378.51,49379.61,1.1,110,Sydney,Tuesday
2026-01-27 03:33:39,VantageMarkets Raw,US2000,2667.01,2667.49,0.48,48,Sydney,Tuesday
2026-01-27 03:33:39,VantageMarkets Raw,GER40,24969.85,24974.35,4.5,450,Sydney,Tuesday
2026-01-27 03:33:39,VantageMarkets Raw,UK100,10186.53,10188.69,2.16,216,Sydney,Tuesday
2026-01-27 03:33:41,FPMarkets Raw,XAUUSD,5067.23,5067.3,0.07,7,Sydney,Tuesday
2026-01-27 03:33:41,FPMarkets Raw,EURUSD,1.18852,1.18853,1e-05,1,Sydney,Tuesday
2026-01-27 03:33:41,FPMarkets Raw,GBPUSD,1.36933,1.36938,5e-05,5,Sydney,Tuesday
2026-01-27 03:33:42,FPMarkets Raw,USDJPY,154.309,154.313,0.004,4,Sydney,Tuesday
2026-01-27 03:33:42,FPMarkets Raw,AUDUSD,0.69138,0.69141,3e-05,3,Sydney,Tuesday
2026-01-27 03:33:42,FPMarkets Raw,USDCAD,1.37207,1.37213,6e-05,6,Sydney,Tuesday
2026-01-27 03:33:42,FPMarkets Raw,USDCHF,0.77644,0.77651,7e-05,7,Sydney,Tuesday
2026-01-27 03:33:42,FPMarkets Raw,NZDUSD,0.59673,0.59675,2e-05,2,Sydney,Tuesday
2026-01-27 03:33:43,FPMarkets Raw,GBPJPY,211.306,211.319,0.013,13,Sydney,Tuesday
2026-01-27 03:33:43,FPMarkets Raw,NAS100,25856.4,25857.0,0.6,60,Sydney,Tuesday
2026-01-27 03:33:43,FPMarkets Raw,US500,6971.13,6971.38,0.25,25,Sydney,Tuesday
2026-01-27 03:33:43,FPMarkets Raw,US30,49378.3,49379.7,1.4,140,Sydney,Tuesday
2026-01-27 03:33:43,FPMarkets Raw,GER40,24970.25,24973.95,3.7,370,Sydney,Tuesday
2026-01-27 03:33:44,FPMarkets Raw,UK100,10186.3,10188.9,2.6,260,Sydney,Tuesday
2026-01-27 03:33:45,8Cap Raw,XAUUSD,5067.23,5067.39,0.16,16,Sydney,Tuesday
2026-01-27 03:33:45,8Cap Raw,EURUSD,1.18855,1.18855,0.0,0,Sydney,Tuesday
2026-01-27 03:33:45,8Cap Raw,GBPUSD,1.36936,1.36937,1e-05,1,Sydney,Tuesday
2026-01-27 03:33:46,8Cap Raw,USDJPY,154.312,154.313,0.001,1,Sydney,Tuesday
2026-01-27 03:33:46,8Cap Raw,AUDUSD,0.69138,0.6914,2e-05,2,Sydney,Tuesday
2026-01-27 03:33:46,8Cap Raw,USDCAD,1.37211,1.37214,3e-05,3,Sydney,Tuesday
2026-01-27 03:33:46,8Cap Raw,USDCHF,0.77645,0.77649,4e-05,4,Sydney,Tuesday
2026-01-27 03:33:46,8Cap Raw,NZDUSD,0.59673,0.59675,2e-05,2,Sydney,Tuesday
2026-01-27 03:33:47,8Cap Raw,GBPJPY,211.298,211.319,0.021,21,Sydney,Tuesday
2026-01-27 03:33:47,8Cap Raw,NAS100,25836.64,25838.04,1.4,140,Sydney,Tuesday
2026-01-27 03:33:47,8Cap Raw,US500,6967.46,6968.02,0.56,56,Sydney,Tuesday
2026-01-27 03:33:47,8Cap Raw,US30,49346.12,49348.12,2.0,200,Sydney,Tuesday
2026-01-27 03:33:47,8Cap Raw,US2000,2666.53,2666.97,0.44,44,Sydney,Tuesday
2026-01-27 03:33:48,8Cap Raw,GER40,24963.13,24966.13,3.0,300,Sydney,Tuesday
2026-01-27 03:33:48,8Cap Raw,UK100,10168.03,10169.23,1.2,120,Sydney,Tuesday
2026-01-27 03:38:18,Pepperstone Razor,XAUUSD,5070.21,5070.48,0.27,27,Sydney,Tuesday
2026-01-27 03:38:18,Pepperstone Razor,EURUSD,1.18871,1.18871,0.0,0,Sydney,Tuesday
2026-01-27 03:38:18,Pepperstone Razor,GBPUSD,1.36912,1.36913,1e-05,1,Sydney,Tuesday
2026-01-27 03:38:18,Pepperstone Razor,USDJPY,154.321,154.323,0.002,2,Sydney,Tuesday
2026-01-27 03:38:19,Pepperstone Razor,AUDUSD,0.69155,0.69155,0.0,0,Sydney,Tuesday
2026-01-27 03:38:19,Pepperstone Razor,USDCAD,1.37204,1.37205,1e-05,1,Sydney,Tuesday
2026-01-27 03:38:19,Pepperstone Razor,USDCHF,0.77642,0.77645,3e-05,3,Sydney,Tuesday
2026-01-27 03:38:19,Pepperstone Razor,NZDUSD,0.59684,0.59686,2e-05,2,Sydney,Tuesday
2026-01-27 03:38:19,Pepperstone Razor,GBPJPY,211.28,211.285,0.005,5,Sydney,Tuesday
2026-01-27 03:38:20,Pepperstone Razor,NAS100,25845.8,25847.3,1.5,15,Sydney,Tuesday
2026-01-27 03:38:20,Pepperstone Razor,US500,6968.8,6969.3,0.5,5,Sydney,Tuesday
2026-01-27 03:38:20,Pepperstone Razor,US30,49341.4,49343.5,2.1,21,Sydney,Tuesday
2026-01-27 03:38:20,Pepperstone Razor,US2000,2667.7,2668.2,0.5,5,Sydney,Tuesday
2026-01-27 03:38:20,Pepperstone Razor,GER40,24964.7,24966.7,2.0,20,Sydney,Tuesday
2026-01-27 03:38:21,Pepperstone Razor,UK100,10171.1,10172.9,1.8,18,Sydney,Tuesday
2026-01-27 03:38:22,FusionMarkets Zero,XAUUSD,5070.34,5070.48,0.14,14,Sydney,Tuesday
2026-01-27 03:38:22,FusionMarkets Zero,EURUSD,1.1887,1.1887,0.0,0,Sydney,Tuesday
2026-01-27 03:38:23,FusionMarkets Zero,GBPUSD,1.36912,1.36912,0.0,0,Sydney,Tuesday
2026-01-27 03:38:23,FusionMarkets Zero,USDJPY,154.321,154.321,0.0,0,Sydney,Tuesday
2026-01-27 03:38:23,FusionMarkets Zero,AUDUSD,0.69155,0.69155,0.0,0,Sydney,Tuesday
2026-01-27 03:38:23,FusionMarkets Zero,USDCAD,1.37202,1.37202,0.0,0,Sydney,Tuesday
2026-01-27 03:38:23,FusionMarkets Zero,USDCHF,0.77645,0.77645,0.0,0,Sydney,Tuesday
2026-01-27 03:38:24,FusionMarkets Zero,NZDUSD,0.59684,0.59684,0.0,0,Sydney,Tuesday
2026-01-27 03:38:24,FusionMarkets Zero,GBPJPY,211.281,211.288,0.007,7,Sydney,Tuesday
2026-01-27 03:38:24,FusionMarkets Zero,NAS100,25846.82,25847.62,0.8,80,Sydney,Tuesday
2026-01-27 03:38:24,FusionMarkets Zero,US500,6968.81,6969.17,0.36,36,Sydney,Tuesday
2026-01-27 03:38:25,FusionMarkets Zero,US30,49355.47,49358.27,2.8,280,Sydney,Tuesday
2026-01-27 03:38:25,FusionMarkets Zero,US2000,2667.8,2668.2,0.4,40,Sydney,Tuesday
2026-01-27 03:38:25,FusionMarkets Zero,GER40,24975.03,24978.23,3.2,320,Sydney,Tuesday
2026-01-27 03:38:25,FusionMarkets Zero,UK100,10171.48,10172.53,1.05,105,Sydney,Tuesday
2026-01-27 03:38:27,ThinkMarkets ThinkZero,XAUUSD,5070.89,5070.97,0.08,8,Sydney,Tuesday
2026-01-27 03:38:27,ThinkMarkets ThinkZero,EURUSD,1.1887,1.1887,0.0,0,Sydney,Tuesday
2026-01-27 03:38:27,ThinkMarkets ThinkZero,GBPUSD,1.36908,1.36914,6e-05,6,Sydney,Tuesday
2026-01-27 03:38:28,ThinkMarkets ThinkZero,USDJPY,154.321,154.323,0.002,2,Sydney,Tuesday
2026-01-27 03:38:28,ThinkMarkets ThinkZero,AUDUSD,0.69153,0.69157,4e-05,4,Sydney,Tuesday
2026-01-27 03:38:28,ThinkMarkets ThinkZero,USDCAD,1.372,1.37203,3e-05,3,Sydney,Tuesday
2026-01-27 03:38:28,ThinkMarkets ThinkZero,USDCHF,0.77642,0.77646,4e-05,4,Sydney,Tuesday
2026-01-27 03:38:28,ThinkMarkets ThinkZero,NZDUSD,0.59684,0.59687,3e-05,3,Sydney,Tuesday
2026-01-27 03:38:29,ThinkMarkets ThinkZero,GBPJPY,211.28,211.291,0.011,11,Sydney,Tuesday
2026-01-27 03:38:29,ThinkMarkets ThinkZero,NAS100,25865.64,25866.64,1.0,100,Sydney,Tuesday
2026-01-27 03:38:29,ThinkMarkets ThinkZero,US500,6972.33,6972.68,0.35,35,Sydney,Tuesday
2026-01-27 03:38:29,ThinkMarkets ThinkZero,US30,49387.25,49388.75,1.5,150,Sydney,Tuesday
2026-01-27 03:38:29,ThinkMarkets ThinkZero,US2000,2668.0,2668.8,0.8,80,Sydney,Tuesday
2026-01-27 03:38:30,ThinkMarkets ThinkZero,GER40,24983.5,24986.7,3.2,320,Sydney,Tuesday
2026-01-27 03:38:30,ThinkMarkets ThinkZero,UK100,10189.7,10192.0,2.3,230,Sydney,Tuesday
2026-01-27 03:38:31,ICMarkets Raw,XAUUSD,5072.68,5072.8,0.12,12,Sydney,Tuesday
2026-01-27 03:38:32,ICMarkets Raw,EURUSD,1.1887,1.1887,0.0,0,Sydney,Tuesday
2026-01-27 03:38:32,ICMarkets Raw,GBPUSD,1.36911,1.36912,1e-05,1,Sydney,Tuesday
2026-01-27 03:38:32,ICMarkets Raw,USDJPY,154.324,154.324,0.0,0,Sydney,Tuesday
2026-01-27 03:38:32,ICMarkets Raw,AUDUSD,0.69155,0.69155,0.0,0,Sydney,Tuesday
2026-01-27 03:38:32,ICMarkets Raw,USDCAD,1.37201,1.37202,1e-05,1,Sydney,Tuesday
2026-01-27 03:38:33,ICMarkets Raw,USDCHF,0.77642,0.77644,2e-05,2,Sydney,Tuesday
2026-01-27 03:38:33,ICMarkets Raw,NZDUSD,0.59684,0.59684,0.0,0,Sydney,Tuesday
2026-01-27 03:38:33,ICMarkets Raw,GBPJPY,211.285,211.289,0.004,4,Sydney,Tuesday
2026-01-27 03:38:33,ICMarkets Raw,NAS100,25843.1,25844.1,1.0,100,Sydney,Tuesday
2026-01-27 03:38:33,ICMarkets Raw,US500,6968.1,6968.6,0.5,50,Sydney,Tuesday
2026-01-27 03:38:34,ICMarkets Raw,US30,49352.9,49354.1,1.2,120,Sydney,Tuesday
2026-01-27 03:38:34,ICMarkets Raw,US2000,2666.36,2666.8,0.44,44,Sydney,Tuesday
2026-01-27 03:38:34,ICMarkets Raw,GER40,24969.4,24970.1,0.7,70,Sydney,Tuesday
2026-01-27 03:38:34,ICMarkets Raw,UK100,10168.2,10170.7,2.5,250,Sydney,Tuesday
2026-01-27 03:38:36,VantageMarkets Raw,XAUUSD,5072.7,5072.78,0.08,8,Sydney,Tuesday
2026-01-27 03:38:36,VantageMarkets Raw,EURUSD,1.18869,1.18871,2e-05,2,Sydney,Tuesday
2026-01-27 03:38:36,VantageMarkets Raw,GBPUSD,1.36912,1.36913,1e-05,1,Sydney,Tuesday
2026-01-27 03:38:36,VantageMarkets Raw,USDJPY,154.322,154.324,0.002,2,Sydney,Tuesday
2026-01-27 03:38:37,VantageMarkets Raw,AUDUSD,0.69153,0.69156,3e-05,3,Sydney,Tuesday
2026-01-27 03:38:37,VantageMarkets Raw,USDCAD,1.37203,1.37203,0.0,0,Sydney,Tuesday
2026-01-27 03:38:37,VantageMarkets Raw,USDCHF,0.77641,0.77647,6e-05,6,Sydney,Tuesday
2026-01-27 03:38:37,VantageMarkets Raw,NZDUSD,0.59684,0.59686,2e-05,2,Sydney,Tuesday
2026-01-27 03:38:37,VantageMarkets Raw,GBPJPY,211.285,211.289,0.004,4,Sydney,Tuesday
2026-01-27 03:38:38,VantageMarkets Raw,NAS100,25865.56,25866.36,0.8,80,Sydney,Tuesday
2026-01-27 03:38:38,VantageMarkets Raw,US500,6972.34,6972.7,0.36,36,Sydney,Tuesday
2026-01-27 03:38:38,VantageMarkets Raw,US30,49388.51,49389.61,1.1,110,Sydney,Tuesday
2026-01-27 03:38:38,VantageMarkets Raw,US2000,2668.26,2668.74,0.48,48,Sydney,Tuesday
2026-01-27 03:38:38,VantageMarkets Raw,GER40,24983.25,24986.95,3.7,370,Sydney,Tuesday
2026-01-27 03:38:39,VantageMarkets Raw,UK100,10189.78,10191.94,2.16,216,Sydney,Tuesday
2026-01-27 03:38:41,FPMarkets Raw,XAUUSD,5067.27,5067.34,0.07,7,Sydney,Tuesday
2026-01-27 03:38:41,FPMarkets Raw,EURUSD,1.18869,1.18871,2e-05,2,Sydney,Tuesday
2026-01-27 03:38:41,FPMarkets Raw,GBPUSD,1.36909,1.36914,5e-05,5,Sydney,Tuesday
2026-01-27 03:38:41,FPMarkets Raw,USDJPY,154.322,154.326,0.004,4,Sydney,Tuesday
2026-01-27 03:38:41,FPMarkets Raw,AUDUSD,0.69154,0.69157,3e-05,3,Sydney,Tuesday
2026-01-27 03:38:42,FPMarkets Raw,USDCAD,1.37198,1.37204,6e-05,6,Sydney,Tuesday
2026-01-27 03:38:42,FPMarkets Raw,USDCHF,0.7764,0.77647,7e-05,7,Sydney,Tuesday
2026-01-27 03:38:42,FPMarkets Raw,NZDUSD,0.59683,0.59684,1e-05,1,Sydney,Tuesday
2026-01-27 03:38:42,FPMarkets Raw,GBPJPY,211.271,211.285,0.014,14,Sydney,Tuesday
2026-01-27 03:38:43,FPMarkets Raw,NAS100,25866.4,25867.0,0.6,60,Sydney,Tuesday
2026-01-27 03:38:43,FPMarkets Raw,US500,6972.37,6972.62,0.25,25,Sydney,Tuesday
2026-01-27 03:38:43,FPMarkets Raw,US30,49388.3,49389.7,1.4,140,Sydney,Tuesday
2026-01-27 03:38:43,FPMarkets Raw,GER40,24983.65,24986.55,2.9,290,Sydney,Tuesday
2026-01-27 03:38:43,FPMarkets Raw,UK100,10189.55,10192.15,2.6,260,Sydney,Tuesday
2026-01-27 03:38:45,8Cap Raw,XAUUSD,5073.54,5073.7,0.16,16,Sydney,Tuesday
2026-01-27 03:38:45,8Cap Raw,EURUSD,1.1887,1.1887,0.0,0,Sydney,Tuesday
2026-01-27 03:38:45,8Cap Raw,GBPUSD,1.36905,1.36906,1e-05,1,Sydney,Tuesday
2026-01-27 03:38:45,8Cap Raw,USDJPY,154.324,154.325,0.001,1,Sydney,Tuesday
2026-01-27 03:38:45,8Cap Raw,AUDUSD,0.69154,0.69157,3e-05,3,Sydney,Tuesday
2026-01-27 03:38:46,8Cap Raw,USDCAD,1.37201,1.37204,3e-05,3,Sydney,Tuesday
2026-01-27 03:38:46,8Cap Raw,USDCHF,0.7764,0.77645,5e-05,5,Sydney,Tuesday
2026-01-27 03:38:46,8Cap Raw,NZDUSD,0.59683,0.59684,1e-05,1,Sydney,Tuesday
2026-01-27 03:38:46,8Cap Raw,GBPJPY,211.267,211.284,0.017,17,Sydney,Tuesday
2026-01-27 03:38:46,8Cap Raw,NAS100,25847.14,25848.54,1.4,140,Sydney,Tuesday
2026-01-27 03:38:47,8Cap Raw,US500,6968.96,6969.52,0.56,56,Sydney,Tuesday
2026-01-27 03:38:47,8Cap Raw,US30,49355.87,49357.87,2.0,200,Sydney,Tuesday
2026-01-27 03:38:47,8Cap Raw,US2000,2667.93,2668.37,0.44,44,Sydney,Tuesday
2026-01-27 03:38:47,8Cap Raw,GER40,24976.63,24979.63,3.0,300,Sydney,Tuesday
2026-01-27 03:38:47,8Cap Raw,UK100,10171.41,10172.61,1.2,120,Sydney,Tuesday
2026-01-27 03:43:18,Pepperstone Razor,XAUUSD,5074.1,5074.31,0.21,21,Sydney,Tuesday
2026-01-27 03:43:18,Pepperstone Razor,EURUSD,1.18865,1.18865,0.0,0,Sydney,Tuesday
2026-01-27 03:43:18,Pepperstone Razor,GBPUSD,1.36888,1.3689,2e-05,2,Sydney,Tuesday
2026-01-27 03:43:18,Pepperstone Razor,USDJPY,154.373,154.376,0.003,3,Sydney,Tuesday
2026-01-27 03:43:19,Pepperstone Razor,AUDUSD,0.6917,0.6917,0.0,0,Sydney,Tuesday
2026-01-27 03:43:19,Pepperstone Razor,USDCAD,1.37187,1.37192,5e-05,5,Sydney,Tuesday
2026-01-27 03:43:19,Pepperstone Razor,USDCHF,0.77652,0.77657,5e-05,5,Sydney,Tuesday
2026-01-27 03:43:19,Pepperstone Razor,NZDUSD,0.59684,0.59687,3e-05,3,Sydney,Tuesday
2026-01-27 03:43:19,Pepperstone Razor,GBPJPY,211.313,211.322,0.009,9,Sydney,Tuesday
2026-01-27 03:43:20,Pepperstone Razor,NAS100,25845.2,25846.7,1.5,15,Sydney,Tuesday
2026-01-27 03:43:20,Pepperstone Razor,US500,6968.9,6969.4,0.5,5,Sydney,Tuesday
2026-01-27 03:43:20,Pepperstone Razor,US30,49341.2,49343.4,2.2,22,Sydney,Tuesday
2026-01-27 03:43:20,Pepperstone Razor,US2000,2667.9,2668.3,0.4,4,Sydney,Tuesday
2026-01-27 03:43:20,Pepperstone Razor,GER40,24967.7,24969.7,2.0,20,Sydney,Tuesday
2026-01-27 03:43:21,Pepperstone Razor,UK100,10172.4,10174.4,2.0,20,Sydney,Tuesday
2026-01-27 03:43:22,FusionMarkets Zero,XAUUSD,5074.19,5074.25,0.06,6,Sydney,Tuesday
2026-01-27 03:43:23,FusionMarkets Zero,EURUSD,1.18864,1.18864,0.0,0,Sydney,Tuesday
2026-01-27 03:43:23,FusionMarkets Zero,GBPUSD,1.3689,1.3689,0.0,0,Sydney,Tuesday
2026-01-27 03:43:23,FusionMarkets Zero,USDJPY,154.372,154.374,0.002,2,Sydney,Tuesday
2026-01-27 03:43:23,FusionMarkets Zero,AUDUSD,0.69171,0.69171,0.0,0,Sydney,Tuesday
2026-01-27 03:43:23,FusionMarkets Zero,USDCAD,1.37187,1.37187,0.0,0,Sydney,Tuesday
2026-01-27 03:43:24,FusionMarkets Zero,USDCHF,0.77648,0.77648,0.0,0,Sydney,Tuesday
2026-01-27 03:43:24,FusionMarkets Zero,NZDUSD,0.59687,0.59687,0.0,0,Sydney,Tuesday
2026-01-27 03:43:24,FusionMarkets Zero,GBPJPY,211.316,211.327,0.011,11,Sydney,Tuesday
2026-01-27 03:43:24,FusionMarkets Zero,NAS100,25845.57,25846.37,0.8,80,Sydney,Tuesday
2026-01-27 03:43:24,FusionMarkets Zero,US500,6969.06,6969.42,0.36,36,Sydney,Tuesday
2026-01-27 03:43:25,FusionMarkets Zero,US30,49355.47,49358.27,2.8,280,Sydney,Tuesday
2026-01-27 03:43:25,FusionMarkets Zero,US2000,2668.0,2668.3,0.3,30,Sydney,Tuesday
2026-01-27 03:43:25,FusionMarkets Zero,GER40,24976.53,24979.73,3.2,320,Sydney,Tuesday
2026-01-27 03:43:25,FusionMarkets Zero,UK100,10172.48,10174.28,1.8,180,Sydney,Tuesday
2026-01-27 03:43:27,ThinkMarkets ThinkZero,XAUUSD,5074.3,5074.38,0.08,8,Sydney,Tuesday
2026-01-27 03:43:27,ThinkMarkets ThinkZero,EURUSD,1.18864,1.18866,2e-05,2,Sydney,Tuesday
2026-01-27 03:43:27,ThinkMarkets ThinkZero,GBPUSD,1.36884,1.36888,4e-05,4,Sydney,Tuesday
2026-01-27 03:43:28,ThinkMarkets ThinkZero,USDJPY,154.37,154.377,0.007,7,Sydney,Tuesday
2026-01-27 03:43:28,ThinkMarkets ThinkZero,AUDUSD,0.69166,0.6917,4e-05,4,Sydney,Tuesday
2026-01-27 03:43:28,ThinkMarkets ThinkZero,USDCAD,1.37185,1.3719,5e-05,5,Sydney,Tuesday
2026-01-27 03:43:28,ThinkMarkets ThinkZero,USDCHF,0.7765,0.77652,2e-05,2,Sydney,Tuesday
2026-01-27 03:43:28,ThinkMarkets ThinkZero,NZDUSD,0.59681,0.59685,4e-05,4,Sydney,Tuesday
2026-01-27 03:43:29,ThinkMarkets ThinkZero,GBPJPY,211.336,211.349,0.013,13,Sydney,Tuesday
2026-01-27 03:43:29,ThinkMarkets ThinkZero,NAS100,25864.89,25865.89,1.0,100,Sydney,Tuesday
2026-01-27 03:43:29,ThinkMarkets ThinkZero,US500,6972.32,6972.67,0.35,35,Sydney,Tuesday
2026-01-27 03:43:29,ThinkMarkets ThinkZero,US30,49387.25,49388.75,1.5,150,Sydney,Tuesday
2026-01-27 03:43:29,ThinkMarkets ThinkZero,US2000,2668.2,2669.0,0.8,80,Sydney,Tuesday
2026-01-27 03:43:30,ThinkMarkets ThinkZero,GER40,24982.6,24987.6,5.0,500,Sydney,Tuesday
2026-01-27 03:43:30,ThinkMarkets ThinkZero,UK100,10190.95,10193.25,2.3,230,Sydney,Tuesday
2026-01-27 03:43:31,ICMarkets Raw,XAUUSD,5072.62,5072.74,0.12,12,Sydney,Tuesday
2026-01-27 03:43:32,ICMarkets Raw,EURUSD,1.18866,1.18867,1e-05,1,Sydney,Tuesday
2026-01-27 03:43:32,ICMarkets Raw,GBPUSD,1.36885,1.36886,1e-05,1,Sydney,Tuesday
2026-01-27 03:43:32,ICMarkets Raw,USDJPY,154.397,154.398,0.001,1,Sydney,Tuesday
2026-01-27 03:43:32,ICMarkets Raw,AUDUSD,0.69166,0.69166,0.0,0,Sydney,Tuesday
2026-01-27 03:43:32,ICMarkets Raw,USDCAD,1.37192,1.37193,1e-05,1,Sydney,Tuesday
2026-01-27 03:43:33,ICMarkets Raw,USDCHF,0.7765,0.77656,6e-05,6,Sydney,Tuesday
2026-01-27 03:43:33,ICMarkets Raw,NZDUSD,0.5968,0.59682,2e-05,2,Sydney,Tuesday
2026-01-27 03:43:33,ICMarkets Raw,GBPJPY,211.347,211.352,0.005,5,Sydney,Tuesday
2026-01-27 03:43:33,ICMarkets Raw,NAS100,25842.8,25843.8,1.0,100,Sydney,Tuesday
2026-01-27 03:43:33,ICMarkets Raw,US500,6968.4,6968.9,0.5,50,Sydney,Tuesday
2026-01-27 03:43:34,ICMarkets Raw,US30,49352.9,49354.1,1.2,120,Sydney,Tuesday
2026-01-27 03:43:34,ICMarkets Raw,US2000,2666.57,2666.89,0.32,32,Sydney,Tuesday
2026-01-27 03:43:34,ICMarkets Raw,GER40,24969.4,24970.1,0.7,70,Sydney,Tuesday
2026-01-27 03:43:34,ICMarkets Raw,UK100,10169.7,10172.2,2.5,250,Sydney,Tuesday
2026-01-27 03:43:36,VantageMarkets Raw,XAUUSD,5075.28,5075.36,0.08,8,Sydney,Tuesday
2026-01-27 03:43:36,VantageMarkets Raw,EURUSD,1.18859,1.18863,4e-05,4,Sydney,Tuesday
2026-01-27 03:43:36,VantageMarkets Raw,GBPUSD,1.36881,1.36882,1e-05,1,Sydney,Tuesday
2026-01-27 03:43:37,VantageMarkets Raw,USDJPY,154.4,154.403,0.003,3,Sydney,Tuesday
2026-01-27 03:43:37,VantageMarkets Raw,AUDUSD,0.69161,0.69165,4e-05,4,Sydney,Tuesday
2026-01-27 03:43:37,VantageMarkets Raw,USDCAD,1.37192,1.37193,1e-05,1,Sydney,Tuesday
2026-01-27 03:43:37,VantageMarkets Raw,USDCHF,0.77653,0.77658,5e-05,5,Sydney,Tuesday
2026-01-27 03:43:37,VantageMarkets Raw,NZDUSD,0.59676,0.5968,4e-05,4,Sydney,Tuesday
2026-01-27 03:43:38,VantageMarkets Raw,GBPJPY,211.348,211.352,0.004,4,Sydney,Tuesday
2026-01-27 03:43:38,VantageMarkets Raw,NAS100,25865.56,25866.36,0.8,80,Sydney,Tuesday
2026-01-27 03:43:38,VantageMarkets Raw,US500,6972.33,6972.69,0.36,36,Sydney,Tuesday
2026-01-27 03:43:38,VantageMarkets Raw,US30,49387.51,49388.61,1.1,110,Sydney,Tuesday
2026-01-27 03:43:38,VantageMarkets Raw,US2000,2668.36,2668.84,0.48,48,Sydney,Tuesday
2026-01-27 03:43:39,VantageMarkets Raw,GER40,24982.35,24987.85,5.5,550,Sydney,Tuesday
2026-01-27 03:43:39,VantageMarkets Raw,UK100,10191.53,10193.69,2.16,216,Sydney,Tuesday
2026-01-27 03:43:41,FPMarkets Raw,XAUUSD,5075.02,5075.09,0.07,7,Sydney,Tuesday
2026-01-27 03:43:41,FPMarkets Raw,EURUSD,1.18861,1.18862,1e-05,1,Sydney,Tuesday
2026-01-27 03:43:41,FPMarkets Raw,GBPUSD,1.36883,1.36888,5e-05,5,Sydney,Tuesday
2026-01-27 03:43:41,FPMarkets Raw,USDJPY,154.397,154.401,0.004,4,Sydney,Tuesday
2026-01-27 03:43:42,FPMarkets Raw,AUDUSD,0.69162,0.69165,3e-05,3,Sydney,Tuesday
2026-01-27 03:43:42,FPMarkets Raw,USDCAD,1.37188,1.37194,6e-05,6,Sydney,Tuesday
2026-01-27 03:43:42,FPMarkets Raw,USDCHF,0.7765,0.77657,7e-05,7,Sydney,Tuesday
2026-01-27 03:43:42,FPMarkets Raw,NZDUSD,0.59676,0.59679,3e-05,3,Sydney,Tuesday
2026-01-27 03:43:42,FPMarkets Raw,GBPJPY,211.343,211.363,0.02,20,Sydney,Tuesday
2026-01-27 03:43:43,FPMarkets Raw,NAS100,25865.9,25866.5,0.6,60,Sydney,Tuesday
2026-01-27 03:43:43,FPMarkets Raw,US500,6972.63,6972.88,0.25,25,Sydney,Tuesday
2026-01-27 03:43:43,FPMarkets Raw,US30,49388.3,49389.7,1.4,140,Sydney,Tuesday
2026-01-27 03:43:43,FPMarkets Raw,GER40,24982.75,24987.45,4.7,470,Sydney,Tuesday
2026-01-27 03:43:43,FPMarkets Raw,UK100,10191.3,10193.9,2.6,260,Sydney,Tuesday
2026-01-27 03:43:45,8Cap Raw,XAUUSD,5075.27,5075.43,0.16,16,Sydney,Tuesday
2026-01-27 03:43:45,8Cap Raw,EURUSD,1.18864,1.18864,0.0,0,Sydney,Tuesday
2026-01-27 03:43:45,8Cap Raw,GBPUSD,1.36885,1.36886,1e-05,1,Sydney,Tuesday
2026-01-27 03:43:45,8Cap Raw,USDJPY,154.403,154.404,0.001,1,Sydney,Tuesday
2026-01-27 03:43:45,8Cap Raw,AUDUSD,0.69163,0.69165,2e-05,2,Sydney,Tuesday
2026-01-27 03:43:46,8Cap Raw,USDCAD,1.37191,1.37194,3e-05,3,Sydney,Tuesday
2026-01-27 03:43:46,8Cap Raw,USDCHF,0.7765,0.77656,6e-05,6,Sydney,Tuesday
2026-01-27 03:43:46,8Cap Raw,NZDUSD,0.59675,0.59678,3e-05,3,Sydney,Tuesday
2026-01-27 03:43:46,8Cap Raw,GBPJPY,211.342,211.362,0.02,20,Sydney,Tuesday
2026-01-27 03:43:46,8Cap Raw,NAS100,25846.52,25847.92,1.4,140,Sydney,Tuesday
2026-01-27 03:43:47,8Cap Raw,US500,6968.96,6969.52,0.56,56,Sydney,Tuesday
2026-01-27 03:43:47,8Cap Raw,US30,49356.87,49358.87,2.0,200,Sydney,Tuesday
2026-01-27 03:43:47,8Cap Raw,US2000,2668.03,2668.47,0.44,44,Sydney,Tuesday
2026-01-27 03:43:47,8Cap Raw,GER40,24976.63,24979.63,3.0,300,Sydney,Tuesday
2026-01-27 03:43:47,8Cap Raw,UK100,10172.58,10174.18,1.6,160,Sydney,Tuesday
2026-01-27 03:48:18,Pepperstone Razor,XAUUSD,5075.52,5075.75,0.23,23,Sydney,Tuesday
2026-01-27 03:48:18,Pepperstone Razor,EURUSD,1.18819,1.1882,1e-05,1,Sydney,Tuesday
2026-01-27 03:48:18,Pepperstone Razor,GBPUSD,1.36857,1.36858,1e-05,1,Sydney,Tuesday
2026-01-27 03:48:19,Pepperstone Razor,USDJPY,154.383,154.386,0.003,3,Sydney,Tuesday
2026-01-27 03:48:19,Pepperstone Razor,AUDUSD,0.69152,0.69153,1e-05,1,Sydney,Tuesday
2026-01-27 03:48:19,Pepperstone Razor,USDCAD,1.37216,1.37217,1e-05,1,Sydney,Tuesday
2026-01-27 03:48:19,Pepperstone Razor,USDCHF,0.77704,0.77704,0.0,0,Sydney,Tuesday
2026-01-27 03:48:19,Pepperstone Razor,NZDUSD,0.5967,0.59672,2e-05,2,Sydney,Tuesday
2026-01-27 03:48:20,Pepperstone Razor,GBPJPY,211.279,211.285,0.006,6,Sydney,Tuesday
2026-01-27 03:48:20,Pepperstone Razor,NAS100,25842.7,25844.2,1.5,15,Sydney,Tuesday
2026-01-27 03:48:20,Pepperstone Razor,US500,6968.8,6969.3,0.5,5,Sydney,Tuesday
2026-01-27 03:48:20,Pepperstone Razor,US30,49343.2,49345.4,2.2,22,Sydney,Tuesday
2026-01-27 03:48:20,Pepperstone Razor,US2000,2667.7,2668.2,0.5,5,Sydney,Tuesday
2026-01-27 03:48:21,Pepperstone Razor,GER40,24966.7,24968.7,2.0,20,Sydney,Tuesday
2026-01-27 03:48:21,Pepperstone Razor,UK100,10172.9,10174.9,2.0,20,Sydney,Tuesday
2026-01-27 03:48:23,FusionMarkets Zero,XAUUSD,5075.83,5075.89,0.06,6,Sydney,Tuesday
2026-01-27 03:48:23,FusionMarkets Zero,EURUSD,1.18818,1.18818,0.0,0,Sydney,Tuesday
2026-01-27 03:48:23,FusionMarkets Zero,GBPUSD,1.36856,1.36856,0.0,0,Sydney,Tuesday
2026-01-27 03:48:23,FusionMarkets Zero,USDJPY,154.388,154.388,0.0,0,Sydney,Tuesday
2026-01-27 03:48:23,FusionMarkets Zero,AUDUSD,0.69151,0.69151,0.0,0,Sydney,Tuesday
2026-01-27 03:48:24,FusionMarkets Zero,USDCAD,1.37217,1.37217,0.0,0,Sydney,Tuesday
2026-01-27 03:48:24,FusionMarkets Zero,USDCHF,0.77706,0.77706,0.0,0,Sydney,Tuesday
2026-01-27 03:48:24,FusionMarkets Zero,NZDUSD,0.59669,0.59669,0.0,0,Sydney,Tuesday
2026-01-27 03:48:24,FusionMarkets Zero,GBPJPY,211.283,211.29,0.007,7,Sydney,Tuesday
2026-01-27 03:48:25,FusionMarkets Zero,NAS100,25842.32,25843.12,0.8,80,Sydney,Tuesday
2026-01-27 03:48:25,FusionMarkets Zero,US500,6968.81,6969.17,0.36,36,Sydney,Tuesday
2026-01-27 03:48:25,FusionMarkets Zero,US30,49356.47,49359.27,2.8,280,Sydney,Tuesday
2026-01-27 03:48:25,FusionMarkets Zero,US2000,2667.8,2668.1,0.3,30,Sydney,Tuesday
2026-01-27 03:48:25,FusionMarkets Zero,GER40,24975.03,24978.23,3.2,320,Sydney,Tuesday
2026-01-27 03:48:26,FusionMarkets Zero,UK100,10172.98,10174.28,1.3,130,Sydney,Tuesday
2026-01-27 03:48:27,ThinkMarkets ThinkZero,XAUUSD,5075.67,5075.75,0.08,8,Sydney,Tuesday
2026-01-27 03:48:27,ThinkMarkets ThinkZero,EURUSD,1.18818,1.1882,2e-05,2,Sydney,Tuesday
2026-01-27 03:48:28,ThinkMarkets ThinkZero,GBPUSD,1.36852,1.36857,5e-05,5,Sydney,Tuesday
2026-01-27 03:48:28,ThinkMarkets ThinkZero,USDJPY,154.384,154.388,0.004,4,Sydney,Tuesday
2026-01-27 03:48:28,ThinkMarkets ThinkZero,AUDUSD,0.6915,0.69152,2e-05,2,Sydney,Tuesday
2026-01-27 03:48:28,ThinkMarkets ThinkZero,USDCAD,1.37214,1.37219,5e-05,5,Sydney,Tuesday
2026-01-27 03:48:28,ThinkMarkets ThinkZero,USDCHF,0.77704,0.77707,3e-05,3,Sydney,Tuesday
2026-01-27 03:48:29,ThinkMarkets ThinkZero,NZDUSD,0.59671,0.59673,2e-05,2,Sydney,Tuesday
2026-01-27 03:48:29,ThinkMarkets ThinkZero,GBPJPY,211.279,211.289,0.01,10,Sydney,Tuesday
2026-01-27 03:48:29,ThinkMarkets ThinkZero,NAS100,25861.89,25862.89,1.0,100,Sydney,Tuesday
2026-01-27 03:48:29,ThinkMarkets ThinkZero,US500,6972.07,6972.42,0.35,35,Sydney,Tuesday
2026-01-27 03:48:29,ThinkMarkets ThinkZero,US30,49389.25,49390.75,1.5,150,Sydney,Tuesday
2026-01-27 03:48:30,ThinkMarkets ThinkZero,US2000,2668.0,2668.8,0.8,80,Sydney,Tuesday
2026-01-27 03:48:30,ThinkMarkets ThinkZero,GER40,24980.6,24987.6,7.0,700,Sydney,Tuesday
2026-01-27 03:48:30,ThinkMarkets ThinkZero,UK100,10191.45,10193.75,2.3,230,Sydney,Tuesday
2026-01-27 03:48:32,ICMarkets Raw,XAUUSD,5075.49,5075.58,0.09,9,Sydney,Tuesday
2026-01-27 03:48:32,ICMarkets Raw,EURUSD,1.18818,1.18818,0.0,0,Sydney,Tuesday
2026-01-27 03:48:32,ICMarkets Raw,GBPUSD,1.36854,1.36855,1e-05,1,Sydney,Tuesday
2026-01-27 03:48:32,ICMarkets Raw,USDJPY,154.387,154.388,0.001,1,Sydney,Tuesday
2026-01-27 03:48:32,ICMarkets Raw,AUDUSD,0.69153,0.69153,0.0,0,Sydney,Tuesday
2026-01-27 03:48:33,ICMarkets Raw,USDCAD,1.37217,1.37218,1e-05,1,Sydney,Tuesday
2026-01-27 03:48:33,ICMarkets Raw,USDCHF,0.77704,0.77706,2e-05,2,Sydney,Tuesday
2026-01-27 03:48:33,ICMarkets Raw,NZDUSD,0.59672,0.59672,0.0,0,Sydney,Tuesday
2026-01-27 03:48:33,ICMarkets Raw,GBPJPY,211.28,211.285,0.005,5,Sydney,Tuesday
2026-01-27 03:48:33,ICMarkets Raw,NAS100,25840.1,25841.1,1.0,100,Sydney,Tuesday
2026-01-27 03:48:34,ICMarkets Raw,US500,6968.1,6968.6,0.5,50,Sydney,Tuesday
2026-01-27 03:48:34,ICMarkets Raw,US30,49353.9,49355.1,1.2,120,Sydney,Tuesday
2026-01-27 03:48:34,ICMarkets Raw,US2000,2666.37,2666.79,0.42,42,Sydney,Tuesday
2026-01-27 03:48:34,ICMarkets Raw,GER40,24967.9,24968.6,0.7,70,Sydney,Tuesday
2026-01-27 03:48:35,ICMarkets Raw,UK100,10170.0,10172.5,2.5,250,Sydney,Tuesday
2026-01-27 03:48:36,VantageMarkets Raw,XAUUSD,5076.21,5076.29,0.08,8,Sydney,Tuesday
2026-01-27 03:48:36,VantageMarkets Raw,EURUSD,1.18818,1.1882,2e-05,2,Sydney,Tuesday
2026-01-27 03:48:37,VantageMarkets Raw,GBPUSD,1.36853,1.36854,1e-05,1,Sydney,Tuesday
2026-01-27 03:48:37,VantageMarkets Raw,USDJPY,154.386,154.387,0.001,1,Sydney,Tuesday
2026-01-27 03:48:37,VantageMarkets Raw,AUDUSD,0.6915,0.69154,4e-05,4,Sydney,Tuesday
2026-01-27 03:48:37,VantageMarkets Raw,USDCAD,1.37217,1.37217,0.0,0,Sydney,Tuesday
2026-01-27 03:48:37,VantageMarkets Raw,USDCHF,0.77703,0.77709,6e-05,6,Sydney,Tuesday
2026-01-27 03:48:38,VantageMarkets Raw,NZDUSD,0.59669,0.59673,4e-05,4,Sydney,Tuesday
2026-01-27 03:48:38,VantageMarkets Raw,GBPJPY,211.28,211.284,0.004,4,Sydney,Tuesday
2026-01-27 03:48:38,VantageMarkets Raw,NAS100,25862.06,25862.86,0.8,80,Sydney,Tuesday
2026-01-27 03:48:38,VantageMarkets Raw,US500,6972.08,6972.44,0.36,36,Sydney,Tuesday
2026-01-27 03:48:38,VantageMarkets Raw,US30,49388.51,49389.61,1.1,110,Sydney,Tuesday
2026-01-27 03:48:39,VantageMarkets Raw,US2000,2668.26,2668.74,0.48,48,Sydney,Tuesday
2026-01-27 03:48:39,VantageMarkets Raw,GER40,24978.35,24987.85,9.5,950,Sydney,Tuesday
2026-01-27 03:48:39,VantageMarkets Raw,UK100,10191.53,10193.69,2.16,216,Sydney,Tuesday
2026-01-27 03:48:41,FPMarkets Raw,XAUUSD,5075.2,5075.27,0.07,7,Sydney,Tuesday
2026-01-27 03:48:41,FPMarkets Raw,EURUSD,1.18818,1.18819,1e-05,1,Sydney,Tuesday
2026-01-27 03:48:41,FPMarkets Raw,GBPUSD,1.36851,1.36856,5e-05,5,Sydney,Tuesday
2026-01-27 03:48:42,FPMarkets Raw,USDJPY,154.383,154.387,0.004,4,Sydney,Tuesday
2026-01-27 03:48:42,FPMarkets Raw,AUDUSD,0.69151,0.69154,3e-05,3,Sydney,Tuesday
2026-01-27 03:48:42,FPMarkets Raw,USDCAD,1.37213,1.37219,6e-05,6,Sydney,Tuesday
2026-01-27 03:48:42,FPMarkets Raw,USDCHF,0.77701,0.77708,7e-05,7,Sydney,Tuesday
2026-01-27 03:48:42,FPMarkets Raw,NZDUSD,0.59669,0.59672,3e-05,3,Sydney,Tuesday
2026-01-27 03:48:43,FPMarkets Raw,GBPJPY,211.275,211.291,0.016,16,Sydney,Tuesday
2026-01-27 03:48:43,FPMarkets Raw,NAS100,25861.65,25862.25,0.6,60,Sydney,Tuesday
2026-01-27 03:48:43,FPMarkets Raw,US500,6972.12,6972.37,0.25,25,Sydney,Tuesday
2026-01-27 03:48:43,FPMarkets Raw,US30,49388.3,49389.7,1.4,140,Sydney,Tuesday
2026-01-27 03:48:43,FPMarkets Raw,GER40,24980.75,24987.45,6.7,670,Sydney,Tuesday
2026-01-27 03:48:44,FPMarkets Raw,UK100,10191.3,10193.9,2.6,260,Sydney,Tuesday
2026-01-27 03:48:45,8Cap Raw,XAUUSD,5075.86,5076.02,0.16,16,Sydney,Tuesday
2026-01-27 03:48:45,8Cap Raw,EURUSD,1.18818,1.18818,0.0,0,Sydney,Tuesday
2026-01-27 03:48:45,8Cap Raw,GBPUSD,1.36853,1.36854,1e-05,1,Sydney,Tuesday
2026-01-27 03:48:46,8Cap Raw,USDJPY,154.385,154.386,0.001,1,Sydney,Tuesday
2026-01-27 03:48:46,8Cap Raw,AUDUSD,0.69149,0.69153,4e-05,4,Sydney,Tuesday
2026-01-27 03:48:46,8Cap Raw,USDCAD,1.37219,1.37222,3e-05,3,Sydney,Tuesday
2026-01-27 03:48:46,8Cap Raw,USDCHF,0.77702,0.77707,5e-05,5,Sydney,Tuesday
2026-01-27 03:48:46,8Cap Raw,NZDUSD,0.59667,0.59671,4e-05,4,Sydney,Tuesday
2026-01-27 03:48:47,8Cap Raw,GBPJPY,211.273,211.291,0.018,18,Sydney,Tuesday
2026-01-27 03:48:47,8Cap Raw,NAS100,25842.52,25843.92,1.4,140,Sydney,Tuesday
2026-01-27 03:48:47,8Cap Raw,US500,6968.71,6969.27,0.56,56,Sydney,Tuesday
2026-01-27 03:48:47,8Cap Raw,US30,49357.12,49359.12,2.0,200,Sydney,Tuesday
2026-01-27 03:48:47,8Cap Raw,US2000,2667.73,2668.17,0.44,44,Sydney,Tuesday
2026-01-27 03:48:48,8Cap Raw,GER40,24975.13,24978.13,3.0,300,Sydney,Tuesday
2026-01-27 03:48:48,8Cap Raw,UK100,10172.91,10174.11,1.2,120,Sydney,Tuesday
2026-01-27 03:53:18,Pepperstone Razor,XAUUSD,5073.05,5073.28,0.23,23,Sydney,Tuesday
2026-01-27 03:53:18,Pepperstone Razor,EURUSD,1.18812,1.18812,0.0,0,Sydney,Tuesday
2026-01-27 03:53:18,Pepperstone Razor,GBPUSD,1.36843,1.36844,1e-05,1,Sydney,Tuesday
2026-01-27 03:53:19,Pepperstone Razor,USDJPY,154.403,154.406,0.003,3,Sydney,Tuesday
2026-01-27 03:53:19,Pepperstone Razor,AUDUSD,0.69147,0.69148,1e-05,1,Sydney,Tuesday
2026-01-27 03:53:19,Pepperstone Razor,USDCAD,1.37236,1.37237,1e-05,1,Sydney,Tuesday
2026-01-27 03:53:19,Pepperstone Razor,USDCHF,0.77713,0.77715,2e-05,2,Sydney,Tuesday
2026-01-27 03:53:19,Pepperstone Razor,NZDUSD,0.5967,0.59672,2e-05,2,Sydney,Tuesday
2026-01-27 03:53:20,Pepperstone Razor,GBPJPY,211.293,211.3,0.007,7,Sydney,Tuesday
2026-01-27 03:53:20,Pepperstone Razor,NAS100,25842.2,25843.7,1.5,15,Sydney,Tuesday
2026-01-27 03:53:20,Pepperstone Razor,US500,6968.8,6969.3,0.5,5,Sydney,Tuesday
2026-01-27 03:53:20,Pepperstone Razor,US30,49340.6,49342.7,2.1,21,Sydney,Tuesday
2026-01-27 03:53:20,Pepperstone Razor,US2000,2667.4,2667.9,0.5,5,Sydney,Tuesday
2026-01-27 03:53:21,Pepperstone Razor,GER40,24965.7,24967.7,2.0,20,Sydney,Tuesday
2026-01-27 03:53:21,Pepperstone Razor,UK100,10171.1,10173.0,1.9,19,Sydney,Tuesday
2026-01-27 03:53:22,FusionMarkets Zero,XAUUSD,5073.29,5073.37,0.08,8,Sydney,Tuesday
2026-01-27 03:53:23,FusionMarkets Zero,EURUSD,1.18813,1.18813,0.0,0,Sydney,Tuesday
2026-01-27 03:53:23,FusionMarkets Zero,GBPUSD,1.36846,1.36846,0.0,0,Sydney,Tuesday
2026-01-27 03:53:23,FusionMarkets Zero,USDJPY,154.405,154.405,0.0,0,Sydney,Tuesday
2026-01-27 03:53:23,FusionMarkets Zero,AUDUSD,0.69145,0.69145,0.0,0,Sydney,Tuesday
2026-01-27 03:53:23,FusionMarkets Zero,USDCAD,1.37234,1.37234,0.0,0,Sydney,Tuesday
2026-01-27 03:53:24,FusionMarkets Zero,USDCHF,0.77712,0.77712,0.0,0,Sydney,Tuesday
2026-01-27 03:53:24,FusionMarkets Zero,NZDUSD,0.5967,0.5967,0.0,0,Sydney,Tuesday
2026-01-27 03:53:24,FusionMarkets Zero,GBPJPY,211.295,211.303,0.008,8,Sydney,Tuesday
2026-01-27 03:53:24,FusionMarkets Zero,NAS100,25842.82,25843.62,0.8,80,Sydney,Tuesday
2026-01-27 03:53:24,FusionMarkets Zero,US500,6968.81,6969.17,0.36,36,Sydney,Tuesday
2026-01-27 03:53:25,FusionMarkets Zero,US30,49354.72,49357.52,2.8,280,Sydney,Tuesday
2026-01-27 03:53:25,FusionMarkets Zero,US2000,2667.6,2667.9,0.3,30,Sydney,Tuesday
2026-01-27 03:53:25,FusionMarkets Zero,GER40,24974.53,24977.73,3.2,320,Sydney,Tuesday
2026-01-27 03:53:25,FusionMarkets Zero,UK100,10171.23,10172.78,1.55,155,Sydney,Tuesday
2026-01-27 03:53:27,ThinkMarkets ThinkZero,XAUUSD,5072.63,5072.71,0.08,8,Sydney,Tuesday
2026-01-27 03:53:27,ThinkMarkets ThinkZero,EURUSD,1.18813,1.18814,1e-05,1,Sydney,Tuesday
2026-01-27 03:53:28,ThinkMarkets ThinkZero,GBPUSD,1.36843,1.36848,5e-05,5,Sydney,Tuesday
2026-01-27 03:53:28,ThinkMarkets ThinkZero,USDJPY,154.407,154.409,0.002,2,Sydney,Tuesday
2026-01-27 03:53:28,ThinkMarkets ThinkZero,AUDUSD,0.6914,0.69146,6e-05,6,Sydney,Tuesday
2026-01-27 03:53:28,ThinkMarkets ThinkZero,USDCAD,1.37234,1.37239,5e-05,5,Sydney,Tuesday
2026-01-27 03:53:28,ThinkMarkets ThinkZero,USDCHF,0.7771,0.77715,5e-05,5,Sydney,Tuesday
2026-01-27 03:53:29,ThinkMarkets ThinkZero,NZDUSD,0.59669,0.59671,2e-05,2,Sydney,Tuesday
2026-01-27 03:53:29,ThinkMarkets ThinkZero,GBPJPY,211.294,211.305,0.011,11,Sydney,Tuesday
2026-01-27 03:53:29,ThinkMarkets ThinkZero,NAS100,25861.39,25862.39,1.0,100,Sydney,Tuesday
2026-01-27 03:53:29,ThinkMarkets ThinkZero,US500,6972.07,6972.42,0.35,35,Sydney,Tuesday
2026-01-27 03:53:29,ThinkMarkets ThinkZero,US30,49386.25,49387.75,1.5,150,Sydney,Tuesday
2026-01-27 03:53:30,ThinkMarkets ThinkZero,US2000,2667.8,2668.6,0.8,80,Sydney,Tuesday
2026-01-27 03:53:30,ThinkMarkets ThinkZero,GER40,24981.5,24984.7,3.2,320,Sydney,Tuesday
2026-01-27 03:53:30,ThinkMarkets ThinkZero,UK100,10189.95,10192.25,2.3,230,Sydney,Tuesday
2026-01-27 03:53:32,ICMarkets Raw,XAUUSD,5072.55,5072.67,0.12,12,Sydney,Tuesday
2026-01-27 03:53:32,ICMarkets Raw,EURUSD,1.18811,1.18811,0.0,0,Sydney,Tuesday
2026-01-27 03:53:32,ICMarkets Raw,GBPUSD,1.36846,1.36847,1e-05,1,Sydney,Tuesday
2026-01-27 03:53:32,ICMarkets Raw,USDJPY,154.403,154.403,0.0,0,Sydney,Tuesday
2026-01-27 03:53:32,ICMarkets Raw,AUDUSD,0.69142,0.69143,1e-05,1,Sydney,Tuesday
2026-01-27 03:53:33,ICMarkets Raw,USDCAD,1.37237,1.37239,2e-05,2,Sydney,Tuesday
2026-01-27 03:53:33,ICMarkets Raw,USDCHF,0.77712,0.77714,2e-05,2,Sydney,Tuesday
2026-01-27 03:53:33,ICMarkets Raw,NZDUSD,0.59672,0.59672,0.0,0,Sydney,Tuesday
2026-01-27 03:53:33,ICMarkets Raw,GBPJPY,211.294,211.299,0.005,5,Sydney,Tuesday
2026-01-27 03:53:33,ICMarkets Raw,NAS100,25839.6,25840.6,1.0,100,Sydney,Tuesday
2026-01-27 03:53:34,ICMarkets Raw,US500,6968.1,6968.6,0.5,50,Sydney,Tuesday
2026-01-27 03:53:34,ICMarkets Raw,US30,49351.9,49353.1,1.2,120,Sydney,Tuesday
2026-01-27 03:53:34,ICMarkets Raw,US2000,2666.07,2666.49,0.42,42,Sydney,Tuesday
2026-01-27 03:53:34,ICMarkets Raw,GER40,24967.4,24968.1,0.7,70,Sydney,Tuesday
2026-01-27 03:53:34,ICMarkets Raw,UK100,10168.5,10171.0,2.5,250,Sydney,Tuesday
2026-01-27 03:53:36,VantageMarkets Raw,XAUUSD,5072.71,5072.79,0.08,8,Sydney,Tuesday
2026-01-27 03:53:36,VantageMarkets Raw,EURUSD,1.18813,1.18815,2e-05,2,Sydney,Tuesday
2026-01-27 03:53:36,VantageMarkets Raw,GBPUSD,1.36846,1.36847,1e-05,1,Sydney,Tuesday
2026-01-27 03:53:37,VantageMarkets Raw,USDJPY,154.402,154.404,0.002,2,Sydney,Tuesday
2026-01-27 03:53:37,VantageMarkets Raw,AUDUSD,0.69142,0.69146,4e-05,4,Sydney,Tuesday
2026-01-27 03:53:37,VantageMarkets Raw,USDCAD,1.37235,1.37236,1e-05,1,Sydney,Tuesday
2026-01-27 03:53:37,VantageMarkets Raw,USDCHF,0.77707,0.77713,6e-05,6,Sydney,Tuesday
2026-01-27 03:53:37,VantageMarkets Raw,NZDUSD,0.5967,0.59672,2e-05,2,Sydney,Tuesday
2026-01-27 03:53:38,VantageMarkets Raw,GBPJPY,211.29,211.293,0.003,3,Sydney,Tuesday
2026-01-27 03:53:38,VantageMarkets Raw,NAS100,25862.06,25862.86,0.8,80,Sydney,Tuesday
2026-01-27 03:53:38,VantageMarkets Raw,US500,6972.08,6972.44,0.36,36,Sydney,Tuesday
2026-01-27 03:53:38,VantageMarkets Raw,US30,49386.51,49387.61,1.1,110,Sydney,Tuesday
2026-01-27 03:53:38,VantageMarkets Raw,US2000,2667.86,2668.34,0.48,48,Sydney,Tuesday
2026-01-27 03:53:39,VantageMarkets Raw,GER40,24979.85,24984.35,4.5,450,Sydney,Tuesday
2026-01-27 03:53:39,VantageMarkets Raw,UK100,10190.03,10192.19,2.16,216,Sydney,Tuesday
2026-01-27 03:53:41,FPMarkets Raw,XAUUSD,5072.91,5072.98,0.07,7,Sydney,Tuesday
2026-01-27 03:53:41,FPMarkets Raw,EURUSD,1.18813,1.18815,2e-05,2,Sydney,Tuesday
2026-01-27 03:53:41,FPMarkets Raw,GBPUSD,1.36843,1.36848,5e-05,5,Sydney,Tuesday
2026-01-27 03:53:41,FPMarkets Raw,USDJPY,154.397,154.401,0.004,4,Sydney,Tuesday
2026-01-27 03:53:42,FPMarkets Raw,AUDUSD,0.69142,0.69145,3e-05,3,Sydney,Tuesday
2026-01-27 03:53:42,FPMarkets Raw,USDCAD,1.37232,1.37238,6e-05,6,Sydney,Tuesday
2026-01-27 03:53:42,FPMarkets Raw,USDCHF,0.77708,0.77715,7e-05,7,Sydney,Tuesday
2026-01-27 03:53:42,FPMarkets Raw,NZDUSD,0.5967,0.59672,2e-05,2,Sydney,Tuesday
2026-01-27 03:53:42,FPMarkets Raw,GBPJPY,211.282,211.295,0.013,13,Sydney,Tuesday
2026-01-27 03:53:43,FPMarkets Raw,NAS100,25861.15,25861.75,0.6,60,Sydney,Tuesday
2026-01-27 03:53:43,FPMarkets Raw,US500,6972.13,6972.38,0.25,25,Sydney,Tuesday
2026-01-27 03:53:43,FPMarkets Raw,US30,49385.3,49386.7,1.4,140,Sydney,Tuesday
2026-01-27 03:53:43,FPMarkets Raw,GER40,24980.25,24983.95,3.7,370,Sydney,Tuesday
2026-01-27 03:53:43,FPMarkets Raw,UK100,10189.8,10192.4,2.6,260,Sydney,Tuesday
2026-01-27 03:53:45,8Cap Raw,XAUUSD,5072.94,5073.1,0.16,16,Sydney,Tuesday
2026-01-27 03:53:45,8Cap Raw,EURUSD,1.18814,1.18815,1e-05,1,Sydney,Tuesday
2026-01-27 03:53:45,8Cap Raw,GBPUSD,1.36847,1.36848,1e-05,1,Sydney,Tuesday
2026-01-27 03:53:45,8Cap Raw,USDJPY,154.396,154.397,0.001,1,Sydney,Tuesday
2026-01-27 03:53:45,8Cap Raw,AUDUSD,0.69142,0.69145,3e-05,3,Sydney,Tuesday
2026-01-27 03:53:46,8Cap Raw,USDCAD,1.37233,1.37236,3e-05,3,Sydney,Tuesday
2026-01-27 03:53:46,8Cap Raw,USDCHF,0.77707,0.77712,5e-05,5,Sydney,Tuesday
2026-01-27 03:53:46,8Cap Raw,NZDUSD,0.59669,0.59671,2e-05,2,Sydney,Tuesday
2026-01-27 03:53:46,8Cap Raw,GBPJPY,211.281,211.298,0.017,17,Sydney,Tuesday
2026-01-27 03:53:46,8Cap Raw,NAS100,25841.64,25843.04,1.4,140,Sydney,Tuesday
2026-01-27 03:53:47,8Cap Raw,US500,6968.46,6969.02,0.56,56,Sydney,Tuesday
2026-01-27 03:53:47,8Cap Raw,US30,49354.12,49356.12,2.0,200,Sydney,Tuesday
2026-01-27 03:53:47,8Cap Raw,US2000,2667.43,2667.87,0.44,44,Sydney,Tuesday
2026-01-27 03:53:47,8Cap Raw,GER40,24974.13,24977.13,3.0,300,Sydney,Tuesday
2026-01-27 03:53:47,8Cap Raw,UK100,10171.33,10172.68,1.35,135,Sydney,Tuesday
2026-01-27 03:58:18,Pepperstone Razor,XAUUSD,5078.6,5078.86,0.26,26,Sydney,Tuesday
2026-01-27 03:58:18,Pepperstone Razor,EURUSD,1.18797,1.18797,0.0,0,Sydney,Tuesday
2026-01-27 03:58:18,Pepperstone Razor,GBPUSD,1.36834,1.36834,0.0,0,Sydney,Tuesday
2026-01-27 03:58:18,Pepperstone Razor,USDJPY,154.442,154.444,0.002,2,Sydney,Tuesday
2026-01-27 03:58:18,Pepperstone Razor,AUDUSD,0.69159,0.69159,0.0,0,Sydney,Tuesday
2026-01-27 03:58:19,Pepperstone Razor,USDCAD,1.37243,1.37244,1e-05,1,Sydney,Tuesday
2026-01-27 03:58:19,Pepperstone Razor,USDCHF,0.77704,0.77705,1e-05,1,Sydney,Tuesday
2026-01-27 03:58:19,Pepperstone Razor,NZDUSD,0.59675,0.59677,2e-05,2,Sydney,Tuesday
2026-01-27 03:58:19,Pepperstone Razor,GBPJPY,211.322,211.328,0.006,6,Sydney,Tuesday
2026-01-27 03:58:19,Pepperstone Razor,NAS100,25851.7,25853.2,1.5,15,Sydney,Tuesday
2026-01-27 03:58:20,Pepperstone Razor,US500,6969.6,6970.0,0.4,4,Sydney,Tuesday
2026-01-27 03:58:20,Pepperstone Razor,US30,49338.0,49340.1,2.1,21,Sydney,Tuesday
2026-01-27 03:58:20,Pepperstone Razor,US2000,2668.4,2668.8,0.4,4,Sydney,Tuesday
2026-01-27 03:58:20,Pepperstone Razor,GER40,24972.5,24974.5,2.0,20,Sydney,Tuesday
2026-01-27 03:58:20,Pepperstone Razor,UK100,10172.5,10174.4,1.9,19,Sydney,Tuesday
2026-01-27 03:58:22,FusionMarkets Zero,XAUUSD,5078.94,5079.08,0.14,14,Sydney,Tuesday
2026-01-27 03:58:22,FusionMarkets Zero,EURUSD,1.18797,1.18797,0.0,0,Sydney,Tuesday
2026-01-27 03:58:23,FusionMarkets Zero,GBPUSD,1.36831,1.36831,0.0,0,Sydney,Tuesday
2026-01-27 03:58:23,FusionMarkets Zero,USDJPY,154.437,154.437,0.0,0,Sydney,Tuesday
2026-01-27 03:58:23,FusionMarkets Zero,AUDUSD,0.69159,0.69159,0.0,0,Sydney,Tuesday
2026-01-27 03:58:23,FusionMarkets Zero,USDCAD,1.37244,1.37244,0.0,0,Sydney,Tuesday
2026-01-27 03:58:23,FusionMarkets Zero,USDCHF,0.77704,0.77704,0.0,0,Sydney,Tuesday
2026-01-27 03:58:24,FusionMarkets Zero,NZDUSD,0.59674,0.59674,0.0,0,Sydney,Tuesday
2026-01-27 03:58:24,FusionMarkets Zero,GBPJPY,211.314,211.319,0.005,5,Sydney,Tuesday
2026-01-27 03:58:24,FusionMarkets Zero,NAS100,25851.69,25852.49,0.8,80,Sydney,Tuesday
2026-01-27 03:58:24,FusionMarkets Zero,US500,6969.56,6969.92,0.36,36,Sydney,Tuesday
2026-01-27 03:58:24,FusionMarkets Zero,US30,49352.22,49355.02,2.8,280,Sydney,Tuesday
2026-01-27 03:58:25,FusionMarkets Zero,US2000,2668.5,2668.8,0.3,30,Sydney,Tuesday
2026-01-27 03:58:25,FusionMarkets Zero,GER40,24981.03,24984.23,3.2,320,Sydney,Tuesday
2026-01-27 03:58:25,FusionMarkets Zero,UK100,10172.48,10174.28,1.8,180,Sydney,Tuesday
2026-01-27 03:58:27,ThinkMarkets ThinkZero,XAUUSD,5078.12,5078.2,0.08,8,Sydney,Tuesday
2026-01-27 03:58:27,ThinkMarkets ThinkZero,EURUSD,1.18797,1.18798,1e-05,1,Sydney,Tuesday
2026-01-27 03:58:27,ThinkMarkets ThinkZero,GBPUSD,1.36828,1.36832,4e-05,4,Sydney,Tuesday
2026-01-27 03:58:28,ThinkMarkets ThinkZero,USDJPY,154.431,154.432,0.001,1,Sydney,Tuesday
2026-01-27 03:58:28,ThinkMarkets ThinkZero,AUDUSD,0.69161,0.69165,4e-05,4,Sydney,Tuesday
2026-01-27 03:58:28,ThinkMarkets ThinkZero,USDCAD,1.37235,1.37242,7e-05,7,Sydney,Tuesday
2026-01-27 03:58:28,ThinkMarkets ThinkZero,USDCHF,0.77699,0.77704,5e-05,5,Sydney,Tuesday
2026-01-27 03:58:28,ThinkMarkets ThinkZero,NZDUSD,0.59677,0.5968,3e-05,3,Sydney,Tuesday
2026-01-27 03:58:29,ThinkMarkets ThinkZero,GBPJPY,211.303,211.31,0.007,7,Sydney,Tuesday
2026-01-27 03:58:29,ThinkMarkets ThinkZero,NAS100,25870.39,25871.39,1.0,100,Sydney,Tuesday
2026-01-27 03:58:29,ThinkMarkets ThinkZero,US500,6973.08,6973.43,0.35,35,Sydney,Tuesday
2026-01-27 03:58:29,ThinkMarkets ThinkZero,US30,49384.25,49385.75,1.5,150,Sydney,Tuesday
2026-01-27 03:58:29,ThinkMarkets ThinkZero,US2000,2668.7,2669.5,0.8,80,Sydney,Tuesday
2026-01-27 03:58:30,ThinkMarkets ThinkZero,GER40,24987.1,24991.1,4.0,400,Sydney,Tuesday
2026-01-27 03:58:30,ThinkMarkets ThinkZero,UK100,10191.45,10193.75,2.3,230,Sydney,Tuesday
2026-01-27 03:58:31,ICMarkets Raw,XAUUSD,5072.77,5072.89,0.12,12,Sydney,Tuesday
2026-01-27 03:58:32,ICMarkets Raw,EURUSD,1.18799,1.18799,0.0,0,Sydney,Tuesday
2026-01-27 03:58:32,ICMarkets Raw,GBPUSD,1.36832,1.36833,1e-05,1,Sydney,Tuesday
2026-01-27 03:58:32,ICMarkets Raw,USDJPY,154.419,154.421,0.002,2,Sydney,Tuesday
2026-01-27 03:58:32,ICMarkets Raw,AUDUSD,0.69164,0.69164,0.0,0,Sydney,Tuesday
2026-01-27 03:58:32,ICMarkets Raw,USDCAD,1.37239,1.3724,1e-05,1,Sydney,Tuesday
2026-01-27 03:58:33,ICMarkets Raw,USDCHF,0.777,0.77702,2e-05,2,Sydney,Tuesday
2026-01-27 03:58:33,ICMarkets Raw,NZDUSD,0.59676,0.59682,6e-05,6,Sydney,Tuesday
2026-01-27 03:58:33,ICMarkets Raw,GBPJPY,211.291,211.298,0.007,7,Sydney,Tuesday
2026-01-27 03:58:33,ICMarkets Raw,NAS100,25848.0,25849.0,1.0,100,Sydney,Tuesday
2026-01-27 03:58:33,ICMarkets Raw,US500,6968.9,6969.4,0.5,50,Sydney,Tuesday
2026-01-27 03:58:34,ICMarkets Raw,US30,49348.9,49350.1,1.2,120,Sydney,Tuesday
2026-01-27 03:58:34,ICMarkets Raw,US2000,2667.07,2667.39,0.32,32,Sydney,Tuesday
2026-01-27 03:58:34,ICMarkets Raw,GER40,24973.9,24974.6,0.7,70,Sydney,Tuesday
2026-01-27 03:58:34,ICMarkets Raw,UK100,10169.7,10172.2,2.5,250,Sydney,Tuesday
2026-01-27 03:58:36,VantageMarkets Raw,XAUUSD,5072.89,5072.97,0.08,8,Sydney,Tuesday
2026-01-27 03:58:36,VantageMarkets Raw,EURUSD,1.18799,1.188,1e-05,1,Sydney,Tuesday
2026-01-27 03:58:36,VantageMarkets Raw,GBPUSD,1.36832,1.36833,1e-05,1,Sydney,Tuesday
2026-01-27 03:58:36,VantageMarkets Raw,USDJPY,154.415,154.425,0.01,10,Sydney,Tuesday
2026-01-27 03:58:37,VantageMarkets Raw,AUDUSD,0.69163,0.69166,3e-05,3,Sydney,Tuesday
2026-01-27 03:58:37,VantageMarkets Raw,USDCAD,1.37239,1.37239,0.0,0,Sydney,Tuesday
2026-01-27 03:58:37,VantageMarkets Raw,USDCHF,0.777,0.77705,5e-05,5,Sydney,Tuesday
2026-01-27 03:58:37,VantageMarkets Raw,NZDUSD,0.59677,0.59681,4e-05,4,Sydney,Tuesday
2026-01-27 03:58:37,VantageMarkets Raw,GBPJPY,211.293,211.306,0.013,13,Sydney,Tuesday
2026-01-27 03:58:38,VantageMarkets Raw,NAS100,25869.81,25870.61,0.8,80,Sydney,Tuesday
2026-01-27 03:58:38,VantageMarkets Raw,US500,6973.09,6973.45,0.36,36,Sydney,Tuesday
2026-01-27 03:58:38,VantageMarkets Raw,US30,49383.51,49384.61,1.1,110,Sydney,Tuesday
2026-01-27 03:58:38,VantageMarkets Raw,US2000,2668.76,2669.24,0.48,48,Sydney,Tuesday
2026-01-27 03:58:38,VantageMarkets Raw,GER40,24986.85,24991.35,4.5,450,Sydney,Tuesday
2026-01-27 03:58:39,VantageMarkets Raw,UK100,10191.53,10193.69,2.16,216,Sydney,Tuesday
2026-01-27 03:58:41,FPMarkets Raw,XAUUSD,5078.31,5078.38,0.07,7,Sydney,Tuesday
2026-01-27 03:58:41,FPMarkets Raw,EURUSD,1.18799,1.188,1e-05,1,Sydney,Tuesday
2026-01-27 03:58:41,FPMarkets Raw,GBPUSD,1.3683,1.36835,5e-05,5,Sydney,Tuesday
2026-01-27 03:58:41,FPMarkets Raw,USDJPY,154.417,154.421,0.004,4,Sydney,Tuesday
2026-01-27 03:58:42,FPMarkets Raw,AUDUSD,0.69162,0.69165,3e-05,3,Sydney,Tuesday
2026-01-27 03:58:42,FPMarkets Raw,USDCAD,1.37238,1.37244,6e-05,6,Sydney,Tuesday
2026-01-27 03:58:42,FPMarkets Raw,USDCHF,0.77697,0.77704,7e-05,7,Sydney,Tuesday
2026-01-27 03:58:42,FPMarkets Raw,NZDUSD,0.59676,0.59679,3e-05,3,Sydney,Tuesday
2026-01-27 03:58:42,FPMarkets Raw,GBPJPY,211.291,211.304,0.013,13,Sydney,Tuesday
2026-01-27 03:58:43,FPMarkets Raw,NAS100,25870.4,25871.0,0.6,60,Sydney,Tuesday
2026-01-27 03:58:43,FPMarkets Raw,US500,6973.13,6973.38,0.25,25,Sydney,Tuesday
2026-01-27 03:58:43,FPMarkets Raw,US30,49384.3,49385.7,1.4,140,Sydney,Tuesday
2026-01-27 03:58:43,FPMarkets Raw,GER40,24985.25,24988.95,3.7,370,Sydney,Tuesday
2026-01-27 03:58:43,FPMarkets Raw,UK100,10190.8,10193.4,2.6,260,Sydney,Tuesday
2026-01-27 03:58:45,8Cap Raw,XAUUSD,5077.75,5077.91,0.16,16,Sydney,Tuesday
2026-01-27 03:58:45,8Cap Raw,EURUSD,1.18798,1.18799,1e-05,1,Sydney,Tuesday
2026-01-27 03:58:45,8Cap Raw,GBPUSD,1.36835,1.36836,1e-05,1,Sydney,Tuesday
2026-01-27 03:58:45,8Cap Raw,USDJPY,154.41,154.412,0.002,2,Sydney,Tuesday
2026-01-27 03:58:45,8Cap Raw,AUDUSD,0.69162,0.69164,2e-05,2,Sydney,Tuesday
2026-01-27 03:58:46,8Cap Raw,USDCAD,1.3724,1.37243,3e-05,3,Sydney,Tuesday
2026-01-27 03:58:46,8Cap Raw,USDCHF,0.777,0.77705,5e-05,5,Sydney,Tuesday
2026-01-27 03:58:46,8Cap Raw,NZDUSD,0.59676,0.59678,2e-05,2,Sydney,Tuesday
2026-01-27 03:58:46,8Cap Raw,GBPJPY,211.284,211.302,0.018,18,Sydney,Tuesday
2026-01-27 03:58:46,8Cap Raw,NAS100,25850.89,25852.29,1.4,140,Sydney,Tuesday
2026-01-27 03:58:47,8Cap Raw,US500,6969.46,6970.02,0.56,56,Sydney,Tuesday
2026-01-27 03:58:47,8Cap Raw,US30,49352.87,49354.87,2.0,200,Sydney,Tuesday
2026-01-27 03:58:47,8Cap Raw,US2000,2668.33,2668.77,0.44,44,Sydney,Tuesday
2026-01-27 03:58:47,8Cap Raw,GER40,24978.13,24981.13,3.0,300,Sydney,Tuesday
2026-01-27 03:58:47,8Cap Raw,UK100,10172.58,10174.18,1.6,160,Sydney,Tuesday
2026-01-27 04:03:18,Pepperstone Razor,XAUUSD,5077.94,5078.12,0.18,18,Sydney,Tuesday
2026-01-27 04:03:18,Pepperstone Razor,EURUSD,1.1881,1.1881,0.0,0,Sydney,Tuesday
2026-01-27 04:03:18,Pepperstone Razor,GBPUSD,1.36846,1.36846,0.0,0,Sydney,Tuesday
2026-01-27 04:03:18,Pepperstone Razor,USDJPY,154.483,154.486,0.003,3,Sydney,Tuesday
2026-01-27 04:03:18,Pepperstone Razor,AUDUSD,0.69154,0.69154,0.0,0,Sydney,Tuesday
2026-01-27 04:03:19,Pepperstone Razor,USDCAD,1.37247,1.37251,4e-05,4,Sydney,Tuesday
2026-01-27 04:03:19,Pepperstone Razor,USDCHF,0.77705,0.77706,1e-05,1,Sydney,Tuesday
2026-01-27 04:03:19,Pepperstone Razor,NZDUSD,0.59678,0.5968,2e-05,2,Sydney,Tuesday
2026-01-27 04:03:19,Pepperstone Razor,GBPJPY,211.408,211.418,0.01,10,Sydney,Tuesday
2026-01-27 04:03:19,Pepperstone Razor,NAS100,25845.7,25847.2,1.5,15,Sydney,Tuesday
2026-01-27 04:03:20,Pepperstone Razor,US500,6969.1,6969.5,0.4,4,Sydney,Tuesday
2026-01-27 04:03:20,Pepperstone Razor,US30,49338.1,49340.3,2.2,22,Sydney,Tuesday
2026-01-27 04:03:20,Pepperstone Razor,US2000,2667.9,2668.4,0.5,5,Sydney,Tuesday
2026-01-27 04:03:20,Pepperstone Razor,GER40,24969.1,24971.1,2.0,20,Sydney,Tuesday
2026-01-27 04:03:20,Pepperstone Razor,UK100,10171.2,10173.1,1.9,19,Sydney,Tuesday
2026-01-27 04:03:22,FusionMarkets Zero,XAUUSD,5077.81,5077.87,0.06,6,Sydney,Tuesday
2026-01-27 04:03:22,FusionMarkets Zero,EURUSD,1.18815,1.18815,0.0,0,Sydney,Tuesday
2026-01-27 04:03:23,FusionMarkets Zero,GBPUSD,1.36853,1.36853,0.0,0,Sydney,Tuesday
2026-01-27 04:03:23,FusionMarkets Zero,USDJPY,154.481,154.483,0.002,2,Sydney,Tuesday
2026-01-27 04:03:23,FusionMarkets Zero,AUDUSD,0.69154,0.69154,0.0,0,Sydney,Tuesday
2026-01-27 04:03:23,FusionMarkets Zero,USDCAD,1.3725,1.3725,0.0,0,Sydney,Tuesday
2026-01-27 04:03:23,FusionMarkets Zero,USDCHF,0.77703,0.77703,0.0,0,Sydney,Tuesday
2026-01-27 04:03:24,FusionMarkets Zero,NZDUSD,0.59679,0.59679,0.0,0,Sydney,Tuesday
2026-01-27 04:03:24,FusionMarkets Zero,GBPJPY,211.409,211.422,0.013,13,Sydney,Tuesday
2026-01-27 04:03:24,FusionMarkets Zero,NAS100,25845.57,25846.37,0.8,80,Sydney,Tuesday
2026-01-27 04:03:24,FusionMarkets Zero,US500,6969.06,6969.42,0.36,36,Sydney,Tuesday
2026-01-27 04:03:24,FusionMarkets Zero,US30,49352.47,49355.27,2.8,280,Sydney,Tuesday
2026-01-27 04:03:25,FusionMarkets Zero,US2000,2668.0,2668.4,0.4,40,Sydney,Tuesday
2026-01-27 04:03:25,FusionMarkets Zero,GER40,24977.03,24980.23,3.2,320,Sydney,Tuesday
2026-01-27 04:03:25,FusionMarkets Zero,UK100,10171.23,10172.78,1.55,155,Sydney,Tuesday
2026-01-27 04:03:27,ThinkMarkets ThinkZero,XAUUSD,5078.21,5078.29,0.08,8,Sydney,Tuesday
2026-01-27 04:03:27,ThinkMarkets ThinkZero,EURUSD,1.18812,1.18815,3e-05,3,Sydney,Tuesday
2026-01-27 04:03:27,ThinkMarkets ThinkZero,GBPUSD,1.3684,1.36848,8e-05,8,Sydney,Tuesday
2026-01-27 04:03:27,ThinkMarkets ThinkZero,USDJPY,154.483,154.484,0.001,1,Sydney,Tuesday
2026-01-27 04:03:28,ThinkMarkets ThinkZero,AUDUSD,0.69153,0.69157,4e-05,4,Sydney,Tuesday
2026-01-27 04:03:28,ThinkMarkets ThinkZero,USDCAD,1.37246,1.37252,6e-05,6,Sydney,Tuesday
2026-01-27 04:03:28,ThinkMarkets ThinkZero,USDCHF,0.77703,0.77706,3e-05,3,Sydney,Tuesday
2026-01-27 04:03:28,ThinkMarkets ThinkZero,NZDUSD,0.59678,0.59682,4e-05,4,Sydney,Tuesday
2026-01-27 04:03:28,ThinkMarkets ThinkZero,GBPJPY,211.397,211.407,0.01,10,Sydney,Tuesday
2026-01-27 04:03:29,ThinkMarkets ThinkZero,NAS100,25865.14,25866.14,1.0,100,Sydney,Tuesday
2026-01-27 04:03:29,ThinkMarkets ThinkZero,US500,6972.58,6972.93,0.35,35,Sydney,Tuesday
2026-01-27 04:03:29,ThinkMarkets ThinkZero,US30,49384.25,49385.75,1.5,150,Sydney,Tuesday
2026-01-27 04:03:29,ThinkMarkets ThinkZero,US2000,2668.3,2669.1,0.8,80,Sydney,Tuesday
2026-01-27 04:03:29,ThinkMarkets ThinkZero,GER40,24982.6,24989.6,7.0,700,Sydney,Tuesday
2026-01-27 04:03:30,ThinkMarkets ThinkZero,UK100,10189.95,10192.25,2.3,230,Sydney,Tuesday
2026-01-27 04:03:31,ICMarkets Raw,XAUUSD,5077.9,5077.95,0.05,5,Sydney,Tuesday
2026-01-27 04:03:32,ICMarkets Raw,EURUSD,1.18815,1.18816,1e-05,1,Sydney,Tuesday
2026-01-27 04:03:32,ICMarkets Raw,GBPUSD,1.36849,1.3685,1e-05,1,Sydney,Tuesday
2026-01-27 04:03:32,ICMarkets Raw,USDJPY,154.478,154.479,0.001,1,Sydney,Tuesday
2026-01-27 04:03:32,ICMarkets Raw,AUDUSD,0.69156,0.69156,0.0,0,Sydney,Tuesday
2026-01-27 04:03:32,ICMarkets Raw,USDCAD,1.37247,1.3725,3e-05,3,Sydney,Tuesday
2026-01-27 04:03:33,ICMarkets Raw,USDCHF,0.77704,0.77706,2e-05,2,Sydney,Tuesday
2026-01-27 04:03:33,ICMarkets Raw,NZDUSD,0.5968,0.5968,0.0,0,Sydney,Tuesday
2026-01-27 04:03:33,ICMarkets Raw,GBPJPY,211.398,211.402,0.004,4,Sydney,Tuesday
2026-01-27 04:03:33,ICMarkets Raw,NAS100,25842.8,25843.8,1.0,100,Sydney,Tuesday
2026-01-27 04:03:33,ICMarkets Raw,US500,6968.4,6968.9,0.5,50,Sydney,Tuesday
2026-01-27 04:03:34,ICMarkets Raw,US30,49349.9,49351.1,1.2,120,Sydney,Tuesday
2026-01-27 04:03:34,ICMarkets Raw,US2000,2666.67,2666.99,0.32,32,Sydney,Tuesday
2026-01-27 04:03:34,ICMarkets Raw,GER40,24969.9,24970.6,0.7,70,Sydney,Tuesday
2026-01-27 04:03:34,ICMarkets Raw,UK100,10168.7,10171.2,2.5,250,Sydney,Tuesday
2026-01-27 04:03:36,VantageMarkets Raw,XAUUSD,5077.64,5077.72,0.08,8,Sydney,Tuesday
2026-01-27 04:03:36,VantageMarkets Raw,EURUSD,1.18806,1.1881,4e-05,4,Sydney,Tuesday
2026-01-27 04:03:36,VantageMarkets Raw,GBPUSD,1.36842,1.36844,2e-05,2,Sydney,Tuesday
2026-01-27 04:03:36,VantageMarkets Raw,USDJPY,154.481,154.482,0.001,1,Sydney,Tuesday
2026-01-27 04:03:37,VantageMarkets Raw,AUDUSD,0.69153,0.69156,3e-05,3,Sydney,Tuesday
2026-01-27 04:03:37,VantageMarkets Raw,USDCAD,1.3725,1.37251,1e-05,1,Sydney,Tuesday
2026-01-27 04:03:37,VantageMarkets Raw,USDCHF,0.77705,0.7771,5e-05,5,Sydney,Tuesday
2026-01-27 04:03:37,VantageMarkets Raw,NZDUSD,0.59678,0.5968,2e-05,2,Sydney,Tuesday
2026-01-27 04:03:37,VantageMarkets Raw,GBPJPY,211.393,211.398,0.005,5,Sydney,Tuesday
2026-01-27 04:03:38,VantageMarkets Raw,NAS100,25865.06,25865.86,0.8,80,Sydney,Tuesday
2026-01-27 04:03:38,VantageMarkets Raw,US500,6972.59,6972.95,0.36,36,Sydney,Tuesday
2026-01-27 04:03:38,VantageMarkets Raw,US30,49384.51,49385.61,1.1,110,Sydney,Tuesday
2026-01-27 04:03:38,VantageMarkets Raw,US2000,2668.46,2668.94,0.48,48,Sydney,Tuesday
2026-01-27 04:03:38,VantageMarkets Raw,GER40,24982.35,24989.85,7.5,750,Sydney,Tuesday
2026-01-27 04:03:39,VantageMarkets Raw,UK100,10190.03,10192.19,2.16,216,Sydney,Tuesday
2026-01-27 04:03:41,FPMarkets Raw,XAUUSD,5078.16,5078.23,0.07,7,Sydney,Tuesday
2026-01-27 04:03:41,FPMarkets Raw,EURUSD,1.18807,1.18808,1e-05,1,Sydney,Tuesday
2026-01-27 04:03:41,FPMarkets Raw,GBPUSD,1.36831,1.36838,7e-05,7,Sydney,Tuesday
2026-01-27 04:03:41,FPMarkets Raw,USDJPY,154.479,154.483,0.004,4,Sydney,Tuesday
2026-01-27 04:03:41,FPMarkets Raw,AUDUSD,0.6915,0.69153,3e-05,3,Sydney,Tuesday
2026-01-27 04:03:42,FPMarkets Raw,USDCAD,1.37254,1.3726,6e-05,6,Sydney,Tuesday
2026-01-27 04:03:42,FPMarkets Raw,USDCHF,0.7771,0.77717,7e-05,7,Sydney,Tuesday
2026-01-27 04:03:42,FPMarkets Raw,NZDUSD,0.59678,0.5968,2e-05,2,Sydney,Tuesday
2026-01-27 04:03:42,FPMarkets Raw,GBPJPY,211.378,211.391,0.013,13,Sydney,Tuesday
2026-01-27 04:03:42,FPMarkets Raw,NAS100,25864.65,25865.25,0.6,60,Sydney,Tuesday
2026-01-27 04:03:43,FPMarkets Raw,US500,6972.63,6972.88,0.25,25,Sydney,Tuesday
2026-01-27 04:03:43,FPMarkets Raw,US30,49384.3,49385.7,1.4,140,Sydney,Tuesday
2026-01-27 04:03:43,FPMarkets Raw,GER40,24982.75,24989.45,6.7,670,Sydney,Tuesday
2026-01-27 04:03:43,FPMarkets Raw,UK100,10190.3,10192.9,2.6,260,Sydney,Tuesday
2026-01-27 04:03:45,8Cap Raw,XAUUSD,5076.68,5076.84,0.16,16,Sydney,Tuesday
2026-01-27 04:03:45,8Cap Raw,EURUSD,1.18806,1.18806,0.0,0,Sydney,Tuesday
2026-01-27 04:03:45,8Cap Raw,GBPUSD,1.36833,1.36834,1e-05,1,Sydney,Tuesday
2026-01-27 04:03:45,8Cap Raw,USDJPY,154.482,154.483,0.001,1,Sydney,Tuesday
2026-01-27 04:03:45,8Cap Raw,AUDUSD,0.69149,0.69152,3e-05,3,Sydney,Tuesday
2026-01-27 04:03:46,8Cap Raw,USDCAD,1.37256,1.37259,3e-05,3,Sydney,Tuesday
2026-01-27 04:03:46,8Cap Raw,USDCHF,0.77712,0.77714,2e-05,2,Sydney,Tuesday
2026-01-27 04:03:46,8Cap Raw,NZDUSD,0.59677,0.59678,1e-05,1,Sydney,Tuesday
2026-01-27 04:03:46,8Cap Raw,GBPJPY,211.374,211.389,0.015,15,Sydney,Tuesday
2026-01-27 04:03:46,8Cap Raw,NAS100,25845.02,25846.42,1.4,140,Sydney,Tuesday
2026-01-27 04:03:47,8Cap Raw,US500,6968.96,6969.52,0.56,56,Sydney,Tuesday
2026-01-27 04:03:47,8Cap Raw,US30,49352.87,49354.87,2.0,200,Sydney,Tuesday
2026-01-27 04:03:47,8Cap Raw,US2000,2668.03,2668.47,0.44,44,Sydney,Tuesday
2026-01-27 04:03:47,8Cap Raw,GER40,24977.13,24980.13,3.0,300,Sydney,Tuesday
2026-01-27 04:03:47,8Cap Raw,UK100,10172.03,10173.23,1.2,120,Sydney,Tuesday
2026-01-27 04:08:18,Pepperstone Razor,XAUUSD,5077.8,5077.98,0.18,18,Sydney,Tuesday
2026-01-27 04:08:18,Pepperstone Razor,EURUSD,1.18808,1.18808,0.0,0,Sydney,Tuesday
2026-01-27 04:08:18,Pepperstone Razor,GBPUSD,1.36847,1.36848,1e-05,1,Sydney,Tuesday
2026-01-27 04:08:19,Pepperstone Razor,USDJPY,154.472,154.475,0.003,3,Sydney,Tuesday
2026-01-27 04:08:19,Pepperstone Razor,AUDUSD,0.69171,0.69172,1e-05,1,Sydney,Tuesday
2026-01-27 04:08:19,Pepperstone Razor,USDCAD,1.37255,1.37258,3e-05,3,Sydney,Tuesday
2026-01-27 04:08:19,Pepperstone Razor,USDCHF,0.77701,0.77702,1e-05,1,Sydney,Tuesday
2026-01-27 04:08:19,Pepperstone Razor,NZDUSD,0.59683,0.59685,2e-05,2,Sydney,Tuesday
2026-01-27 04:08:20,Pepperstone Razor,GBPJPY,211.389,211.393,0.004,4,Sydney,Tuesday
2026-01-27 04:08:20,Pepperstone Razor,NAS100,25851.4,25852.9,1.5,15,Sydney,Tuesday
2026-01-27 04:08:20,Pepperstone Razor,US500,6970.3,6970.8,0.5,5,Sydney,Tuesday
2026-01-27 04:08:20,Pepperstone Razor,US30,49350.3,49352.5,2.2,22,Sydney,Tuesday
2026-01-27 04:08:20,Pepperstone Razor,US2000,2668.7,2669.1,0.4,4,Sydney,Tuesday
2026-01-27 04:08:21,Pepperstone Razor,GER40,24977.3,24979.3,2.0,20,Sydney,Tuesday
2026-01-27 04:08:21,Pepperstone Razor,UK100,10172.9,10174.9,2.0,20,Sydney,Tuesday
2026-01-27 04:08:23,FusionMarkets Zero,XAUUSD,5074.65,5074.78,0.13,13,Sydney,Tuesday
2026-01-27 04:08:23,FusionMarkets Zero,EURUSD,1.18806,1.18806,0.0,0,Sydney,Tuesday
2026-01-27 04:08:23,FusionMarkets Zero,GBPUSD,1.36844,1.36844,0.0,0,Sydney,Tuesday
2026-01-27 04:08:23,FusionMarkets Zero,USDJPY,154.475,154.475,0.0,0,Sydney,Tuesday
2026-01-27 04:08:23,FusionMarkets Zero,AUDUSD,0.69171,0.69171,0.0,0,Sydney,Tuesday
2026-01-27 04:08:24,FusionMarkets Zero,USDCAD,1.37255,1.37256,1e-05,1,Sydney,Tuesday
2026-01-27 04:08:24,FusionMarkets Zero,USDCHF,0.77702,0.77702,0.0,0,Sydney,Tuesday
2026-01-27 04:08:24,FusionMarkets Zero,NZDUSD,0.59685,0.59685,0.0,0,Sydney,Tuesday
2026-01-27 04:08:24,FusionMarkets Zero,GBPJPY,211.387,211.394,0.007,7,Sydney,Tuesday
2026-01-27 04:08:24,FusionMarkets Zero,NAS100,25853.19,25853.99,0.8,80,Sydney,Tuesday
2026-01-27 04:08:25,FusionMarkets Zero,US500,6970.31,6970.67,0.36,36,Sydney,Tuesday
2026-01-27 04:08:25,FusionMarkets Zero,US30,49366.22,49369.02,2.8,280,Sydney,Tuesday
2026-01-27 04:08:25,FusionMarkets Zero,US2000,2668.9,2669.2,0.3,30,Sydney,Tuesday
2026-01-27 04:08:25,FusionMarkets Zero,GER40,24986.03,24989.23,3.2,320,Sydney,Tuesday
2026-01-27 04:08:25,FusionMarkets Zero,UK100,10172.98,10174.78,1.8,180,Sydney,Tuesday
2026-01-27 04:08:27,ThinkMarkets ThinkZero,XAUUSD,5074.62,5074.7,0.08,8,Sydney,Tuesday
2026-01-27 04:08:27,ThinkMarkets ThinkZero,EURUSD,1.18805,1.18808,3e-05,3,Sydney,Tuesday
2026-01-27 04:08:28,ThinkMarkets ThinkZero,GBPUSD,1.3684,1.36846,6e-05,6,Sydney,Tuesday
2026-01-27 04:08:28,ThinkMarkets ThinkZero,USDJPY,154.469,154.473,0.004,4,Sydney,Tuesday
2026-01-27 04:08:28,ThinkMarkets ThinkZero,AUDUSD,0.69169,0.69174,5e-05,5,Sydney,Tuesday
2026-01-27 04:08:28,ThinkMarkets ThinkZero,USDCAD,1.37251,1.37257,6e-05,6,Sydney,Tuesday
2026-01-27 04:08:28,ThinkMarkets ThinkZero,USDCHF,0.777,0.77705,5e-05,5,Sydney,Tuesday
2026-01-27 04:08:29,ThinkMarkets ThinkZero,NZDUSD,0.59685,0.59688,3e-05,3,Sydney,Tuesday
2026-01-27 04:08:29,ThinkMarkets ThinkZero,GBPJPY,211.382,211.39,0.008,8,Sydney,Tuesday
2026-01-27 04:08:29,ThinkMarkets ThinkZero,NAS100,25872.14,25873.14,1.0,100,Sydney,Tuesday
2026-01-27 04:08:29,ThinkMarkets ThinkZero,US500,6973.83,6974.18,0.35,35,Sydney,Tuesday
2026-01-27 04:08:29,ThinkMarkets ThinkZero,US30,49397.25,49398.75,1.5,150,Sydney,Tuesday
2026-01-27 04:08:30,ThinkMarkets ThinkZero,US2000,2669.1,2669.9,0.8,80,Sydney,Tuesday
2026-01-27 04:08:30,ThinkMarkets ThinkZero,GER40,24993.1,24997.1,4.0,400,Sydney,Tuesday
2026-01-27 04:08:30,ThinkMarkets ThinkZero,UK100,10191.95,10194.25,2.3,230,Sydney,Tuesday
2026-01-27 04:08:32,ICMarkets Raw,XAUUSD,5073.61,5073.71,0.1,10,Sydney,Tuesday
2026-01-27 04:08:32,ICMarkets Raw,EURUSD,1.18807,1.18807,0.0,0,Sydney,Tuesday
2026-01-27 04:08:32,ICMarkets Raw,GBPUSD,1.36847,1.36848,1e-05,1,Sydney,Tuesday
2026-01-27 04:08:32,ICMarkets Raw,USDJPY,154.471,154.471,0.0,0,Sydney,Tuesday
2026-01-27 04:08:33,ICMarkets Raw,AUDUSD,0.6917,0.6917,0.0,0,Sydney,Tuesday
2026-01-27 04:08:33,ICMarkets Raw,USDCAD,1.37254,1.37255,1e-05,1,Sydney,Tuesday
2026-01-27 04:08:33,ICMarkets Raw,USDCHF,0.777,0.77702,2e-05,2,Sydney,Tuesday
2026-01-27 04:08:33,ICMarkets Raw,NZDUSD,0.59686,0.59686,0.0,0,Sydney,Tuesday
2026-01-27 04:08:33,ICMarkets Raw,GBPJPY,211.384,211.388,0.004,4,Sydney,Tuesday
2026-01-27 04:08:34,ICMarkets Raw,NAS100,25850.5,25851.5,1.0,100,Sydney,Tuesday
2026-01-27 04:08:34,ICMarkets Raw,US500,6969.6,6970.1,0.5,50,Sydney,Tuesday
2026-01-27 04:08:34,ICMarkets Raw,US30,49362.9,49364.1,1.2,120,Sydney,Tuesday
2026-01-27 04:08:34,ICMarkets Raw,US2000,2667.57,2667.79,0.22,22,Sydney,Tuesday
2026-01-27 04:08:34,ICMarkets Raw,GER40,24978.9,24979.6,0.7,70,Sydney,Tuesday
2026-01-27 04:08:35,ICMarkets Raw,UK100,10170.5,10173.0,2.5,250,Sydney,Tuesday
2026-01-27 04:08:36,VantageMarkets Raw,XAUUSD,5073.72,5073.8,0.08,8,Sydney,Tuesday
2026-01-27 04:08:36,VantageMarkets Raw,EURUSD,1.18806,1.18807,1e-05,1,Sydney,Tuesday
2026-01-27 04:08:37,VantageMarkets Raw,GBPUSD,1.36844,1.36845,1e-05,1,Sydney,Tuesday
2026-01-27 04:08:37,VantageMarkets Raw,USDJPY,154.469,154.47,0.001,1,Sydney,Tuesday
2026-01-27 04:08:37,VantageMarkets Raw,AUDUSD,0.6917,0.69173,3e-05,3,Sydney,Tuesday
2026-01-27 04:08:37,VantageMarkets Raw,USDCAD,1.37253,1.37253,0.0,0,Sydney,Tuesday
2026-01-27 04:08:37,VantageMarkets Raw,USDCHF,0.777,0.77705,5e-05,5,Sydney,Tuesday
2026-01-27 04:08:38,VantageMarkets Raw,NZDUSD,0.59688,0.59689,1e-05,1,Sydney,Tuesday
2026-01-27 04:08:38,VantageMarkets Raw,GBPJPY,211.381,211.383,0.002,2,Sydney,Tuesday
2026-01-27 04:08:38,VantageMarkets Raw,NAS100,25873.56,25874.36,0.8,80,Sydney,Tuesday
2026-01-27 04:08:38,VantageMarkets Raw,US500,6974.09,6974.45,0.36,36,Sydney,Tuesday
2026-01-27 04:08:38,VantageMarkets Raw,US30,49399.51,49400.61,1.1,110,Sydney,Tuesday
2026-01-27 04:08:39,VantageMarkets Raw,US2000,2669.46,2669.94,0.48,48,Sydney,Tuesday
2026-01-27 04:08:39,VantageMarkets Raw,GER40,24992.85,24997.35,4.5,450,Sydney,Tuesday
2026-01-27 04:08:39,VantageMarkets Raw,UK100,10192.03,10194.19,2.16,216,Sydney,Tuesday
2026-01-27 04:08:41,FPMarkets Raw,XAUUSD,5076.91,5076.98,0.07,7,Sydney,Tuesday
2026-01-27 04:08:41,FPMarkets Raw,EURUSD,1.18805,1.18806,1e-05,1,Sydney,Tuesday
2026-01-27 04:08:41,FPMarkets Raw,GBPUSD,1.36842,1.36847,5e-05,5,Sydney,Tuesday
2026-01-27 04:08:42,FPMarkets Raw,USDJPY,154.467,154.471,0.004,4,Sydney,Tuesday
2026-01-27 04:08:42,FPMarkets Raw,AUDUSD,0.6917,0.69173,3e-05,3,Sydney,Tuesday
2026-01-27 04:08:42,FPMarkets Raw,USDCAD,1.3725,1.37256,6e-05,6,Sydney,Tuesday
2026-01-27 04:08:42,FPMarkets Raw,USDCHF,0.77697,0.77704,7e-05,7,Sydney,Tuesday
2026-01-27 04:08:42,FPMarkets Raw,NZDUSD,0.59679,0.59681,2e-05,2,Sydney,Tuesday
2026-01-27 04:08:43,FPMarkets Raw,GBPJPY,211.378,211.39,0.012,12,Sydney,Tuesday
2026-01-27 04:08:43,FPMarkets Raw,NAS100,25873.9,25874.5,0.6,60,Sydney,Tuesday
2026-01-27 04:08:43,FPMarkets Raw,US500,6974.13,6974.38,0.25,25,Sydney,Tuesday
2026-01-27 04:08:43,FPMarkets Raw,US30,49399.3,49400.7,1.4,140,Sydney,Tuesday
2026-01-27 04:08:43,FPMarkets Raw,GER40,24994.65,24997.55,2.9,290,Sydney,Tuesday
2026-01-27 04:08:44,FPMarkets Raw,UK100,10191.8,10194.4,2.6,260,Sydney,Tuesday
2026-01-27 04:08:45,8Cap Raw,XAUUSD,5074.15,5074.31,0.16,16,Sydney,Tuesday
2026-01-27 04:08:45,8Cap Raw,EURUSD,1.18805,1.18805,0.0,0,Sydney,Tuesday
2026-01-27 04:08:45,8Cap Raw,GBPUSD,1.36843,1.36844,1e-05,1,Sydney,Tuesday
2026-01-27 04:08:45,8Cap Raw,USDJPY,154.472,154.473,0.001,1,Sydney,Tuesday
2026-01-27 04:08:46,8Cap Raw,AUDUSD,0.69168,0.69171,3e-05,3,Sydney,Tuesday
2026-01-27 04:08:46,8Cap Raw,USDCAD,1.37252,1.37255,3e-05,3,Sydney,Tuesday
2026-01-27 04:08:46,8Cap Raw,USDCHF,0.77699,0.77702,3e-05,3,Sydney,Tuesday
2026-01-27 04:08:46,8Cap Raw,NZDUSD,0.59678,0.5968,2e-05,2,Sydney,Tuesday
2026-01-27 04:08:46,8Cap Raw,GBPJPY,211.376,211.396,0.02,20,Sydney,Tuesday
2026-01-27 04:08:47,8Cap Raw,NAS100,25853.64,25855.04,1.4,140,Sydney,Tuesday
2026-01-27 04:08:47,8Cap Raw,US500,6970.46,6971.02,0.56,56,Sydney,Tuesday
2026-01-27 04:08:47,8Cap Raw,US30,49367.87,49369.87,2.0,200,Sydney,Tuesday
2026-01-27 04:08:47,8Cap Raw,US2000,2669.03,2669.57,0.54,54,Sydney,Tuesday
2026-01-27 04:08:47,8Cap Raw,GER40,24987.63,24990.63,3.0,300,Sydney,Tuesday
2026-01-27 04:08:48,8Cap Raw,UK100,10173.53,10174.73,1.2,120,Sydney,Tuesday
2026-01-27 04:13:18,Pepperstone Razor,XAUUSD,5075.24,5075.43,0.19,19,Sydney,Tuesday
2026-01-27 04:13:18,Pepperstone Razor,EURUSD,1.18773,1.18773,0.0,0,Sydney,Tuesday
2026-01-27 04:13:18,Pepperstone Razor,GBPUSD,1.36818,1.36819,1e-05,1,Sydney,Tuesday
2026-01-27 04:13:19,Pepperstone Razor,USDJPY,154.49,154.492,0.002,2,Sydney,Tuesday
2026-01-27 04:13:19,Pepperstone Razor,AUDUSD,0.69156,0.69156,0.0,0,Sydney,Tuesday
2026-01-27 04:13:19,Pepperstone Razor,USDCAD,1.37289,1.37291,2e-05,2,Sydney,Tuesday
2026-01-27 04:13:19,Pepperstone Razor,USDCHF,0.77727,0.77728,1e-05,1,Sydney,Tuesday
2026-01-27 04:13:19,Pepperstone Razor,NZDUSD,0.59672,0.59675,3e-05,3,Sydney,Tuesday
2026-01-27 04:13:20,Pepperstone Razor,GBPJPY,211.362,211.37,0.008,8,Sydney,Tuesday
2026-01-27 04:13:20,Pepperstone Razor,NAS100,25865.7,25867.2,1.5,15,Sydney,Tuesday
2026-01-27 04:13:20,Pepperstone Razor,US500,6973.1,6973.5,0.4,4,Sydney,Tuesday
2026-01-27 04:13:20,Pepperstone Razor,US30,49364.4,49366.5,2.1,21,Sydney,Tuesday
2026-01-27 04:13:20,Pepperstone Razor,US2000,2670.7,2671.0,0.3,3,Sydney,Tuesday
2026-01-27 04:13:21,Pepperstone Razor,GER40,24991.8,24993.8,2.0,20,Sydney,Tuesday
2026-01-27 04:13:21,Pepperstone Razor,UK100,10177.4,10179.3,1.9,19,Sydney,Tuesday
2026-01-27 04:13:23,FusionMarkets Zero,XAUUSD,5074.61,5074.73,0.12,12,Sydney,Tuesday
2026-01-27 04:13:23,FusionMarkets Zero,EURUSD,1.18773,1.18773,0.0,0,Sydney,Tuesday
2026-01-27 04:13:23,FusionMarkets Zero,GBPUSD,1.36816,1.36816,0.0,0,Sydney,Tuesday
2026-01-27 04:13:23,FusionMarkets Zero,USDJPY,154.487,154.488,0.001,1,Sydney,Tuesday
2026-01-27 04:13:23,FusionMarkets Zero,AUDUSD,0.6916,0.6916,0.0,0,Sydney,Tuesday
2026-01-27 04:13:24,FusionMarkets Zero,USDCAD,1.37291,1.37291,0.0,0,Sydney,Tuesday
2026-01-27 04:13:24,FusionMarkets Zero,USDCHF,0.77728,0.77728,0.0,0,Sydney,Tuesday
2026-01-27 04:13:24,FusionMarkets Zero,NZDUSD,0.59671,0.59671,0.0,0,Sydney,Tuesday
2026-01-27 04:13:24,FusionMarkets Zero,GBPJPY,211.36,211.368,0.008,8,Sydney,Tuesday
2026-01-27 04:13:24,FusionMarkets Zero,NAS100,25865.07,25865.87,0.8,80,Sydney,Tuesday
2026-01-27 04:13:25,FusionMarkets Zero,US500,6973.06,6973.42,0.36,36,Sydney,Tuesday
2026-01-27 04:13:25,FusionMarkets Zero,US30,49378.47,49381.27,2.8,280,Sydney,Tuesday
2026-01-27 04:13:25,FusionMarkets Zero,US2000,2670.7,2671.0,0.3,30,Sydney,Tuesday
2026-01-27 04:13:25,FusionMarkets Zero,GER40,25000.03,25003.23,3.2,320,Sydney,Tuesday
2026-01-27 04:13:25,FusionMarkets Zero,UK100,10177.48,10179.03,1.55,155,Sydney,Tuesday
2026-01-27 04:13:27,ThinkMarkets ThinkZero,XAUUSD,5071.94,5072.02,0.08,8,Sydney,Tuesday
2026-01-27 04:13:28,ThinkMarkets ThinkZero,EURUSD,1.1877,1.18774,4e-05,4,Sydney,Tuesday
2026-01-27 04:13:28,ThinkMarkets ThinkZero,GBPUSD,1.36812,1.36819,7e-05,7,Sydney,Tuesday
2026-01-27 04:13:28,ThinkMarkets ThinkZero,USDJPY,154.485,154.489,0.004,4,Sydney,Tuesday
2026-01-27 04:13:28,ThinkMarkets ThinkZero,AUDUSD,0.69157,0.69161,4e-05,4,Sydney,Tuesday
2026-01-27 04:13:28,ThinkMarkets ThinkZero,USDCAD,1.37289,1.37292,3e-05,3,Sydney,Tuesday
2026-01-27 04:13:29,ThinkMarkets ThinkZero,USDCHF,0.77727,0.77729,2e-05,2,Sydney,Tuesday
2026-01-27 04:13:29,ThinkMarkets ThinkZero,NZDUSD,0.59672,0.59674,2e-05,2,Sydney,Tuesday
2026-01-27 04:13:29,ThinkMarkets ThinkZero,GBPJPY,211.358,211.371,0.013,13,Sydney,Tuesday
2026-01-27 04:13:29,ThinkMarkets ThinkZero,NAS100,25883.64,25884.64,1.0,100,Sydney,Tuesday
2026-01-27 04:13:29,ThinkMarkets ThinkZero,US500,6976.33,6976.68,0.35,35,Sydney,Tuesday
2026-01-27 04:13:30,ThinkMarkets ThinkZero,US30,49410.25,49411.75,1.5,150,Sydney,Tuesday
2026-01-27 04:13:30,ThinkMarkets ThinkZero,US2000,2670.9,2671.7,0.8,80,Sydney,Tuesday
2026-01-27 04:13:30,ThinkMarkets ThinkZero,GER40,25007.9,25010.3,2.4,240,Sydney,Tuesday
2026-01-27 04:13:30,ThinkMarkets ThinkZero,UK100,10195.95,10198.25,2.3,230,Sydney,Tuesday
2026-01-27 04:13:32,ICMarkets Raw,XAUUSD,5073.66,5073.75,0.09,9,Sydney,Tuesday
2026-01-27 04:13:32,ICMarkets Raw,EURUSD,1.18768,1.18769,1e-05,1,Sydney,Tuesday
2026-01-27 04:13:32,ICMarkets Raw,GBPUSD,1.36815,1.36816,1e-05,1,Sydney,Tuesday
2026-01-27 04:13:32,ICMarkets Raw,USDJPY,154.489,154.489,0.0,0,Sydney,Tuesday
2026-01-27 04:13:32,ICMarkets Raw,AUDUSD,0.69158,0.69158,0.0,0,Sydney,Tuesday
2026-01-27 04:13:33,ICMarkets Raw,USDCAD,1.3729,1.37291,1e-05,1,Sydney,Tuesday
2026-01-27 04:13:33,ICMarkets Raw,USDCHF,0.77728,0.7773,2e-05,2,Sydney,Tuesday
2026-01-27 04:13:33,ICMarkets Raw,NZDUSD,0.59672,0.59672,0.0,0,Sydney,Tuesday
2026-01-27 04:13:33,ICMarkets Raw,GBPJPY,211.362,211.366,0.004,4,Sydney,Tuesday
2026-01-27 04:13:33,ICMarkets Raw,NAS100,25861.1,25862.1,1.0,100,Sydney,Tuesday
2026-01-27 04:13:34,ICMarkets Raw,US500,6972.1,6972.6,0.5,50,Sydney,Tuesday
2026-01-27 04:13:34,ICMarkets Raw,US30,49374.9,49376.1,1.2,120,Sydney,Tuesday
2026-01-27 04:13:34,ICMarkets Raw,US2000,2669.24,2669.62,0.38,38,Sydney,Tuesday
2026-01-27 04:13:34,ICMarkets Raw,GER40,24991.9,24992.6,0.7,70,Sydney,Tuesday
2026-01-27 04:13:34,ICMarkets Raw,UK100,10174.5,10177.0,2.5,250,Sydney,Tuesday
2026-01-27 04:13:36,VantageMarkets Raw,XAUUSD,5071.93,5072.01,0.08,8,Sydney,Tuesday
2026-01-27 04:13:36,VantageMarkets Raw,EURUSD,1.18769,1.18774,5e-05,5,Sydney,Tuesday
2026-01-27 04:13:37,VantageMarkets Raw,GBPUSD,1.36815,1.36818,3e-05,3,Sydney,Tuesday
2026-01-27 04:13:37,VantageMarkets Raw,USDJPY,154.48,154.49,0.01,10,Sydney,Tuesday
2026-01-27 04:13:37,VantageMarkets Raw,AUDUSD,0.69151,0.69155,4e-05,4,Sydney,Tuesday
2026-01-27 04:13:37,VantageMarkets Raw,USDCAD,1.3729,1.3729,0.0,0,Sydney,Tuesday
2026-01-27 04:13:37,VantageMarkets Raw,USDCHF,0.77724,0.77729,5e-05,5,Sydney,Tuesday
2026-01-27 04:13:38,VantageMarkets Raw,NZDUSD,0.59669,0.59672,3e-05,3,Sydney,Tuesday
2026-01-27 04:13:38,VantageMarkets Raw,GBPJPY,211.35,211.369,0.019,19,Sydney,Tuesday
2026-01-27 04:13:38,VantageMarkets Raw,NAS100,25882.06,25882.86,0.8,80,Sydney,Tuesday
2026-01-27 04:13:38,VantageMarkets Raw,US500,6976.09,6976.45,0.36,36,Sydney,Tuesday
2026-01-27 04:13:38,VantageMarkets Raw,US30,49408.51,49409.61,1.1,110,Sydney,Tuesday
2026-01-27 04:13:39,VantageMarkets Raw,US2000,2670.86,2671.34,0.48,48,Sydney,Tuesday
2026-01-27 04:13:39,VantageMarkets Raw,GER40,25005.25,25008.95,3.7,370,Sydney,Tuesday
2026-01-27 04:13:39,VantageMarkets Raw,UK100,10196.03,10198.19,2.16,216,Sydney,Tuesday
2026-01-27 04:13:41,FPMarkets Raw,XAUUSD,5071.51,5071.58,0.07,7,Sydney,Tuesday
2026-01-27 04:13:41,FPMarkets Raw,EURUSD,1.18774,1.18775,1e-05,1,Sydney,Tuesday
2026-01-27 04:13:41,FPMarkets Raw,GBPUSD,1.36821,1.36826,5e-05,5,Sydney,Tuesday
2026-01-27 04:13:42,FPMarkets Raw,USDJPY,154.473,154.477,0.004,4,Sydney,Tuesday
2026-01-27 04:13:42,FPMarkets Raw,AUDUSD,0.69154,0.69157,3e-05,3,Sydney,Tuesday
2026-01-27 04:13:42,FPMarkets Raw,USDCAD,1.37286,1.37292,6e-05,6,Sydney,Tuesday
2026-01-27 04:13:42,FPMarkets Raw,USDCHF,0.77719,0.77726,7e-05,7,Sydney,Tuesday
2026-01-27 04:13:42,FPMarkets Raw,NZDUSD,0.5967,0.59672,2e-05,2,Sydney,Tuesday
2026-01-27 04:13:43,FPMarkets Raw,GBPJPY,211.351,211.367,0.016,16,Sydney,Tuesday
2026-01-27 04:13:43,FPMarkets Raw,NAS100,25882.4,25883.0,0.6,60,Sydney,Tuesday
2026-01-27 04:13:43,FPMarkets Raw,US500,6976.13,6976.38,0.25,25,Sydney,Tuesday
2026-01-27 04:13:43,FPMarkets Raw,US30,49407.3,49408.7,1.4,140,Sydney,Tuesday
2026-01-27 04:13:43,FPMarkets Raw,GER40,25005.25,25008.95,3.7,370,Sydney,Tuesday
2026-01-27 04:13:44,FPMarkets Raw,UK100,10195.8,10198.4,2.6,260,Sydney,Tuesday
2026-01-27 04:13:45,8Cap Raw,XAUUSD,5071.54,5071.7,0.16,16,Sydney,Tuesday
2026-01-27 04:13:45,8Cap Raw,EURUSD,1.18774,1.18775,1e-05,1,Sydney,Tuesday
2026-01-27 04:13:45,8Cap Raw,GBPUSD,1.36821,1.36827,6e-05,6,Sydney,Tuesday
2026-01-27 04:13:46,8Cap Raw,USDJPY,154.473,154.478,0.005,5,Sydney,Tuesday
2026-01-27 04:13:46,8Cap Raw,AUDUSD,0.69154,0.69156,2e-05,2,Sydney,Tuesday
2026-01-27 04:13:46,8Cap Raw,USDCAD,1.37287,1.3729,3e-05,3,Sydney,Tuesday
2026-01-27 04:13:46,8Cap Raw,USDCHF,0.77719,0.77725,6e-05,6,Sydney,Tuesday
2026-01-27 04:13:46,8Cap Raw,NZDUSD,0.59669,0.59672,3e-05,3,Sydney,Tuesday
2026-01-27 04:13:47,8Cap Raw,GBPJPY,211.34,211.356,0.016,16,Sydney,Tuesday
2026-01-27 04:13:47,8Cap Raw,NAS100,25862.77,25864.17,1.4,140,Sydney,Tuesday
2026-01-27 04:13:47,8Cap Raw,US500,6972.46,6973.02,0.56,56,Sydney,Tuesday
2026-01-27 04:13:47,8Cap Raw,US30,49375.87,49377.87,2.0,200,Sydney,Tuesday
2026-01-27 04:13:47,8Cap Raw,US2000,2670.43,2670.87,0.44,44,Sydney,Tuesday
2026-01-27 04:13:48,8Cap Raw,GER40,24998.13,25001.13,3.0,300,Sydney,Tuesday
2026-01-27 04:13:48,8Cap Raw,UK100,10177.53,10178.73,1.2,120,Sydney,Tuesday
2026-01-27 04:18:18,Pepperstone Razor,XAUUSD,5075.9,5076.1,0.2,20,Sydney,Tuesday
2026-01-27 04:18:18,Pepperstone Razor,EURUSD,1.18763,1.18763,0.0,0,Sydney,Tuesday
2026-01-27 04:18:19,Pepperstone Razor,GBPUSD,1.36796,1.36797,1e-05,1,Sydney,Tuesday
2026-01-27 04:18:19,Pepperstone Razor,USDJPY,154.525,154.528,0.003,3,Sydney,Tuesday
2026-01-27 04:18:19,Pepperstone Razor,AUDUSD,0.69163,0.69164,1e-05,1,Sydney,Tuesday
2026-01-27 04:18:19,Pepperstone Razor,USDCAD,1.37284,1.37285,1e-05,1,Sydney,Tuesday
2026-01-27 04:18:19,Pepperstone Razor,USDCHF,0.77728,0.77731,3e-05,3,Sydney,Tuesday
2026-01-27 04:18:20,Pepperstone Razor,NZDUSD,0.59676,0.59679,3e-05,3,Sydney,Tuesday
2026-01-27 04:18:20,Pepperstone Razor,GBPJPY,211.383,211.386,0.003,3,Sydney,Tuesday
2026-01-27 04:18:20,Pepperstone Razor,NAS100,25866.0,25867.5,1.5,15,Sydney,Tuesday
2026-01-27 04:18:20,Pepperstone Razor,US500,6972.8,6973.3,0.5,5,Sydney,Tuesday
2026-01-27 04:18:20,Pepperstone Razor,US30,49364.1,49366.3,2.2,22,Sydney,Tuesday
2026-01-27 04:18:21,Pepperstone Razor,US2000,2670.3,2670.8,0.5,5,Sydney,Tuesday
2026-01-27 04:18:21,Pepperstone Razor,GER40,24995.7,24997.7,2.0,20,Sydney,Tuesday
2026-01-27 04:18:21,Pepperstone Razor,UK100,10178.5,10180.6,2.1,21,Sydney,Tuesday
2026-01-27 04:18:23,FusionMarkets Zero,XAUUSD,5075.65,5075.74,0.09,9,Sydney,Tuesday
2026-01-27 04:18:23,FusionMarkets Zero,EURUSD,1.18763,1.18763,0.0,0,Sydney,Tuesday
2026-01-27 04:18:23,FusionMarkets Zero,GBPUSD,1.36794,1.36794,0.0,0,Sydney,Tuesday
2026-01-27 04:18:23,FusionMarkets Zero,USDJPY,154.526,154.526,0.0,0,Sydney,Tuesday
2026-01-27 04:18:23,FusionMarkets Zero,AUDUSD,0.69164,0.69164,0.0,0,Sydney,Tuesday
2026-01-27 04:18:24,FusionMarkets Zero,USDCAD,1.37284,1.37284,0.0,0,Sydney,Tuesday
2026-01-27 04:18:24,FusionMarkets Zero,USDCHF,0.7773,0.7773,0.0,0,Sydney,Tuesday
2026-01-27 04:18:24,FusionMarkets Zero,NZDUSD,0.59677,0.59677,0.0,0,Sydney,Tuesday
2026-01-27 04:18:24,FusionMarkets Zero,GBPJPY,211.378,211.385,0.007,7,Sydney,Tuesday
2026-01-27 04:18:24,FusionMarkets Zero,NAS100,25866.19,25866.99,0.8,80,Sydney,Tuesday
2026-01-27 04:18:25,FusionMarkets Zero,US500,6972.81,6973.17,0.36,36,Sydney,Tuesday
2026-01-27 04:18:25,FusionMarkets Zero,US30,49378.47,49381.27,2.8,280,Sydney,Tuesday
2026-01-27 04:18:25,FusionMarkets Zero,US2000,2670.4,2670.8,0.4,40,Sydney,Tuesday
2026-01-27 04:18:25,FusionMarkets Zero,GER40,25005.03,25008.23,3.2,320,Sydney,Tuesday
2026-01-27 04:18:25,FusionMarkets Zero,UK100,10178.48,10180.28,1.8,180,Sydney,Tuesday
2026-01-27 04:18:27,ThinkMarkets ThinkZero,XAUUSD,5075.37,5075.45,0.08,8,Sydney,Tuesday
2026-01-27 04:18:27,ThinkMarkets ThinkZero,EURUSD,1.18764,1.18765,1e-05,1,Sydney,Tuesday
2026-01-27 04:18:28,ThinkMarkets ThinkZero,GBPUSD,1.36789,1.36797,8e-05,8,Sydney,Tuesday
2026-01-27 04:18:28,ThinkMarkets ThinkZero,USDJPY,154.523,154.528,0.005,5,Sydney,Tuesday
2026-01-27 04:18:28,ThinkMarkets ThinkZero,AUDUSD,0.69162,0.69165,3e-05,3,Sydney,Tuesday
2026-01-27 04:18:28,ThinkMarkets ThinkZero,USDCAD,1.37282,1.37287,5e-05,5,Sydney,Tuesday
2026-01-27 04:18:28,ThinkMarkets ThinkZero,USDCHF,0.77727,0.77732,5e-05,5,Sydney,Tuesday
2026-01-27 04:18:29,ThinkMarkets ThinkZero,NZDUSD,0.59675,0.59678,3e-05,3,Sydney,Tuesday
2026-01-27 04:18:29,ThinkMarkets ThinkZero,GBPJPY,211.376,211.387,0.011,11,Sydney,Tuesday
2026-01-27 04:18:29,ThinkMarkets ThinkZero,NAS100,25885.14,25886.14,1.0,100,Sydney,Tuesday
2026-01-27 04:18:29,ThinkMarkets ThinkZero,US500,6976.33,6976.68,0.35,35,Sydney,Tuesday
2026-01-27 04:18:29,ThinkMarkets ThinkZero,US30,49409.25,49410.75,1.5,150,Sydney,Tuesday
2026-01-27 04:18:30,ThinkMarkets ThinkZero,US2000,2670.7,2671.5,0.8,80,Sydney,Tuesday
2026-01-27 04:18:30,ThinkMarkets ThinkZero,GER40,25011.9,25014.3,2.4,240,Sydney,Tuesday
2026-01-27 04:18:30,ThinkMarkets ThinkZero,UK100,10197.45,10199.75,2.3,230,Sydney,Tuesday
2026-01-27 04:18:32,ICMarkets Raw,XAUUSD,5075.19,5075.31,0.12,12,Sydney,Tuesday
2026-01-27 04:18:32,ICMarkets Raw,EURUSD,1.18763,1.18764,1e-05,1,Sydney,Tuesday
2026-01-27 04:18:32,ICMarkets Raw,GBPUSD,1.36794,1.36795,1e-05,1,Sydney,Tuesday
2026-01-27 04:18:32,ICMarkets Raw,USDJPY,154.524,154.524,0.0,0,Sydney,Tuesday
2026-01-27 04:18:33,ICMarkets Raw,AUDUSD,0.69158,0.69159,1e-05,1,Sydney,Tuesday
2026-01-27 04:18:33,ICMarkets Raw,USDCAD,1.37292,1.37295,3e-05,3,Sydney,Tuesday
2026-01-27 04:18:33,ICMarkets Raw,USDCHF,0.77729,0.77731,2e-05,2,Sydney,Tuesday
2026-01-27 04:18:33,ICMarkets Raw,NZDUSD,0.59673,0.59674,1e-05,1,Sydney,Tuesday
2026-01-27 04:18:33,ICMarkets Raw,GBPJPY,211.378,211.382,0.004,4,Sydney,Tuesday
2026-01-27 04:18:34,ICMarkets Raw,NAS100,25862.8,25863.8,1.0,100,Sydney,Tuesday
2026-01-27 04:18:34,ICMarkets Raw,US500,6972.1,6972.6,0.5,50,Sydney,Tuesday
2026-01-27 04:18:34,ICMarkets Raw,US30,49374.9,49376.1,1.2,120,Sydney,Tuesday
2026-01-27 04:18:34,ICMarkets Raw,US2000,2668.97,2669.29,0.32,32,Sydney,Tuesday
2026-01-27 04:18:34,ICMarkets Raw,GER40,24998.4,24999.1,0.7,70,Sydney,Tuesday
2026-01-27 04:18:35,ICMarkets Raw,UK100,10176.0,10178.5,2.5,250,Sydney,Tuesday
2026-01-27 04:18:36,VantageMarkets Raw,XAUUSD,5071.46,5071.54,0.08,8,Sydney,Tuesday
2026-01-27 04:18:36,VantageMarkets Raw,EURUSD,1.18756,1.18761,5e-05,5,Sydney,Tuesday
2026-01-27 04:18:37,VantageMarkets Raw,GBPUSD,1.36793,1.36794,1e-05,1,Sydney,Tuesday
2026-01-27 04:18:37,VantageMarkets Raw,USDJPY,154.524,154.526,0.002,2,Sydney,Tuesday
2026-01-27 04:18:37,VantageMarkets Raw,AUDUSD,0.69156,0.6916,4e-05,4,Sydney,Tuesday
2026-01-27 04:18:37,VantageMarkets Raw,USDCAD,1.37293,1.37294,1e-05,1,Sydney,Tuesday
2026-01-27 04:18:37,VantageMarkets Raw,USDCHF,0.77729,0.77734,5e-05,5,Sydney,Tuesday
2026-01-27 04:18:38,VantageMarkets Raw,NZDUSD,0.59672,0.59675,3e-05,3,Sydney,Tuesday
2026-01-27 04:18:38,VantageMarkets Raw,GBPJPY,211.375,211.379,0.004,4,Sydney,Tuesday
2026-01-27 04:18:38,VantageMarkets Raw,NAS100,25885.06,25885.86,0.8,80,Sydney,Tuesday
2026-01-27 04:18:38,VantageMarkets Raw,US500,6976.34,6976.7,0.36,36,Sydney,Tuesday
2026-01-27 04:18:38,VantageMarkets Raw,US30,49409.51,49410.61,1.1,110,Sydney,Tuesday
2026-01-27 04:18:39,VantageMarkets Raw,US2000,2670.76,2671.24,0.48,48,Sydney,Tuesday
2026-01-27 04:18:39,VantageMarkets Raw,GER40,25012.65,25015.55,2.9,290,Sydney,Tuesday
2026-01-27 04:18:39,VantageMarkets Raw,UK100,10197.53,10199.69,2.16,216,Sydney,Tuesday
2026-01-27 04:18:41,FPMarkets Raw,XAUUSD,5071.55,5071.62,0.07,7,Sydney,Tuesday
2026-01-27 04:18:41,FPMarkets Raw,EURUSD,1.18758,1.18759,1e-05,1,Sydney,Tuesday
2026-01-27 04:18:41,FPMarkets Raw,GBPUSD,1.36791,1.36796,5e-05,5,Sydney,Tuesday
2026-01-27 04:18:42,FPMarkets Raw,USDJPY,154.522,154.526,0.004,4,Sydney,Tuesday
2026-01-27 04:18:42,FPMarkets Raw,AUDUSD,0.69157,0.6916,3e-05,3,Sydney,Tuesday
2026-01-27 04:18:42,FPMarkets Raw,USDCAD,1.37295,1.37301,6e-05,6,Sydney,Tuesday
2026-01-27 04:18:42,FPMarkets Raw,USDCHF,0.77728,0.77735,7e-05,7,Sydney,Tuesday
2026-01-27 04:18:42,FPMarkets Raw,NZDUSD,0.59675,0.59678,3e-05,3,Sydney,Tuesday
2026-01-27 04:18:43,FPMarkets Raw,GBPJPY,211.365,211.379,0.014,14,Sydney,Tuesday
2026-01-27 04:18:43,FPMarkets Raw,NAS100,25885.15,25885.75,0.6,60,Sydney,Tuesday
2026-01-27 04:18:43,FPMarkets Raw,US500,6976.12,6976.37,0.25,25,Sydney,Tuesday
2026-01-27 04:18:43,FPMarkets Raw,US30,49409.3,49410.7,1.4,140,Sydney,Tuesday
2026-01-27 04:18:43,FPMarkets Raw,GER40,25014.05,25016.15,2.1,210,Sydney,Tuesday
2026-01-27 04:18:44,FPMarkets Raw,UK100,10197.3,10199.9,2.6,260,Sydney,Tuesday
2026-01-27 04:18:45,8Cap Raw,XAUUSD,5075.67,5075.83,0.16,16,Sydney,Tuesday
2026-01-27 04:18:45,8Cap Raw,EURUSD,1.18757,1.18758,1e-05,1,Sydney,Tuesday
2026-01-27 04:18:45,8Cap Raw,GBPUSD,1.36793,1.36794,1e-05,1,Sydney,Tuesday
2026-01-27 04:18:46,8Cap Raw,USDJPY,154.513,154.514,0.001,1,Sydney,Tuesday
2026-01-27 04:18:46,8Cap Raw,AUDUSD,0.69157,0.69161,4e-05,4,Sydney,Tuesday
2026-01-27 04:18:46,8Cap Raw,USDCAD,1.37298,1.37301,3e-05,3,Sydney,Tuesday
2026-01-27 04:18:46,8Cap Raw,USDCHF,0.77732,0.77734,2e-05,2,Sydney,Tuesday
2026-01-27 04:18:46,8Cap Raw,NZDUSD,0.59675,0.59677,2e-05,2,Sydney,Tuesday
2026-01-27 04:18:47,8Cap Raw,GBPJPY,211.355,211.374,0.019,19,Sydney,Tuesday
2026-01-27 04:18:47,8Cap Raw,NAS100,25865.52,25866.92,1.4,140,Sydney,Tuesday
2026-01-27 04:18:47,8Cap Raw,US500,6972.71,6973.27,0.56,56,Sydney,Tuesday
2026-01-27 04:18:47,8Cap Raw,US30,49377.87,49379.87,2.0,200,Sydney,Tuesday
2026-01-27 04:18:47,8Cap Raw,US2000,2670.33,2670.77,0.44,44,Sydney,Tuesday
2026-01-27 04:18:48,8Cap Raw,GER40,25006.13,25009.13,3.0,300,Sydney,Tuesday
2026-01-27 04:18:48,8Cap Raw,UK100,10179.03,10180.23,1.2,120,Sydney,Tuesday
2026-01-27 04:23:18,Pepperstone Razor,XAUUSD,5074.58,5074.78,0.2,20,Sydney,Tuesday
2026-01-27 04:23:18,Pepperstone Razor,EURUSD,1.18756,1.18756,0.0,0,Sydney,Tuesday
2026-01-27 04:23:18,Pepperstone Razor,GBPUSD,1.36783,1.36783,0.0,0,Sydney,Tuesday
2026-01-27 04:23:19,Pepperstone Razor,USDJPY,154.48,154.484,0.004,4,Sydney,Tuesday
2026-01-27 04:23:19,Pepperstone Razor,AUDUSD,0.6913,0.69131,1e-05,1,Sydney,Tuesday
2026-01-27 04:23:19,Pepperstone Razor,USDCAD,1.37335,1.37338,3e-05,3,Sydney,Tuesday
2026-01-27 04:23:19,Pepperstone Razor,USDCHF,0.77741,0.77741,0.0,0,Sydney,Tuesday
2026-01-27 04:23:19,Pepperstone Razor,NZDUSD,0.59659,0.59661,2e-05,2,Sydney,Tuesday
2026-01-27 04:23:20,Pepperstone Razor,GBPJPY,211.299,211.305,0.006,6,Sydney,Tuesday
2026-01-27 04:23:20,Pepperstone Razor,NAS100,25862.0,25863.5,1.5,15,Sydney,Tuesday
2026-01-27 04:23:20,Pepperstone Razor,US500,6971.8,6972.3,0.5,5,Sydney,Tuesday
2026-01-27 04:23:20,Pepperstone Razor,US30,49356.4,49358.5,2.1,21,Sydney,Tuesday
2026-01-27 04:23:20,Pepperstone Razor,US2000,2670.0,2670.4,0.4,4,Sydney,Tuesday
2026-01-27 04:23:21,Pepperstone Razor,GER40,24996.7,24998.7,2.0,20,Sydney,Tuesday
2026-01-27 04:23:21,Pepperstone Razor,UK100,10178.7,10180.6,1.9,19,Sydney,Tuesday
2026-01-27 04:23:23,FusionMarkets Zero,XAUUSD,5075.43,5075.52,0.09,9,Sydney,Tuesday
2026-01-27 04:23:23,FusionMarkets Zero,EURUSD,1.18755,1.18755,0.0,0,Sydney,Tuesday
2026-01-27 04:23:23,FusionMarkets Zero,GBPUSD,1.36781,1.36781,0.0,0,Sydney,Tuesday
2026-01-27 04:23:23,FusionMarkets Zero,USDJPY,154.493,154.494,0.001,1,Sydney,Tuesday
2026-01-27 04:23:23,FusionMarkets Zero,AUDUSD,0.69132,0.69132,0.0,0,Sydney,Tuesday
2026-01-27 04:23:24,FusionMarkets Zero,USDCAD,1.37335,1.37335,0.0,0,Sydney,Tuesday
2026-01-27 04:23:24,FusionMarkets Zero,USDCHF,0.7774,0.7774,0.0,0,Sydney,Tuesday
2026-01-27 04:23:24,FusionMarkets Zero,NZDUSD,0.5966,0.5966,0.0,0,Sydney,Tuesday
2026-01-27 04:23:24,FusionMarkets Zero,GBPJPY,211.316,211.324,0.008,8,Sydney,Tuesday
2026-01-27 04:23:24,FusionMarkets Zero,NAS100,25862.57,25863.37,0.8,80,Sydney,Tuesday
2026-01-27 04:23:25,FusionMarkets Zero,US500,6971.81,6972.17,0.36,36,Sydney,Tuesday
2026-01-27 04:23:25,FusionMarkets Zero,US30,49370.47,49373.27,2.8,280,Sydney,Tuesday
2026-01-27 04:23:25,FusionMarkets Zero,US2000,2670.0,2670.3,0.3,30,Sydney,Tuesday
2026-01-27 04:23:25,FusionMarkets Zero,GER40,25005.03,25008.23,3.2,320,Sydney,Tuesday
2026-01-27 04:23:25,FusionMarkets Zero,UK100,10178.98,10180.28,1.3,130,Sydney,Tuesday
2026-01-27 04:23:27,ThinkMarkets ThinkZero,XAUUSD,5074.2,5074.28,0.08,8,Sydney,Tuesday
2026-01-27 04:23:27,ThinkMarkets ThinkZero,EURUSD,1.18754,1.18757,3e-05,3,Sydney,Tuesday
2026-01-27 04:23:28,ThinkMarkets ThinkZero,GBPUSD,1.36771,1.36778,7e-05,7,Sydney,Tuesday
2026-01-27 04:23:28,ThinkMarkets ThinkZero,USDJPY,154.493,154.498,0.005,5,Sydney,Tuesday
2026-01-27 04:23:28,ThinkMarkets ThinkZero,AUDUSD,0.69125,0.69127,2e-05,2,Sydney,Tuesday
2026-01-27 04:23:28,ThinkMarkets ThinkZero,USDCAD,1.37335,1.37339,4e-05,4,Sydney,Tuesday
2026-01-27 04:23:28,ThinkMarkets ThinkZero,USDCHF,0.77739,0.77744,5e-05,5,Sydney,Tuesday
2026-01-27 04:23:29,ThinkMarkets ThinkZero,NZDUSD,0.5966,0.59661,1e-05,1,Sydney,Tuesday
2026-01-27 04:23:29,ThinkMarkets ThinkZero,GBPJPY,211.305,211.318,0.013,13,Sydney,Tuesday
2026-01-27 04:23:29,ThinkMarkets ThinkZero,NAS100,25881.39,25882.39,1.0,100,Sydney,Tuesday
2026-01-27 04:23:29,ThinkMarkets ThinkZero,US500,6975.33,6975.68,0.35,35,Sydney,Tuesday
2026-01-27 04:23:29,ThinkMarkets ThinkZero,US30,49401.25,49402.75,1.5,150,Sydney,Tuesday
2026-01-27 04:23:30,ThinkMarkets ThinkZero,US2000,2670.2,2671.0,0.8,80,Sydney,Tuesday
2026-01-27 04:23:30,ThinkMarkets ThinkZero,GER40,25009.6,25016.6,7.0,700,Sydney,Tuesday
2026-01-27 04:23:30,ThinkMarkets ThinkZero,UK100,10197.45,10199.75,2.3,230,Sydney,Tuesday
2026-01-27 04:23:32,ICMarkets Raw,XAUUSD,5074.09,5074.14,0.05,5,Sydney,Tuesday
2026-01-27 04:23:32,ICMarkets Raw,EURUSD,1.18755,1.18755,0.0,0,Sydney,Tuesday
2026-01-27 04:23:33,ICMarkets Raw,GBPUSD,1.36776,1.36779,3e-05,3,Sydney,Tuesday
2026-01-27 04:23:33,ICMarkets Raw,USDJPY,154.485,154.486,0.001,1,Sydney,Tuesday
2026-01-27 04:23:33,ICMarkets Raw,AUDUSD,0.6913,0.69132,2e-05,2,Sydney,Tuesday
2026-01-27 04:23:33,ICMarkets Raw,USDCAD,1.3733,1.37333,3e-05,3,Sydney,Tuesday
2026-01-27 04:23:33,ICMarkets Raw,USDCHF,0.77737,0.77739,2e-05,2,Sydney,Tuesday
2026-01-27 04:23:34,ICMarkets Raw,NZDUSD,0.59662,0.59664,2e-05,2,Sydney,Tuesday
2026-01-27 04:23:34,ICMarkets Raw,GBPJPY,211.3,211.308,0.008,8,Sydney,Tuesday
2026-01-27 04:23:34,ICMarkets Raw,NAS100,25859.3,25860.3,1.0,100,Sydney,Tuesday
2026-01-27 04:23:34,ICMarkets Raw,US500,6971.1,6971.6,0.5,50,Sydney,Tuesday
2026-01-27 04:23:34,ICMarkets Raw,US30,49367.4,49368.6,1.2,120,Sydney,Tuesday
2026-01-27 04:23:35,ICMarkets Raw,US2000,2668.57,2668.89,0.32,32,Sydney,Tuesday
2026-01-27 04:23:35,ICMarkets Raw,GER40,24998.4,24999.1,0.7,70,Sydney,Tuesday
2026-01-27 04:23:35,ICMarkets Raw,UK100,10176.0,10178.5,2.5,250,Sydney,Tuesday
2026-01-27 04:23:37,VantageMarkets Raw,XAUUSD,5074.33,5074.41,0.08,8,Sydney,Tuesday
2026-01-27 04:23:37,VantageMarkets Raw,EURUSD,1.18754,1.18759,5e-05,5,Sydney,Tuesday
2026-01-27 04:23:37,VantageMarkets Raw,GBPUSD,1.36779,1.36783,4e-05,4,Sydney,Tuesday
2026-01-27 04:23:37,VantageMarkets Raw,USDJPY,154.484,154.486,0.002,2,Sydney,Tuesday
2026-01-27 04:23:37,VantageMarkets Raw,AUDUSD,0.69129,0.69133,4e-05,4,Sydney,Tuesday
2026-01-27 04:23:38,VantageMarkets Raw,USDCAD,1.37331,1.37332,1e-05,1,Sydney,Tuesday
2026-01-27 04:23:38,VantageMarkets Raw,USDCHF,0.77735,0.77741,6e-05,6,Sydney,Tuesday
2026-01-27 04:23:38,VantageMarkets Raw,NZDUSD,0.59662,0.59665,3e-05,3,Sydney,Tuesday
2026-01-27 04:23:38,VantageMarkets Raw,GBPJPY,211.301,211.311,0.01,10,Sydney,Tuesday
2026-01-27 04:23:38,VantageMarkets Raw,NAS100,25881.06,25881.86,0.8,80,Sydney,Tuesday
2026-01-27 04:23:39,VantageMarkets Raw,US500,6975.08,6975.44,0.36,36,Sydney,Tuesday
2026-01-27 04:23:39,VantageMarkets Raw,US30,49401.51,49402.61,1.1,110,Sydney,Tuesday
2026-01-27 04:23:39,VantageMarkets Raw,US2000,2670.41,2670.89,0.48,48,Sydney,Tuesday
2026-01-27 04:23:39,VantageMarkets Raw,GER40,25010.85,25015.35,4.5,450,Sydney,Tuesday
2026-01-27 04:23:39,VantageMarkets Raw,UK100,10198.03,10200.19,2.16,216,Sydney,Tuesday
2026-01-27 04:23:41,FPMarkets Raw,XAUUSD,5074.23,5074.3,0.07,7,Sydney,Tuesday
2026-01-27 04:23:42,FPMarkets Raw,EURUSD,1.18755,1.18757,2e-05,2,Sydney,Tuesday
2026-01-27 04:23:42,FPMarkets Raw,GBPUSD,1.36779,1.36784,5e-05,5,Sydney,Tuesday
2026-01-27 04:23:42,FPMarkets Raw,USDJPY,154.486,154.49,0.004,4,Sydney,Tuesday
2026-01-27 04:23:42,FPMarkets Raw,AUDUSD,0.69123,0.69126,3e-05,3,Sydney,Tuesday
2026-01-27 04:23:43,FPMarkets Raw,USDCAD,1.37327,1.37333,6e-05,6,Sydney,Tuesday
2026-01-27 04:23:43,FPMarkets Raw,USDCHF,0.77734,0.77741,7e-05,7,Sydney,Tuesday
2026-01-27 04:23:43,FPMarkets Raw,NZDUSD,0.59658,0.5966,2e-05,2,Sydney,Tuesday
2026-01-27 04:23:43,FPMarkets Raw,GBPJPY,211.304,211.316,0.012,12,Sydney,Tuesday
2026-01-27 04:23:43,FPMarkets Raw,NAS100,25880.9,25881.5,0.6,60,Sydney,Tuesday
2026-01-27 04:23:44,FPMarkets Raw,US500,6975.12,6975.37,0.25,25,Sydney,Tuesday
2026-01-27 04:23:44,FPMarkets Raw,US30,49401.3,49402.7,1.4,140,Sydney,Tuesday
2026-01-27 04:23:44,FPMarkets Raw,GER40,25010.75,25015.45,4.7,470,Sydney,Tuesday
2026-01-27 04:23:44,FPMarkets Raw,UK100,10197.8,10200.4,2.6,260,Sydney,Tuesday
2026-01-27 04:23:45,8Cap Raw,XAUUSD,5074.37,5074.53,0.16,16,Sydney,Tuesday
2026-01-27 04:23:46,8Cap Raw,EURUSD,1.18755,1.18756,1e-05,1,Sydney,Tuesday
2026-01-27 04:23:46,8Cap Raw,GBPUSD,1.3678,1.36781,1e-05,1,Sydney,Tuesday
2026-01-27 04:23:46,8Cap Raw,USDJPY,154.483,154.489,0.006,6,Sydney,Tuesday
2026-01-27 04:23:46,8Cap Raw,AUDUSD,0.69118,0.6912,2e-05,2,Sydney,Tuesday
2026-01-27 04:23:46,8Cap Raw,USDCAD,1.37331,1.37334,3e-05,3,Sydney,Tuesday
2026-01-27 04:23:47,8Cap Raw,USDCHF,0.77736,0.77741,5e-05,5,Sydney,Tuesday
2026-01-27 04:23:47,8Cap Raw,NZDUSD,0.59652,0.59654,2e-05,2,Sydney,Tuesday
2026-01-27 04:23:47,8Cap Raw,GBPJPY,211.297,211.312,0.015,15,Sydney,Tuesday
2026-01-27 04:23:47,8Cap Raw,NAS100,25861.14,25862.54,1.4,140,Sydney,Tuesday
2026-01-27 04:23:47,8Cap Raw,US500,6971.46,6972.02,0.56,56,Sydney,Tuesday
2026-01-27 04:23:48,8Cap Raw,US30,49368.87,49370.87,2.0,200,Sydney,Tuesday
2026-01-27 04:23:48,8Cap Raw,US2000,2669.83,2670.27,0.44,44,Sydney,Tuesday
2026-01-27 04:23:48,8Cap Raw,GER40,25003.63,25006.63,3.0,300,Sydney,Tuesday
2026-01-27 04:23:48,8Cap Raw,UK100,10178.91,10180.11,1.2,120,Sydney,Tuesday
2026-01-27 04:28:18,Pepperstone Razor,XAUUSD,5073.58,5073.75,0.17,17,Sydney,Tuesday
2026-01-27 04:28:18,Pepperstone Razor,EURUSD,1.18721,1.18721,0.0,0,Sydney,Tuesday
2026-01-27 04:28:18,Pepperstone Razor,GBPUSD,1.36762,1.36763,1e-05,1,Sydney,Tuesday
2026-01-27 04:28:19,Pepperstone Razor,USDJPY,154.511,154.514,0.003,3,Sydney,Tuesday
2026-01-27 04:28:19,Pepperstone Razor,AUDUSD,0.69101,0.69102,1e-05,1,Sydney,Tuesday
2026-01-27 04:28:19,Pepperstone Razor,USDCAD,1.3734,1.37342,2e-05,2,Sydney,Tuesday
2026-01-27 04:28:19,Pepperstone Razor,USDCHF,0.77758,0.77758,0.0,0,Sydney,Tuesday
2026-01-27 04:28:19,Pepperstone Razor,NZDUSD,0.59644,0.59646,2e-05,2,Sydney,Tuesday
2026-01-27 04:28:20,Pepperstone Razor,GBPJPY,211.313,211.322,0.009,9,Sydney,Tuesday
2026-01-27 04:28:20,Pepperstone Razor,NAS100,25856.4,25857.9,1.5,15,Sydney,Tuesday
2026-01-27 04:28:20,Pepperstone Razor,US500,6971.1,6971.5,0.4,4,Sydney,Tuesday
2026-01-27 04:28:20,Pepperstone Razor,US30,49352.6,49354.7,2.1,21,Sydney,Tuesday
2026-01-27 04:28:20,Pepperstone Razor,US2000,2669.4,2669.8,0.4,4,Sydney,Tuesday
2026-01-27 04:28:21,Pepperstone Razor,GER40,24990.2,24992.2,2.0,20,Sydney,Tuesday
2026-01-27 04:28:21,Pepperstone Razor,UK100,10177.4,10179.4,2.0,20,Sydney,Tuesday
2026-01-27 04:28:29,FusionMarkets Zero,XAUUSD,5074.4,5074.46,0.06,6,Sydney,Tuesday
2026-01-27 04:28:29,FusionMarkets Zero,EURUSD,1.18722,1.18722,0.0,0,Sydney,Tuesday
2026-01-27 04:28:29,FusionMarkets Zero,GBPUSD,1.36761,1.36761,0.0,0,Sydney,Tuesday
2026-01-27 04:28:29,FusionMarkets Zero,USDJPY,154.514,154.514,0.0,0,Sydney,Tuesday
2026-01-27 04:28:29,FusionMarkets Zero,AUDUSD,0.69102,0.69102,0.0,0,Sydney,Tuesday
2026-01-27 04:28:30,FusionMarkets Zero,USDCAD,1.37342,1.37342,0.0,0,Sydney,Tuesday
2026-01-27 04:28:30,FusionMarkets Zero,USDCHF,0.77758,0.77758,0.0,0,Sydney,Tuesday
2026-01-27 04:28:30,FusionMarkets Zero,NZDUSD,0.59645,0.59645,0.0,0,Sydney,Tuesday
2026-01-27 04:28:30,FusionMarkets Zero,GBPJPY,211.311,211.319,0.008,8,Sydney,Tuesday
2026-01-27 04:28:30,FusionMarkets Zero,NAS100,25855.82,25856.62,0.8,80,Sydney,Tuesday
2026-01-27 04:28:31,FusionMarkets Zero,US500,6970.81,6971.17,0.36,36,Sydney,Tuesday
2026-01-27 04:28:31,FusionMarkets Zero,US30,49365.22,49368.02,2.8,280,Sydney,Tuesday
2026-01-27 04:28:31,FusionMarkets Zero,US2000,2669.3,2669.6,0.3,30,Sydney,Tuesday
2026-01-27 04:28:31,FusionMarkets Zero,GER40,24999.03,25002.23,3.2,320,Sydney,Tuesday
2026-01-27 04:28:32,FusionMarkets Zero,UK100,10177.98,10179.78,1.8,180,Sydney,Tuesday
2026-01-27 04:28:33,ThinkMarkets ThinkZero,XAUUSD,5074.16,5074.24,0.08,8,Sydney,Tuesday
2026-01-27 04:28:33,ThinkMarkets ThinkZero,EURUSD,1.18722,1.18724,2e-05,2,Sydney,Tuesday
2026-01-27 04:28:34,ThinkMarkets ThinkZero,GBPUSD,1.36757,1.36764,7e-05,7,Sydney,Tuesday
2026-01-27 04:28:34,ThinkMarkets ThinkZero,USDJPY,154.514,154.519,0.005,5,Sydney,Tuesday
2026-01-27 04:28:34,ThinkMarkets ThinkZero,AUDUSD,0.691,0.69103,3e-05,3,Sydney,Tuesday
2026-01-27 04:28:34,ThinkMarkets ThinkZero,USDCAD,1.3734,1.37345,5e-05,5,Sydney,Tuesday
2026-01-27 04:28:34,ThinkMarkets ThinkZero,USDCHF,0.77757,0.7776,3e-05,3,Sydney,Tuesday
2026-01-27 04:28:35,ThinkMarkets ThinkZero,NZDUSD,0.59643,0.59646,3e-05,3,Sydney,Tuesday
2026-01-27 04:28:35,ThinkMarkets ThinkZero,GBPJPY,211.316,211.329,0.013,13,Sydney,Tuesday
2026-01-27 04:28:35,ThinkMarkets ThinkZero,NAS100,25875.14,25876.14,1.0,100,Sydney,Tuesday
2026-01-27 04:28:35,ThinkMarkets ThinkZero,US500,6974.07,6974.42,0.35,35,Sydney,Tuesday
2026-01-27 04:28:35,ThinkMarkets ThinkZero,US30,49397.25,49398.75,1.5,150,Sydney,Tuesday
2026-01-27 04:28:36,ThinkMarkets ThinkZero,US2000,2669.5,2670.3,0.8,80,Sydney,Tuesday
2026-01-27 04:28:36,ThinkMarkets ThinkZero,GER40,25006.1,25010.1,4.0,400,Sydney,Tuesday
2026-01-27 04:28:36,ThinkMarkets ThinkZero,UK100,10196.95,10199.25,2.3,230,Sydney,Tuesday
2026-01-27 04:28:38,ICMarkets Raw,XAUUSD,5073.92,5073.97,0.05,5,Sydney,Tuesday
2026-01-27 04:28:38,ICMarkets Raw,EURUSD,1.1872,1.1872,0.0,0,Sydney,Tuesday
2026-01-27 04:28:38,ICMarkets Raw,GBPUSD,1.36759,1.3676,1e-05,1,Sydney,Tuesday
2026-01-27 04:28:38,ICMarkets Raw,USDJPY,154.523,154.523,0.0,0,Sydney,Tuesday
2026-01-27 04:28:38,ICMarkets Raw,AUDUSD,0.69099,0.69101,2e-05,2,Sydney,Tuesday
2026-01-27 04:28:39,ICMarkets Raw,USDCAD,1.37342,1.37343,1e-05,1,Sydney,Tuesday
2026-01-27 04:28:39,ICMarkets Raw,USDCHF,0.77761,0.77763,2e-05,2,Sydney,Tuesday
2026-01-27 04:28:39,ICMarkets Raw,NZDUSD,0.59637,0.59641,4e-05,4,Sydney,Tuesday
2026-01-27 04:28:39,ICMarkets Raw,GBPJPY,211.324,211.328,0.004,4,Sydney,Tuesday
2026-01-27 04:28:39,ICMarkets Raw,NAS100,25853.8,25854.8,1.0,100,Sydney,Tuesday
2026-01-27 04:28:40,ICMarkets Raw,US500,6970.4,6970.9,0.5,50,Sydney,Tuesday
2026-01-27 04:28:40,ICMarkets Raw,US30,49363.9,49365.1,1.2,120,Sydney,Tuesday
2026-01-27 04:28:40,ICMarkets Raw,US2000,2667.87,2668.29,0.42,42,Sydney,Tuesday
2026-01-27 04:28:40,ICMarkets Raw,GER40,24991.9,24992.6,0.7,70,Sydney,Tuesday
2026-01-27 04:28:41,ICMarkets Raw,UK100,10175.5,10178.0,2.5,250,Sydney,Tuesday
2026-01-27 04:28:42,VantageMarkets Raw,XAUUSD,5073.96,5074.04,0.08,8,Sydney,Tuesday
2026-01-27 04:28:42,VantageMarkets Raw,EURUSD,1.1872,1.18721,1e-05,1,Sydney,Tuesday
2026-01-27 04:28:43,VantageMarkets Raw,GBPUSD,1.3676,1.36761,1e-05,1,Sydney,Tuesday
2026-01-27 04:28:43,VantageMarkets Raw,USDJPY,154.521,154.523,0.002,2,Sydney,Tuesday
2026-01-27 04:28:43,VantageMarkets Raw,AUDUSD,0.69099,0.69103,4e-05,4,Sydney,Tuesday
2026-01-27 04:28:43,VantageMarkets Raw,USDCAD,1.37343,1.37343,0.0,0,Sydney,Tuesday
2026-01-27 04:28:43,VantageMarkets Raw,USDCHF,0.77759,0.77764,5e-05,5,Sydney,Tuesday
2026-01-27 04:28:44,VantageMarkets Raw,NZDUSD,0.59639,0.59642,3e-05,3,Sydney,Tuesday
2026-01-27 04:28:44,VantageMarkets Raw,GBPJPY,211.323,211.326,0.003,3,Sydney,Tuesday
2026-01-27 04:28:44,VantageMarkets Raw,NAS100,25876.06,25876.86,0.8,80,Sydney,Tuesday
2026-01-27 04:28:44,VantageMarkets Raw,US500,6974.34,6974.7,0.36,36,Sydney,Tuesday
2026-01-27 04:28:44,VantageMarkets Raw,US30,49398.51,49399.61,1.1,110,Sydney,Tuesday
2026-01-27 04:28:45,VantageMarkets Raw,US2000,2669.66,2670.14,0.48,48,Sydney,Tuesday
2026-01-27 04:28:45,VantageMarkets Raw,GER40,25005.85,25010.35,4.5,450,Sydney,Tuesday
2026-01-27 04:28:45,VantageMarkets Raw,UK100,10197.03,10199.19,2.16,216,Sydney,Tuesday
2026-01-27 04:28:47,FPMarkets Raw,XAUUSD,5074.42,5074.49,0.07,7,Sydney,Tuesday
2026-01-27 04:28:47,FPMarkets Raw,EURUSD,1.1872,1.18721,1e-05,1,Sydney,Tuesday
2026-01-27 04:28:47,FPMarkets Raw,GBPUSD,1.3676,1.36765,5e-05,5,Sydney,Tuesday
2026-01-27 04:28:48,FPMarkets Raw,USDJPY,154.516,154.52,0.004,4,Sydney,Tuesday
2026-01-27 04:28:48,FPMarkets Raw,AUDUSD,0.69102,0.69105,3e-05,3,Sydney,Tuesday
2026-01-27 04:28:48,FPMarkets Raw,USDCAD,1.37338,1.37344,6e-05,6,Sydney,Tuesday
2026-01-27 04:28:48,FPMarkets Raw,USDCHF,0.77757,0.77764,7e-05,7,Sydney,Tuesday
2026-01-27 04:28:48,FPMarkets Raw,NZDUSD,0.59642,0.59644,2e-05,2,Sydney,Tuesday
2026-01-27 04:28:49,FPMarkets Raw,GBPJPY,211.317,211.33,0.013,13,Sydney,Tuesday
2026-01-27 04:28:49,FPMarkets Raw,NAS100,25877.9,25878.5,0.6,60,Sydney,Tuesday
2026-01-27 04:28:49,FPMarkets Raw,US500,6974.63,6974.88,0.25,25,Sydney,Tuesday
2026-01-27 04:28:49,FPMarkets Raw,US30,49399.3,49400.7,1.4,140,Sydney,Tuesday
2026-01-27 04:28:49,FPMarkets Raw,GER40,25005.75,25010.45,4.7,470,Sydney,Tuesday
2026-01-27 04:28:50,FPMarkets Raw,UK100,10196.8,10199.4,2.6,260,Sydney,Tuesday
2026-01-27 04:28:51,8Cap Raw,XAUUSD,5073.77,5073.93,0.16,16,Sydney,Tuesday
2026-01-27 04:28:51,8Cap Raw,EURUSD,1.1872,1.1872,0.0,0,Sydney,Tuesday
2026-01-27 04:28:51,8Cap Raw,GBPUSD,1.36761,1.36762,1e-05,1,Sydney,Tuesday
2026-01-27 04:28:51,8Cap Raw,USDJPY,154.521,154.522,0.001,1,Sydney,Tuesday
2026-01-27 04:28:52,8Cap Raw,AUDUSD,0.69102,0.69105,3e-05,3,Sydney,Tuesday
2026-01-27 04:28:52,8Cap Raw,USDCAD,1.37341,1.37344,3e-05,3,Sydney,Tuesday
2026-01-27 04:28:52,8Cap Raw,USDCHF,0.77759,0.77763,4e-05,4,Sydney,Tuesday
2026-01-27 04:28:52,8Cap Raw,NZDUSD,0.59642,0.59644,2e-05,2,Sydney,Tuesday
2026-01-27 04:28:52,8Cap Raw,GBPJPY,211.326,211.341,0.015,15,Sydney,Tuesday
2026-01-27 04:28:53,8Cap Raw,NAS100,25859.02,25860.42,1.4,140,Sydney,Tuesday
2026-01-27 04:28:53,8Cap Raw,US500,6971.21,6971.77,0.56,56,Sydney,Tuesday
2026-01-27 04:28:53,8Cap Raw,US30,49367.87,49369.87,2.0,200,Sydney,Tuesday
2026-01-27 04:28:53,8Cap Raw,US2000,2669.33,2669.77,0.44,44,Sydney,Tuesday
2026-01-27 04:28:53,8Cap Raw,GER40,25000.63,25003.63,3.0,300,Sydney,Tuesday
2026-01-27 04:28:54,8Cap Raw,UK100,10178.03,10179.23,1.2,120,Sydney,Tuesday
2026-01-27 04:33:18,Pepperstone Razor,XAUUSD,5074.12,5074.28,0.16,16,Sydney,Tuesday
2026-01-27 04:33:18,Pepperstone Razor,EURUSD,1.1873,1.1873,0.0,0,Sydney,Tuesday
2026-01-27 04:33:18,Pepperstone Razor,GBPUSD,1.36768,1.36769,1e-05,1,Sydney,Tuesday
2026-01-27 04:33:19,Pepperstone Razor,USDJPY,154.497,154.5,0.003,3,Sydney,Tuesday
2026-01-27 04:33:19,Pepperstone Razor,AUDUSD,0.69119,0.69119,0.0,0,Sydney,Tuesday
2026-01-27 04:33:19,Pepperstone Razor,USDCAD,1.37321,1.37322,1e-05,1,Sydney,Tuesday
2026-01-27 04:33:19,Pepperstone Razor,USDCHF,0.77761,0.77761,0.0,0,Sydney,Tuesday
2026-01-27 04:33:19,Pepperstone Razor,NZDUSD,0.59647,0.59649,2e-05,2,Sydney,Tuesday
2026-01-27 04:33:20,Pepperstone Razor,GBPJPY,211.299,211.304,0.005,5,Sydney,Tuesday
2026-01-27 04:33:20,Pepperstone Razor,NAS100,25861.8,25863.3,1.5,15,Sydney,Tuesday
2026-01-27 04:33:20,Pepperstone Razor,US500,6971.6,6972.0,0.4,4,Sydney,Tuesday
2026-01-27 04:33:20,Pepperstone Razor,US30,49354.8,49356.9,2.1,21,Sydney,Tuesday
2026-01-27 04:33:20,Pepperstone Razor,US2000,2669.4,2669.8,0.4,4,Sydney,Tuesday
2026-01-27 04:33:21,Pepperstone Razor,GER40,24995.7,24997.7,2.0,20,Sydney,Tuesday
2026-01-27 04:33:21,Pepperstone Razor,UK100,10178.8,10180.7,1.9,19,Sydney,Tuesday
2026-01-27 04:33:23,FusionMarkets Zero,XAUUSD,5074.16,5074.22,0.06,6,Sydney,Tuesday
2026-01-27 04:33:23,FusionMarkets Zero,EURUSD,1.18731,1.18731,0.0,0,Sydney,Tuesday
2026-01-27 04:33:23,FusionMarkets Zero,GBPUSD,1.36771,1.36771,0.0,0,Sydney,Tuesday
2026-01-27 04:33:23,FusionMarkets Zero,USDJPY,154.5,154.5,0.0,0,Sydney,Tuesday
2026-01-27 04:33:23,FusionMarkets Zero,AUDUSD,0.6912,0.6912,0.0,0,Sydney,Tuesday
2026-01-27 04:33:24,FusionMarkets Zero,USDCAD,1.37321,1.37321,0.0,0,Sydney,Tuesday
2026-01-27 04:33:24,FusionMarkets Zero,USDCHF,0.77761,0.77761,0.0,0,Sydney,Tuesday
2026-01-27 04:33:24,FusionMarkets Zero,NZDUSD,0.5965,0.5965,0.0,0,Sydney,Tuesday
2026-01-27 04:33:24,FusionMarkets Zero,GBPJPY,211.31,211.316,0.006,6,Sydney,Tuesday
2026-01-27 04:33:24,FusionMarkets Zero,NAS100,25861.82,25862.62,0.8,80,Sydney,Tuesday
2026-01-27 04:33:25,FusionMarkets Zero,US500,6971.56,6971.92,0.36,36,Sydney,Tuesday
2026-01-27 04:33:25,FusionMarkets Zero,US30,49368.47,49371.27,2.8,280,Sydney,Tuesday
2026-01-27 04:33:25,FusionMarkets Zero,US2000,2669.5,2669.8,0.3,30,Sydney,Tuesday
2026-01-27 04:33:25,FusionMarkets Zero,GER40,25004.03,25007.23,3.2,320,Sydney,Tuesday
2026-01-27 04:33:25,FusionMarkets Zero,UK100,10178.98,10180.28,1.3,130,Sydney,Tuesday
2026-01-27 04:33:27,ThinkMarkets ThinkZero,XAUUSD,5074.37,5074.45,0.08,8,Sydney,Tuesday
2026-01-27 04:33:27,ThinkMarkets ThinkZero,EURUSD,1.18729,1.18732,3e-05,3,Sydney,Tuesday
2026-01-27 04:33:27,ThinkMarkets ThinkZero,GBPUSD,1.36766,1.36773,7e-05,7,Sydney,Tuesday
2026-01-27 04:33:28,ThinkMarkets ThinkZero,USDJPY,154.499,154.502,0.003,3,Sydney,Tuesday
2026-01-27 04:33:28,ThinkMarkets ThinkZero,AUDUSD,0.6912,0.69121,1e-05,1,Sydney,Tuesday
2026-01-27 04:33:28,ThinkMarkets ThinkZero,USDCAD,1.37318,1.37323,5e-05,5,Sydney,Tuesday
2026-01-27 04:33:28,ThinkMarkets ThinkZero,USDCHF,0.77759,0.77765,6e-05,6,Sydney,Tuesday
2026-01-27 04:33:29,ThinkMarkets ThinkZero,NZDUSD,0.59648,0.59652,4e-05,4,Sydney,Tuesday
2026-01-27 04:33:29,ThinkMarkets ThinkZero,GBPJPY,211.305,211.317,0.012,12,Sydney,Tuesday
2026-01-27 04:33:29,ThinkMarkets ThinkZero,NAS100,25880.89,25881.89,1.0,100,Sydney,Tuesday
2026-01-27 04:33:29,ThinkMarkets ThinkZero,US500,6974.82,6975.17,0.35,35,Sydney,Tuesday
2026-01-27 04:33:29,ThinkMarkets ThinkZero,US30,49400.25,49401.75,1.5,150,Sydney,Tuesday
2026-01-27 04:33:30,ThinkMarkets ThinkZero,US2000,2669.6,2670.4,0.8,80,Sydney,Tuesday
2026-01-27 04:33:30,ThinkMarkets ThinkZero,GER40,25009.6,25016.6,7.0,700,Sydney,Tuesday
2026-01-27 04:33:30,ThinkMarkets ThinkZero,UK100,10197.45,10199.75,2.3,230,Sydney,Tuesday
2026-01-27 04:33:32,ICMarkets Raw,XAUUSD,5073.61,5073.66,0.05,5,Sydney,Tuesday
2026-01-27 04:33:32,ICMarkets Raw,EURUSD,1.18732,1.18732,0.0,0,Sydney,Tuesday
2026-01-27 04:33:32,ICMarkets Raw,GBPUSD,1.3677,1.36771,1e-05,1,Sydney,Tuesday
2026-01-27 04:33:32,ICMarkets Raw,USDJPY,154.502,154.502,0.0,0,Sydney,Tuesday
2026-01-27 04:33:32,ICMarkets Raw,AUDUSD,0.69121,0.69121,0.0,0,Sydney,Tuesday
2026-01-27 04:33:33,ICMarkets Raw,USDCAD,1.37321,1.37322,1e-05,1,Sydney,Tuesday
2026-01-27 04:33:33,ICMarkets Raw,USDCHF,0.7776,0.77762,2e-05,2,Sydney,Tuesday
2026-01-27 04:33:33,ICMarkets Raw,NZDUSD,0.59645,0.59651,6e-05,6,Sydney,Tuesday
2026-01-27 04:33:33,ICMarkets Raw,GBPJPY,211.309,211.313,0.004,4,Sydney,Tuesday
2026-01-27 04:33:33,ICMarkets Raw,NAS100,25859.1,25860.1,1.0,100,Sydney,Tuesday
2026-01-27 04:33:34,ICMarkets Raw,US500,6970.9,6971.4,0.5,50,Sydney,Tuesday
2026-01-27 04:33:34,ICMarkets Raw,US30,49365.9,49367.1,1.2,120,Sydney,Tuesday
2026-01-27 04:33:34,ICMarkets Raw,US2000,2667.97,2668.39,0.42,42,Sydney,Tuesday
2026-01-27 04:33:34,ICMarkets Raw,GER40,24999.4,25000.1,0.7,70,Sydney,Tuesday
2026-01-27 04:33:34,ICMarkets Raw,UK100,10176.2,10178.7,2.5,250,Sydney,Tuesday
2026-01-27 04:33:36,VantageMarkets Raw,XAUUSD,5073.2,5073.28,0.08,8,Sydney,Tuesday
2026-01-27 04:33:36,VantageMarkets Raw,EURUSD,1.18732,1.18733,1e-05,1,Sydney,Tuesday
2026-01-27 04:33:36,VantageMarkets Raw,GBPUSD,1.36771,1.36772,1e-05,1,Sydney,Tuesday
2026-01-27 04:33:37,VantageMarkets Raw,USDJPY,154.501,154.503,0.002,2,Sydney,Tuesday
2026-01-27 04:33:37,VantageMarkets Raw,AUDUSD,0.6912,0.69122,2e-05,2,Sydney,Tuesday
2026-01-27 04:33:37,VantageMarkets Raw,USDCAD,1.37322,1.37322,0.0,0,Sydney,Tuesday
2026-01-27 04:33:37,VantageMarkets Raw,USDCHF,0.77759,0.77762,3e-05,3,Sydney,Tuesday
2026-01-27 04:33:37,VantageMarkets Raw,NZDUSD,0.59648,0.5965,2e-05,2,Sydney,Tuesday
2026-01-27 04:33:38,VantageMarkets Raw,GBPJPY,211.312,211.315,0.003,3,Sydney,Tuesday
2026-01-27 04:33:38,VantageMarkets Raw,NAS100,25881.31,25882.11,0.8,80,Sydney,Tuesday
2026-01-27 04:33:38,VantageMarkets Raw,US500,6975.09,6975.45,0.36,36,Sydney,Tuesday
2026-01-27 04:33:38,VantageMarkets Raw,US30,49400.51,49401.61,1.1,110,Sydney,Tuesday
2026-01-27 04:33:38,VantageMarkets Raw,US2000,2669.86,2670.34,0.48,48,Sydney,Tuesday
2026-01-27 04:33:39,VantageMarkets Raw,GER40,25010.35,25019.85,9.5,950,Sydney,Tuesday
2026-01-27 04:33:39,VantageMarkets Raw,UK100,10198.03,10200.19,2.16,216,Sydney,Tuesday
2026-01-27 04:33:41,FPMarkets Raw,XAUUSD,5073.96,5074.03,0.07,7,Sydney,Tuesday
2026-01-27 04:33:41,FPMarkets Raw,EURUSD,1.18731,1.18733,2e-05,2,Sydney,Tuesday
2026-01-27 04:33:41,FPMarkets Raw,GBPUSD,1.36769,1.36774,5e-05,5,Sydney,Tuesday
2026-01-27 04:33:41,FPMarkets Raw,USDJPY,154.492,154.496,0.004,4,Sydney,Tuesday
2026-01-27 04:33:42,FPMarkets Raw,AUDUSD,0.6912,0.69123,3e-05,3,Sydney,Tuesday
2026-01-27 04:33:42,FPMarkets Raw,USDCAD,1.37319,1.37325,6e-05,6,Sydney,Tuesday
2026-01-27 04:33:42,FPMarkets Raw,USDCHF,0.77757,0.77763,6e-05,6,Sydney,Tuesday
2026-01-27 04:33:42,FPMarkets Raw,NZDUSD,0.59648,0.59651,3e-05,3,Sydney,Tuesday
2026-01-27 04:33:42,FPMarkets Raw,GBPJPY,211.299,211.313,0.014,14,Sydney,Tuesday
2026-01-27 04:33:43,FPMarkets Raw,NAS100,25881.4,25882.0,0.6,60,Sydney,Tuesday
2026-01-27 04:33:43,FPMarkets Raw,US500,6975.13,6975.38,0.25,25,Sydney,Tuesday
2026-01-27 04:33:43,FPMarkets Raw,US30,49400.3,49401.7,1.4,140,Sydney,Tuesday
2026-01-27 04:33:43,FPMarkets Raw,GER40,25012.75,25019.45,6.7,670,Sydney,Tuesday
2026-01-27 04:33:43,FPMarkets Raw,UK100,10197.8,10200.4,2.6,260,Sydney,Tuesday
2026-01-27 04:33:45,8Cap Raw,XAUUSD,5072.41,5072.57,0.16,16,Sydney,Tuesday
2026-01-27 04:33:45,8Cap Raw,EURUSD,1.18734,1.18735,1e-05,1,Sydney,Tuesday
2026-01-27 04:33:45,8Cap Raw,GBPUSD,1.36772,1.36773,1e-05,1,Sydney,Tuesday
2026-01-27 04:33:45,8Cap Raw,USDJPY,154.491,154.494,0.003,3,Sydney,Tuesday
2026-01-27 04:33:46,8Cap Raw,AUDUSD,0.69123,0.69125,2e-05,2,Sydney,Tuesday
2026-01-27 04:33:46,8Cap Raw,USDCAD,1.37316,1.37319,3e-05,3,Sydney,Tuesday
2026-01-27 04:33:46,8Cap Raw,USDCHF,0.77756,0.77763,7e-05,7,Sydney,Tuesday
2026-01-27 04:33:46,8Cap Raw,NZDUSD,0.59649,0.59652,3e-05,3,Sydney,Tuesday
2026-01-27 04:33:46,8Cap Raw,GBPJPY,211.297,211.316,0.019,19,Sydney,Tuesday
2026-01-27 04:33:47,8Cap Raw,NAS100,25861.77,25863.17,1.4,140,Sydney,Tuesday
2026-01-27 04:33:47,8Cap Raw,US500,6971.46,6972.02,0.56,56,Sydney,Tuesday
2026-01-27 04:33:47,8Cap Raw,US30,49369.37,49371.37,2.0,200,Sydney,Tuesday
2026-01-27 04:33:47,8Cap Raw,US2000,2669.33,2669.87,0.54,54,Sydney,Tuesday
2026-01-27 04:33:47,8Cap Raw,GER40,25004.13,25007.13,3.0,300,Sydney,Tuesday
2026-01-27 04:33:48,8Cap Raw,UK100,10179.08,10180.68,1.6,160,Sydney,Tuesday
2026-01-27 04:38:18,Pepperstone Razor,XAUUSD,5067.9,5068.12,0.22,22,Sydney,Tuesday
2026-01-27 04:38:18,Pepperstone Razor,EURUSD,1.18715,1.18715,0.0,0,Sydney,Tuesday
2026-01-27 04:38:18,Pepperstone Razor,GBPUSD,1.36741,1.36744,3e-05,3,Sydney,Tuesday
2026-01-27 04:38:18,Pepperstone Razor,USDJPY,154.521,154.523,0.002,2,Sydney,Tuesday
2026-01-27 04:38:19,Pepperstone Razor,AUDUSD,0.69103,0.69103,0.0,0,Sydney,Tuesday
2026-01-27 04:38:19,Pepperstone Razor,USDCAD,1.37342,1.37344,2e-05,2,Sydney,Tuesday
2026-01-27 04:38:19,Pepperstone Razor,USDCHF,0.77784,0.77784,0.0,0,Sydney,Tuesday
2026-01-27 04:38:19,Pepperstone Razor,NZDUSD,0.59637,0.59639,2e-05,2,Sydney,Tuesday
2026-01-27 04:38:19,Pepperstone Razor,GBPJPY,211.293,211.299,0.006,6,Sydney,Tuesday
2026-01-27 04:38:20,Pepperstone Razor,NAS100,25863.2,25864.7,1.5,15,Sydney,Tuesday
2026-01-27 04:38:20,Pepperstone Razor,US500,6971.8,6972.3,0.5,5,Sydney,Tuesday
2026-01-27 04:38:20,Pepperstone Razor,US30,49354.2,49356.4,2.2,22,Sydney,Tuesday
2026-01-27 04:38:20,Pepperstone Razor,US2000,2669.4,2669.8,0.4,4,Sydney,Tuesday
2026-01-27 04:38:20,Pepperstone Razor,GER40,24995.0,24997.0,2.0,20,Sydney,Tuesday
2026-01-27 04:38:21,Pepperstone Razor,UK100,10179.0,10180.9,1.9,19,Sydney,Tuesday
2026-01-27 04:38:22,FusionMarkets Zero,XAUUSD,5067.72,5067.86,0.14,14,Sydney,Tuesday
2026-01-27 04:38:23,FusionMarkets Zero,EURUSD,1.18715,1.18715,0.0,0,Sydney,Tuesday
2026-01-27 04:38:23,FusionMarkets Zero,GBPUSD,1.36742,1.36742,0.0,0,Sydney,Tuesday
2026-01-27 04:38:23,FusionMarkets Zero,USDJPY,154.513,154.515,0.002,2,Sydney,Tuesday
2026-01-27 04:38:23,FusionMarkets Zero,AUDUSD,0.69105,0.69105,0.0,0,Sydney,Tuesday
2026-01-27 04:38:23,FusionMarkets Zero,USDCAD,1.37343,1.37343,0.0,0,Sydney,Tuesday
2026-01-27 04:38:24,FusionMarkets Zero,USDCHF,0.77783,0.77783,0.0,0,Sydney,Tuesday
2026-01-27 04:38:24,FusionMarkets Zero,NZDUSD,0.59638,0.59638,0.0,0,Sydney,Tuesday
2026-01-27 04:38:24,FusionMarkets Zero,GBPJPY,211.28,211.292,0.012,12,Sydney,Tuesday
2026-01-27 04:38:24,FusionMarkets Zero,NAS100,25863.94,25864.74,0.8,80,Sydney,Tuesday
2026-01-27 04:38:24,FusionMarkets Zero,US500,6971.81,6972.17,0.36,36,Sydney,Tuesday
2026-01-27 04:38:25,FusionMarkets Zero,US30,49368.47,49371.27,2.8,280,Sydney,Tuesday
2026-01-27 04:38:25,FusionMarkets Zero,US2000,2669.5,2669.8,0.3,30,Sydney,Tuesday
2026-01-27 04:38:25,FusionMarkets Zero,GER40,25003.53,25006.73,3.2,320,Sydney,Tuesday
2026-01-27 04:38:25,FusionMarkets Zero,UK100,10178.98,10180.78,1.8,180,Sydney,Tuesday
2026-01-27 04:38:27,ThinkMarkets ThinkZero,XAUUSD,5068.3,5068.38,0.08,8,Sydney,Tuesday
2026-01-27 04:38:27,ThinkMarkets ThinkZero,EURUSD,1.18714,1.18716,2e-05,2,Sydney,Tuesday
2026-01-27 04:38:28,ThinkMarkets ThinkZero,GBPUSD,1.3674,1.36744,4e-05,4,Sydney,Tuesday
2026-01-27 04:38:28,ThinkMarkets ThinkZero,USDJPY,154.513,154.518,0.005,5,Sydney,Tuesday
2026-01-27 04:38:28,ThinkMarkets ThinkZero,AUDUSD,0.69104,0.69106,2e-05,2,Sydney,Tuesday
2026-01-27 04:38:28,ThinkMarkets ThinkZero,USDCAD,1.37341,1.37345,4e-05,4,Sydney,Tuesday
2026-01-27 04:38:28,ThinkMarkets ThinkZero,USDCHF,0.77781,0.77784,3e-05,3,Sydney,Tuesday
2026-01-27 04:38:29,ThinkMarkets ThinkZero,NZDUSD,0.59637,0.59641,4e-05,4,Sydney,Tuesday
2026-01-27 04:38:29,ThinkMarkets ThinkZero,GBPJPY,211.282,211.293,0.011,11,Sydney,Tuesday
2026-01-27 04:38:29,ThinkMarkets ThinkZero,NAS100,25882.89,25883.89,1.0,100,Sydney,Tuesday
2026-01-27 04:38:29,ThinkMarkets ThinkZero,US500,6975.33,6975.68,0.35,35,Sydney,Tuesday
2026-01-27 04:38:29,ThinkMarkets ThinkZero,US30,49400.25,49401.75,1.5,150,Sydney,Tuesday
2026-01-27 04:38:30,ThinkMarkets ThinkZero,US2000,2669.7,2670.5,0.8,80,Sydney,Tuesday
2026-01-27 04:38:30,ThinkMarkets ThinkZero,GER40,25010.5,25013.7,3.2,320,Sydney,Tuesday
2026-01-27 04:38:30,ThinkMarkets ThinkZero,UK100,10197.95,10200.25,2.3,230,Sydney,Tuesday
2026-01-27 04:38:31,ICMarkets Raw,XAUUSD,5073.22,5073.27,0.05,5,Sydney,Tuesday
2026-01-27 04:38:32,ICMarkets Raw,EURUSD,1.18715,1.18715,0.0,0,Sydney,Tuesday
2026-01-27 04:38:32,ICMarkets Raw,GBPUSD,1.36741,1.36742,1e-05,1,Sydney,Tuesday
2026-01-27 04:38:32,ICMarkets Raw,USDJPY,154.515,154.515,0.0,0,Sydney,Tuesday
2026-01-27 04:38:32,ICMarkets Raw,AUDUSD,0.69104,0.69104,0.0,0,Sydney,Tuesday
2026-01-27 04:38:32,ICMarkets Raw,USDCAD,1.37343,1.37344,1e-05,1,Sydney,Tuesday
2026-01-27 04:38:33,ICMarkets Raw,USDCHF,0.77782,0.77784,2e-05,2,Sydney,Tuesday
2026-01-27 04:38:33,ICMarkets Raw,NZDUSD,0.59637,0.59637,0.0,0,Sydney,Tuesday
2026-01-27 04:38:33,ICMarkets Raw,GBPJPY,211.283,211.287,0.004,4,Sydney,Tuesday
2026-01-27 04:38:33,ICMarkets Raw,NAS100,25861.0,25862.0,1.0,100,Sydney,Tuesday
2026-01-27 04:38:33,ICMarkets Raw,US500,6971.1,6971.6,0.5,50,Sydney,Tuesday
2026-01-27 04:38:34,ICMarkets Raw,US30,49365.9,49367.1,1.2,120,Sydney,Tuesday
2026-01-27 04:38:34,ICMarkets Raw,US2000,2668.17,2668.39,0.22,22,Sydney,Tuesday
2026-01-27 04:38:34,ICMarkets Raw,GER40,24998.4,24999.1,0.7,70,Sydney,Tuesday
2026-01-27 04:38:34,ICMarkets Raw,UK100,10176.7,10179.2,2.5,250,Sydney,Tuesday
2026-01-27 04:38:36,VantageMarkets Raw,XAUUSD,5068.62,5068.7,0.08,8,Sydney,Tuesday
2026-01-27 04:38:36,VantageMarkets Raw,EURUSD,1.18715,1.18717,2e-05,2,Sydney,Tuesday
2026-01-27 04:38:36,VantageMarkets Raw,GBPUSD,1.36742,1.36743,1e-05,1,Sydney,Tuesday
2026-01-27 04:38:37,VantageMarkets Raw,USDJPY,154.514,154.516,0.002,2,Sydney,Tuesday
2026-01-27 04:38:37,VantageMarkets Raw,AUDUSD,0.69104,0.69106,2e-05,2,Sydney,Tuesday
2026-01-27 04:38:37,VantageMarkets Raw,USDCAD,1.37343,1.37344,1e-05,1,Sydney,Tuesday
2026-01-27 04:38:37,VantageMarkets Raw,USDCHF,0.77782,0.77786,4e-05,4,Sydney,Tuesday
2026-01-27 04:38:37,VantageMarkets Raw,NZDUSD,0.59638,0.5964,2e-05,2,Sydney,Tuesday
2026-01-27 04:38:38,VantageMarkets Raw,GBPJPY,211.285,211.287,0.002,2,Sydney,Tuesday
2026-01-27 04:38:38,VantageMarkets Raw,NAS100,25883.31,25884.11,0.8,80,Sydney,Tuesday
2026-01-27 04:38:38,VantageMarkets Raw,US500,6975.33,6975.69,0.36,36,Sydney,Tuesday
2026-01-27 04:38:38,VantageMarkets Raw,US30,49401.51,49402.61,1.1,110,Sydney,Tuesday
2026-01-27 04:38:38,VantageMarkets Raw,US2000,2669.96,2670.44,0.48,48,Sydney,Tuesday
2026-01-27 04:38:39,VantageMarkets Raw,GER40,25011.35,25016.85,5.5,550,Sydney,Tuesday
2026-01-27 04:38:39,VantageMarkets Raw,UK100,10198.53,10200.69,2.16,216,Sydney,Tuesday
2026-01-27 04:38:41,FPMarkets Raw,XAUUSD,5068.86,5068.93,0.07,7,Sydney,Tuesday
2026-01-27 04:38:41,FPMarkets Raw,EURUSD,1.18715,1.18715,0.0,0,Sydney,Tuesday
2026-01-27 04:38:41,FPMarkets Raw,GBPUSD,1.36742,1.36742,0.0,0,Sydney,Tuesday
2026-01-27 04:38:41,FPMarkets Raw,USDJPY,154.51,154.514,0.004,4,Sydney,Tuesday
2026-01-27 04:38:42,FPMarkets Raw,AUDUSD,0.69103,0.69106,3e-05,3,Sydney,Tuesday
2026-01-27 04:38:42,FPMarkets Raw,USDCAD,1.3734,1.37346,6e-05,6,Sydney,Tuesday
2026-01-27 04:38:42,FPMarkets Raw,USDCHF,0.77781,0.77788,7e-05,7,Sydney,Tuesday
2026-01-27 04:38:42,FPMarkets Raw,NZDUSD,0.59638,0.5964,2e-05,2,Sydney,Tuesday
2026-01-27 04:38:42,FPMarkets Raw,GBPJPY,211.277,211.29,0.013,13,Sydney,Tuesday
2026-01-27 04:38:43,FPMarkets Raw,NAS100,25883.4,25884.0,0.6,60,Sydney,Tuesday
2026-01-27 04:38:43,FPMarkets Raw,US500,6975.37,6975.62,0.25,25,Sydney,Tuesday
2026-01-27 04:38:43,FPMarkets Raw,US30,49401.3,49402.7,1.4,140,Sydney,Tuesday
2026-01-27 04:38:43,FPMarkets Raw,GER40,25011.75,25016.45,4.7,470,Sydney,Tuesday
2026-01-27 04:38:43,FPMarkets Raw,UK100,10198.3,10200.9,2.6,260,Sydney,Tuesday
2026-01-27 04:38:45,8Cap Raw,XAUUSD,5068.66,5068.82,0.16,16,Sydney,Tuesday
2026-01-27 04:38:45,8Cap Raw,EURUSD,1.18715,1.18715,0.0,0,Sydney,Tuesday
2026-01-27 04:38:45,8Cap Raw,GBPUSD,1.36741,1.36742,1e-05,1,Sydney,Tuesday
2026-01-27 04:38:45,8Cap Raw,USDJPY,154.514,154.515,0.001,1,Sydney,Tuesday
2026-01-27 04:38:46,8Cap Raw,AUDUSD,0.69104,0.69106,2e-05,2,Sydney,Tuesday
2026-01-27 04:38:46,8Cap Raw,USDCAD,1.37341,1.37346,5e-05,5,Sydney,Tuesday
2026-01-27 04:38:46,8Cap Raw,USDCHF,0.77784,0.77787,3e-05,3,Sydney,Tuesday
2026-01-27 04:38:46,8Cap Raw,NZDUSD,0.59637,0.59639,2e-05,2,Sydney,Tuesday
2026-01-27 04:38:46,8Cap Raw,GBPJPY,211.275,211.294,0.019,19,Sydney,Tuesday
2026-01-27 04:38:47,8Cap Raw,NAS100,25863.64,25865.04,1.4,140,Sydney,Tuesday
2026-01-27 04:38:47,8Cap Raw,US500,6971.83,6972.39,0.56,56,Sydney,Tuesday
2026-01-27 04:38:47,8Cap Raw,US30,49369.87,49371.87,2.0,200,Sydney,Tuesday
2026-01-27 04:38:47,8Cap Raw,US2000,2669.53,2669.97,0.44,44,Sydney,Tuesday
2026-01-27 04:38:47,8Cap Raw,GER40,25005.63,25008.63,3.0,300,Sydney,Tuesday
2026-01-27 04:38:48,8Cap Raw,UK100,10179.58,10181.18,1.6,160,Sydney,Tuesday
2026-01-27 04:43:18,Pepperstone Razor,XAUUSD,5062.64,5062.9,0.26,26,Sydney,Tuesday
2026-01-27 04:43:18,Pepperstone Razor,EURUSD,1.18727,1.18727,0.0,0,Sydney,Tuesday
2026-01-27 04:43:18,Pepperstone Razor,GBPUSD,1.36739,1.3674,1e-05,1,Sydney,Tuesday
2026-01-27 04:43:19,Pepperstone Razor,USDJPY,154.573,154.575,0.002,2,Sydney,Tuesday
2026-01-27 04:43:19,Pepperstone Razor,AUDUSD,0.6911,0.69111,1e-05,1,Sydney,Tuesday
2026-01-27 04:43:19,Pepperstone Razor,USDCAD,1.37333,1.37334,1e-05,1,Sydney,Tuesday
2026-01-27 04:43:19,Pepperstone Razor,USDCHF,0.77773,0.77775,2e-05,2,Sydney,Tuesday
2026-01-27 04:43:19,Pepperstone Razor,NZDUSD,0.59621,0.59623,2e-05,2,Sydney,Tuesday
2026-01-27 04:43:20,Pepperstone Razor,GBPJPY,211.359,211.366,0.007,7,Sydney,Tuesday
2026-01-27 04:43:20,Pepperstone Razor,NAS100,25862.5,25864.0,1.5,15,Sydney,Tuesday
2026-01-27 04:43:20,Pepperstone Razor,US500,6971.6,6972.0,0.4,4,Sydney,Tuesday
2026-01-27 04:43:20,Pepperstone Razor,US30,49354.5,49356.7,2.2,22,Sydney,Tuesday
2026-01-27 04:43:20,Pepperstone Razor,US2000,2669.5,2669.9,0.4,4,Sydney,Tuesday
2026-01-27 04:43:21,Pepperstone Razor,GER40,24993.0,24995.0,2.0,20,Sydney,Tuesday
2026-01-27 04:43:21,Pepperstone Razor,UK100,10179.4,10181.2,1.8,18,Sydney,Tuesday
2026-01-27 04:43:23,FusionMarkets Zero,XAUUSD,5062.35,5062.49,0.14,14,Sydney,Tuesday
2026-01-27 04:43:23,FusionMarkets Zero,EURUSD,1.18723,1.18723,0.0,0,Sydney,Tuesday
2026-01-27 04:43:23,FusionMarkets Zero,GBPUSD,1.36734,1.36734,0.0,0,Sydney,Tuesday
2026-01-27 04:43:23,FusionMarkets Zero,USDJPY,154.585,154.587,0.002,2,Sydney,Tuesday
2026-01-27 04:43:23,FusionMarkets Zero,AUDUSD,0.69109,0.69109,0.0,0,Sydney,Tuesday
2026-01-27 04:43:24,FusionMarkets Zero,USDCAD,1.37335,1.37335,0.0,0,Sydney,Tuesday
2026-01-27 04:43:24,FusionMarkets Zero,USDCHF,0.77776,0.77776,0.0,0,Sydney,Tuesday
2026-01-27 04:43:24,FusionMarkets Zero,NZDUSD,0.59622,0.59622,0.0,0,Sydney,Tuesday
2026-01-27 04:43:24,FusionMarkets Zero,GBPJPY,211.368,211.38,0.012,12,Sydney,Tuesday
2026-01-27 04:43:24,FusionMarkets Zero,NAS100,25863.32,25864.12,0.8,80,Sydney,Tuesday
2026-01-27 04:43:25,FusionMarkets Zero,US500,6971.56,6971.92,0.36,36,Sydney,Tuesday
2026-01-27 04:43:25,FusionMarkets Zero,US30,49368.97,49371.77,2.8,280,Sydney,Tuesday
2026-01-27 04:43:25,FusionMarkets Zero,US2000,2669.6,2669.9,0.3,30,Sydney,Tuesday
2026-01-27 04:43:25,FusionMarkets Zero,GER40,25003.53,25006.73,3.2,320,Sydney,Tuesday
2026-01-27 04:43:25,FusionMarkets Zero,UK100,10180.48,10181.78,1.3,130,Sydney,Tuesday
2026-01-27 04:43:27,ThinkMarkets ThinkZero,XAUUSD,5062.78,5062.86,0.08,8,Sydney,Tuesday
2026-01-27 04:43:27,ThinkMarkets ThinkZero,EURUSD,1.18723,1.18726,3e-05,3,Sydney,Tuesday
2026-01-27 04:43:28,ThinkMarkets ThinkZero,GBPUSD,1.36733,1.36739,6e-05,6,Sydney,Tuesday
2026-01-27 04:43:28,ThinkMarkets ThinkZero,USDJPY,154.582,154.587,0.005,5,Sydney,Tuesday
2026-01-27 04:43:28,ThinkMarkets ThinkZero,AUDUSD,0.69109,0.69111,2e-05,2,Sydney,Tuesday
2026-01-27 04:43:28,ThinkMarkets ThinkZero,USDCAD,1.37333,1.37338,5e-05,5,Sydney,Tuesday
2026-01-27 04:43:28,ThinkMarkets ThinkZero,USDCHF,0.77773,0.77777,4e-05,4,Sydney,Tuesday
2026-01-27 04:43:29,ThinkMarkets ThinkZero,NZDUSD,0.59623,0.59626,3e-05,3,Sydney,Tuesday
2026-01-27 04:43:29,ThinkMarkets ThinkZero,GBPJPY,211.368,211.379,0.011,11,Sydney,Tuesday
2026-01-27 04:43:29,ThinkMarkets ThinkZero,NAS100,25882.64,25883.64,1.0,100,Sydney,Tuesday
2026-01-27 04:43:29,ThinkMarkets ThinkZero,US500,6975.07,6975.42,0.35,35,Sydney,Tuesday
2026-01-27 04:43:29,ThinkMarkets ThinkZero,US30,49401.25,49402.75,1.5,150,Sydney,Tuesday
2026-01-27 04:43:30,ThinkMarkets ThinkZero,US2000,2669.9,2670.7,0.8,80,Sydney,Tuesday
2026-01-27 04:43:30,ThinkMarkets ThinkZero,GER40,25009.6,25014.6,5.0,500,Sydney,Tuesday
2026-01-27 04:43:30,ThinkMarkets ThinkZero,UK100,10198.95,10201.25,2.3,230,Sydney,Tuesday
2026-01-27 04:43:32,ICMarkets Raw,XAUUSD,5068.52,5068.64,0.12,12,Sydney,Tuesday
2026-01-27 04:43:32,ICMarkets Raw,EURUSD,1.18724,1.18724,0.0,0,Sydney,Tuesday
2026-01-27 04:43:32,ICMarkets Raw,GBPUSD,1.36738,1.36739,1e-05,1,Sydney,Tuesday
2026-01-27 04:43:32,ICMarkets Raw,USDJPY,154.592,154.593,0.001,1,Sydney,Tuesday
2026-01-27 04:43:32,ICMarkets Raw,AUDUSD,0.6911,0.6911,0.0,0,Sydney,Tuesday
2026-01-27 04:43:33,ICMarkets Raw,USDCAD,1.37335,1.37336,1e-05,1,Sydney,Tuesday
2026-01-27 04:43:33,ICMarkets Raw,USDCHF,0.77775,0.77779,4e-05,4,Sydney,Tuesday
2026-01-27 04:43:33,ICMarkets Raw,NZDUSD,0.59621,0.59621,0.0,0,Sydney,Tuesday
2026-01-27 04:43:33,ICMarkets Raw,GBPJPY,211.383,211.389,0.006,6,Sydney,Tuesday
2026-01-27 04:43:33,ICMarkets Raw,NAS100,25860.3,25861.3,1.0,100,Sydney,Tuesday
2026-01-27 04:43:34,ICMarkets Raw,US500,6971.0,6971.5,0.5,50,Sydney,Tuesday
2026-01-27 04:43:34,ICMarkets Raw,US30,49366.9,49368.1,1.2,120,Sydney,Tuesday
2026-01-27 04:43:34,ICMarkets Raw,US2000,2668.27,2668.59,0.32,32,Sydney,Tuesday
2026-01-27 04:43:34,ICMarkets Raw,GER40,24996.4,24997.1,0.7,70,Sydney,Tuesday
2026-01-27 04:43:34,ICMarkets Raw,UK100,10177.5,10180.0,2.5,250,Sydney,Tuesday
2026-01-27 04:43:36,VantageMarkets Raw,XAUUSD,5061.69,5061.77,0.08,8,Sydney,Tuesday
2026-01-27 04:43:36,VantageMarkets Raw,EURUSD,1.18719,1.18721,2e-05,2,Sydney,Tuesday
2026-01-27 04:43:36,VantageMarkets Raw,GBPUSD,1.36734,1.36735,1e-05,1,Sydney,Tuesday
2026-01-27 04:43:37,VantageMarkets Raw,USDJPY,154.597,154.605,0.008,8,Sydney,Tuesday
2026-01-27 04:43:37,VantageMarkets Raw,AUDUSD,0.69107,0.6911,3e-05,3,Sydney,Tuesday
2026-01-27 04:43:37,VantageMarkets Raw,USDCAD,1.37336,1.37336,0.0,0,Sydney,Tuesday
2026-01-27 04:43:37,VantageMarkets Raw,USDCHF,0.77776,0.77782,6e-05,6,Sydney,Tuesday
2026-01-27 04:43:37,VantageMarkets Raw,NZDUSD,0.59618,0.59621,3e-05,3,Sydney,Tuesday
2026-01-27 04:43:38,VantageMarkets Raw,GBPJPY,211.388,211.398,0.01,10,Sydney,Tuesday
2026-01-27 04:43:38,VantageMarkets Raw,NAS100,25882.81,25883.61,0.8,80,Sydney,Tuesday
2026-01-27 04:43:38,VantageMarkets Raw,US500,6975.08,6975.44,0.36,36,Sydney,Tuesday
2026-01-27 04:43:38,VantageMarkets Raw,US30,49401.51,49402.61,1.1,110,Sydney,Tuesday
2026-01-27 04:43:38,VantageMarkets Raw,US2000,2670.06,2670.54,0.48,48,Sydney,Tuesday
2026-01-27 04:43:39,VantageMarkets Raw,GER40,25009.35,25014.85,5.5,550,Sydney,Tuesday
2026-01-27 04:43:39,VantageMarkets Raw,UK100,10199.03,10201.19,2.16,216,Sydney,Tuesday
2026-01-27 04:43:41,FPMarkets Raw,XAUUSD,5062.84,5062.91,0.07,7,Sydney,Tuesday
2026-01-27 04:43:41,FPMarkets Raw,EURUSD,1.1872,1.18721,1e-05,1,Sydney,Tuesday
2026-01-27 04:43:41,FPMarkets Raw,GBPUSD,1.36733,1.36738,5e-05,5,Sydney,Tuesday
2026-01-27 04:43:42,FPMarkets Raw,USDJPY,154.596,154.6,0.004,4,Sydney,Tuesday
2026-01-27 04:43:42,FPMarkets Raw,AUDUSD,0.69113,0.69116,3e-05,3,Sydney,Tuesday
2026-01-27 04:43:42,FPMarkets Raw,USDCAD,1.37329,1.37335,6e-05,6,Sydney,Tuesday
2026-01-27 04:43:42,FPMarkets Raw,USDCHF,0.77775,0.77782,7e-05,7,Sydney,Tuesday
2026-01-27 04:43:42,FPMarkets Raw,NZDUSD,0.59619,0.59621,2e-05,2,Sydney,Tuesday
2026-01-27 04:43:43,FPMarkets Raw,GBPJPY,211.382,211.396,0.014,14,Sydney,Tuesday
2026-01-27 04:43:43,FPMarkets Raw,NAS100,25882.9,25883.5,0.6,60,Sydney,Tuesday
2026-01-27 04:43:43,FPMarkets Raw,US500,6975.12,6975.37,0.25,25,Sydney,Tuesday
2026-01-27 04:43:43,FPMarkets Raw,US30,49401.3,49402.7,1.4,140,Sydney,Tuesday
2026-01-27 04:43:43,FPMarkets Raw,GER40,25009.75,25014.45,4.7,470,Sydney,Tuesday
2026-01-27 04:43:44,FPMarkets Raw,UK100,10198.8,10201.4,2.6,260,Sydney,Tuesday
2026-01-27 04:43:45,8Cap Raw,XAUUSD,5062.76,5062.92,0.16,16,Sydney,Tuesday
2026-01-27 04:43:45,8Cap Raw,EURUSD,1.18719,1.18719,0.0,0,Sydney,Tuesday
2026-01-27 04:43:45,8Cap Raw,GBPUSD,1.36734,1.36735,1e-05,1,Sydney,Tuesday
2026-01-27 04:43:45,8Cap Raw,USDJPY,154.598,154.599,0.001,1,Sydney,Tuesday
2026-01-27 04:43:46,8Cap Raw,AUDUSD,0.69112,0.69115,3e-05,3,Sydney,Tuesday
2026-01-27 04:43:46,8Cap Raw,USDCAD,1.37332,1.37335,3e-05,3,Sydney,Tuesday
2026-01-27 04:43:46,8Cap Raw,USDCHF,0.77778,0.77782,4e-05,4,Sydney,Tuesday
2026-01-27 04:43:46,8Cap Raw,NZDUSD,0.59618,0.59622,4e-05,4,Sydney,Tuesday
2026-01-27 04:43:46,8Cap Raw,GBPJPY,211.376,211.397,0.021,21,Sydney,Tuesday
2026-01-27 04:43:47,8Cap Raw,NAS100,25863.27,25864.67,1.4,140,Sydney,Tuesday
2026-01-27 04:43:47,8Cap Raw,US500,6971.71,6972.27,0.56,56,Sydney,Tuesday
2026-01-27 04:43:47,8Cap Raw,US30,49370.12,49372.12,2.0,200,Sydney,Tuesday
2026-01-27 04:43:47,8Cap Raw,US2000,2669.63,2670.17,0.54,54,Sydney,Tuesday
2026-01-27 04:43:47,8Cap Raw,GER40,25003.63,25006.63,3.0,300,Sydney,Tuesday
2026-01-27 04:43:48,8Cap Raw,UK100,10180.53,10181.73,1.2,120,Sydney,Tuesday
2026-01-27 04:48:18,Pepperstone Razor,XAUUSD,5062.16,5062.4,0.24,24,Sydney,Tuesday
2026-01-27 04:48:18,Pepperstone Razor,EURUSD,1.18716,1.18716,0.0,0,Sydney,Tuesday
2026-01-27 04:48:18,Pepperstone Razor,GBPUSD,1.36739,1.36741,2e-05,2,Sydney,Tuesday
2026-01-27 04:48:18,Pepperstone Razor,USDJPY,154.594,154.597,0.003,3,Sydney,Tuesday
2026-01-27 04:48:19,Pepperstone Razor,AUDUSD,0.69111,0.69112,1e-05,1,Sydney,Tuesday
2026-01-27 04:48:19,Pepperstone Razor,USDCAD,1.37338,1.37341,3e-05,3,Sydney,Tuesday
2026-01-27 04:48:19,Pepperstone Razor,USDCHF,0.77789,0.7779,1e-05,1,Sydney,Tuesday
2026-01-27 04:48:19,Pepperstone Razor,NZDUSD,0.59621,0.59623,2e-05,2,Sydney,Tuesday
2026-01-27 04:48:19,Pepperstone Razor,GBPJPY,211.392,211.4,0.008,8,Sydney,Tuesday
2026-01-27 04:48:20,Pepperstone Razor,NAS100,25863.4,25864.9,1.5,15,Sydney,Tuesday
2026-01-27 04:48:20,Pepperstone Razor,US500,6971.8,6972.3,0.5,5,Sydney,Tuesday
2026-01-27 04:48:20,Pepperstone Razor,US30,49356.5,49358.6,2.1,21,Sydney,Tuesday
2026-01-27 04:48:20,Pepperstone Razor,US2000,2669.6,2670.0,0.4,4,Sydney,Tuesday
2026-01-27 04:48:20,Pepperstone Razor,GER40,24996.5,24998.5,2.0,20,Sydney,Tuesday
2026-01-27 04:48:21,Pepperstone Razor,UK100,10179.3,10181.2,1.9,19,Sydney,Tuesday
2026-01-27 04:48:22,FusionMarkets Zero,XAUUSD,5063.94,5064.11,0.17,17,Sydney,Tuesday
2026-01-27 04:48:23,FusionMarkets Zero,EURUSD,1.18714,1.18714,0.0,0,Sydney,Tuesday
2026-01-27 04:48:23,FusionMarkets Zero,GBPUSD,1.36736,1.36736,0.0,0,Sydney,Tuesday
2026-01-27 04:48:23,FusionMarkets Zero,USDJPY,154.596,154.596,0.0,0,Sydney,Tuesday
2026-01-27 04:48:23,FusionMarkets Zero,AUDUSD,0.69111,0.69111,0.0,0,Sydney,Tuesday
2026-01-27 04:48:23,FusionMarkets Zero,USDCAD,1.37341,1.37341,0.0,0,Sydney,Tuesday
2026-01-27 04:48:24,FusionMarkets Zero,USDCHF,0.7779,0.7779,0.0,0,Sydney,Tuesday
2026-01-27 04:48:24,FusionMarkets Zero,NZDUSD,0.59623,0.59623,0.0,0,Sydney,Tuesday
2026-01-27 04:48:24,FusionMarkets Zero,GBPJPY,211.386,211.392,0.006,6,Sydney,Tuesday
2026-01-27 04:48:24,FusionMarkets Zero,NAS100,25864.07,25864.87,0.8,80,Sydney,Tuesday
2026-01-27 04:48:24,FusionMarkets Zero,US500,6971.81,6972.17,0.36,36,Sydney,Tuesday
2026-01-27 04:48:25,FusionMarkets Zero,US30,49370.47,49373.27,2.8,280,Sydney,Tuesday
2026-01-27 04:48:25,FusionMarkets Zero,US2000,2669.7,2670.0,0.3,30,Sydney,Tuesday
2026-01-27 04:48:25,FusionMarkets Zero,GER40,25004.03,25007.23,3.2,320,Sydney,Tuesday
2026-01-27 04:48:25,FusionMarkets Zero,UK100,10179.48,10181.03,1.55,155,Sydney,Tuesday
2026-01-27 04:48:27,ThinkMarkets ThinkZero,XAUUSD,5063.76,5063.84,0.08,8,Sydney,Tuesday
2026-01-27 04:48:27,ThinkMarkets ThinkZero,EURUSD,1.1871,1.18713,3e-05,3,Sydney,Tuesday
2026-01-27 04:48:27,ThinkMarkets ThinkZero,GBPUSD,1.36731,1.36738,7e-05,7,Sydney,Tuesday
2026-01-27 04:48:28,ThinkMarkets ThinkZero,USDJPY,154.595,154.6,0.005,5,Sydney,Tuesday
2026-01-27 04:48:28,ThinkMarkets ThinkZero,AUDUSD,0.69109,0.69112,3e-05,3,Sydney,Tuesday
2026-01-27 04:48:28,ThinkMarkets ThinkZero,USDCAD,1.37339,1.37344,5e-05,5,Sydney,Tuesday
2026-01-27 04:48:28,ThinkMarkets ThinkZero,USDCHF,0.77789,0.77794,5e-05,5,Sydney,Tuesday
2026-01-27 04:48:28,ThinkMarkets ThinkZero,NZDUSD,0.59622,0.59624,2e-05,2,Sydney,Tuesday
2026-01-27 04:48:29,ThinkMarkets ThinkZero,GBPJPY,211.381,211.394,0.013,13,Sydney,Tuesday
2026-01-27 04:48:29,ThinkMarkets ThinkZero,NAS100,25882.64,25883.64,1.0,100,Sydney,Tuesday
2026-01-27 04:48:29,ThinkMarkets ThinkZero,US500,6975.07,6975.42,0.35,35,Sydney,Tuesday
2026-01-27 04:48:29,ThinkMarkets ThinkZero,US30,49402.25,49403.75,1.5,150,Sydney,Tuesday
2026-01-27 04:48:29,ThinkMarkets ThinkZero,US2000,2669.9,2670.7,0.8,80,Sydney,Tuesday
2026-01-27 04:48:30,ThinkMarkets ThinkZero,GER40,25011.5,25014.7,3.2,320,Sydney,Tuesday
2026-01-27 04:48:30,ThinkMarkets ThinkZero,UK100,10197.95,10200.25,2.3,230,Sydney,Tuesday
2026-01-27 04:48:31,ICMarkets Raw,XAUUSD,5063.22,5063.31,0.09,9,Sydney,Tuesday
2026-01-27 04:48:31,ICMarkets Raw,EURUSD,1.18712,1.18712,0.0,0,Sydney,Tuesday
2026-01-27 04:48:32,ICMarkets Raw,GBPUSD,1.36732,1.36733,1e-05,1,Sydney,Tuesday
2026-01-27 04:48:32,ICMarkets Raw,USDJPY,154.596,154.596,0.0,0,Sydney,Tuesday
2026-01-27 04:48:32,ICMarkets Raw,AUDUSD,0.69109,0.69109,0.0,0,Sydney,Tuesday
2026-01-27 04:48:32,ICMarkets Raw,USDCAD,1.37342,1.37343,1e-05,1,Sydney,Tuesday
2026-01-27 04:48:33,ICMarkets Raw,USDCHF,0.77789,0.77791,2e-05,2,Sydney,Tuesday
2026-01-27 04:48:33,ICMarkets Raw,NZDUSD,0.59622,0.59622,0.0,0,Sydney,Tuesday
2026-01-27 04:48:33,ICMarkets Raw,GBPJPY,211.38,211.384,0.004,4,Sydney,Tuesday
2026-01-27 04:48:33,ICMarkets Raw,NAS100,25860.6,25861.6,1.0,100,Sydney,Tuesday
2026-01-27 04:48:33,ICMarkets Raw,US500,6971.1,6971.6,0.5,50,Sydney,Tuesday
2026-01-27 04:48:34,ICMarkets Raw,US30,49367.9,49369.1,1.2,120,Sydney,Tuesday
2026-01-27 04:48:34,ICMarkets Raw,US2000,2668.27,2668.59,0.32,32,Sydney,Tuesday
2026-01-27 04:48:34,ICMarkets Raw,GER40,24997.4,24998.1,0.7,70,Sydney,Tuesday
2026-01-27 04:48:34,ICMarkets Raw,UK100,10176.7,10179.2,2.5,250,Sydney,Tuesday
2026-01-27 04:48:36,VantageMarkets Raw,XAUUSD,5062.9,5062.98,0.08,8,Sydney,Tuesday
2026-01-27 04:48:36,VantageMarkets Raw,EURUSD,1.18707,1.18711,4e-05,4,Sydney,Tuesday
2026-01-27 04:48:36,VantageMarkets Raw,GBPUSD,1.36728,1.36729,1e-05,1,Sydney,Tuesday
2026-01-27 04:48:36,VantageMarkets Raw,USDJPY,154.598,154.6,0.002,2,Sydney,Tuesday
2026-01-27 04:48:37,VantageMarkets Raw,AUDUSD,0.69108,0.6911,2e-05,2,Sydney,Tuesday
2026-01-27 04:48:37,VantageMarkets Raw,USDCAD,1.37347,1.37347,0.0,0,Sydney,Tuesday
2026-01-27 04:48:37,VantageMarkets Raw,USDCHF,0.77795,0.778,5e-05,5,Sydney,Tuesday
2026-01-27 04:48:37,VantageMarkets Raw,NZDUSD,0.59619,0.59621,2e-05,2,Sydney,Tuesday
2026-01-27 04:48:37,VantageMarkets Raw,GBPJPY,211.372,211.386,0.014,14,Sydney,Tuesday
2026-01-27 04:48:38,VantageMarkets Raw,NAS100,25882.56,25883.36,0.8,80,Sydney,Tuesday
2026-01-27 04:48:38,VantageMarkets Raw,US500,6975.08,6975.44,0.36,36,Sydney,Tuesday
2026-01-27 04:48:38,VantageMarkets Raw,US30,49402.51,49403.61,1.1,110,Sydney,Tuesday
2026-01-27 04:48:38,VantageMarkets Raw,US2000,2670.06,2670.54,0.48,48,Sydney,Tuesday
2026-01-27 04:48:38,VantageMarkets Raw,GER40,25011.35,25018.85,7.5,750,Sydney,Tuesday
2026-01-27 04:48:39,VantageMarkets Raw,UK100,10198.03,10200.19,2.16,216,Sydney,Tuesday
2026-01-27 04:48:41,FPMarkets Raw,XAUUSD,5062.93,5063.0,0.07,7,Sydney,Tuesday
2026-01-27 04:48:41,FPMarkets Raw,EURUSD,1.18706,1.18707,1e-05,1,Sydney,Tuesday
2026-01-27 04:48:41,FPMarkets Raw,GBPUSD,1.36727,1.36732,5e-05,5,Sydney,Tuesday
2026-01-27 04:48:41,FPMarkets Raw,USDJPY,154.596,154.6,0.004,4,Sydney,Tuesday
2026-01-27 04:48:41,FPMarkets Raw,AUDUSD,0.69107,0.6911,3e-05,3,Sydney,Tuesday
2026-01-27 04:48:42,FPMarkets Raw,USDCAD,1.37341,1.37347,6e-05,6,Sydney,Tuesday
2026-01-27 04:48:42,FPMarkets Raw,USDCHF,0.77792,0.77799,7e-05,7,Sydney,Tuesday
2026-01-27 04:48:42,FPMarkets Raw,NZDUSD,0.59618,0.5962,2e-05,2,Sydney,Tuesday
2026-01-27 04:48:42,FPMarkets Raw,GBPJPY,211.377,211.39,0.013,13,Sydney,Tuesday
2026-01-27 04:48:42,FPMarkets Raw,NAS100,25882.9,25883.5,0.6,60,Sydney,Tuesday
2026-01-27 04:48:43,FPMarkets Raw,US500,6975.12,6975.37,0.25,25,Sydney,Tuesday
2026-01-27 04:48:43,FPMarkets Raw,US30,49403.3,49404.7,1.4,140,Sydney,Tuesday
2026-01-27 04:48:43,FPMarkets Raw,GER40,25013.25,25016.95,3.7,370,Sydney,Tuesday
2026-01-27 04:48:43,FPMarkets Raw,UK100,10197.8,10200.4,2.6,260,Sydney,Tuesday
2026-01-27 04:48:44,8Cap Raw,XAUUSD,5063.99,5064.15,0.16,16,Sydney,Tuesday
2026-01-27 04:48:45,8Cap Raw,EURUSD,1.18706,1.18707,1e-05,1,Sydney,Tuesday
2026-01-27 04:48:45,8Cap Raw,GBPUSD,1.36731,1.36734,3e-05,3,Sydney,Tuesday
2026-01-27 04:48:45,8Cap Raw,USDJPY,154.596,154.597,0.001,1,Sydney,Tuesday
2026-01-27 04:48:45,8Cap Raw,AUDUSD,0.69107,0.69111,4e-05,4,Sydney,Tuesday
2026-01-27 04:48:45,8Cap Raw,USDCAD,1.37345,1.3735,5e-05,5,Sydney,Tuesday
2026-01-27 04:48:46,8Cap Raw,USDCHF,0.77791,0.77795,4e-05,4,Sydney,Tuesday
2026-01-27 04:48:46,8Cap Raw,NZDUSD,0.5962,0.59622,2e-05,2,Sydney,Tuesday
2026-01-27 04:48:46,8Cap Raw,GBPJPY,211.381,211.397,0.016,16,Sydney,Tuesday
2026-01-27 04:48:46,8Cap Raw,NAS100,25863.39,25864.79,1.4,140,Sydney,Tuesday
2026-01-27 04:48:47,8Cap Raw,US500,6971.71,6972.27,0.56,56,Sydney,Tuesday
2026-01-27 04:48:47,8Cap Raw,US30,49371.62,49373.62,2.0,200,Sydney,Tuesday
2026-01-27 04:48:47,8Cap Raw,US2000,2669.63,2670.17,0.54,54,Sydney,Tuesday
2026-01-27 04:48:47,8Cap Raw,GER40,25006.13,25009.13,3.0,300,Sydney,Tuesday
2026-01-27 04:48:47,8Cap Raw,UK100,10179.58,10181.18,1.6,160,Sydney,Tuesday
2026-01-27 04:53:18,Pepperstone Razor,XAUUSD,5066.15,5066.32,0.17,17,Sydney,Tuesday
2026-01-27 04:53:18,Pepperstone Razor,EURUSD,1.18737,1.18737,0.0,0,Sydney,Tuesday
2026-01-27 04:53:18,Pepperstone Razor,GBPUSD,1.36753,1.36754,1e-05,1,Sydney,Tuesday
2026-01-27 04:53:19,Pepperstone Razor,USDJPY,154.599,154.602,0.003,3,Sydney,Tuesday
2026-01-27 04:53:19,Pepperstone Razor,AUDUSD,0.69116,0.69116,0.0,0,Sydney,Tuesday
2026-01-27 04:53:19,Pepperstone Razor,USDCAD,1.37331,1.37333,2e-05,2,Sydney,Tuesday
2026-01-27 04:53:19,Pepperstone Razor,USDCHF,0.77781,0.77784,3e-05,3,Sydney,Tuesday
2026-01-27 04:53:19,Pepperstone Razor,NZDUSD,0.59642,0.59644,2e-05,2,Sydney,Tuesday
2026-01-27 04:53:20,Pepperstone Razor,GBPJPY,211.413,211.418,0.005,5,Sydney,Tuesday
2026-01-27 04:53:20,Pepperstone Razor,NAS100,25864.2,25865.7,1.5,15,Sydney,Tuesday
2026-01-27 04:53:20,Pepperstone Razor,US500,6971.8,6972.3,0.5,5,Sydney,Tuesday
2026-01-27 04:53:20,Pepperstone Razor,US30,49356.6,49358.8,2.2,22,Sydney,Tuesday
2026-01-27 04:53:20,Pepperstone Razor,US2000,2669.6,2670.0,0.4,4,Sydney,Tuesday
2026-01-27 04:53:21,Pepperstone Razor,GER40,24998.5,25000.5,2.0,20,Sydney,Tuesday
2026-01-27 04:53:21,Pepperstone Razor,UK100,10180.1,10182.0,1.9,19,Sydney,Tuesday
2026-01-27 04:53:23,FusionMarkets Zero,XAUUSD,5065.8,5065.94,0.14,14,Sydney,Tuesday
2026-01-27 04:53:23,FusionMarkets Zero,EURUSD,1.18736,1.18736,0.0,0,Sydney,Tuesday
2026-01-27 04:53:23,FusionMarkets Zero,GBPUSD,1.36751,1.36751,0.0,0,Sydney,Tuesday
2026-01-27 04:53:23,FusionMarkets Zero,USDJPY,154.599,154.599,0.0,0,Sydney,Tuesday
2026-01-27 04:53:23,FusionMarkets Zero,AUDUSD,0.69117,0.69117,0.0,0,Sydney,Tuesday
2026-01-27 04:53:24,FusionMarkets Zero,USDCAD,1.37332,1.37332,0.0,0,Sydney,Tuesday
2026-01-27 04:53:24,FusionMarkets Zero,USDCHF,0.77783,0.77783,0.0,0,Sydney,Tuesday
2026-01-27 04:53:24,FusionMarkets Zero,NZDUSD,0.59645,0.59645,0.0,0,Sydney,Tuesday
2026-01-27 04:53:24,FusionMarkets Zero,GBPJPY,211.413,211.418,0.005,5,Sydney,Tuesday
2026-01-27 04:53:24,FusionMarkets Zero,NAS100,25864.32,25865.12,0.8,80,Sydney,Tuesday
2026-01-27 04:53:25,FusionMarkets Zero,US500,6971.81,6972.17,0.36,36,Sydney,Tuesday
2026-01-27 04:53:25,FusionMarkets Zero,US30,49370.47,49373.27,2.8,280,Sydney,Tuesday
2026-01-27 04:53:25,FusionMarkets Zero,US2000,2669.7,2670.0,0.3,30,Sydney,Tuesday
2026-01-27 04:53:25,FusionMarkets Zero,GER40,25006.53,25009.73,3.2,320,Sydney,Tuesday
2026-01-27 04:53:25,FusionMarkets Zero,UK100,10180.23,10181.28,1.05,105,Sydney,Tuesday
2026-01-27 04:53:27,ThinkMarkets ThinkZero,XAUUSD,5063.62,5063.7,0.08,8,Sydney,Tuesday
2026-01-27 04:53:27,ThinkMarkets ThinkZero,EURUSD,1.18734,1.18737,3e-05,3,Sydney,Tuesday
2026-01-27 04:53:27,ThinkMarkets ThinkZero,GBPUSD,1.36748,1.36754,6e-05,6,Sydney,Tuesday
2026-01-27 04:53:28,ThinkMarkets ThinkZero,USDJPY,154.6,154.604,0.004,4,Sydney,Tuesday
2026-01-27 04:53:28,ThinkMarkets ThinkZero,AUDUSD,0.69115,0.69118,3e-05,3,Sydney,Tuesday
2026-01-27 04:53:28,ThinkMarkets ThinkZero,USDCAD,1.37332,1.37336,4e-05,4,Sydney,Tuesday
2026-01-27 04:53:28,ThinkMarkets ThinkZero,USDCHF,0.77784,0.77789,5e-05,5,Sydney,Tuesday
2026-01-27 04:53:28,ThinkMarkets ThinkZero,NZDUSD,0.59643,0.59647,4e-05,4,Sydney,Tuesday
2026-01-27 04:53:29,ThinkMarkets ThinkZero,GBPJPY,211.416,211.426,0.01,10,Sydney,Tuesday
2026-01-27 04:53:29,ThinkMarkets ThinkZero,NAS100,25883.39,25884.39,1.0,100,Sydney,Tuesday
2026-01-27 04:53:29,ThinkMarkets ThinkZero,US500,6975.33,6975.68,0.35,35,Sydney,Tuesday
2026-01-27 04:53:29,ThinkMarkets ThinkZero,US30,49403.25,49404.75,1.5,150,Sydney,Tuesday
2026-01-27 04:53:29,ThinkMarkets ThinkZero,US2000,2669.9,2670.7,0.8,80,Sydney,Tuesday
2026-01-27 04:53:30,ThinkMarkets ThinkZero,GER40,25012.6,25017.6,5.0,500,Sydney,Tuesday
2026-01-27 04:53:30,ThinkMarkets ThinkZero,UK100,10198.95,10201.25,2.3,230,Sydney,Tuesday
2026-01-27 04:53:32,ICMarkets Raw,XAUUSD,5066.38,5066.5,0.12,12,Sydney,Tuesday
2026-01-27 04:53:32,ICMarkets Raw,EURUSD,1.18735,1.18735,0.0,0,Sydney,Tuesday
2026-01-27 04:53:32,ICMarkets Raw,GBPUSD,1.3675,1.36751,1e-05,1,Sydney,Tuesday
2026-01-27 04:53:32,ICMarkets Raw,USDJPY,154.605,154.605,0.0,0,Sydney,Tuesday
2026-01-27 04:53:32,ICMarkets Raw,AUDUSD,0.69115,0.69115,0.0,0,Sydney,Tuesday
2026-01-27 04:53:33,ICMarkets Raw,USDCAD,1.37333,1.37334,1e-05,1,Sydney,Tuesday
2026-01-27 04:53:33,ICMarkets Raw,USDCHF,0.77783,0.77788,5e-05,5,Sydney,Tuesday
2026-01-27 04:53:33,ICMarkets Raw,NZDUSD,0.59643,0.59643,0.0,0,Sydney,Tuesday
2026-01-27 04:53:33,ICMarkets Raw,GBPJPY,211.421,211.424,0.003,3,Sydney,Tuesday
2026-01-27 04:53:33,ICMarkets Raw,NAS100,25861.2,25862.2,1.0,100,Sydney,Tuesday
2026-01-27 04:53:34,ICMarkets Raw,US500,6971.1,6971.6,0.5,50,Sydney,Tuesday
2026-01-27 04:53:34,ICMarkets Raw,US30,49368.9,49370.1,1.2,120,Sydney,Tuesday
2026-01-27 04:53:34,ICMarkets Raw,US2000,2668.27,2668.59,0.32,32,Sydney,Tuesday
2026-01-27 04:53:34,ICMarkets Raw,GER40,24999.4,25000.1,0.7,70,Sydney,Tuesday
2026-01-27 04:53:34,ICMarkets Raw,UK100,10177.5,10180.0,2.5,250,Sydney,Tuesday
2026-01-27 04:53:36,VantageMarkets Raw,XAUUSD,5066.73,5066.81,0.08,8,Sydney,Tuesday
2026-01-27 04:53:36,VantageMarkets Raw,EURUSD,1.18735,1.18736,1e-05,1,Sydney,Tuesday
2026-01-27 04:53:36,VantageMarkets Raw,GBPUSD,1.36751,1.36752,1e-05,1,Sydney,Tuesday
2026-01-27 04:53:37,VantageMarkets Raw,USDJPY,154.601,154.602,0.001,1,Sydney,Tuesday
2026-01-27 04:53:37,VantageMarkets Raw,AUDUSD,0.69115,0.69117,2e-05,2,Sydney,Tuesday
2026-01-27 04:53:37,VantageMarkets Raw,USDCAD,1.37333,1.37333,0.0,0,Sydney,Tuesday
2026-01-27 04:53:37,VantageMarkets Raw,USDCHF,0.77781,0.77785,4e-05,4,Sydney,Tuesday
2026-01-27 04:53:37,VantageMarkets Raw,NZDUSD,0.59644,0.59646,2e-05,2,Sydney,Tuesday
2026-01-27 04:53:38,VantageMarkets Raw,GBPJPY,211.419,211.42,0.001,1,Sydney,Tuesday
2026-01-27 04:53:38,VantageMarkets Raw,NAS100,25884.31,25885.11,0.8,80,Sydney,Tuesday
2026-01-27 04:53:38,VantageMarkets Raw,US500,6975.33,6975.69,0.36,36,Sydney,Tuesday
2026-01-27 04:53:38,VantageMarkets Raw,US30,49404.51,49405.61,1.1,110,Sydney,Tuesday
2026-01-27 04:53:38,VantageMarkets Raw,US2000,2670.16,2670.64,0.48,48,Sydney,Tuesday
2026-01-27 04:53:39,VantageMarkets Raw,GER40,25012.35,25017.85,5.5,550,Sydney,Tuesday
2026-01-27 04:53:39,VantageMarkets Raw,UK100,10199.03,10201.19,2.16,216,Sydney,Tuesday
2026-01-27 04:53:41,FPMarkets Raw,XAUUSD,5063.89,5063.96,0.07,7,Sydney,Tuesday
2026-01-27 04:53:41,FPMarkets Raw,EURUSD,1.18735,1.18736,1e-05,1,Sydney,Tuesday
2026-01-27 04:53:41,FPMarkets Raw,GBPUSD,1.36753,1.36758,5e-05,5,Sydney,Tuesday
2026-01-27 04:53:42,FPMarkets Raw,USDJPY,154.599,154.603,0.004,4,Sydney,Tuesday
2026-01-27 04:53:42,FPMarkets Raw,AUDUSD,0.69115,0.69118,3e-05,3,Sydney,Tuesday
2026-01-27 04:53:42,FPMarkets Raw,USDCAD,1.37329,1.37335,6e-05,6,Sydney,Tuesday
2026-01-27 04:53:42,FPMarkets Raw,USDCHF,0.77779,0.77786,7e-05,7,Sydney,Tuesday
2026-01-27 04:53:42,FPMarkets Raw,NZDUSD,0.59643,0.59645,2e-05,2,Sydney,Tuesday
2026-01-27 04:53:43,FPMarkets Raw,GBPJPY,211.418,211.432,0.014,14,Sydney,Tuesday
2026-01-27 04:53:43,FPMarkets Raw,NAS100,25884.4,25885.0,0.6,60,Sydney,Tuesday
2026-01-27 04:53:43,FPMarkets Raw,US500,6975.37,6975.62,0.25,25,Sydney,Tuesday
2026-01-27 04:53:43,FPMarkets Raw,US30,49404.3,49405.7,1.4,140,Sydney,Tuesday
2026-01-27 04:53:43,FPMarkets Raw,GER40,25012.75,25017.45,4.7,470,Sydney,Tuesday
2026-01-27 04:53:44,FPMarkets Raw,UK100,10198.8,10201.4,2.6,260,Sydney,Tuesday
2026-01-27 04:53:45,8Cap Raw,XAUUSD,5066.59,5066.75,0.16,16,Sydney,Tuesday
2026-01-27 04:53:45,8Cap Raw,EURUSD,1.18736,1.18736,0.0,0,Sydney,Tuesday
2026-01-27 04:53:45,8Cap Raw,GBPUSD,1.36754,1.36755,1e-05,1,Sydney,Tuesday
2026-01-27 04:53:45,8Cap Raw,USDJPY,154.601,154.602,0.001,1,Sydney,Tuesday
2026-01-27 04:53:46,8Cap Raw,AUDUSD,0.69116,0.6912,4e-05,4,Sydney,Tuesday
2026-01-27 04:53:46,8Cap Raw,USDCAD,1.37332,1.37335,3e-05,3,Sydney,Tuesday
2026-01-27 04:53:46,8Cap Raw,USDCHF,0.77782,0.77783,1e-05,1,Sydney,Tuesday
2026-01-27 04:53:46,8Cap Raw,NZDUSD,0.59643,0.59645,2e-05,2,Sydney,Tuesday
2026-01-27 04:53:46,8Cap Raw,GBPJPY,211.416,211.432,0.016,16,Sydney,Tuesday
2026-01-27 04:53:47,8Cap Raw,NAS100,25865.14,25866.54,1.4,140,Sydney,Tuesday
2026-01-27 04:53:47,8Cap Raw,US500,6971.96,6972.52,0.56,56,Sydney,Tuesday
2026-01-27 04:53:47,8Cap Raw,US30,49372.87,49374.87,2.0,200,Sydney,Tuesday
2026-01-27 04:53:47,8Cap Raw,US2000,2669.73,2670.17,0.44,44,Sydney,Tuesday
2026-01-27 04:53:47,8Cap Raw,GER40,25006.63,25009.63,3.0,300,Sydney,Tuesday
2026-01-27 04:53:48,8Cap Raw,UK100,10180.58,10182.18,1.6,160,Sydney,Tuesday
