timestamp,broker,symbol,bid,ask,spread,spread_points,session,day_of_week
2026-01-23 00:02:16,Pepperstone Razor,XAUUSD,4944.49,4945.42,0.93,93,Sydney,Friday
2026-01-23 00:02:17,Pepperstone Razor,EURUSD,1.17484,1.17547,0.00063,63,Sydney,Friday
2026-01-23 00:02:18,Pepperstone Razor,GBPUSD,1.34924,1.35094,0.0017,170,Sydney,Friday
2026-01-23 00:02:19,Pepperstone Razor,USDJPY,158.34,158.439,0.099,99,Sydney,Friday
2026-01-23 00:02:20,Pepperstone Razor,AUDUSD,0.68377,0.68408,0.00031,31,Sydney,Friday
2026-01-23 00:02:23,FusionMarkets Zero,XAUUSD,4941.25,4941.44,0.19,19,Sydney,Friday
2026-01-23 00:02:24,FusionMarkets Zero,EURUSD,1.17515,1.17521,6e-05,6,Sydney,Friday
2026-01-23 00:02:25,FusionMarkets Zero,GBPUSD,1.34842,1.34976,0.00134,134,Sydney,Friday
2026-01-23 00:02:25,FusionMarkets Zero,USDJPY,158.368,158.424,0.056,56,Sydney,Friday
2026-01-23 00:02:26,FusionMarkets Zero,AUDUSD,0.68384,0.6839,6e-05,6,Sydney,Friday
2026-01-23 00:02:29,ThinkMarkets ThinkZero,XAUUSD,4943.99,4944.07,0.08,8,Sydney,Friday
2026-01-23 00:02:30,ThinkMarkets ThinkZero,EURUSD,1.17464,1.17576,0.00112,112,Sydney,Friday
2026-01-23 00:02:31,ThinkMarkets ThinkZero,GBPUSD,1.34813,1.35063,0.0025,250,Sydney,Friday
2026-01-23 00:02:32,ThinkMarkets ThinkZero,USDJPY,158.302,158.483,0.181,181,Sydney,Friday
2026-01-23 00:02:33,ThinkMarkets ThinkZero,AUDUSD,0.68352,0.6843,0.00078,78,Sydney,Friday
2026-01-23 00:02:35,ICMarkets Raw,XAUUSD,4941.43,4941.59,0.16,16,Sydney,Friday
2026-01-23 00:02:36,ICMarkets Raw,EURUSD,1.17482,1.17552,0.0007,70,Sydney,Friday
2026-01-23 00:02:37,ICMarkets Raw,GBPUSD,1.34947,1.35067,0.0012,120,Sydney,Friday
2026-01-23 00:02:38,ICMarkets Raw,USDJPY,158.345,158.433,0.088,88,Sydney,Friday
2026-01-23 00:02:39,ICMarkets Raw,AUDUSD,0.6838,0.68422,0.00042,42,Sydney,Friday
2026-01-23 00:02:42,VantageMarkets Raw,XAUUSD,4942.06,4942.14,0.08,8,Sydney,Friday
2026-01-23 00:02:43,VantageMarkets Raw,EURUSD,1.17478,1.17554,0.00076,76,Sydney,Friday
2026-01-23 00:02:44,VantageMarkets Raw,GBPUSD,1.34849,1.34993,0.00144,144,Sydney,Friday
2026-01-23 00:02:45,VantageMarkets Raw,USDJPY,158.356,158.439,0.083,83,Sydney,Friday
2026-01-23 00:02:46,VantageMarkets Raw,AUDUSD,0.68372,0.68417,0.00045,45,Sydney,Friday
2026-01-23 00:02:49,FPMarkets Raw,XAUUSD,4941.96,4942.03,0.07,7,Sydney,Friday
2026-01-23 00:02:50,FPMarkets Raw,EURUSD,1.17487,1.17552,0.00065,65,Sydney,Friday
2026-01-23 00:02:51,FPMarkets Raw,GBPUSD,1.34841,1.35041,0.002,200,Sydney,Friday
2026-01-23 00:02:52,FPMarkets Raw,USDJPY,158.335,158.455,0.12,120,Sydney,Friday
2026-01-23 00:02:53,FPMarkets Raw,AUDUSD,0.68381,0.6841,0.00029,29,Sydney,Friday
2026-01-23 00:02:54,8Cap Raw,XAUUSD,4942.22,4942.48,0.26,26,Sydney,Friday
2026-01-23 00:02:55,8Cap Raw,EURUSD,1.17482,1.17562,0.0008,80,Sydney,Friday
2026-01-23 00:02:56,8Cap Raw,GBPUSD,1.34832,1.3501,0.00178,178,Sydney,Friday
2026-01-23 00:02:56,8Cap Raw,USDJPY,158.365,158.452,0.087,87,Sydney,Friday
2026-01-23 00:02:57,8Cap Raw,AUDUSD,0.68369,0.68421,0.00052,52,Sydney,Friday
2026-01-23 00:07:16,Pepperstone Razor,XAUUSD,4944.49,4945.42,0.93,93,Sydney,Friday
2026-01-23 00:07:17,Pepperstone Razor,EURUSD,1.17512,1.17558,0.00046,46,Sydney,Friday
2026-01-23 00:07:17,Pepperstone Razor,GBPUSD,1.34885,1.35055,0.0017,170,Sydney,Friday
2026-01-23 00:07:18,Pepperstone Razor,USDJPY,158.337,158.436,0.099,99,Sydney,Friday
2026-01-23 00:07:19,Pepperstone Razor,AUDUSD,0.68377,0.68405,0.00028,28,Sydney,Friday
2026-01-23 00:07:22,FusionMarkets Zero,XAUUSD,4941.25,4941.44,0.19,19,Sydney,Friday
2026-01-23 00:07:23,FusionMarkets Zero,EURUSD,1.17522,1.17528,6e-05,6,Sydney,Friday
2026-01-23 00:07:24,FusionMarkets Zero,GBPUSD,1.34897,1.35005,0.00108,108,Sydney,Friday
2026-01-23 00:07:25,FusionMarkets Zero,USDJPY,158.366,158.42,0.054,54,Sydney,Friday
2026-01-23 00:07:26,FusionMarkets Zero,AUDUSD,0.68393,0.68399,6e-05,6,Sydney,Friday
2026-01-23 00:07:29,ThinkMarkets ThinkZero,XAUUSD,4943.99,4944.07,0.08,8,Sydney,Friday
2026-01-23 00:07:30,ThinkMarkets ThinkZero,EURUSD,1.17483,1.17563,0.0008,80,Sydney,Friday
2026-01-23 00:07:31,ThinkMarkets ThinkZero,GBPUSD,1.34822,1.35038,0.00216,216,Sydney,Friday
2026-01-23 00:07:32,ThinkMarkets ThinkZero,USDJPY,158.328,158.474,0.146,146,Sydney,Friday
2026-01-23 00:07:32,ThinkMarkets ThinkZero,AUDUSD,0.68354,0.6843,0.00076,76,Sydney,Friday
2026-01-23 00:07:35,ICMarkets Raw,XAUUSD,4941.43,4941.59,0.16,16,Sydney,Friday
2026-01-23 00:07:36,ICMarkets Raw,EURUSD,1.17528,1.17555,0.00027,27,Sydney,Friday
2026-01-23 00:07:37,ICMarkets Raw,GBPUSD,1.34912,1.35032,0.0012,120,Sydney,Friday
2026-01-23 00:07:38,ICMarkets Raw,USDJPY,158.347,158.433,0.086,86,Sydney,Friday
2026-01-23 00:07:39,ICMarkets Raw,AUDUSD,0.6838,0.68417,0.00037,37,Sydney,Friday
2026-01-23 00:07:41,VantageMarkets Raw,XAUUSD,4942.06,4942.14,0.08,8,Sydney,Friday
2026-01-23 00:07:42,VantageMarkets Raw,EURUSD,1.17527,1.17553,0.00026,26,Sydney,Friday
2026-01-23 00:07:43,VantageMarkets Raw,GBPUSD,1.34889,1.35013,0.00124,124,Sydney,Friday
2026-01-23 00:07:44,VantageMarkets Raw,USDJPY,158.353,158.434,0.081,81,Sydney,Friday
2026-01-23 00:07:45,VantageMarkets Raw,AUDUSD,0.68378,0.68415,0.00037,37,Sydney,Friday
2026-01-23 00:07:48,FPMarkets Raw,XAUUSD,4941.96,4942.03,0.07,7,Sydney,Friday
2026-01-23 00:07:48,FPMarkets Raw,EURUSD,1.17521,1.17554,0.00033,33,Sydney,Friday
2026-01-23 00:07:49,FPMarkets Raw,GBPUSD,1.34861,1.34983,0.00122,122,Sydney,Friday
2026-01-23 00:07:50,FPMarkets Raw,USDJPY,158.365,158.455,0.09,90,Sydney,Friday
2026-01-23 00:07:51,FPMarkets Raw,AUDUSD,0.68381,0.68409,0.00028,28,Sydney,Friday
2026-01-23 00:07:53,8Cap Raw,XAUUSD,4942.22,4942.48,0.26,26,Sydney,Friday
2026-01-23 00:07:54,8Cap Raw,EURUSD,1.17517,1.17562,0.00045,45,Sydney,Friday
2026-01-23 00:07:54,8Cap Raw,GBPUSD,1.34874,1.35032,0.00158,158,Sydney,Friday
2026-01-23 00:07:55,8Cap Raw,USDJPY,158.347,158.447,0.1,100,Sydney,Friday
2026-01-23 00:07:56,8Cap Raw,AUDUSD,0.68369,0.68421,0.00052,52,Sydney,Friday
2026-01-23 00:12:16,Pepperstone Razor,XAUUSD,4944.49,4945.42,0.93,93,Sydney,Friday
2026-01-23 00:12:17,Pepperstone Razor,EURUSD,1.17511,1.17556,0.00045,45,Sydney,Friday
2026-01-23 00:12:18,Pepperstone Razor,GBPUSD,1.34863,1.35033,0.0017,170,Sydney,Friday
2026-01-23 00:12:19,Pepperstone Razor,USDJPY,158.357,158.443,0.086,86,Sydney,Friday
2026-01-23 00:12:20,Pepperstone Razor,AUDUSD,0.68386,0.68408,0.00022,22,Sydney,Friday
2026-01-23 00:12:22,FusionMarkets Zero,XAUUSD,4941.25,4941.44,0.19,19,Sydney,Friday
2026-01-23 00:12:23,FusionMarkets Zero,EURUSD,1.17526,1.17532,6e-05,6,Sydney,Friday
2026-01-23 00:12:24,FusionMarkets Zero,GBPUSD,1.34894,1.35001,0.00107,107,Sydney,Friday
2026-01-23 00:12:25,FusionMarkets Zero,USDJPY,158.362,158.416,0.054,54,Sydney,Friday
2026-01-23 00:12:26,FusionMarkets Zero,AUDUSD,0.68381,0.68407,0.00026,26,Sydney,Friday
2026-01-23 00:12:29,ThinkMarkets ThinkZero,XAUUSD,4943.99,4944.07,0.08,8,Sydney,Friday
2026-01-23 00:12:30,ThinkMarkets ThinkZero,EURUSD,1.17486,1.17562,0.00076,76,Sydney,Friday
2026-01-23 00:12:31,ThinkMarkets ThinkZero,GBPUSD,1.34879,1.35012,0.00133,133,Sydney,Friday
2026-01-23 00:12:32,ThinkMarkets ThinkZero,USDJPY,158.329,158.472,0.143,143,Sydney,Friday
2026-01-23 00:12:33,ThinkMarkets ThinkZero,AUDUSD,0.68354,0.68431,0.00077,77,Sydney,Friday
2026-01-23 00:12:36,ICMarkets Raw,XAUUSD,4941.43,4941.59,0.16,16,Sydney,Friday
2026-01-23 00:12:36,ICMarkets Raw,EURUSD,1.17527,1.17552,0.00025,25,Sydney,Friday
2026-01-23 00:12:37,ICMarkets Raw,GBPUSD,1.34891,1.35011,0.0012,120,Sydney,Friday
2026-01-23 00:12:38,ICMarkets Raw,USDJPY,158.347,158.433,0.086,86,Sydney,Friday
2026-01-23 00:12:39,ICMarkets Raw,AUDUSD,0.68378,0.68414,0.00036,36,Sydney,Friday
2026-01-23 00:12:42,VantageMarkets Raw,XAUUSD,4942.06,4942.14,0.08,8,Sydney,Friday
2026-01-23 00:12:43,VantageMarkets Raw,EURUSD,1.17526,1.1755,0.00024,24,Sydney,Friday
2026-01-23 00:12:44,VantageMarkets Raw,GBPUSD,1.34896,1.35022,0.00126,126,Sydney,Friday
2026-01-23 00:12:45,VantageMarkets Raw,USDJPY,158.349,158.43,0.081,81,Sydney,Friday
2026-01-23 00:12:45,VantageMarkets Raw,AUDUSD,0.68377,0.68413,0.00036,36,Sydney,Friday
2026-01-23 00:12:48,FPMarkets Raw,XAUUSD,4941.96,4942.03,0.07,7,Sydney,Friday
2026-01-23 00:12:49,FPMarkets Raw,EURUSD,1.17505,1.17537,0.00032,32,Sydney,Friday
2026-01-23 00:12:50,FPMarkets Raw,GBPUSD,1.34902,1.34996,0.00094,94,Sydney,Friday
2026-01-23 00:12:51,FPMarkets Raw,USDJPY,158.364,158.45,0.086,86,Sydney,Friday
2026-01-23 00:12:52,FPMarkets Raw,AUDUSD,0.6838,0.68409,0.00029,29,Sydney,Friday
2026-01-23 00:12:54,8Cap Raw,XAUUSD,4942.22,4942.48,0.26,26,Sydney,Friday
2026-01-23 00:12:54,8Cap Raw,EURUSD,1.17516,1.17555,0.00039,39,Sydney,Friday
2026-01-23 00:12:55,8Cap Raw,GBPUSD,1.34878,1.35022,0.00144,144,Sydney,Friday
2026-01-23 00:12:56,8Cap Raw,USDJPY,158.347,158.443,0.096,96,Sydney,Friday
2026-01-23 00:12:56,8Cap Raw,AUDUSD,0.68368,0.68422,0.00054,54,Sydney,Friday
2026-01-23 00:17:16,Pepperstone Razor,XAUUSD,4944.49,4945.42,0.93,93,Sydney,Friday
2026-01-23 00:17:17,Pepperstone Razor,EURUSD,1.1752,1.17555,0.00035,35,Sydney,Friday
2026-01-23 00:17:18,Pepperstone Razor,GBPUSD,1.34946,1.35041,0.00095,95,Sydney,Friday
2026-01-23 00:17:19,Pepperstone Razor,USDJPY,158.373,158.439,0.066,66,Sydney,Friday
2026-01-23 00:17:20,Pepperstone Razor,AUDUSD,0.68403,0.68419,0.00016,16,Sydney,Friday
2026-01-23 00:17:23,FusionMarkets Zero,XAUUSD,4941.25,4941.44,0.19,19,Sydney,Friday
2026-01-23 00:17:24,FusionMarkets Zero,EURUSD,1.17529,1.17535,6e-05,6,Sydney,Friday
2026-01-23 00:17:25,FusionMarkets Zero,GBPUSD,1.3499,1.35025,0.00035,35,Sydney,Friday
2026-01-23 00:17:25,FusionMarkets Zero,USDJPY,158.394,158.446,0.052,52,Sydney,Friday
2026-01-23 00:17:26,FusionMarkets Zero,AUDUSD,0.68402,0.68408,6e-05,6,Sydney,Friday
2026-01-23 00:17:29,ThinkMarkets ThinkZero,XAUUSD,4943.99,4944.07,0.08,8,Sydney,Friday
2026-01-23 00:17:30,ThinkMarkets ThinkZero,EURUSD,1.17497,1.17575,0.00078,78,Sydney,Friday
2026-01-23 00:17:31,ThinkMarkets ThinkZero,GBPUSD,1.34928,1.35055,0.00127,127,Sydney,Friday
2026-01-23 00:17:32,ThinkMarkets ThinkZero,USDJPY,158.337,158.461,0.124,124,Sydney,Friday
2026-01-23 00:17:33,ThinkMarkets ThinkZero,AUDUSD,0.68371,0.68433,0.00062,62,Sydney,Friday
2026-01-23 00:17:36,ICMarkets Raw,XAUUSD,4941.43,4941.59,0.16,16,Sydney,Friday
2026-01-23 00:17:37,ICMarkets Raw,EURUSD,1.1754,1.17561,0.00021,21,Sydney,Friday
2026-01-23 00:17:38,ICMarkets Raw,GBPUSD,1.34985,1.35022,0.00037,37,Sydney,Friday
2026-01-23 00:17:38,ICMarkets Raw,USDJPY,158.378,158.444,0.066,66,Sydney,Friday
2026-01-23 00:17:39,ICMarkets Raw,AUDUSD,0.68389,0.68418,0.00029,29,Sydney,Friday
2026-01-23 00:17:42,VantageMarkets Raw,XAUUSD,4942.06,4942.14,0.08,8,Sydney,Friday
2026-01-23 00:17:43,VantageMarkets Raw,EURUSD,1.17504,1.17547,0.00043,43,Sydney,Friday
2026-01-23 00:17:44,VantageMarkets Raw,GBPUSD,1.34999,1.35033,0.00034,34,Sydney,Friday
2026-01-23 00:17:45,VantageMarkets Raw,USDJPY,158.387,158.454,0.067,67,Sydney,Friday
2026-01-23 00:17:46,VantageMarkets Raw,AUDUSD,0.6839,0.68419,0.00029,29,Sydney,Friday
2026-01-23 00:17:49,FPMarkets Raw,XAUUSD,4941.96,4942.03,0.07,7,Sydney,Friday
2026-01-23 00:17:50,FPMarkets Raw,EURUSD,1.17531,1.17555,0.00024,24,Sydney,Friday
2026-01-23 00:17:50,FPMarkets Raw,GBPUSD,1.34951,1.34987,0.00036,36,Sydney,Friday
2026-01-23 00:17:51,FPMarkets Raw,USDJPY,158.373,158.448,0.075,75,Sydney,Friday
2026-01-23 00:17:52,FPMarkets Raw,AUDUSD,0.68399,0.68414,0.00015,15,Sydney,Friday
2026-01-23 00:17:54,8Cap Raw,XAUUSD,4942.22,4942.48,0.26,26,Sydney,Friday
2026-01-23 00:17:55,8Cap Raw,EURUSD,1.1753,1.17561,0.00031,31,Sydney,Friday
2026-01-23 00:17:55,8Cap Raw,GBPUSD,1.34968,1.35045,0.00077,77,Sydney,Friday
2026-01-23 00:17:56,8Cap Raw,USDJPY,158.375,158.465,0.09,90,Sydney,Friday
2026-01-23 00:17:57,8Cap Raw,AUDUSD,0.68388,0.68423,0.00035,35,Sydney,Friday
2026-01-23 00:22:16,Pepperstone Razor,XAUUSD,4944.49,4945.42,0.93,93,Sydney,Friday
2026-01-23 00:22:17,Pepperstone Razor,EURUSD,1.17529,1.17552,0.00023,23,Sydney,Friday
2026-01-23 00:22:18,Pepperstone Razor,GBPUSD,1.34929,1.35028,0.00099,99,Sydney,Friday
2026-01-23 00:22:19,Pepperstone Razor,USDJPY,158.382,158.445,0.063,63,Sydney,Friday
2026-01-23 00:22:20,Pepperstone Razor,AUDUSD,0.68396,0.68413,0.00017,17,Sydney,Friday
2026-01-23 00:22:23,FusionMarkets Zero,XAUUSD,4941.25,4941.44,0.19,19,Sydney,Friday
2026-01-23 00:22:24,FusionMarkets Zero,EURUSD,1.17532,1.17538,6e-05,6,Sydney,Friday
2026-01-23 00:22:25,FusionMarkets Zero,GBPUSD,1.34958,1.3503,0.00072,72,Sydney,Friday
2026-01-23 00:22:26,FusionMarkets Zero,USDJPY,158.388,158.44,0.052,52,Sydney,Friday
2026-01-23 00:22:27,FusionMarkets Zero,AUDUSD,0.68402,0.68408,6e-05,6,Sydney,Friday
2026-01-23 00:22:30,ThinkMarkets ThinkZero,XAUUSD,4943.99,4944.07,0.08,8,Sydney,Friday
2026-01-23 00:22:31,ThinkMarkets ThinkZero,EURUSD,1.17501,1.17574,0.00073,73,Sydney,Friday
2026-01-23 00:22:31,ThinkMarkets ThinkZero,GBPUSD,1.34914,1.3505,0.00136,136,Sydney,Friday
2026-01-23 00:22:32,ThinkMarkets ThinkZero,USDJPY,158.345,158.454,0.109,109,Sydney,Friday
2026-01-23 00:22:33,ThinkMarkets ThinkZero,AUDUSD,0.68378,0.68433,0.00055,55,Sydney,Friday
2026-01-23 00:22:36,ICMarkets Raw,XAUUSD,4941.43,4941.59,0.16,16,Sydney,Friday
2026-01-23 00:22:37,ICMarkets Raw,EURUSD,1.17537,1.17564,0.00027,27,Sydney,Friday
2026-01-23 00:22:38,ICMarkets Raw,GBPUSD,1.34945,1.35038,0.00093,93,Sydney,Friday
2026-01-23 00:22:39,ICMarkets Raw,USDJPY,158.387,158.453,0.066,66,Sydney,Friday
2026-01-23 00:22:40,ICMarkets Raw,AUDUSD,0.68389,0.68416,0.00027,27,Sydney,Friday
2026-01-23 00:22:42,VantageMarkets Raw,XAUUSD,4942.06,4942.14,0.08,8,Sydney,Friday
2026-01-23 00:22:43,VantageMarkets Raw,EURUSD,1.17537,1.17562,0.00025,25,Sydney,Friday
2026-01-23 00:22:44,VantageMarkets Raw,GBPUSD,1.3495,1.35037,0.00087,87,Sydney,Friday
2026-01-23 00:22:45,VantageMarkets Raw,USDJPY,158.38,158.447,0.067,67,Sydney,Friday
2026-01-23 00:22:46,VantageMarkets Raw,AUDUSD,0.68389,0.68418,0.00029,29,Sydney,Friday
2026-01-23 00:22:49,FPMarkets Raw,XAUUSD,4941.96,4942.03,0.07,7,Sydney,Friday
2026-01-23 00:22:50,FPMarkets Raw,EURUSD,1.17525,1.17551,0.00026,26,Sydney,Friday
2026-01-23 00:22:51,FPMarkets Raw,GBPUSD,1.34967,1.35034,0.00067,67,Sydney,Friday
2026-01-23 00:22:52,FPMarkets Raw,USDJPY,158.353,158.431,0.078,78,Sydney,Friday
2026-01-23 00:22:52,FPMarkets Raw,AUDUSD,0.68399,0.68413,0.00014,14,Sydney,Friday
2026-01-23 00:22:54,8Cap Raw,XAUUSD,4942.22,4942.48,0.26,26,Sydney,Friday
2026-01-23 00:22:55,8Cap Raw,EURUSD,1.17526,1.17564,0.00038,38,Sydney,Friday
2026-01-23 00:22:56,8Cap Raw,GBPUSD,1.34957,1.35042,0.00085,85,Sydney,Friday
2026-01-23 00:22:56,8Cap Raw,USDJPY,158.367,158.46,0.093,93,Sydney,Friday
2026-01-23 00:22:57,8Cap Raw,AUDUSD,0.68385,0.68422,0.00037,37,Sydney,Friday
2026-01-23 00:27:17,Pepperstone Razor,XAUUSD,4944.49,4945.42,0.93,93,Sydney,Friday
2026-01-23 00:27:18,Pepperstone Razor,EURUSD,1.17526,1.17557,0.00031,31,Sydney,Friday
2026-01-23 00:27:18,Pepperstone Razor,GBPUSD,1.34935,1.35056,0.00121,121,Sydney,Friday
2026-01-23 00:27:19,Pepperstone Razor,USDJPY,158.344,158.411,0.067,67,Sydney,Friday
2026-01-23 00:27:20,Pepperstone Razor,AUDUSD,0.68406,0.68417,0.00011,11,Sydney,Friday
2026-01-23 00:27:24,FusionMarkets Zero,XAUUSD,4941.25,4941.44,0.19,19,Sydney,Friday
2026-01-23 00:27:24,FusionMarkets Zero,EURUSD,1.17532,1.17538,6e-05,6,Sydney,Friday
2026-01-23 00:27:25,FusionMarkets Zero,GBPUSD,1.34949,1.35031,0.00082,82,Sydney,Friday
2026-01-23 00:27:26,FusionMarkets Zero,USDJPY,158.357,158.409,0.052,52,Sydney,Friday
2026-01-23 00:27:27,FusionMarkets Zero,AUDUSD,0.68404,0.6841,6e-05,6,Sydney,Friday
2026-01-23 00:27:30,ThinkMarkets ThinkZero,XAUUSD,4943.99,4944.07,0.08,8,Sydney,Friday
2026-01-23 00:27:31,ThinkMarkets ThinkZero,EURUSD,1.17499,1.17573,0.00074,74,Sydney,Friday
2026-01-23 00:27:32,ThinkMarkets ThinkZero,GBPUSD,1.34858,1.35058,0.002,200,Sydney,Friday
2026-01-23 00:27:33,ThinkMarkets ThinkZero,USDJPY,158.318,158.429,0.111,111,Sydney,Friday
2026-01-23 00:27:34,ThinkMarkets ThinkZero,AUDUSD,0.68377,0.68438,0.00061,61,Sydney,Friday
2026-01-23 00:27:37,ICMarkets Raw,XAUUSD,4941.43,4941.59,0.16,16,Sydney,Friday
2026-01-23 00:27:37,ICMarkets Raw,EURUSD,1.17537,1.17558,0.00021,21,Sydney,Friday
2026-01-23 00:27:38,ICMarkets Raw,GBPUSD,1.34937,1.35038,0.00101,101,Sydney,Friday
2026-01-23 00:27:39,ICMarkets Raw,USDJPY,158.345,158.411,0.066,66,Sydney,Friday
2026-01-23 00:27:40,ICMarkets Raw,AUDUSD,0.68392,0.68419,0.00027,27,Sydney,Friday
2026-01-23 00:27:43,VantageMarkets Raw,XAUUSD,4942.06,4942.14,0.08,8,Sydney,Friday
2026-01-23 00:27:44,VantageMarkets Raw,EURUSD,1.17522,1.17554,0.00032,32,Sydney,Friday
2026-01-23 00:27:45,VantageMarkets Raw,GBPUSD,1.34944,1.3504,0.00096,96,Sydney,Friday
2026-01-23 00:27:45,VantageMarkets Raw,USDJPY,158.348,158.415,0.067,67,Sydney,Friday
2026-01-23 00:27:46,VantageMarkets Raw,AUDUSD,0.68391,0.6842,0.00029,29,Sydney,Friday
2026-01-23 00:27:49,FPMarkets Raw,XAUUSD,4941.96,4942.03,0.07,7,Sydney,Friday
2026-01-23 00:27:50,FPMarkets Raw,EURUSD,1.17526,1.17553,0.00027,27,Sydney,Friday
2026-01-23 00:27:51,FPMarkets Raw,GBPUSD,1.34894,1.35037,0.00143,143,Sydney,Friday
2026-01-23 00:27:52,FPMarkets Raw,USDJPY,158.365,158.413,0.048,48,Sydney,Friday
2026-01-23 00:27:53,FPMarkets Raw,AUDUSD,0.684,0.68414,0.00014,14,Sydney,Friday
2026-01-23 00:27:55,8Cap Raw,XAUUSD,4942.22,4942.48,0.26,26,Sydney,Friday
2026-01-23 00:27:55,8Cap Raw,EURUSD,1.17526,1.17561,0.00035,35,Sydney,Friday
2026-01-23 00:27:56,8Cap Raw,GBPUSD,1.3493,1.35043,0.00113,113,Sydney,Friday
2026-01-23 00:27:57,8Cap Raw,USDJPY,158.347,158.421,0.074,74,Sydney,Friday
2026-01-23 00:27:57,8Cap Raw,AUDUSD,0.68386,0.68426,0.0004,40,Sydney,Friday
2026-01-23 00:32:17,Pepperstone Razor,XAUUSD,4944.49,4945.42,0.93,93,Sydney,Friday
2026-01-23 00:32:17,Pepperstone Razor,EURUSD,1.17523,1.17548,0.00025,25,Sydney,Friday
2026-01-23 00:32:18,Pepperstone Razor,GBPUSD,1.34975,1.35052,0.00077,77,Sydney,Friday
2026-01-23 00:32:19,Pepperstone Razor,USDJPY,158.342,158.402,0.06,60,Sydney,Friday
2026-01-23 00:32:20,Pepperstone Razor,AUDUSD,0.68405,0.68422,0.00017,17,Sydney,Friday
2026-01-23 00:32:23,FusionMarkets Zero,XAUUSD,4941.25,4941.44,0.19,19,Sydney,Friday
2026-01-23 00:32:24,FusionMarkets Zero,EURUSD,1.17531,1.17537,6e-05,6,Sydney,Friday
2026-01-23 00:32:25,FusionMarkets Zero,GBPUSD,1.34962,1.35037,0.00075,75,Sydney,Friday
2026-01-23 00:32:26,FusionMarkets Zero,USDJPY,158.358,158.41,0.052,52,Sydney,Friday
2026-01-23 00:32:27,FusionMarkets Zero,AUDUSD,0.68411,0.68417,6e-05,6,Sydney,Friday
2026-01-23 00:32:30,ThinkMarkets ThinkZero,XAUUSD,4943.99,4944.07,0.08,8,Sydney,Friday
2026-01-23 00:32:31,ThinkMarkets ThinkZero,EURUSD,1.17496,1.17571,0.00075,75,Sydney,Friday
2026-01-23 00:32:32,ThinkMarkets ThinkZero,GBPUSD,1.3493,1.35053,0.00123,123,Sydney,Friday
2026-01-23 00:32:33,ThinkMarkets ThinkZero,USDJPY,158.313,158.426,0.113,113,Sydney,Friday
2026-01-23 00:32:33,ThinkMarkets ThinkZero,AUDUSD,0.68377,0.68441,0.00064,64,Sydney,Friday
2026-01-23 00:32:36,ICMarkets Raw,XAUUSD,4941.43,4941.59,0.16,16,Sydney,Friday
2026-01-23 00:32:37,ICMarkets Raw,EURUSD,1.17529,1.1755,0.00021,21,Sydney,Friday
2026-01-23 00:32:38,ICMarkets Raw,GBPUSD,1.34953,1.35047,0.00094,94,Sydney,Friday
2026-01-23 00:32:39,ICMarkets Raw,USDJPY,158.349,158.415,0.066,66,Sydney,Friday
2026-01-23 00:32:40,ICMarkets Raw,AUDUSD,0.68399,0.6843,0.00031,31,Sydney,Friday
2026-01-23 00:32:43,VantageMarkets Raw,XAUUSD,4942.06,4942.14,0.08,8,Sydney,Friday
2026-01-23 00:32:44,VantageMarkets Raw,EURUSD,1.1752,1.17547,0.00027,27,Sydney,Friday
2026-01-23 00:32:45,VantageMarkets Raw,GBPUSD,1.34956,1.35043,0.00087,87,Sydney,Friday
2026-01-23 00:32:45,VantageMarkets Raw,USDJPY,158.351,158.418,0.067,67,Sydney,Friday
2026-01-23 00:32:46,VantageMarkets Raw,AUDUSD,0.684,0.68431,0.00031,31,Sydney,Friday
2026-01-23 00:32:50,FPMarkets Raw,XAUUSD,4941.96,4942.03,0.07,7,Sydney,Friday
2026-01-23 00:32:51,FPMarkets Raw,EURUSD,1.17526,1.1754,0.00014,14,Sydney,Friday
2026-01-23 00:32:51,FPMarkets Raw,GBPUSD,1.34975,1.35043,0.00068,68,Sydney,Friday
2026-01-23 00:32:52,FPMarkets Raw,USDJPY,158.337,158.402,0.065,65,Sydney,Friday
2026-01-23 00:32:53,FPMarkets Raw,AUDUSD,0.68405,0.68419,0.00014,14,Sydney,Friday
2026-01-23 00:32:55,8Cap Raw,XAUUSD,4942.22,4942.48,0.26,26,Sydney,Friday
2026-01-23 00:32:56,8Cap Raw,EURUSD,1.17519,1.17556,0.00037,37,Sydney,Friday
2026-01-23 00:32:57,8Cap Raw,GBPUSD,1.34974,1.35052,0.00078,78,Sydney,Friday
2026-01-23 00:32:58,8Cap Raw,USDJPY,158.351,158.415,0.064,64,Sydney,Friday
2026-01-23 00:32:58,8Cap Raw,AUDUSD,0.68396,0.68432,0.00036,36,Sydney,Friday
2026-01-23 00:37:16,Pepperstone Razor,XAUUSD,4944.49,4945.42,0.93,93,Sydney,Friday
2026-01-23 00:37:17,Pepperstone Razor,EURUSD,1.17557,1.17569,0.00012,12,Sydney,Friday
2026-01-23 00:37:18,Pepperstone Razor,GBPUSD,1.34984,1.3506,0.00076,76,Sydney,Friday
2026-01-23 00:37:19,Pepperstone Razor,USDJPY,158.349,158.411,0.062,62,Sydney,Friday
2026-01-23 00:37:20,Pepperstone Razor,AUDUSD,0.68407,0.68424,0.00017,17,Sydney,Friday
2026-01-23 00:37:23,FusionMarkets Zero,XAUUSD,4941.25,4941.44,0.19,19,Sydney,Friday
2026-01-23 00:37:24,FusionMarkets Zero,EURUSD,1.17562,1.17568,6e-05,6,Sydney,Friday
2026-01-23 00:37:25,FusionMarkets Zero,GBPUSD,1.34974,1.35034,0.0006,60,Sydney,Friday
2026-01-23 00:37:26,FusionMarkets Zero,USDJPY,158.361,158.413,0.052,52,Sydney,Friday
2026-01-23 00:37:27,FusionMarkets Zero,AUDUSD,0.68411,0.68417,6e-05,6,Sydney,Friday
2026-01-23 00:37:30,ThinkMarkets ThinkZero,XAUUSD,4943.99,4944.07,0.08,8,Sydney,Friday
2026-01-23 00:37:31,ThinkMarkets ThinkZero,EURUSD,1.17531,1.17592,0.00061,61,Sydney,Friday
2026-01-23 00:37:32,ThinkMarkets ThinkZero,GBPUSD,1.34947,1.35057,0.0011,110,Sydney,Friday
2026-01-23 00:37:32,ThinkMarkets ThinkZero,USDJPY,158.32,158.432,0.112,112,Sydney,Friday
2026-01-23 00:37:33,ThinkMarkets ThinkZero,AUDUSD,0.68378,0.68444,0.00066,66,Sydney,Friday
2026-01-23 00:37:36,ICMarkets Raw,XAUUSD,4941.43,4941.59,0.16,16,Sydney,Friday
2026-01-23 00:37:37,ICMarkets Raw,EURUSD,1.17553,1.17576,0.00023,23,Sydney,Friday
2026-01-23 00:37:38,ICMarkets Raw,GBPUSD,1.34969,1.35045,0.00076,76,Sydney,Friday
2026-01-23 00:37:39,ICMarkets Raw,USDJPY,158.352,158.418,0.066,66,Sydney,Friday
2026-01-23 00:37:40,ICMarkets Raw,AUDUSD,0.68399,0.68436,0.00037,37,Sydney,Friday
2026-01-23 00:37:43,VantageMarkets Raw,XAUUSD,4942.06,4942.14,0.08,8,Sydney,Friday
2026-01-23 00:37:44,VantageMarkets Raw,EURUSD,1.17562,1.17571,9e-05,9,Sydney,Friday
2026-01-23 00:37:44,VantageMarkets Raw,GBPUSD,1.34973,1.35043,0.0007,70,Sydney,Friday
2026-01-23 00:37:45,VantageMarkets Raw,USDJPY,158.354,158.421,0.067,67,Sydney,Friday
2026-01-23 00:37:46,VantageMarkets Raw,AUDUSD,0.68399,0.68434,0.00035,35,Sydney,Friday
2026-01-23 00:37:50,FPMarkets Raw,XAUUSD,4941.96,4942.03,0.07,7,Sydney,Friday
2026-01-23 00:37:50,FPMarkets Raw,EURUSD,1.17561,1.1757,9e-05,9,Sydney,Friday
2026-01-23 00:37:51,FPMarkets Raw,GBPUSD,1.3499,1.35038,0.00048,48,Sydney,Friday
2026-01-23 00:37:52,FPMarkets Raw,USDJPY,158.336,158.407,0.071,71,Sydney,Friday
2026-01-23 00:37:53,FPMarkets Raw,AUDUSD,0.68403,0.68421,0.00018,18,Sydney,Friday
2026-01-23 00:37:55,8Cap Raw,XAUUSD,4942.22,4942.48,0.26,26,Sydney,Friday
2026-01-23 00:37:56,8Cap Raw,EURUSD,1.17553,1.17582,0.00029,29,Sydney,Friday
2026-01-23 00:37:57,8Cap Raw,GBPUSD,1.34981,1.35052,0.00071,71,Sydney,Friday
2026-01-23 00:37:57,8Cap Raw,USDJPY,158.347,158.417,0.07,70,Sydney,Friday
2026-01-23 00:37:58,8Cap Raw,AUDUSD,0.68395,0.68439,0.00044,44,Sydney,Friday
2026-01-23 00:42:16,Pepperstone Razor,XAUUSD,4944.49,4945.42,0.93,93,Sydney,Friday
2026-01-23 00:42:17,Pepperstone Razor,EURUSD,1.1755,1.17562,0.00012,12,Sydney,Friday
2026-01-23 00:42:18,Pepperstone Razor,GBPUSD,1.35008,1.35044,0.00036,36,Sydney,Friday
2026-01-23 00:42:19,Pepperstone Razor,USDJPY,158.356,158.416,0.06,60,Sydney,Friday
2026-01-23 00:42:20,Pepperstone Razor,AUDUSD,0.68408,0.68421,0.00013,13,Sydney,Friday
2026-01-23 00:42:23,FusionMarkets Zero,XAUUSD,4941.25,4941.44,0.19,19,Sydney,Friday
2026-01-23 00:42:24,FusionMarkets Zero,EURUSD,1.17555,1.17558,3e-05,3,Sydney,Friday
2026-01-23 00:42:25,FusionMarkets Zero,GBPUSD,1.35007,1.35042,0.00035,35,Sydney,Friday
2026-01-23 00:42:26,FusionMarkets Zero,USDJPY,158.364,158.416,0.052,52,Sydney,Friday
2026-01-23 00:42:27,FusionMarkets Zero,AUDUSD,0.68409,0.68415,6e-05,6,Sydney,Friday
2026-01-23 00:42:30,ThinkMarkets ThinkZero,XAUUSD,4943.99,4944.07,0.08,8,Sydney,Friday
2026-01-23 00:42:31,ThinkMarkets ThinkZero,EURUSD,1.1753,1.17584,0.00054,54,Sydney,Friday
2026-01-23 00:42:31,ThinkMarkets ThinkZero,GBPUSD,1.34966,1.35065,0.00099,99,Sydney,Friday
2026-01-23 00:42:32,ThinkMarkets ThinkZero,USDJPY,158.315,158.434,0.119,119,Sydney,Friday
2026-01-23 00:42:33,ThinkMarkets ThinkZero,AUDUSD,0.68383,0.68445,0.00062,62,Sydney,Friday
2026-01-23 00:42:36,ICMarkets Raw,XAUUSD,4941.43,4941.59,0.16,16,Sydney,Friday
2026-01-23 00:42:37,ICMarkets Raw,EURUSD,1.17549,1.1757,0.00021,21,Sydney,Friday
2026-01-23 00:42:38,ICMarkets Raw,GBPUSD,1.35007,1.35046,0.00039,39,Sydney,Friday
2026-01-23 00:42:39,ICMarkets Raw,USDJPY,158.356,158.422,0.066,66,Sydney,Friday
2026-01-23 00:42:40,ICMarkets Raw,AUDUSD,0.68397,0.68435,0.00038,38,Sydney,Friday
2026-01-23 00:42:43,VantageMarkets Raw,XAUUSD,4942.06,4942.14,0.08,8,Sydney,Friday
2026-01-23 00:42:43,VantageMarkets Raw,EURUSD,1.17562,1.17571,9e-05,9,Sydney,Friday
2026-01-23 00:42:44,VantageMarkets Raw,GBPUSD,1.35003,1.35045,0.00042,42,Sydney,Friday
2026-01-23 00:42:45,VantageMarkets Raw,USDJPY,158.358,158.425,0.067,67,Sydney,Friday
2026-01-23 00:42:46,VantageMarkets Raw,AUDUSD,0.68398,0.68434,0.00036,36,Sydney,Friday
2026-01-23 00:42:49,FPMarkets Raw,XAUUSD,4941.96,4942.03,0.07,7,Sydney,Friday
2026-01-23 00:42:50,FPMarkets Raw,EURUSD,1.17551,1.17562,0.00011,11,Sydney,Friday
2026-01-23 00:42:51,FPMarkets Raw,GBPUSD,1.35005,1.35038,0.00033,33,Sydney,Friday
2026-01-23 00:42:52,FPMarkets Raw,USDJPY,158.353,158.417,0.064,64,Sydney,Friday
2026-01-23 00:42:53,FPMarkets Raw,AUDUSD,0.68401,0.68417,0.00016,16,Sydney,Friday
2026-01-23 00:42:55,8Cap Raw,XAUUSD,4942.22,4942.48,0.26,26,Sydney,Friday
2026-01-23 00:42:55,8Cap Raw,EURUSD,1.17541,1.17571,0.0003,30,Sydney,Friday
2026-01-23 00:42:56,8Cap Raw,GBPUSD,1.34992,1.3506,0.00068,68,Sydney,Friday
2026-01-23 00:42:57,8Cap Raw,USDJPY,158.348,158.416,0.068,68,Sydney,Friday
2026-01-23 00:42:57,8Cap Raw,AUDUSD,0.68394,0.68438,0.00044,44,Sydney,Friday
2026-01-23 00:47:17,Pepperstone Razor,XAUUSD,4944.49,4945.42,0.93,93,Sydney,Friday
2026-01-23 00:47:18,Pepperstone Razor,EURUSD,1.17554,1.17566,0.00012,12,Sydney,Friday
2026-01-23 00:47:18,Pepperstone Razor,GBPUSD,1.35016,1.35049,0.00033,33,Sydney,Friday
2026-01-23 00:47:19,Pepperstone Razor,USDJPY,158.358,158.426,0.068,68,Sydney,Friday
2026-01-23 00:47:20,Pepperstone Razor,AUDUSD,0.68403,0.68415,0.00012,12,Sydney,Friday
2026-01-23 00:47:24,FusionMarkets Zero,XAUUSD,4941.25,4941.44,0.19,19,Sydney,Friday
2026-01-23 00:47:24,FusionMarkets Zero,EURUSD,1.17557,1.17562,5e-05,5,Sydney,Friday
2026-01-23 00:47:25,FusionMarkets Zero,GBPUSD,1.35001,1.35038,0.00037,37,Sydney,Friday
2026-01-23 00:47:26,FusionMarkets Zero,USDJPY,158.373,158.425,0.052,52,Sydney,Friday
2026-01-23 00:47:27,FusionMarkets Zero,AUDUSD,0.68407,0.68413,6e-05,6,Sydney,Friday
2026-01-23 00:47:31,ThinkMarkets ThinkZero,XAUUSD,4943.99,4944.07,0.08,8,Sydney,Friday
2026-01-23 00:47:31,ThinkMarkets ThinkZero,EURUSD,1.17528,1.17589,0.00061,61,Sydney,Friday
2026-01-23 00:47:32,ThinkMarkets ThinkZero,GBPUSD,1.34971,1.35065,0.00094,94,Sydney,Friday
2026-01-23 00:47:33,ThinkMarkets ThinkZero,USDJPY,158.328,158.442,0.114,114,Sydney,Friday
2026-01-23 00:47:34,ThinkMarkets ThinkZero,AUDUSD,0.68375,0.68438,0.00063,63,Sydney,Friday
2026-01-23 00:47:37,ICMarkets Raw,XAUUSD,4941.43,4941.59,0.16,16,Sydney,Friday
2026-01-23 00:47:38,ICMarkets Raw,EURUSD,1.17551,1.17573,0.00022,22,Sydney,Friday
2026-01-23 00:47:39,ICMarkets Raw,GBPUSD,1.3499,1.35049,0.00059,59,Sydney,Friday
2026-01-23 00:47:40,ICMarkets Raw,USDJPY,158.369,158.435,0.066,66,Sydney,Friday
2026-01-23 00:47:41,ICMarkets Raw,AUDUSD,0.68397,0.68427,0.0003,30,Sydney,Friday
2026-01-23 00:47:44,VantageMarkets Raw,XAUUSD,4942.06,4942.14,0.08,8,Sydney,Friday
2026-01-23 00:47:45,VantageMarkets Raw,EURUSD,1.17562,1.17571,9e-05,9,Sydney,Friday
2026-01-23 00:47:45,VantageMarkets Raw,GBPUSD,1.34994,1.35046,0.00052,52,Sydney,Friday
2026-01-23 00:47:46,VantageMarkets Raw,USDJPY,158.369,158.436,0.067,67,Sydney,Friday
2026-01-23 00:47:47,VantageMarkets Raw,AUDUSD,0.68394,0.68427,0.00033,33,Sydney,Friday
2026-01-23 00:47:51,FPMarkets Raw,XAUUSD,4941.96,4942.03,0.07,7,Sydney,Friday
2026-01-23 00:47:52,FPMarkets Raw,EURUSD,1.17554,1.17568,0.00014,14,Sydney,Friday
2026-01-23 00:47:53,FPMarkets Raw,GBPUSD,1.34989,1.3505,0.00061,61,Sydney,Friday
2026-01-23 00:47:54,FPMarkets Raw,USDJPY,158.376,158.434,0.058,58,Sydney,Friday
2026-01-23 00:47:55,FPMarkets Raw,AUDUSD,0.68399,0.68418,0.00019,19,Sydney,Friday
2026-01-23 00:47:57,8Cap Raw,XAUUSD,4942.22,4942.48,0.26,26,Sydney,Friday
2026-01-23 00:47:57,8Cap Raw,EURUSD,1.17557,1.17567,0.0001,10,Sydney,Friday
2026-01-23 00:47:58,8Cap Raw,GBPUSD,1.35003,1.35045,0.00042,42,Sydney,Friday
2026-01-23 00:47:59,8Cap Raw,USDJPY,158.378,158.422,0.044,44,Sydney,Friday
2026-01-23 00:47:59,8Cap Raw,AUDUSD,0.68402,0.68421,0.00019,19,Sydney,Friday
2026-01-23 00:52:17,Pepperstone Razor,XAUUSD,4944.49,4945.42,0.93,93,Sydney,Friday
2026-01-23 00:52:18,Pepperstone Razor,EURUSD,1.17552,1.17569,0.00017,17,Sydney,Friday
2026-01-23 00:52:19,Pepperstone Razor,GBPUSD,1.35001,1.35051,0.0005,50,Sydney,Friday
2026-01-23 00:52:20,Pepperstone Razor,USDJPY,158.381,158.426,0.045,45,Sydney,Friday
2026-01-23 00:52:20,Pepperstone Razor,AUDUSD,0.68396,0.68416,0.0002,20,Sydney,Friday
2026-01-23 00:52:24,FusionMarkets Zero,XAUUSD,4941.25,4941.44,0.19,19,Sydney,Friday
2026-01-23 00:52:25,FusionMarkets Zero,EURUSD,1.17557,1.17563,6e-05,6,Sydney,Friday
2026-01-23 00:52:26,FusionMarkets Zero,GBPUSD,1.34993,1.35033,0.0004,40,Sydney,Friday
2026-01-23 00:52:26,FusionMarkets Zero,USDJPY,158.382,158.434,0.052,52,Sydney,Friday
2026-01-23 00:52:27,FusionMarkets Zero,AUDUSD,0.68396,0.68402,6e-05,6,Sydney,Friday
2026-01-23 00:52:31,ThinkMarkets ThinkZero,XAUUSD,4943.99,4944.07,0.08,8,Sydney,Friday
2026-01-23 00:52:32,ThinkMarkets ThinkZero,EURUSD,1.17528,1.17588,0.0006,60,Sydney,Friday
2026-01-23 00:52:33,ThinkMarkets ThinkZero,GBPUSD,1.34968,1.35062,0.00094,94,Sydney,Friday
2026-01-23 00:52:34,ThinkMarkets ThinkZero,USDJPY,158.351,158.448,0.097,97,Sydney,Friday
2026-01-23 00:52:34,ThinkMarkets ThinkZero,AUDUSD,0.68362,0.68431,0.00069,69,Sydney,Friday
2026-01-23 00:52:38,ICMarkets Raw,XAUUSD,4941.43,4941.59,0.16,16,Sydney,Friday
2026-01-23 00:52:39,ICMarkets Raw,EURUSD,1.17549,1.1757,0.00021,21,Sydney,Friday
2026-01-23 00:52:40,ICMarkets Raw,GBPUSD,1.34985,1.35038,0.00053,53,Sydney,Friday
2026-01-23 00:52:41,ICMarkets Raw,USDJPY,158.379,158.445,0.066,66,Sydney,Friday
2026-01-23 00:52:41,ICMarkets Raw,AUDUSD,0.68381,0.6842,0.00039,39,Sydney,Friday
2026-01-23 00:52:44,VantageMarkets Raw,XAUUSD,4942.06,4942.14,0.08,8,Sydney,Friday
2026-01-23 00:52:45,VantageMarkets Raw,EURUSD,1.17562,1.17571,9e-05,9,Sydney,Friday
2026-01-23 00:52:46,VantageMarkets Raw,GBPUSD,1.34992,1.3504,0.00048,48,Sydney,Friday
2026-01-23 00:52:47,VantageMarkets Raw,USDJPY,158.38,158.447,0.067,67,Sydney,Friday
2026-01-23 00:52:48,VantageMarkets Raw,AUDUSD,0.68382,0.68421,0.00039,39,Sydney,Friday
2026-01-23 00:52:51,FPMarkets Raw,XAUUSD,4941.96,4942.03,0.07,7,Sydney,Friday
2026-01-23 00:52:52,FPMarkets Raw,EURUSD,1.17554,1.17566,0.00012,12,Sydney,Friday
2026-01-23 00:52:53,FPMarkets Raw,GBPUSD,1.35009,1.35046,0.00037,37,Sydney,Friday
2026-01-23 00:52:54,FPMarkets Raw,USDJPY,158.383,158.431,0.048,48,Sydney,Friday
2026-01-23 00:52:55,FPMarkets Raw,AUDUSD,0.68388,0.68413,0.00025,25,Sydney,Friday
2026-01-23 00:52:57,8Cap Raw,XAUUSD,4942.22,4942.48,0.26,26,Sydney,Friday
2026-01-23 00:52:58,8Cap Raw,EURUSD,1.17557,1.17567,0.0001,10,Sydney,Friday
2026-01-23 00:52:58,8Cap Raw,GBPUSD,1.34999,1.35039,0.0004,40,Sydney,Friday
2026-01-23 00:52:59,8Cap Raw,USDJPY,158.388,158.427,0.039,39,Sydney,Friday
2026-01-23 00:53:00,8Cap Raw,AUDUSD,0.68389,0.68412,0.00023,23,Sydney,Friday
2026-01-23 00:57:17,Pepperstone Razor,XAUUSD,4944.49,4945.42,0.93,93,Sydney,Friday
2026-01-23 00:57:18,Pepperstone Razor,EURUSD,1.17553,1.17565,0.00012,12,Sydney,Friday
2026-01-23 00:57:19,Pepperstone Razor,GBPUSD,1.35003,1.35042,0.00039,39,Sydney,Friday
2026-01-23 00:57:20,Pepperstone Razor,USDJPY,158.369,158.44,0.071,71,Sydney,Friday
2026-01-23 00:57:21,Pepperstone Razor,AUDUSD,0.68388,0.6841,0.00022,22,Sydney,Friday
2026-01-23 00:57:24,FusionMarkets Zero,XAUUSD,4941.25,4941.44,0.19,19,Sydney,Friday
2026-01-23 00:57:25,FusionMarkets Zero,EURUSD,1.17552,1.17563,0.00011,11,Sydney,Friday
2026-01-23 00:57:25,FusionMarkets Zero,GBPUSD,1.34994,1.35029,0.00035,35,Sydney,Friday
2026-01-23 00:57:26,FusionMarkets Zero,USDJPY,158.381,158.433,0.052,52,Sydney,Friday
2026-01-23 00:57:27,FusionMarkets Zero,AUDUSD,0.68403,0.68409,6e-05,6,Sydney,Friday
2026-01-23 00:57:31,ThinkMarkets ThinkZero,XAUUSD,4943.99,4944.07,0.08,8,Sydney,Friday
2026-01-23 00:57:32,ThinkMarkets ThinkZero,EURUSD,1.1753,1.17588,0.00058,58,Sydney,Friday
2026-01-23 00:57:33,ThinkMarkets ThinkZero,GBPUSD,1.34977,1.3507,0.00093,93,Sydney,Friday
2026-01-23 00:57:33,ThinkMarkets ThinkZero,USDJPY,158.341,158.472,0.131,131,Sydney,Friday
2026-01-23 00:57:34,ThinkMarkets ThinkZero,AUDUSD,0.6836,0.68431,0.00071,71,Sydney,Friday
2026-01-23 00:57:38,ICMarkets Raw,XAUUSD,4941.43,4941.59,0.16,16,Sydney,Friday
2026-01-23 00:57:39,ICMarkets Raw,EURUSD,1.17552,1.17573,0.00021,21,Sydney,Friday
2026-01-23 00:57:39,ICMarkets Raw,GBPUSD,1.34991,1.35036,0.00045,45,Sydney,Friday
2026-01-23 00:57:40,ICMarkets Raw,USDJPY,158.377,158.451,0.074,74,Sydney,Friday
2026-01-23 00:57:41,ICMarkets Raw,AUDUSD,0.6839,0.68423,0.00033,33,Sydney,Friday
2026-01-23 00:57:44,VantageMarkets Raw,XAUUSD,4942.06,4942.14,0.08,8,Sydney,Friday
2026-01-23 00:57:45,VantageMarkets Raw,EURUSD,1.17562,1.17571,9e-05,9,Sydney,Friday
2026-01-23 00:57:46,VantageMarkets Raw,GBPUSD,1.34993,1.35032,0.00039,39,Sydney,Friday
2026-01-23 00:57:47,VantageMarkets Raw,USDJPY,158.372,158.444,0.072,72,Sydney,Friday
2026-01-23 00:57:48,VantageMarkets Raw,AUDUSD,0.68383,0.68416,0.00033,33,Sydney,Friday
2026-01-23 00:57:51,FPMarkets Raw,XAUUSD,4941.96,4942.03,0.07,7,Sydney,Friday
2026-01-23 00:57:52,FPMarkets Raw,EURUSD,1.17554,1.17566,0.00012,12,Sydney,Friday
2026-01-23 00:57:53,FPMarkets Raw,GBPUSD,1.35008,1.35048,0.0004,40,Sydney,Friday
2026-01-23 00:57:54,FPMarkets Raw,USDJPY,158.366,158.442,0.076,76,Sydney,Friday
2026-01-23 00:57:55,FPMarkets Raw,AUDUSD,0.68387,0.68409,0.00022,22,Sydney,Friday
2026-01-23 00:57:57,8Cap Raw,XAUUSD,4942.22,4942.48,0.26,26,Sydney,Friday
2026-01-23 00:57:58,8Cap Raw,EURUSD,1.17556,1.17563,7e-05,7,Sydney,Friday
2026-01-23 00:57:59,8Cap Raw,GBPUSD,1.35002,1.35033,0.00031,31,Sydney,Friday
2026-01-23 00:57:59,8Cap Raw,USDJPY,158.388,158.441,0.053,53,Sydney,Friday
2026-01-23 00:58:00,8Cap Raw,AUDUSD,0.68389,0.68406,0.00017,17,Sydney,Friday
2026-01-23 01:02:16,Pepperstone Razor,XAUUSD,4945.74,4946.35,0.61,61,Sydney,Friday
2026-01-23 01:02:17,Pepperstone Razor,EURUSD,1.1758,1.1758,0.0,0,Sydney,Friday
2026-01-23 01:02:18,Pepperstone Razor,GBPUSD,1.35052,1.35055,3e-05,3,Sydney,Friday
2026-01-23 01:02:19,Pepperstone Razor,USDJPY,158.373,158.378,0.005,5,Sydney,Friday
2026-01-23 01:02:20,Pepperstone Razor,AUDUSD,0.68407,0.68407,0.0,0,Sydney,Friday
2026-01-23 01:02:22,FusionMarkets Zero,XAUUSD,4945.62,4945.74,0.12,12,Sydney,Friday
2026-01-23 01:02:23,FusionMarkets Zero,EURUSD,1.17577,1.17577,0.0,0,Sydney,Friday
2026-01-23 01:02:24,FusionMarkets Zero,GBPUSD,1.35047,1.35047,0.0,0,Sydney,Friday
2026-01-23 01:02:25,FusionMarkets Zero,USDJPY,158.38,158.38,0.0,0,Sydney,Friday
2026-01-23 01:02:26,FusionMarkets Zero,AUDUSD,0.68408,0.68408,0.0,0,Sydney,Friday
2026-01-23 01:02:29,ThinkMarkets ThinkZero,XAUUSD,4945.8,4945.88,0.08,8,Sydney,Friday
2026-01-23 01:02:30,ThinkMarkets ThinkZero,EURUSD,1.17552,1.17604,0.00052,52,Sydney,Friday
2026-01-23 01:02:31,ThinkMarkets ThinkZero,GBPUSD,1.35013,1.3508,0.00067,67,Sydney,Friday
2026-01-23 01:02:32,ThinkMarkets ThinkZero,USDJPY,158.345,158.413,0.068,68,Sydney,Friday
2026-01-23 01:02:33,ThinkMarkets ThinkZero,AUDUSD,0.68376,0.68431,0.00055,55,Sydney,Friday
2026-01-23 01:02:36,ICMarkets Raw,XAUUSD,4946.27,4946.42,0.15,15,Sydney,Friday
2026-01-23 01:02:36,ICMarkets Raw,EURUSD,1.17579,1.17579,0.0,0,Sydney,Friday
2026-01-23 01:02:37,ICMarkets Raw,GBPUSD,1.35048,1.35049,1e-05,1,Sydney,Friday
2026-01-23 01:02:38,ICMarkets Raw,USDJPY,158.382,158.382,0.0,0,Sydney,Friday
2026-01-23 01:02:39,ICMarkets Raw,AUDUSD,0.68407,0.68407,0.0,0,Sydney,Friday
2026-01-23 01:02:42,VantageMarkets Raw,XAUUSD,4945.43,4945.51,0.08,8,Sydney,Friday
2026-01-23 01:02:43,VantageMarkets Raw,EURUSD,1.17581,1.17583,2e-05,2,Sydney,Friday
2026-01-23 01:02:44,VantageMarkets Raw,GBPUSD,1.35046,1.35047,1e-05,1,Sydney,Friday
2026-01-23 01:02:45,VantageMarkets Raw,USDJPY,158.387,158.389,0.002,2,Sydney,Friday
2026-01-23 01:02:46,VantageMarkets Raw,AUDUSD,0.68404,0.68407,3e-05,3,Sydney,Friday
2026-01-23 01:02:48,FPMarkets Raw,XAUUSD,4946.6,4946.85,0.25,25,Sydney,Friday
2026-01-23 01:02:49,FPMarkets Raw,EURUSD,1.17575,1.17584,9e-05,9,Sydney,Friday
2026-01-23 01:02:50,FPMarkets Raw,GBPUSD,1.35049,1.35049,0.0,0,Sydney,Friday
2026-01-23 01:02:51,FPMarkets Raw,USDJPY,158.378,158.39,0.012,12,Sydney,Friday
2026-01-23 01:02:52,FPMarkets Raw,AUDUSD,0.68403,0.6841,7e-05,7,Sydney,Friday
2026-01-23 01:02:54,8Cap Raw,XAUUSD,4945.9,4946.06,0.16,16,Sydney,Friday
2026-01-23 01:02:55,8Cap Raw,EURUSD,1.17579,1.1758,1e-05,1,Sydney,Friday
2026-01-23 01:02:56,8Cap Raw,GBPUSD,1.35046,1.35047,1e-05,1,Sydney,Friday
2026-01-23 01:02:57,8Cap Raw,USDJPY,158.385,158.386,0.001,1,Sydney,Friday
2026-01-23 01:02:57,8Cap Raw,AUDUSD,0.68405,0.68409,4e-05,4,Sydney,Friday
2026-01-23 01:07:16,Pepperstone Razor,XAUUSD,4951.84,4952.21,0.37,37,Sydney,Friday
2026-01-23 01:07:17,Pepperstone Razor,EURUSD,1.17563,1.17563,0.0,0,Sydney,Friday
2026-01-23 01:07:18,Pepperstone Razor,GBPUSD,1.35048,1.35051,3e-05,3,Sydney,Friday
2026-01-23 01:07:19,Pepperstone Razor,USDJPY,158.395,158.401,0.006,6,Sydney,Friday
2026-01-23 01:07:20,Pepperstone Razor,AUDUSD,0.68394,0.68394,0.0,0,Sydney,Friday
2026-01-23 01:07:22,FusionMarkets Zero,XAUUSD,4952.16,4952.28,0.12,12,Sydney,Friday
2026-01-23 01:07:23,FusionMarkets Zero,EURUSD,1.1757,1.1757,0.0,0,Sydney,Friday
2026-01-23 01:07:24,FusionMarkets Zero,GBPUSD,1.3505,1.3505,0.0,0,Sydney,Friday
2026-01-23 01:07:25,FusionMarkets Zero,USDJPY,158.402,158.403,0.001,1,Sydney,Friday
2026-01-23 01:07:26,FusionMarkets Zero,AUDUSD,0.68397,0.68397,0.0,0,Sydney,Friday
2026-01-23 01:07:29,ThinkMarkets ThinkZero,XAUUSD,4951.81,4951.89,0.08,8,Sydney,Friday
2026-01-23 01:07:30,ThinkMarkets ThinkZero,EURUSD,1.1756,1.17565,5e-05,5,Sydney,Friday
2026-01-23 01:07:31,ThinkMarkets ThinkZero,GBPUSD,1.35052,1.35056,4e-05,4,Sydney,Friday
2026-01-23 01:07:32,ThinkMarkets ThinkZero,USDJPY,158.395,158.401,0.006,6,Sydney,Friday
2026-01-23 01:07:33,ThinkMarkets ThinkZero,AUDUSD,0.68392,0.68396,4e-05,4,Sydney,Friday
2026-01-23 01:07:36,ICMarkets Raw,XAUUSD,4952.09,4952.16,0.07,7,Sydney,Friday
2026-01-23 01:07:36,ICMarkets Raw,EURUSD,1.17576,1.17578,2e-05,2,Sydney,Friday
2026-01-23 01:07:37,ICMarkets Raw,GBPUSD,1.35058,1.3506,2e-05,2,Sydney,Friday
2026-01-23 01:07:38,ICMarkets Raw,USDJPY,158.398,158.398,0.0,0,Sydney,Friday
2026-01-23 01:07:39,ICMarkets Raw,AUDUSD,0.68396,0.68397,1e-05,1,Sydney,Friday
2026-01-23 01:07:42,VantageMarkets Raw,XAUUSD,4952.1,4952.18,0.08,8,Sydney,Friday
2026-01-23 01:07:42,VantageMarkets Raw,EURUSD,1.17576,1.17577,1e-05,1,Sydney,Friday
2026-01-23 01:07:43,VantageMarkets Raw,GBPUSD,1.35053,1.35054,1e-05,1,Sydney,Friday
2026-01-23 01:07:44,VantageMarkets Raw,USDJPY,158.4,158.401,0.001,1,Sydney,Friday
2026-01-23 01:07:45,VantageMarkets Raw,AUDUSD,0.68392,0.68395,3e-05,3,Sydney,Friday
2026-01-23 01:07:48,FPMarkets Raw,XAUUSD,4950.92,4950.99,0.07,7,Sydney,Friday
2026-01-23 01:07:49,FPMarkets Raw,EURUSD,1.17572,1.1758,8e-05,8,Sydney,Friday
2026-01-23 01:07:49,FPMarkets Raw,GBPUSD,1.35047,1.35058,0.00011,11,Sydney,Friday
2026-01-23 01:07:50,FPMarkets Raw,USDJPY,158.395,158.405,0.01,10,Sydney,Friday
2026-01-23 01:07:51,FPMarkets Raw,AUDUSD,0.68391,0.68396,5e-05,5,Sydney,Friday
2026-01-23 01:07:53,8Cap Raw,XAUUSD,4951.26,4951.42,0.16,16,Sydney,Friday
2026-01-23 01:07:54,8Cap Raw,EURUSD,1.17574,1.17575,1e-05,1,Sydney,Friday
2026-01-23 01:07:55,8Cap Raw,GBPUSD,1.35051,1.35053,2e-05,2,Sydney,Friday
2026-01-23 01:07:56,8Cap Raw,USDJPY,158.407,158.408,0.001,1,Sydney,Friday
2026-01-23 01:07:57,8Cap Raw,AUDUSD,0.68391,0.68395,4e-05,4,Sydney,Friday
2026-01-23 01:12:17,Pepperstone Razor,XAUUSD,4953.26,4953.47,0.21,21,Sydney,Friday
2026-01-23 01:12:17,Pepperstone Razor,EURUSD,1.17582,1.17582,0.0,0,Sydney,Friday
2026-01-23 01:12:18,Pepperstone Razor,GBPUSD,1.35057,1.35064,7e-05,7,Sydney,Friday
2026-01-23 01:12:19,Pepperstone Razor,USDJPY,158.394,158.401,0.007,7,Sydney,Friday
2026-01-23 01:12:20,Pepperstone Razor,AUDUSD,0.68394,0.68397,3e-05,3,Sydney,Friday
2026-01-23 01:12:23,FusionMarkets Zero,XAUUSD,4952.75,4952.88,0.13,13,Sydney,Friday
2026-01-23 01:12:24,FusionMarkets Zero,EURUSD,1.1758,1.1758,0.0,0,Sydney,Friday
2026-01-23 01:12:25,FusionMarkets Zero,GBPUSD,1.3506,1.3506,0.0,0,Sydney,Friday
2026-01-23 01:12:26,FusionMarkets Zero,USDJPY,158.398,158.398,0.0,0,Sydney,Friday
2026-01-23 01:12:27,FusionMarkets Zero,AUDUSD,0.68395,0.68397,2e-05,2,Sydney,Friday
2026-01-23 01:12:30,ThinkMarkets ThinkZero,XAUUSD,4952.76,4952.84,0.08,8,Sydney,Friday
2026-01-23 01:12:31,ThinkMarkets ThinkZero,EURUSD,1.17579,1.17582,3e-05,3,Sydney,Friday
2026-01-23 01:12:32,ThinkMarkets ThinkZero,GBPUSD,1.35057,1.35065,8e-05,8,Sydney,Friday
2026-01-23 01:12:33,ThinkMarkets ThinkZero,USDJPY,158.393,158.399,0.006,6,Sydney,Friday
2026-01-23 01:12:34,ThinkMarkets ThinkZero,AUDUSD,0.6839,0.68397,7e-05,7,Sydney,Friday
2026-01-23 01:12:36,ICMarkets Raw,XAUUSD,4953.75,4953.8,0.05,5,Sydney,Friday
2026-01-23 01:12:37,ICMarkets Raw,EURUSD,1.1758,1.17581,1e-05,1,Sydney,Friday
2026-01-23 01:12:38,ICMarkets Raw,GBPUSD,1.35059,1.3506,1e-05,1,Sydney,Friday
2026-01-23 01:12:39,ICMarkets Raw,USDJPY,158.397,158.397,0.0,0,Sydney,Friday
2026-01-23 01:12:40,ICMarkets Raw,AUDUSD,0.68394,0.68394,0.0,0,Sydney,Friday
2026-01-23 01:12:43,VantageMarkets Raw,XAUUSD,4952.6,4952.68,0.08,8,Sydney,Friday
2026-01-23 01:12:44,VantageMarkets Raw,EURUSD,1.17581,1.17583,2e-05,2,Sydney,Friday
2026-01-23 01:12:45,VantageMarkets Raw,GBPUSD,1.35062,1.35063,1e-05,1,Sydney,Friday
2026-01-23 01:12:45,VantageMarkets Raw,USDJPY,158.394,158.403,0.009,9,Sydney,Friday
2026-01-23 01:12:46,VantageMarkets Raw,AUDUSD,0.68393,0.68396,3e-05,3,Sydney,Friday
2026-01-23 01:12:49,FPMarkets Raw,XAUUSD,4951.95,4952.02,0.07,7,Sydney,Friday
2026-01-23 01:12:50,FPMarkets Raw,EURUSD,1.1758,1.17582,2e-05,2,Sydney,Friday
2026-01-23 01:12:51,FPMarkets Raw,GBPUSD,1.3506,1.3506,0.0,0,Sydney,Friday
2026-01-23 01:12:52,FPMarkets Raw,USDJPY,158.395,158.401,0.006,6,Sydney,Friday
2026-01-23 01:12:53,FPMarkets Raw,AUDUSD,0.6839,0.68394,4e-05,4,Sydney,Friday
2026-01-23 01:12:55,8Cap Raw,XAUUSD,4951.25,4951.41,0.16,16,Sydney,Friday
2026-01-23 01:12:55,8Cap Raw,EURUSD,1.1758,1.17581,1e-05,1,Sydney,Friday
2026-01-23 01:12:56,8Cap Raw,GBPUSD,1.35061,1.35062,1e-05,1,Sydney,Friday
2026-01-23 01:12:57,8Cap Raw,USDJPY,158.397,158.399,0.002,2,Sydney,Friday
2026-01-23 01:12:58,8Cap Raw,AUDUSD,0.68391,0.68395,4e-05,4,Sydney,Friday
2026-01-23 01:17:17,Pepperstone Razor,XAUUSD,4944.43,4944.59,0.16,16,Sydney,Friday
2026-01-23 01:17:17,Pepperstone Razor,EURUSD,1.17562,1.17562,0.0,0,Sydney,Friday
2026-01-23 01:17:18,Pepperstone Razor,GBPUSD,1.35044,1.35047,3e-05,3,Sydney,Friday
2026-01-23 01:17:19,Pepperstone Razor,USDJPY,158.413,158.418,0.005,5,Sydney,Friday
2026-01-23 01:17:20,Pepperstone Razor,AUDUSD,0.68387,0.68388,1e-05,1,Sydney,Friday
2026-01-23 01:17:24,FusionMarkets Zero,XAUUSD,4946.64,4946.78,0.14,14,Sydney,Friday
2026-01-23 01:17:24,FusionMarkets Zero,EURUSD,1.17564,1.17564,0.0,0,Sydney,Friday
2026-01-23 01:17:25,FusionMarkets Zero,GBPUSD,1.35044,1.35044,0.0,0,Sydney,Friday
2026-01-23 01:17:26,FusionMarkets Zero,USDJPY,158.418,158.418,0.0,0,Sydney,Friday
2026-01-23 01:17:27,FusionMarkets Zero,AUDUSD,0.68387,0.68387,0.0,0,Sydney,Friday
2026-01-23 01:17:30,ThinkMarkets ThinkZero,XAUUSD,4946.36,4946.44,0.08,8,Sydney,Friday
2026-01-23 01:17:31,ThinkMarkets ThinkZero,EURUSD,1.17562,1.17565,3e-05,3,Sydney,Friday
2026-01-23 01:17:32,ThinkMarkets ThinkZero,GBPUSD,1.35041,1.35049,8e-05,8,Sydney,Friday
2026-01-23 01:17:33,ThinkMarkets ThinkZero,USDJPY,158.41,158.418,0.008,8,Sydney,Friday
2026-01-23 01:17:34,ThinkMarkets ThinkZero,AUDUSD,0.68389,0.68394,5e-05,5,Sydney,Friday
2026-01-23 01:17:37,ICMarkets Raw,XAUUSD,4945.79,4945.89,0.1,10,Sydney,Friday
2026-01-23 01:17:37,ICMarkets Raw,EURUSD,1.17562,1.17562,0.0,0,Sydney,Friday
2026-01-23 01:17:38,ICMarkets Raw,GBPUSD,1.35043,1.35044,1e-05,1,Sydney,Friday
2026-01-23 01:17:39,ICMarkets Raw,USDJPY,158.416,158.416,0.0,0,Sydney,Friday
2026-01-23 01:17:40,ICMarkets Raw,AUDUSD,0.68388,0.68388,0.0,0,Sydney,Friday
2026-01-23 01:17:43,VantageMarkets Raw,XAUUSD,4945.33,4945.41,0.08,8,Sydney,Friday
2026-01-23 01:17:44,VantageMarkets Raw,EURUSD,1.17561,1.17563,2e-05,2,Sydney,Friday
2026-01-23 01:17:45,VantageMarkets Raw,GBPUSD,1.35046,1.35047,1e-05,1,Sydney,Friday
2026-01-23 01:17:46,VantageMarkets Raw,USDJPY,158.417,158.418,0.001,1,Sydney,Friday
2026-01-23 01:17:47,VantageMarkets Raw,AUDUSD,0.68385,0.68389,4e-05,4,Sydney,Friday
2026-01-23 01:17:50,FPMarkets Raw,XAUUSD,4944.58,4944.65,0.07,7,Sydney,Friday
2026-01-23 01:17:51,FPMarkets Raw,EURUSD,1.1756,1.17563,3e-05,3,Sydney,Friday
2026-01-23 01:17:52,FPMarkets Raw,GBPUSD,1.35043,1.35049,6e-05,6,Sydney,Friday
2026-01-23 01:17:53,FPMarkets Raw,USDJPY,158.411,158.416,0.005,5,Sydney,Friday
2026-01-23 01:17:54,FPMarkets Raw,AUDUSD,0.68389,0.68393,4e-05,4,Sydney,Friday
2026-01-23 01:17:55,8Cap Raw,XAUUSD,4944.02,4944.18,0.16,16,Sydney,Friday
2026-01-23 01:17:56,8Cap Raw,EURUSD,1.17561,1.17561,0.0,0,Sydney,Friday
2026-01-23 01:17:57,8Cap Raw,GBPUSD,1.35045,1.35046,1e-05,1,Sydney,Friday
2026-01-23 01:17:57,8Cap Raw,USDJPY,158.416,158.417,0.001,1,Sydney,Friday
2026-01-23 01:17:58,8Cap Raw,AUDUSD,0.68385,0.68388,3e-05,3,Sydney,Friday
2026-01-23 01:22:16,Pepperstone Razor,XAUUSD,4944.45,4944.61,0.16,16,Sydney,Friday
2026-01-23 01:22:17,Pepperstone Razor,EURUSD,1.17571,1.17571,0.0,0,Sydney,Friday
2026-01-23 01:22:18,Pepperstone Razor,GBPUSD,1.35044,1.35045,1e-05,1,Sydney,Friday
2026-01-23 01:22:19,Pepperstone Razor,USDJPY,158.403,158.406,0.003,3,Sydney,Friday
2026-01-23 01:22:20,Pepperstone Razor,AUDUSD,0.68392,0.68393,1e-05,1,Sydney,Friday
2026-01-23 01:22:24,FusionMarkets Zero,XAUUSD,4945.57,4945.67,0.1,10,Sydney,Friday
2026-01-23 01:22:25,FusionMarkets Zero,EURUSD,1.17569,1.17569,0.0,0,Sydney,Friday
2026-01-23 01:22:26,FusionMarkets Zero,GBPUSD,1.35049,1.35049,0.0,0,Sydney,Friday
2026-01-23 01:22:26,FusionMarkets Zero,USDJPY,158.407,158.407,0.0,0,Sydney,Friday
2026-01-23 01:22:27,FusionMarkets Zero,AUDUSD,0.68394,0.68394,0.0,0,Sydney,Friday
2026-01-23 01:22:31,ThinkMarkets ThinkZero,XAUUSD,4945.76,4945.84,0.08,8,Sydney,Friday
2026-01-23 01:22:32,ThinkMarkets ThinkZero,EURUSD,1.17567,1.1757,3e-05,3,Sydney,Friday
2026-01-23 01:22:33,ThinkMarkets ThinkZero,GBPUSD,1.35047,1.35051,4e-05,4,Sydney,Friday
2026-01-23 01:22:33,ThinkMarkets ThinkZero,USDJPY,158.405,158.411,0.006,6,Sydney,Friday
2026-01-23 01:22:34,ThinkMarkets ThinkZero,AUDUSD,0.6839,0.68394,4e-05,4,Sydney,Friday
2026-01-23 01:22:37,ICMarkets Raw,XAUUSD,4945.6,4945.66,0.06,6,Sydney,Friday
2026-01-23 01:22:38,ICMarkets Raw,EURUSD,1.17568,1.17569,1e-05,1,Sydney,Friday
2026-01-23 01:22:39,ICMarkets Raw,GBPUSD,1.35047,1.35048,1e-05,1,Sydney,Friday
2026-01-23 01:22:40,ICMarkets Raw,USDJPY,158.405,158.405,0.0,0,Sydney,Friday
2026-01-23 01:22:41,ICMarkets Raw,AUDUSD,0.68394,0.68394,0.0,0,Sydney,Friday
2026-01-23 01:22:44,VantageMarkets Raw,XAUUSD,4944.8,4944.88,0.08,8,Sydney,Friday
2026-01-23 01:22:45,VantageMarkets Raw,EURUSD,1.1757,1.17572,2e-05,2,Sydney,Friday
2026-01-23 01:22:46,VantageMarkets Raw,GBPUSD,1.35049,1.3505,1e-05,1,Sydney,Friday
2026-01-23 01:22:47,VantageMarkets Raw,USDJPY,158.401,158.408,0.007,7,Sydney,Friday
2026-01-23 01:22:48,VantageMarkets Raw,AUDUSD,0.68391,0.68395,4e-05,4,Sydney,Friday
2026-01-23 01:22:51,FPMarkets Raw,XAUUSD,4945.25,4945.32,0.07,7,Sydney,Friday
2026-01-23 01:22:52,FPMarkets Raw,EURUSD,1.1757,1.17571,1e-05,1,Sydney,Friday
2026-01-23 01:22:53,FPMarkets Raw,GBPUSD,1.35047,1.35052,5e-05,5,Sydney,Friday
2026-01-23 01:22:54,FPMarkets Raw,USDJPY,158.403,158.408,0.005,5,Sydney,Friday
2026-01-23 01:22:55,FPMarkets Raw,AUDUSD,0.68391,0.68394,3e-05,3,Sydney,Friday
2026-01-23 01:22:57,8Cap Raw,XAUUSD,4945.42,4945.58,0.16,16,Sydney,Friday
2026-01-23 01:22:57,8Cap Raw,EURUSD,1.1757,1.17571,1e-05,1,Sydney,Friday
2026-01-23 01:22:58,8Cap Raw,GBPUSD,1.35048,1.35049,1e-05,1,Sydney,Friday
2026-01-23 01:22:59,8Cap Raw,USDJPY,158.405,158.406,0.001,1,Sydney,Friday
2026-01-23 01:22:59,8Cap Raw,AUDUSD,0.68391,0.68394,3e-05,3,Sydney,Friday
2026-01-23 01:27:17,Pepperstone Razor,XAUUSD,4940.23,4940.39,0.16,16,Sydney,Friday
2026-01-23 01:27:18,Pepperstone Razor,EURUSD,1.17575,1.17575,0.0,0,Sydney,Friday
2026-01-23 01:27:19,Pepperstone Razor,GBPUSD,1.35041,1.35042,1e-05,1,Sydney,Friday
2026-01-23 01:27:20,Pepperstone Razor,USDJPY,158.405,158.409,0.004,4,Sydney,Friday
2026-01-23 01:27:20,Pepperstone Razor,AUDUSD,0.68396,0.68397,1e-05,1,Sydney,Friday
2026-01-23 01:27:24,FusionMarkets Zero,XAUUSD,4939.94,4940.03,0.09,9,Sydney,Friday
2026-01-23 01:27:25,FusionMarkets Zero,EURUSD,1.17574,1.17574,0.0,0,Sydney,Friday
2026-01-23 01:27:26,FusionMarkets Zero,GBPUSD,1.35045,1.35045,0.0,0,Sydney,Friday
2026-01-23 01:27:26,FusionMarkets Zero,USDJPY,158.406,158.406,0.0,0,Sydney,Friday
2026-01-23 01:27:27,FusionMarkets Zero,AUDUSD,0.68396,0.68396,0.0,0,Sydney,Friday
2026-01-23 01:27:31,ThinkMarkets ThinkZero,XAUUSD,4940.99,4941.07,0.08,8,Sydney,Friday
2026-01-23 01:27:32,ThinkMarkets ThinkZero,EURUSD,1.1757,1.17576,6e-05,6,Sydney,Friday
2026-01-23 01:27:33,ThinkMarkets ThinkZero,GBPUSD,1.35041,1.35051,0.0001,10,Sydney,Friday
2026-01-23 01:27:34,ThinkMarkets ThinkZero,USDJPY,158.404,158.411,0.007,7,Sydney,Friday
2026-01-23 01:27:34,ThinkMarkets ThinkZero,AUDUSD,0.68391,0.68395,4e-05,4,Sydney,Friday
2026-01-23 01:27:38,ICMarkets Raw,XAUUSD,4941.28,4941.34,0.06,6,Sydney,Friday
2026-01-23 01:27:39,ICMarkets Raw,EURUSD,1.17574,1.17574,0.0,0,Sydney,Friday
2026-01-23 01:27:40,ICMarkets Raw,GBPUSD,1.35045,1.35046,1e-05,1,Sydney,Friday
2026-01-23 01:27:41,ICMarkets Raw,USDJPY,158.405,158.405,0.0,0,Sydney,Friday
2026-01-23 01:27:41,ICMarkets Raw,AUDUSD,0.68395,0.68396,1e-05,1,Sydney,Friday
2026-01-23 01:27:45,VantageMarkets Raw,XAUUSD,4941.48,4941.56,0.08,8,Sydney,Friday
2026-01-23 01:27:45,VantageMarkets Raw,EURUSD,1.17573,1.17575,2e-05,2,Sydney,Friday
2026-01-23 01:27:46,VantageMarkets Raw,GBPUSD,1.35045,1.35046,1e-05,1,Sydney,Friday
2026-01-23 01:27:47,VantageMarkets Raw,USDJPY,158.407,158.408,0.001,1,Sydney,Friday
2026-01-23 01:27:48,VantageMarkets Raw,AUDUSD,0.68395,0.68397,2e-05,2,Sydney,Friday
2026-01-23 01:27:52,FPMarkets Raw,XAUUSD,4941.39,4941.46,0.07,7,Sydney,Friday
2026-01-23 01:27:53,FPMarkets Raw,EURUSD,1.17575,1.17577,2e-05,2,Sydney,Friday
2026-01-23 01:27:54,FPMarkets Raw,GBPUSD,1.35045,1.35046,1e-05,1,Sydney,Friday
2026-01-23 01:27:55,FPMarkets Raw,USDJPY,158.404,158.41,0.006,6,Sydney,Friday
2026-01-23 01:27:56,FPMarkets Raw,AUDUSD,0.68393,0.68397,4e-05,4,Sydney,Friday
2026-01-23 01:27:57,8Cap Raw,XAUUSD,4941.57,4941.73,0.16,16,Sydney,Friday
2026-01-23 01:27:58,8Cap Raw,EURUSD,1.17573,1.17574,1e-05,1,Sydney,Friday
2026-01-23 01:27:59,8Cap Raw,GBPUSD,1.35045,1.35046,1e-05,1,Sydney,Friday
2026-01-23 01:27:59,8Cap Raw,USDJPY,158.406,158.407,0.001,1,Sydney,Friday
2026-01-23 01:28:00,8Cap Raw,AUDUSD,0.68393,0.68397,4e-05,4,Sydney,Friday
2026-01-23 01:32:17,Pepperstone Razor,XAUUSD,4932.71,4932.89,0.18,18,Sydney,Friday
2026-01-23 01:32:18,Pepperstone Razor,EURUSD,1.17554,1.17555,1e-05,1,Sydney,Friday
2026-01-23 01:32:19,Pepperstone Razor,GBPUSD,1.35011,1.35014,3e-05,3,Sydney,Friday
2026-01-23 01:32:20,Pepperstone Razor,USDJPY,158.412,158.414,0.002,2,Sydney,Friday
2026-01-23 01:32:21,Pepperstone Razor,AUDUSD,0.68386,0.68386,0.0,0,Sydney,Friday
2026-01-23 01:32:24,FusionMarkets Zero,XAUUSD,4932.92,4933.03,0.11,11,Sydney,Friday
2026-01-23 01:32:25,FusionMarkets Zero,EURUSD,1.17552,1.17552,0.0,0,Sydney,Friday
2026-01-23 01:32:26,FusionMarkets Zero,GBPUSD,1.35007,1.35007,0.0,0,Sydney,Friday
2026-01-23 01:32:27,FusionMarkets Zero,USDJPY,158.415,158.416,0.001,1,Sydney,Friday
2026-01-23 01:32:28,FusionMarkets Zero,AUDUSD,0.68387,0.68387,0.0,0,Sydney,Friday
2026-01-23 01:32:31,ThinkMarkets ThinkZero,XAUUSD,4933.64,4934.35,0.71,71,Sydney,Friday
2026-01-23 01:32:32,ThinkMarkets ThinkZero,EURUSD,1.17554,1.17557,3e-05,3,Sydney,Friday
2026-01-23 01:32:33,ThinkMarkets ThinkZero,GBPUSD,1.35004,1.35011,7e-05,7,Sydney,Friday
2026-01-23 01:32:34,ThinkMarkets ThinkZero,USDJPY,158.413,158.42,0.007,7,Sydney,Friday
2026-01-23 01:32:35,ThinkMarkets ThinkZero,AUDUSD,0.68384,0.68389,5e-05,5,Sydney,Friday
2026-01-23 01:32:38,ICMarkets Raw,XAUUSD,4934.52,4934.63,0.11,11,Sydney,Friday
2026-01-23 01:32:39,ICMarkets Raw,EURUSD,1.17556,1.17556,0.0,0,Sydney,Friday
2026-01-23 01:32:40,ICMarkets Raw,GBPUSD,1.35006,1.35007,1e-05,1,Sydney,Friday
2026-01-23 01:32:41,ICMarkets Raw,USDJPY,158.414,158.417,0.003,3,Sydney,Friday
2026-01-23 01:32:42,ICMarkets Raw,AUDUSD,0.68389,0.68389,0.0,0,Sydney,Friday
2026-01-23 01:32:45,VantageMarkets Raw,XAUUSD,4933.81,4933.89,0.08,8,Sydney,Friday
2026-01-23 01:32:46,VantageMarkets Raw,EURUSD,1.17553,1.17555,2e-05,2,Sydney,Friday
2026-01-23 01:32:47,VantageMarkets Raw,GBPUSD,1.35007,1.35009,2e-05,2,Sydney,Friday
2026-01-23 01:32:48,VantageMarkets Raw,USDJPY,158.417,158.418,0.001,1,Sydney,Friday
2026-01-23 01:32:49,VantageMarkets Raw,AUDUSD,0.68388,0.68391,3e-05,3,Sydney,Friday
2026-01-23 01:32:52,FPMarkets Raw,XAUUSD,4934.17,4934.24,0.07,7,Sydney,Friday
2026-01-23 01:32:53,FPMarkets Raw,EURUSD,1.17553,1.17554,1e-05,1,Sydney,Friday
2026-01-23 01:32:54,FPMarkets Raw,GBPUSD,1.35003,1.35008,5e-05,5,Sydney,Friday
2026-01-23 01:32:55,FPMarkets Raw,USDJPY,158.412,158.417,0.005,5,Sydney,Friday
2026-01-23 01:32:56,FPMarkets Raw,AUDUSD,0.68388,0.68392,4e-05,4,Sydney,Friday
2026-01-23 01:32:58,8Cap Raw,XAUUSD,4934.97,4935.13,0.16,16,Sydney,Friday
2026-01-23 01:32:58,8Cap Raw,EURUSD,1.17553,1.17553,0.0,0,Sydney,Friday
2026-01-23 01:32:59,8Cap Raw,GBPUSD,1.35006,1.3501,4e-05,4,Sydney,Friday
2026-01-23 01:33:00,8Cap Raw,USDJPY,158.416,158.417,0.001,1,Sydney,Friday
2026-01-23 01:33:01,8Cap Raw,AUDUSD,0.68388,0.68391,3e-05,3,Sydney,Friday
2026-01-23 01:37:17,Pepperstone Razor,XAUUSD,4934.23,4934.38,0.15,15,Sydney,Friday
2026-01-23 01:37:18,Pepperstone Razor,EURUSD,1.1755,1.1755,0.0,0,Sydney,Friday
2026-01-23 01:37:19,Pepperstone Razor,GBPUSD,1.35007,1.35008,1e-05,1,Sydney,Friday
2026-01-23 01:37:19,Pepperstone Razor,USDJPY,158.434,158.437,0.003,3,Sydney,Friday
2026-01-23 01:37:20,Pepperstone Razor,AUDUSD,0.6839,0.6839,0.0,0,Sydney,Friday
2026-01-23 01:37:24,FusionMarkets Zero,XAUUSD,4934.31,4934.4,0.09,9,Sydney,Friday
2026-01-23 01:37:25,FusionMarkets Zero,EURUSD,1.17549,1.17549,0.0,0,Sydney,Friday
2026-01-23 01:37:26,FusionMarkets Zero,GBPUSD,1.35016,1.35016,0.0,0,Sydney,Friday
2026-01-23 01:37:27,FusionMarkets Zero,USDJPY,158.42,158.422,0.002,2,Sydney,Friday
2026-01-23 01:37:28,FusionMarkets Zero,AUDUSD,0.68394,0.68394,0.0,0,Sydney,Friday
2026-01-23 01:37:31,ThinkMarkets ThinkZero,XAUUSD,4934.88,4934.96,0.08,8,Sydney,Friday
2026-01-23 01:37:32,ThinkMarkets ThinkZero,EURUSD,1.17547,1.17551,4e-05,4,Sydney,Friday
2026-01-23 01:37:33,ThinkMarkets ThinkZero,GBPUSD,1.35011,1.35018,7e-05,7,Sydney,Friday
2026-01-23 01:37:34,ThinkMarkets ThinkZero,USDJPY,158.419,158.424,0.005,5,Sydney,Friday
2026-01-23 01:37:35,ThinkMarkets ThinkZero,AUDUSD,0.6839,0.68395,5e-05,5,Sydney,Friday
2026-01-23 01:37:38,ICMarkets Raw,XAUUSD,4934.22,4934.27,0.05,5,Sydney,Friday
2026-01-23 01:37:39,ICMarkets Raw,EURUSD,1.17551,1.17551,0.0,0,Sydney,Friday
2026-01-23 01:37:40,ICMarkets Raw,GBPUSD,1.35014,1.35015,1e-05,1,Sydney,Friday
2026-01-23 01:37:41,ICMarkets Raw,USDJPY,158.42,158.421,0.001,1,Sydney,Friday
2026-01-23 01:37:42,ICMarkets Raw,AUDUSD,0.68394,0.68395,1e-05,1,Sydney,Friday
2026-01-23 01:37:45,VantageMarkets Raw,XAUUSD,4934.1,4934.18,0.08,8,Sydney,Friday
2026-01-23 01:37:46,VantageMarkets Raw,EURUSD,1.17551,1.17553,2e-05,2,Sydney,Friday
2026-01-23 01:37:46,VantageMarkets Raw,GBPUSD,1.35013,1.35017,4e-05,4,Sydney,Friday
2026-01-23 01:37:47,VantageMarkets Raw,USDJPY,158.412,158.414,0.002,2,Sydney,Friday
2026-01-23 01:37:48,VantageMarkets Raw,AUDUSD,0.68393,0.68396,3e-05,3,Sydney,Friday
2026-01-23 01:37:52,FPMarkets Raw,XAUUSD,4934.28,4934.35,0.07,7,Sydney,Friday
2026-01-23 01:37:53,FPMarkets Raw,EURUSD,1.17551,1.17551,0.0,0,Sydney,Friday
2026-01-23 01:37:53,FPMarkets Raw,GBPUSD,1.35011,1.35016,5e-05,5,Sydney,Friday
2026-01-23 01:37:54,FPMarkets Raw,USDJPY,158.41,158.415,0.005,5,Sydney,Friday
2026-01-23 01:37:55,FPMarkets Raw,AUDUSD,0.68391,0.68395,4e-05,4,Sydney,Friday
2026-01-23 01:37:57,8Cap Raw,XAUUSD,4934.83,4934.99,0.16,16,Sydney,Friday
2026-01-23 01:37:58,8Cap Raw,EURUSD,1.17551,1.17552,1e-05,1,Sydney,Friday
2026-01-23 01:37:59,8Cap Raw,GBPUSD,1.35015,1.35016,1e-05,1,Sydney,Friday
2026-01-23 01:38:00,8Cap Raw,USDJPY,158.411,158.412,0.001,1,Sydney,Friday
2026-01-23 01:38:00,8Cap Raw,AUDUSD,0.68392,0.68396,4e-05,4,Sydney,Friday
2026-01-23 01:42:17,Pepperstone Razor,XAUUSD,4935.2,4935.35,0.15,15,Sydney,Friday
2026-01-23 01:42:18,Pepperstone Razor,EURUSD,1.17542,1.17542,0.0,0,Sydney,Friday
2026-01-23 01:42:19,Pepperstone Razor,GBPUSD,1.35002,1.35005,3e-05,3,Sydney,Friday
2026-01-23 01:42:19,Pepperstone Razor,USDJPY,158.419,158.422,0.003,3,Sydney,Friday
2026-01-23 01:42:20,Pepperstone Razor,AUDUSD,0.68388,0.68388,0.0,0,Sydney,Friday
2026-01-23 01:42:24,FusionMarkets Zero,XAUUSD,4935.43,4935.52,0.09,9,Sydney,Friday
2026-01-23 01:42:25,FusionMarkets Zero,EURUSD,1.1754,1.1754,0.0,0,Sydney,Friday
2026-01-23 01:42:26,FusionMarkets Zero,GBPUSD,1.35002,1.35002,0.0,0,Sydney,Friday
2026-01-23 01:42:27,FusionMarkets Zero,USDJPY,158.422,158.422,0.0,0,Sydney,Friday
2026-01-23 01:42:28,FusionMarkets Zero,AUDUSD,0.6839,0.6839,0.0,0,Sydney,Friday
2026-01-23 01:42:31,ThinkMarkets ThinkZero,XAUUSD,4935.2,4935.28,0.08,8,Sydney,Friday
2026-01-23 01:42:32,ThinkMarkets ThinkZero,EURUSD,1.17537,1.17541,4e-05,4,Sydney,Friday
2026-01-23 01:42:33,ThinkMarkets ThinkZero,GBPUSD,1.34998,1.35005,7e-05,7,Sydney,Friday
2026-01-23 01:42:34,ThinkMarkets ThinkZero,USDJPY,158.421,158.425,0.004,4,Sydney,Friday
2026-01-23 01:42:35,ThinkMarkets ThinkZero,AUDUSD,0.68389,0.68393,4e-05,4,Sydney,Friday
2026-01-23 01:42:38,ICMarkets Raw,XAUUSD,4936.3,4936.35,0.05,5,Sydney,Friday
2026-01-23 01:42:39,ICMarkets Raw,EURUSD,1.17543,1.17543,0.0,0,Sydney,Friday
2026-01-23 01:42:40,ICMarkets Raw,GBPUSD,1.35003,1.35004,1e-05,1,Sydney,Friday
2026-01-23 01:42:41,ICMarkets Raw,USDJPY,158.423,158.423,0.0,0,Sydney,Friday
2026-01-23 01:42:42,ICMarkets Raw,AUDUSD,0.6839,0.68392,2e-05,2,Sydney,Friday
2026-01-23 01:42:45,VantageMarkets Raw,XAUUSD,4936.5,4936.58,0.08,8,Sydney,Friday
2026-01-23 01:42:46,VantageMarkets Raw,EURUSD,1.17542,1.17544,2e-05,2,Sydney,Friday
2026-01-23 01:42:47,VantageMarkets Raw,GBPUSD,1.34998,1.35004,6e-05,6,Sydney,Friday
2026-01-23 01:42:47,VantageMarkets Raw,USDJPY,158.423,158.424,0.001,1,Sydney,Friday
2026-01-23 01:42:48,VantageMarkets Raw,AUDUSD,0.6839,0.68393,3e-05,3,Sydney,Friday
2026-01-23 01:42:52,FPMarkets Raw,XAUUSD,4936.68,4936.75,0.07,7,Sydney,Friday
2026-01-23 01:42:53,FPMarkets Raw,EURUSD,1.17538,1.17539,1e-05,1,Sydney,Friday
2026-01-23 01:42:54,FPMarkets Raw,GBPUSD,1.34996,1.35001,5e-05,5,Sydney,Friday
2026-01-23 01:42:55,FPMarkets Raw,USDJPY,158.431,158.435,0.004,4,Sydney,Friday
2026-01-23 01:42:56,FPMarkets Raw,AUDUSD,0.68389,0.68392,3e-05,3,Sydney,Friday
2026-01-23 01:42:57,8Cap Raw,XAUUSD,4936.29,4936.45,0.16,16,Sydney,Friday
2026-01-23 01:42:58,8Cap Raw,EURUSD,1.17539,1.1754,1e-05,1,Sydney,Friday
2026-01-23 01:42:59,8Cap Raw,GBPUSD,1.34998,1.35001,3e-05,3,Sydney,Friday
2026-01-23 01:42:59,8Cap Raw,USDJPY,158.431,158.435,0.004,4,Sydney,Friday
2026-01-23 01:43:00,8Cap Raw,AUDUSD,0.6839,0.68392,2e-05,2,Sydney,Friday
2026-01-23 01:47:17,Pepperstone Razor,XAUUSD,4943.47,4943.71,0.24,24,Sydney,Friday
2026-01-23 01:47:18,Pepperstone Razor,EURUSD,1.17538,1.17539,1e-05,1,Sydney,Friday
2026-01-23 01:47:19,Pepperstone Razor,GBPUSD,1.35002,1.35005,3e-05,3,Sydney,Friday
2026-01-23 01:47:20,Pepperstone Razor,USDJPY,158.46,158.462,0.002,2,Sydney,Friday
2026-01-23 01:47:21,Pepperstone Razor,AUDUSD,0.68397,0.68398,1e-05,1,Sydney,Friday
2026-01-23 01:47:24,FusionMarkets Zero,XAUUSD,4944.08,4944.21,0.13,13,Sydney,Friday
2026-01-23 01:47:25,FusionMarkets Zero,EURUSD,1.17538,1.17538,0.0,0,Sydney,Friday
2026-01-23 01:47:26,FusionMarkets Zero,GBPUSD,1.34995,1.34995,0.0,0,Sydney,Friday
2026-01-23 01:47:27,FusionMarkets Zero,USDJPY,158.463,158.465,0.002,2,Sydney,Friday
2026-01-23 01:47:28,FusionMarkets Zero,AUDUSD,0.68398,0.68398,0.0,0,Sydney,Friday
2026-01-23 01:47:32,ThinkMarkets ThinkZero,XAUUSD,4947.95,4948.03,0.08,8,Sydney,Friday
2026-01-23 01:47:33,ThinkMarkets ThinkZero,EURUSD,1.17535,1.17539,4e-05,4,Sydney,Friday
2026-01-23 01:47:34,ThinkMarkets ThinkZero,GBPUSD,1.3499,1.34998,8e-05,8,Sydney,Friday
2026-01-23 01:47:35,ThinkMarkets ThinkZero,USDJPY,158.482,158.489,0.007,7,Sydney,Friday
2026-01-23 01:47:35,ThinkMarkets ThinkZero,AUDUSD,0.68392,0.68397,5e-05,5,Sydney,Friday
2026-01-23 01:47:39,ICMarkets Raw,XAUUSD,4950.07,4950.19,0.12,12,Sydney,Friday
2026-01-23 01:47:40,ICMarkets Raw,EURUSD,1.17535,1.17535,0.0,0,Sydney,Friday
2026-01-23 01:47:41,ICMarkets Raw,GBPUSD,1.34994,1.34996,2e-05,2,Sydney,Friday
2026-01-23 01:47:41,ICMarkets Raw,USDJPY,158.475,158.477,0.002,2,Sydney,Friday
2026-01-23 01:47:42,ICMarkets Raw,AUDUSD,0.68399,0.68399,0.0,0,Sydney,Friday
2026-01-23 01:47:46,VantageMarkets Raw,XAUUSD,4951.05,4951.13,0.08,8,Sydney,Friday
2026-01-23 01:47:46,VantageMarkets Raw,EURUSD,1.17537,1.17539,2e-05,2,Sydney,Friday
2026-01-23 01:47:47,VantageMarkets Raw,GBPUSD,1.34996,1.35,4e-05,4,Sydney,Friday
2026-01-23 01:47:48,VantageMarkets Raw,USDJPY,158.474,158.476,0.002,2,Sydney,Friday
2026-01-23 01:47:49,VantageMarkets Raw,AUDUSD,0.68396,0.684,4e-05,4,Sydney,Friday
2026-01-23 01:47:52,FPMarkets Raw,XAUUSD,4952.32,4952.39,0.07,7,Sydney,Friday
2026-01-23 01:47:53,FPMarkets Raw,EURUSD,1.1754,1.17541,1e-05,1,Sydney,Friday
2026-01-23 01:47:54,FPMarkets Raw,GBPUSD,1.34993,1.34998,5e-05,5,Sydney,Friday
2026-01-23 01:47:55,FPMarkets Raw,USDJPY,158.474,158.478,0.004,4,Sydney,Friday
2026-01-23 01:47:56,FPMarkets Raw,AUDUSD,0.68397,0.684,3e-05,3,Sydney,Friday
2026-01-23 01:47:58,8Cap Raw,XAUUSD,4953.78,4953.94,0.16,16,Sydney,Friday
2026-01-23 01:47:59,8Cap Raw,EURUSD,1.17541,1.17542,1e-05,1,Sydney,Friday
2026-01-23 01:48:00,8Cap Raw,GBPUSD,1.35,1.35004,4e-05,4,Sydney,Friday
2026-01-23 01:48:00,8Cap Raw,USDJPY,158.458,158.463,0.005,5,Sydney,Friday
2026-01-23 01:48:01,8Cap Raw,AUDUSD,0.68397,0.684,3e-05,3,Sydney,Friday
2026-01-23 01:52:17,Pepperstone Razor,XAUUSD,4954.14,4954.34,0.2,20,Sydney,Friday
2026-01-23 01:52:18,Pepperstone Razor,EURUSD,1.17537,1.17537,0.0,0,Sydney,Friday
2026-01-23 01:52:19,Pepperstone Razor,GBPUSD,1.34996,1.35,4e-05,4,Sydney,Friday
2026-01-23 01:52:19,Pepperstone Razor,USDJPY,158.507,158.509,0.002,2,Sydney,Friday
2026-01-23 01:52:20,Pepperstone Razor,AUDUSD,0.68394,0.68396,2e-05,2,Sydney,Friday
2026-01-23 01:52:24,FusionMarkets Zero,XAUUSD,4953.31,4953.45,0.14,14,Sydney,Friday
2026-01-23 01:52:25,FusionMarkets Zero,EURUSD,1.17534,1.17534,0.0,0,Sydney,Friday
2026-01-23 01:52:26,FusionMarkets Zero,GBPUSD,1.34998,1.34998,0.0,0,Sydney,Friday
2026-01-23 01:52:27,FusionMarkets Zero,USDJPY,158.515,158.515,0.0,0,Sydney,Friday
2026-01-23 01:52:28,FusionMarkets Zero,AUDUSD,0.68396,0.68396,0.0,0,Sydney,Friday
2026-01-23 01:52:31,ThinkMarkets ThinkZero,XAUUSD,4952.4,4952.48,0.08,8,Sydney,Friday
2026-01-23 01:52:32,ThinkMarkets ThinkZero,EURUSD,1.17531,1.17535,4e-05,4,Sydney,Friday
2026-01-23 01:52:33,ThinkMarkets ThinkZero,GBPUSD,1.3499,1.34996,6e-05,6,Sydney,Friday
2026-01-23 01:52:34,ThinkMarkets ThinkZero,USDJPY,158.521,158.525,0.004,4,Sydney,Friday
2026-01-23 01:52:35,ThinkMarkets ThinkZero,AUDUSD,0.68391,0.68394,3e-05,3,Sydney,Friday
2026-01-23 01:52:38,ICMarkets Raw,XAUUSD,4955.47,4955.59,0.12,12,Sydney,Friday
2026-01-23 01:52:39,ICMarkets Raw,EURUSD,1.17535,1.17535,0.0,0,Sydney,Friday
2026-01-23 01:52:40,ICMarkets Raw,GBPUSD,1.34993,1.34995,2e-05,2,Sydney,Friday
2026-01-23 01:52:41,ICMarkets Raw,USDJPY,158.517,158.519,0.002,2,Sydney,Friday
2026-01-23 01:52:42,ICMarkets Raw,AUDUSD,0.68394,0.68394,0.0,0,Sydney,Friday
2026-01-23 01:52:45,VantageMarkets Raw,XAUUSD,4956.05,4956.13,0.08,8,Sydney,Friday
2026-01-23 01:52:46,VantageMarkets Raw,EURUSD,1.17535,1.17536,1e-05,1,Sydney,Friday
2026-01-23 01:52:47,VantageMarkets Raw,GBPUSD,1.34995,1.34996,1e-05,1,Sydney,Friday
2026-01-23 01:52:48,VantageMarkets Raw,USDJPY,158.517,158.519,0.002,2,Sydney,Friday
2026-01-23 01:52:49,VantageMarkets Raw,AUDUSD,0.68393,0.68396,3e-05,3,Sydney,Friday
2026-01-23 01:52:52,FPMarkets Raw,XAUUSD,4955.65,4955.72,0.07,7,Sydney,Friday
2026-01-23 01:52:53,FPMarkets Raw,EURUSD,1.17534,1.17536,2e-05,2,Sydney,Friday
2026-01-23 01:52:54,FPMarkets Raw,GBPUSD,1.34997,1.34997,0.0,0,Sydney,Friday
2026-01-23 01:52:55,FPMarkets Raw,USDJPY,158.51,158.514,0.004,4,Sydney,Friday
2026-01-23 01:52:56,FPMarkets Raw,AUDUSD,0.68391,0.68394,3e-05,3,Sydney,Friday
2026-01-23 01:52:58,8Cap Raw,XAUUSD,4955.2,4955.36,0.16,16,Sydney,Friday
2026-01-23 01:52:58,8Cap Raw,EURUSD,1.17536,1.17537,1e-05,1,Sydney,Friday
2026-01-23 01:52:59,8Cap Raw,GBPUSD,1.34996,1.34997,1e-05,1,Sydney,Friday
2026-01-23 01:53:00,8Cap Raw,USDJPY,158.509,158.511,0.002,2,Sydney,Friday
2026-01-23 01:53:00,8Cap Raw,AUDUSD,0.68392,0.68395,3e-05,3,Sydney,Friday
2026-01-23 01:57:17,Pepperstone Razor,XAUUSD,4957.8,4957.97,0.17,17,Sydney,Friday
2026-01-23 01:57:18,Pepperstone Razor,EURUSD,1.17541,1.17541,0.0,0,Sydney,Friday
2026-01-23 01:57:19,Pepperstone Razor,GBPUSD,1.35,1.35003,3e-05,3,Sydney,Friday
2026-01-23 01:57:19,Pepperstone Razor,USDJPY,158.497,158.501,0.004,4,Sydney,Friday
2026-01-23 01:57:20,Pepperstone Razor,AUDUSD,0.684,0.68401,1e-05,1,Sydney,Friday
2026-01-23 01:57:29,FusionMarkets Zero,XAUUSD,4957.14,4957.28,0.14,14,Sydney,Friday
2026-01-23 01:57:30,FusionMarkets Zero,EURUSD,1.17539,1.17539,0.0,0,Sydney,Friday
2026-01-23 01:57:31,FusionMarkets Zero,GBPUSD,1.35002,1.35002,0.0,0,Sydney,Friday
2026-01-23 01:57:32,FusionMarkets Zero,USDJPY,158.496,158.496,0.0,0,Sydney,Friday
2026-01-23 01:57:33,FusionMarkets Zero,AUDUSD,0.684,0.684,0.0,0,Sydney,Friday
2026-01-23 01:57:36,ThinkMarkets ThinkZero,XAUUSD,4957.28,4957.36,0.08,8,Sydney,Friday
2026-01-23 01:57:37,ThinkMarkets ThinkZero,EURUSD,1.17538,1.17541,3e-05,3,Sydney,Friday
2026-01-23 01:57:38,ThinkMarkets ThinkZero,GBPUSD,1.35001,1.35005,4e-05,4,Sydney,Friday
2026-01-23 01:57:39,ThinkMarkets ThinkZero,USDJPY,158.493,158.499,0.006,6,Sydney,Friday
2026-01-23 01:57:40,ThinkMarkets ThinkZero,AUDUSD,0.68398,0.68401,3e-05,3,Sydney,Friday
2026-01-23 01:57:43,ICMarkets Raw,XAUUSD,4956.83,4956.91,0.08,8,Sydney,Friday
2026-01-23 01:57:44,ICMarkets Raw,EURUSD,1.17541,1.17541,0.0,0,Sydney,Friday
2026-01-23 01:57:45,ICMarkets Raw,GBPUSD,1.35003,1.35004,1e-05,1,Sydney,Friday
2026-01-23 01:57:46,ICMarkets Raw,USDJPY,158.494,158.495,0.001,1,Sydney,Friday
2026-01-23 01:57:47,ICMarkets Raw,AUDUSD,0.68401,0.68402,1e-05,1,Sydney,Friday
2026-01-23 01:57:50,VantageMarkets Raw,XAUUSD,4957.3,4957.38,0.08,8,Sydney,Friday
2026-01-23 01:57:51,VantageMarkets Raw,EURUSD,1.17541,1.17543,2e-05,2,Sydney,Friday
2026-01-23 01:57:52,VantageMarkets Raw,GBPUSD,1.35002,1.35003,1e-05,1,Sydney,Friday
2026-01-23 01:57:53,VantageMarkets Raw,USDJPY,158.496,158.498,0.002,2,Sydney,Friday
2026-01-23 01:57:54,VantageMarkets Raw,AUDUSD,0.68399,0.68402,3e-05,3,Sydney,Friday
2026-01-23 01:57:57,FPMarkets Raw,XAUUSD,4956.99,4957.06,0.07,7,Sydney,Friday
2026-01-23 01:57:58,FPMarkets Raw,EURUSD,1.17539,1.17541,2e-05,2,Sydney,Friday
2026-01-23 01:57:59,FPMarkets Raw,GBPUSD,1.35002,1.35003,1e-05,1,Sydney,Friday
2026-01-23 01:58:00,FPMarkets Raw,USDJPY,158.491,158.502,0.011,11,Sydney,Friday
2026-01-23 01:58:01,FPMarkets Raw,AUDUSD,0.68398,0.68401,3e-05,3,Sydney,Friday
2026-01-23 01:58:03,8Cap Raw,XAUUSD,4957.78,4957.94,0.16,16,Sydney,Friday
2026-01-23 01:58:03,8Cap Raw,EURUSD,1.1754,1.17541,1e-05,1,Sydney,Friday
2026-01-23 01:58:04,8Cap Raw,GBPUSD,1.35003,1.35004,1e-05,1,Sydney,Friday
2026-01-23 01:58:05,8Cap Raw,USDJPY,158.506,158.507,0.001,1,Sydney,Friday
2026-01-23 01:58:05,8Cap Raw,AUDUSD,0.68399,0.68402,3e-05,3,Sydney,Friday
2026-01-23 02:02:16,Pepperstone Razor,XAUUSD,4959.62,4959.77,0.15,15,Sydney,Friday
2026-01-23 02:02:17,Pepperstone Razor,EURUSD,1.17517,1.17517,0.0,0,Sydney,Friday
2026-01-23 02:02:18,Pepperstone Razor,GBPUSD,1.34982,1.34985,3e-05,3,Sydney,Friday
2026-01-23 02:02:19,Pepperstone Razor,USDJPY,158.506,158.509,0.003,3,Sydney,Friday
2026-01-23 02:02:20,Pepperstone Razor,AUDUSD,0.68407,0.68407,0.0,0,Sydney,Friday
2026-01-23 02:02:23,FusionMarkets Zero,XAUUSD,4961.28,4961.37,0.09,9,Sydney,Friday
2026-01-23 02:02:24,FusionMarkets Zero,EURUSD,1.17518,1.17518,0.0,0,Sydney,Friday
2026-01-23 02:02:25,FusionMarkets Zero,GBPUSD,1.34986,1.34986,0.0,0,Sydney,Friday
2026-01-23 02:02:26,FusionMarkets Zero,USDJPY,158.507,158.508,0.001,1,Sydney,Friday
2026-01-23 02:02:27,FusionMarkets Zero,AUDUSD,0.68407,0.68407,0.0,0,Sydney,Friday
2026-01-23 02:02:30,ThinkMarkets ThinkZero,XAUUSD,4962.25,4962.33,0.08,8,Sydney,Friday
2026-01-23 02:02:31,ThinkMarkets ThinkZero,EURUSD,1.17516,1.1752,4e-05,4,Sydney,Friday
2026-01-23 02:02:32,ThinkMarkets ThinkZero,GBPUSD,1.34984,1.3499,6e-05,6,Sydney,Friday
2026-01-23 02:02:33,ThinkMarkets ThinkZero,USDJPY,158.502,158.505,0.003,3,Sydney,Friday
2026-01-23 02:02:33,ThinkMarkets ThinkZero,AUDUSD,0.68405,0.68408,3e-05,3,Sydney,Friday
2026-01-23 02:02:36,ICMarkets Raw,XAUUSD,4962.43,4962.48,0.05,5,Sydney,Friday
2026-01-23 02:02:37,ICMarkets Raw,EURUSD,1.17519,1.1752,1e-05,1,Sydney,Friday
2026-01-23 02:02:38,ICMarkets Raw,GBPUSD,1.34987,1.34988,1e-05,1,Sydney,Friday
2026-01-23 02:02:39,ICMarkets Raw,USDJPY,158.499,158.5,0.001,1,Sydney,Friday
2026-01-23 02:02:40,ICMarkets Raw,AUDUSD,0.6841,0.6841,0.0,0,Sydney,Friday
2026-01-23 02:02:43,VantageMarkets Raw,XAUUSD,4960.63,4960.71,0.08,8,Sydney,Friday
2026-01-23 02:02:44,VantageMarkets Raw,EURUSD,1.17517,1.17522,5e-05,5,Sydney,Friday
2026-01-23 02:02:45,VantageMarkets Raw,GBPUSD,1.34985,1.34989,4e-05,4,Sydney,Friday
2026-01-23 02:02:45,VantageMarkets Raw,USDJPY,158.482,158.492,0.01,10,Sydney,Friday
2026-01-23 02:02:46,VantageMarkets Raw,AUDUSD,0.68408,0.68411,3e-05,3,Sydney,Friday
2026-01-23 02:02:50,FPMarkets Raw,XAUUSD,4961.52,4961.59,0.07,7,Sydney,Friday
2026-01-23 02:02:51,FPMarkets Raw,EURUSD,1.17519,1.17521,2e-05,2,Sydney,Friday
2026-01-23 02:02:51,FPMarkets Raw,GBPUSD,1.34984,1.34989,5e-05,5,Sydney,Friday
2026-01-23 02:02:52,FPMarkets Raw,USDJPY,158.472,158.477,0.005,5,Sydney,Friday
2026-01-23 02:02:53,FPMarkets Raw,AUDUSD,0.68406,0.6841,4e-05,4,Sydney,Friday
2026-01-23 02:02:56,8Cap Raw,XAUUSD,4961.34,4961.5,0.16,16,Sydney,Friday
2026-01-23 02:02:56,8Cap Raw,EURUSD,1.17518,1.17519,1e-05,1,Sydney,Friday
2026-01-23 02:02:57,8Cap Raw,GBPUSD,1.34985,1.34989,4e-05,4,Sydney,Friday
2026-01-23 02:03:06,8Cap Raw,USDJPY,158.468,158.469,0.001,1,Sydney,Friday
2026-01-23 02:03:07,8Cap Raw,AUDUSD,0.68401,0.68404,3e-05,3,Sydney,Friday
2026-01-23 02:07:16,Pepperstone Razor,XAUUSD,4959.21,4959.37,0.16,16,Sydney,Friday
2026-01-23 02:07:17,Pepperstone Razor,EURUSD,1.17496,1.17496,0.0,0,Sydney,Friday
2026-01-23 02:07:18,Pepperstone Razor,GBPUSD,1.34958,1.34961,3e-05,3,Sydney,Friday
2026-01-23 02:07:18,Pepperstone Razor,USDJPY,158.53,158.533,0.003,3,Sydney,Friday
2026-01-23 02:07:19,Pepperstone Razor,AUDUSD,0.68394,0.68395,1e-05,1,Sydney,Friday
2026-01-23 02:07:22,FusionMarkets Zero,XAUUSD,4958.48,4958.57,0.09,9,Sydney,Friday
2026-01-23 02:07:23,FusionMarkets Zero,EURUSD,1.17495,1.17495,0.0,0,Sydney,Friday
2026-01-23 02:07:24,FusionMarkets Zero,GBPUSD,1.34958,1.34958,0.0,0,Sydney,Friday
2026-01-23 02:07:25,FusionMarkets Zero,USDJPY,158.534,158.534,0.0,0,Sydney,Friday
2026-01-23 02:07:26,FusionMarkets Zero,AUDUSD,0.68394,0.68394,0.0,0,Sydney,Friday
2026-01-23 02:07:28,ThinkMarkets ThinkZero,XAUUSD,4958.4,4958.48,0.08,8,Sydney,Friday
2026-01-23 02:07:29,ThinkMarkets ThinkZero,EURUSD,1.17494,1.17497,3e-05,3,Sydney,Friday
2026-01-23 02:07:30,ThinkMarkets ThinkZero,GBPUSD,1.34954,1.34961,7e-05,7,Sydney,Friday
2026-01-23 02:07:31,ThinkMarkets ThinkZero,USDJPY,158.531,158.536,0.005,5,Sydney,Friday
2026-01-23 02:07:32,ThinkMarkets ThinkZero,AUDUSD,0.68392,0.68395,3e-05,3,Sydney,Friday
2026-01-23 02:07:34,ICMarkets Raw,XAUUSD,4958.66,4958.71,0.05,5,Sydney,Friday
2026-01-23 02:07:35,ICMarkets Raw,EURUSD,1.17493,1.17493,0.0,0,Sydney,Friday
2026-01-23 02:07:36,ICMarkets Raw,GBPUSD,1.34957,1.34958,1e-05,1,Sydney,Friday
2026-01-23 02:07:37,ICMarkets Raw,USDJPY,158.53,158.531,0.001,1,Sydney,Friday
2026-01-23 02:07:38,ICMarkets Raw,AUDUSD,0.68395,0.68395,0.0,0,Sydney,Friday
2026-01-23 02:07:41,VantageMarkets Raw,XAUUSD,4958.86,4958.94,0.08,8,Sydney,Friday
2026-01-23 02:07:42,VantageMarkets Raw,EURUSD,1.17492,1.17496,4e-05,4,Sydney,Friday
2026-01-23 02:07:42,VantageMarkets Raw,GBPUSD,1.34956,1.34957,1e-05,1,Sydney,Friday
2026-01-23 02:07:43,VantageMarkets Raw,USDJPY,158.53,158.532,0.002,2,Sydney,Friday
2026-01-23 02:07:44,VantageMarkets Raw,AUDUSD,0.68391,0.68395,4e-05,4,Sydney,Friday
2026-01-23 02:07:47,FPMarkets Raw,XAUUSD,4959.38,4959.45,0.07,7,Sydney,Friday
2026-01-23 02:07:48,FPMarkets Raw,EURUSD,1.17493,1.17494,1e-05,1,Sydney,Friday
2026-01-23 02:07:49,FPMarkets Raw,GBPUSD,1.34955,1.3496,5e-05,5,Sydney,Friday
2026-01-23 02:07:50,FPMarkets Raw,USDJPY,158.531,158.535,0.004,4,Sydney,Friday
2026-01-23 02:07:51,FPMarkets Raw,AUDUSD,0.68392,0.68395,3e-05,3,Sydney,Friday
2026-01-23 02:07:53,8Cap Raw,XAUUSD,4959.32,4959.48,0.16,16,Sydney,Friday
2026-01-23 02:07:53,8Cap Raw,EURUSD,1.17493,1.17495,2e-05,2,Sydney,Friday
2026-01-23 02:07:54,8Cap Raw,GBPUSD,1.34956,1.34957,1e-05,1,Sydney,Friday
2026-01-23 02:07:55,8Cap Raw,USDJPY,158.532,158.533,0.001,1,Sydney,Friday
2026-01-23 02:07:55,8Cap Raw,AUDUSD,0.68392,0.68395,3e-05,3,Sydney,Friday
2026-01-23 02:12:16,Pepperstone Razor,XAUUSD,4952.9,4953.05,0.15,15,Sydney,Friday
2026-01-23 02:12:17,Pepperstone Razor,EURUSD,1.17498,1.17498,0.0,0,Sydney,Friday
2026-01-23 02:12:18,Pepperstone Razor,GBPUSD,1.34968,1.3497,2e-05,2,Sydney,Friday
2026-01-23 02:12:19,Pepperstone Razor,USDJPY,158.557,158.56,0.003,3,Sydney,Friday
2026-01-23 02:12:20,Pepperstone Razor,AUDUSD,0.68399,0.68399,0.0,0,Sydney,Friday
2026-01-23 02:12:22,FusionMarkets Zero,XAUUSD,4953.47,4953.55,0.08,8,Sydney,Friday
2026-01-23 02:12:23,FusionMarkets Zero,EURUSD,1.17502,1.17502,0.0,0,Sydney,Friday
2026-01-23 02:12:24,FusionMarkets Zero,GBPUSD,1.34972,1.34972,0.0,0,Sydney,Friday
2026-01-23 02:12:25,FusionMarkets Zero,USDJPY,158.56,158.56,0.0,0,Sydney,Friday
2026-01-23 02:12:26,FusionMarkets Zero,AUDUSD,0.684,0.684,0.0,0,Sydney,Friday
2026-01-23 02:12:29,ThinkMarkets ThinkZero,XAUUSD,4953.39,4953.47,0.08,8,Sydney,Friday
2026-01-23 02:12:30,ThinkMarkets ThinkZero,EURUSD,1.17502,1.17504,2e-05,2,Sydney,Friday
2026-01-23 02:12:31,ThinkMarkets ThinkZero,GBPUSD,1.34973,1.34977,4e-05,4,Sydney,Friday
2026-01-23 02:12:32,ThinkMarkets ThinkZero,USDJPY,158.54,158.545,0.005,5,Sydney,Friday
2026-01-23 02:12:33,ThinkMarkets ThinkZero,AUDUSD,0.68399,0.68403,4e-05,4,Sydney,Friday
2026-01-23 02:12:36,ICMarkets Raw,XAUUSD,4952.9,4952.97,0.07,7,Sydney,Friday
2026-01-23 02:12:36,ICMarkets Raw,EURUSD,1.175,1.175,0.0,0,Sydney,Friday
2026-01-23 02:12:37,ICMarkets Raw,GBPUSD,1.34978,1.34979,1e-05,1,Sydney,Friday
2026-01-23 02:12:38,ICMarkets Raw,USDJPY,158.547,158.547,0.0,0,Sydney,Friday
2026-01-23 02:12:39,ICMarkets Raw,AUDUSD,0.68402,0.68402,0.0,0,Sydney,Friday
2026-01-23 02:12:42,VantageMarkets Raw,XAUUSD,4952.46,4952.54,0.08,8,Sydney,Friday
2026-01-23 02:12:43,VantageMarkets Raw,EURUSD,1.17501,1.17502,1e-05,1,Sydney,Friday
2026-01-23 02:12:44,VantageMarkets Raw,GBPUSD,1.34976,1.34977,1e-05,1,Sydney,Friday
2026-01-23 02:12:45,VantageMarkets Raw,USDJPY,158.545,158.549,0.004,4,Sydney,Friday
2026-01-23 02:12:45,VantageMarkets Raw,AUDUSD,0.68401,0.68403,2e-05,2,Sydney,Friday
2026-01-23 02:12:48,FPMarkets Raw,XAUUSD,4952.79,4952.86,0.07,7,Sydney,Friday
2026-01-23 02:12:49,FPMarkets Raw,EURUSD,1.17502,1.17504,2e-05,2,Sydney,Friday
2026-01-23 02:12:50,FPMarkets Raw,GBPUSD,1.34972,1.34977,5e-05,5,Sydney,Friday
2026-01-23 02:12:51,FPMarkets Raw,USDJPY,158.53,158.534,0.004,4,Sydney,Friday
2026-01-23 02:12:52,FPMarkets Raw,AUDUSD,0.68401,0.68405,4e-05,4,Sydney,Friday
2026-01-23 02:12:54,8Cap Raw,XAUUSD,4952.73,4952.89,0.16,16,Sydney,Friday
2026-01-23 02:12:54,8Cap Raw,EURUSD,1.17502,1.17502,0.0,0,Sydney,Friday
2026-01-23 02:12:55,8Cap Raw,GBPUSD,1.34977,1.34978,1e-05,1,Sydney,Friday
2026-01-23 02:12:56,8Cap Raw,USDJPY,158.53,158.533,0.003,3,Sydney,Friday
2026-01-23 02:12:57,8Cap Raw,AUDUSD,0.68402,0.68406,4e-05,4,Sydney,Friday
2026-01-23 02:17:16,Pepperstone Razor,XAUUSD,4955.4,4955.58,0.18,18,Sydney,Friday
2026-01-23 02:17:17,Pepperstone Razor,EURUSD,1.17502,1.17502,0.0,0,Sydney,Friday
2026-01-23 02:17:18,Pepperstone Razor,GBPUSD,1.34987,1.34988,1e-05,1,Sydney,Friday
2026-01-23 02:17:19,Pepperstone Razor,USDJPY,158.488,158.489,0.001,1,Sydney,Friday
2026-01-23 02:17:20,Pepperstone Razor,AUDUSD,0.6841,0.6841,0.0,0,Sydney,Friday
2026-01-23 02:17:22,FusionMarkets Zero,XAUUSD,4956.06,4956.13,0.07,7,Sydney,Friday
2026-01-23 02:17:23,FusionMarkets Zero,EURUSD,1.175,1.175,0.0,0,Sydney,Friday
2026-01-23 02:17:24,FusionMarkets Zero,GBPUSD,1.34983,1.34983,0.0,0,Sydney,Friday
2026-01-23 02:17:25,FusionMarkets Zero,USDJPY,158.496,158.498,0.002,2,Sydney,Friday
2026-01-23 02:17:26,FusionMarkets Zero,AUDUSD,0.68407,0.68407,0.0,0,Sydney,Friday
2026-01-23 02:17:29,ThinkMarkets ThinkZero,XAUUSD,4955.21,4955.29,0.08,8,Sydney,Friday
2026-01-23 02:17:30,ThinkMarkets ThinkZero,EURUSD,1.17499,1.17501,2e-05,2,Sydney,Friday
2026-01-23 02:17:31,ThinkMarkets ThinkZero,GBPUSD,1.3498,1.34984,4e-05,4,Sydney,Friday
2026-01-23 02:17:32,ThinkMarkets ThinkZero,USDJPY,158.499,158.503,0.004,4,Sydney,Friday
2026-01-23 02:17:33,ThinkMarkets ThinkZero,AUDUSD,0.68406,0.68408,2e-05,2,Sydney,Friday
2026-01-23 02:17:35,ICMarkets Raw,XAUUSD,4955.85,4955.93,0.08,8,Sydney,Friday
2026-01-23 02:17:36,ICMarkets Raw,EURUSD,1.17503,1.17503,0.0,0,Sydney,Friday
2026-01-23 02:17:37,ICMarkets Raw,GBPUSD,1.34985,1.34986,1e-05,1,Sydney,Friday
2026-01-23 02:17:38,ICMarkets Raw,USDJPY,158.506,158.506,0.0,0,Sydney,Friday
2026-01-23 02:17:39,ICMarkets Raw,AUDUSD,0.68407,0.68409,2e-05,2,Sydney,Friday
2026-01-23 02:17:42,VantageMarkets Raw,XAUUSD,4956.36,4956.44,0.08,8,Sydney,Friday
2026-01-23 02:17:43,VantageMarkets Raw,EURUSD,1.17502,1.17504,2e-05,2,Sydney,Friday
2026-01-23 02:17:44,VantageMarkets Raw,GBPUSD,1.34987,1.34988,1e-05,1,Sydney,Friday
2026-01-23 02:17:45,VantageMarkets Raw,USDJPY,158.505,158.507,0.002,2,Sydney,Friday
2026-01-23 02:17:45,VantageMarkets Raw,AUDUSD,0.68411,0.68415,4e-05,4,Sydney,Friday
2026-01-23 02:17:48,FPMarkets Raw,XAUUSD,4956.96,4957.03,0.07,7,Sydney,Friday
2026-01-23 02:17:49,FPMarkets Raw,EURUSD,1.17505,1.17507,2e-05,2,Sydney,Friday
2026-01-23 02:17:50,FPMarkets Raw,GBPUSD,1.34984,1.34989,5e-05,5,Sydney,Friday
2026-01-23 02:17:51,FPMarkets Raw,USDJPY,158.486,158.491,0.005,5,Sydney,Friday
2026-01-23 02:17:52,FPMarkets Raw,AUDUSD,0.68415,0.68418,3e-05,3,Sydney,Friday
2026-01-23 02:17:54,8Cap Raw,XAUUSD,4956.34,4956.5,0.16,16,Sydney,Friday
2026-01-23 02:17:55,8Cap Raw,EURUSD,1.17503,1.17503,0.0,0,Sydney,Friday
2026-01-23 02:17:55,8Cap Raw,GBPUSD,1.34985,1.34986,1e-05,1,Sydney,Friday
2026-01-23 02:17:56,8Cap Raw,USDJPY,158.496,158.498,0.002,2,Sydney,Friday
2026-01-23 02:17:57,8Cap Raw,AUDUSD,0.68416,0.68419,3e-05,3,Sydney,Friday
2026-01-23 02:22:16,Pepperstone Razor,XAUUSD,4955.79,4955.99,0.2,20,Sydney,Friday
2026-01-23 02:22:17,Pepperstone Razor,EURUSD,1.17505,1.17505,0.0,0,Sydney,Friday
2026-01-23 02:22:18,Pepperstone Razor,GBPUSD,1.34983,1.34983,0.0,0,Sydney,Friday
2026-01-23 02:22:19,Pepperstone Razor,USDJPY,158.478,158.481,0.003,3,Sydney,Friday
2026-01-23 02:22:20,Pepperstone Razor,AUDUSD,0.68408,0.68409,1e-05,1,Sydney,Friday
2026-01-23 02:22:23,FusionMarkets Zero,XAUUSD,4955.82,4955.88,0.06,6,Sydney,Friday
2026-01-23 02:22:24,FusionMarkets Zero,EURUSD,1.1751,1.1751,0.0,0,Sydney,Friday
2026-01-23 02:22:25,FusionMarkets Zero,GBPUSD,1.34994,1.34994,0.0,0,Sydney,Friday
2026-01-23 02:22:26,FusionMarkets Zero,USDJPY,158.467,158.468,0.001,1,Sydney,Friday
2026-01-23 02:22:27,FusionMarkets Zero,AUDUSD,0.68409,0.68409,0.0,0,Sydney,Friday
2026-01-23 02:22:30,ThinkMarkets ThinkZero,XAUUSD,4956.08,4956.16,0.08,8,Sydney,Friday
2026-01-23 02:22:31,ThinkMarkets ThinkZero,EURUSD,1.17508,1.17512,4e-05,4,Sydney,Friday
2026-01-23 02:22:31,ThinkMarkets ThinkZero,GBPUSD,1.34994,1.34998,4e-05,4,Sydney,Friday
2026-01-23 02:22:32,ThinkMarkets ThinkZero,USDJPY,158.465,158.471,0.006,6,Sydney,Friday
2026-01-23 02:22:33,ThinkMarkets ThinkZero,AUDUSD,0.68408,0.68411,3e-05,3,Sydney,Friday
2026-01-23 02:22:36,ICMarkets Raw,XAUUSD,4955.58,4955.67,0.09,9,Sydney,Friday
2026-01-23 02:22:37,ICMarkets Raw,EURUSD,1.1751,1.1751,0.0,0,Sydney,Friday
2026-01-23 02:22:38,ICMarkets Raw,GBPUSD,1.34995,1.34996,1e-05,1,Sydney,Friday
2026-01-23 02:22:39,ICMarkets Raw,USDJPY,158.469,158.469,0.0,0,Sydney,Friday
2026-01-23 02:22:40,ICMarkets Raw,AUDUSD,0.68408,0.68408,0.0,0,Sydney,Friday
2026-01-23 02:22:43,VantageMarkets Raw,XAUUSD,4955.61,4955.69,0.08,8,Sydney,Friday
2026-01-23 02:22:43,VantageMarkets Raw,EURUSD,1.17511,1.17512,1e-05,1,Sydney,Friday
2026-01-23 02:22:44,VantageMarkets Raw,GBPUSD,1.34997,1.34998,1e-05,1,Sydney,Friday
2026-01-23 02:22:45,VantageMarkets Raw,USDJPY,158.473,158.474,0.001,1,Sydney,Friday
2026-01-23 02:22:46,VantageMarkets Raw,AUDUSD,0.68407,0.6841,3e-05,3,Sydney,Friday
2026-01-23 02:22:49,FPMarkets Raw,XAUUSD,4955.57,4955.64,0.07,7,Sydney,Friday
2026-01-23 02:22:50,FPMarkets Raw,EURUSD,1.17515,1.17516,1e-05,1,Sydney,Friday
2026-01-23 02:22:51,FPMarkets Raw,GBPUSD,1.34997,1.34998,1e-05,1,Sydney,Friday
2026-01-23 02:22:52,FPMarkets Raw,USDJPY,158.467,158.471,0.004,4,Sydney,Friday
2026-01-23 02:22:53,FPMarkets Raw,AUDUSD,0.6841,0.68414,4e-05,4,Sydney,Friday
2026-01-23 02:22:54,8Cap Raw,XAUUSD,4955.49,4955.65,0.16,16,Sydney,Friday
2026-01-23 02:22:55,8Cap Raw,EURUSD,1.17516,1.17517,1e-05,1,Sydney,Friday
2026-01-23 02:22:56,8Cap Raw,GBPUSD,1.34999,1.35,1e-05,1,Sydney,Friday
2026-01-23 02:22:56,8Cap Raw,USDJPY,158.469,158.47,0.001,1,Sydney,Friday
2026-01-23 02:22:57,8Cap Raw,AUDUSD,0.68411,0.68414,3e-05,3,Sydney,Friday
2026-01-23 02:27:16,Pepperstone Razor,XAUUSD,4950.57,4950.74,0.17,17,Sydney,Friday
2026-01-23 02:27:17,Pepperstone Razor,EURUSD,1.17517,1.17517,0.0,0,Sydney,Friday
2026-01-23 02:27:18,Pepperstone Razor,GBPUSD,1.34991,1.34991,0.0,0,Sydney,Friday
2026-01-23 02:27:19,Pepperstone Razor,USDJPY,158.47,158.473,0.003,3,Sydney,Friday
2026-01-23 02:27:20,Pepperstone Razor,AUDUSD,0.68399,0.684,1e-05,1,Sydney,Friday
2026-01-23 02:27:23,FusionMarkets Zero,XAUUSD,4950.41,4950.47,0.06,6,Sydney,Friday
2026-01-23 02:27:24,FusionMarkets Zero,EURUSD,1.17514,1.17514,0.0,0,Sydney,Friday
2026-01-23 02:27:25,FusionMarkets Zero,GBPUSD,1.34989,1.34989,0.0,0,Sydney,Friday
2026-01-23 02:27:26,FusionMarkets Zero,USDJPY,158.474,158.474,0.0,0,Sydney,Friday
2026-01-23 02:27:27,FusionMarkets Zero,AUDUSD,0.68404,0.68404,0.0,0,Sydney,Friday
2026-01-23 02:27:30,ThinkMarkets ThinkZero,XAUUSD,4950.91,4950.99,0.08,8,Sydney,Friday
2026-01-23 02:27:31,ThinkMarkets ThinkZero,EURUSD,1.17514,1.17517,3e-05,3,Sydney,Friday
2026-01-23 02:27:32,ThinkMarkets ThinkZero,GBPUSD,1.34986,1.3499,4e-05,4,Sydney,Friday
2026-01-23 02:27:32,ThinkMarkets ThinkZero,USDJPY,158.471,158.475,0.004,4,Sydney,Friday
2026-01-23 02:27:33,ThinkMarkets ThinkZero,AUDUSD,0.684,0.68403,3e-05,3,Sydney,Friday
2026-01-23 02:27:36,ICMarkets Raw,XAUUSD,4950.94,4951.01,0.07,7,Sydney,Friday
2026-01-23 02:27:37,ICMarkets Raw,EURUSD,1.17516,1.17516,0.0,0,Sydney,Friday
2026-01-23 02:27:38,ICMarkets Raw,GBPUSD,1.34988,1.34989,1e-05,1,Sydney,Friday
2026-01-23 02:27:39,ICMarkets Raw,USDJPY,158.473,158.473,0.0,0,Sydney,Friday
2026-01-23 02:27:40,ICMarkets Raw,AUDUSD,0.68404,0.68404,0.0,0,Sydney,Friday
2026-01-23 02:27:43,VantageMarkets Raw,XAUUSD,4950.31,4950.39,0.08,8,Sydney,Friday
2026-01-23 02:27:44,VantageMarkets Raw,EURUSD,1.17513,1.17516,3e-05,3,Sydney,Friday
2026-01-23 02:27:44,VantageMarkets Raw,GBPUSD,1.34988,1.34989,1e-05,1,Sydney,Friday
2026-01-23 02:27:45,VantageMarkets Raw,USDJPY,158.473,158.475,0.002,2,Sydney,Friday
2026-01-23 02:27:46,VantageMarkets Raw,AUDUSD,0.68403,0.68405,2e-05,2,Sydney,Friday
2026-01-23 02:27:49,FPMarkets Raw,XAUUSD,4949.93,4950.0,0.07,7,Sydney,Friday
2026-01-23 02:27:50,FPMarkets Raw,EURUSD,1.17514,1.17515,1e-05,1,Sydney,Friday
2026-01-23 02:27:51,FPMarkets Raw,GBPUSD,1.34989,1.34989,0.0,0,Sydney,Friday
2026-01-23 02:27:52,FPMarkets Raw,USDJPY,158.469,158.473,0.004,4,Sydney,Friday
2026-01-23 02:27:53,FPMarkets Raw,AUDUSD,0.68402,0.68405,3e-05,3,Sydney,Friday
2026-01-23 02:27:55,8Cap Raw,XAUUSD,4950.26,4950.42,0.16,16,Sydney,Friday
2026-01-23 02:27:56,8Cap Raw,EURUSD,1.17513,1.17515,2e-05,2,Sydney,Friday
2026-01-23 02:27:57,8Cap Raw,GBPUSD,1.3499,1.34991,1e-05,1,Sydney,Friday
2026-01-23 02:27:57,8Cap Raw,USDJPY,158.472,158.473,0.001,1,Sydney,Friday
2026-01-23 02:27:58,8Cap Raw,AUDUSD,0.68402,0.68404,2e-05,2,Sydney,Friday
2026-01-23 02:32:16,Pepperstone Razor,XAUUSD,4951.05,4951.31,0.26,26,Sydney,Friday
2026-01-23 02:32:17,Pepperstone Razor,EURUSD,1.17519,1.17519,0.0,0,Sydney,Friday
2026-01-23 02:32:18,Pepperstone Razor,GBPUSD,1.34988,1.3499,2e-05,2,Sydney,Friday
2026-01-23 02:32:19,Pepperstone Razor,USDJPY,158.467,158.468,0.001,1,Sydney,Friday
2026-01-23 02:32:20,Pepperstone Razor,AUDUSD,0.68417,0.68418,1e-05,1,Sydney,Friday
2026-01-23 02:32:23,FusionMarkets Zero,XAUUSD,4952.73,4952.85,0.12,12,Sydney,Friday
2026-01-23 02:32:24,FusionMarkets Zero,EURUSD,1.1752,1.1752,0.0,0,Sydney,Friday
2026-01-23 02:32:25,FusionMarkets Zero,GBPUSD,1.34993,1.34993,0.0,0,Sydney,Friday
2026-01-23 02:32:26,FusionMarkets Zero,USDJPY,158.466,158.467,0.001,1,Sydney,Friday
2026-01-23 02:32:27,FusionMarkets Zero,AUDUSD,0.68418,0.68418,0.0,0,Sydney,Friday
2026-01-23 02:32:30,ThinkMarkets ThinkZero,XAUUSD,4953.12,4953.2,0.08,8,Sydney,Friday
2026-01-23 02:32:31,ThinkMarkets ThinkZero,EURUSD,1.17519,1.17521,2e-05,2,Sydney,Friday
2026-01-23 02:32:32,ThinkMarkets ThinkZero,GBPUSD,1.3499,1.34996,6e-05,6,Sydney,Friday
2026-01-23 02:32:32,ThinkMarkets ThinkZero,USDJPY,158.464,158.469,0.005,5,Sydney,Friday
2026-01-23 02:32:33,ThinkMarkets ThinkZero,AUDUSD,0.68419,0.68421,2e-05,2,Sydney,Friday
2026-01-23 02:32:36,ICMarkets Raw,XAUUSD,4954.39,4954.55,0.16,16,Sydney,Friday
2026-01-23 02:32:37,ICMarkets Raw,EURUSD,1.1752,1.1752,0.0,0,Sydney,Friday
2026-01-23 02:32:38,ICMarkets Raw,GBPUSD,1.34994,1.34995,1e-05,1,Sydney,Friday
2026-01-23 02:32:39,ICMarkets Raw,USDJPY,158.471,158.471,0.0,0,Sydney,Friday
2026-01-23 02:32:40,ICMarkets Raw,AUDUSD,0.68422,0.68423,1e-05,1,Sydney,Friday
2026-01-23 02:32:43,VantageMarkets Raw,XAUUSD,4953.93,4954.01,0.08,8,Sydney,Friday
2026-01-23 02:32:44,VantageMarkets Raw,EURUSD,1.17521,1.17522,1e-05,1,Sydney,Friday
2026-01-23 02:32:44,VantageMarkets Raw,GBPUSD,1.34994,1.34995,1e-05,1,Sydney,Friday
2026-01-23 02:32:45,VantageMarkets Raw,USDJPY,158.471,158.472,0.001,1,Sydney,Friday
2026-01-23 02:32:46,VantageMarkets Raw,AUDUSD,0.68421,0.68423,2e-05,2,Sydney,Friday
2026-01-23 02:32:50,FPMarkets Raw,XAUUSD,4951.99,4952.06,0.07,7,Sydney,Friday
2026-01-23 02:32:51,FPMarkets Raw,EURUSD,1.17519,1.17519,0.0,0,Sydney,Friday
2026-01-23 02:32:52,FPMarkets Raw,GBPUSD,1.34993,1.34993,0.0,0,Sydney,Friday
2026-01-23 02:32:53,FPMarkets Raw,USDJPY,158.471,158.475,0.004,4,Sydney,Friday
2026-01-23 02:32:53,FPMarkets Raw,AUDUSD,0.6842,0.68424,4e-05,4,Sydney,Friday
2026-01-23 02:32:55,8Cap Raw,XAUUSD,4952.11,4952.27,0.16,16,Sydney,Friday
2026-01-23 02:32:56,8Cap Raw,EURUSD,1.17521,1.17521,0.0,0,Sydney,Friday
2026-01-23 02:32:57,8Cap Raw,GBPUSD,1.34994,1.34995,1e-05,1,Sydney,Friday
2026-01-23 02:32:58,8Cap Raw,USDJPY,158.475,158.476,0.001,1,Sydney,Friday
2026-01-23 02:32:58,8Cap Raw,AUDUSD,0.68421,0.68424,3e-05,3,Sydney,Friday
2026-01-23 02:37:17,Pepperstone Razor,XAUUSD,4951.92,4952.07,0.15,15,Sydney,Friday
2026-01-23 02:37:17,Pepperstone Razor,EURUSD,1.17496,1.17497,1e-05,1,Sydney,Friday
2026-01-23 02:37:18,Pepperstone Razor,GBPUSD,1.34971,1.34974,3e-05,3,Sydney,Friday
2026-01-23 02:37:19,Pepperstone Razor,USDJPY,158.524,158.527,0.003,3,Sydney,Friday
2026-01-23 02:37:20,Pepperstone Razor,AUDUSD,0.68436,0.68436,0.0,0,Sydney,Friday
2026-01-23 02:37:23,FusionMarkets Zero,XAUUSD,4951.63,4951.73,0.1,10,Sydney,Friday
2026-01-23 02:37:24,FusionMarkets Zero,EURUSD,1.17498,1.17498,0.0,0,Sydney,Friday
2026-01-23 02:37:25,FusionMarkets Zero,GBPUSD,1.34977,1.34977,0.0,0,Sydney,Friday
2026-01-23 02:37:26,FusionMarkets Zero,USDJPY,158.523,158.525,0.002,2,Sydney,Friday
2026-01-23 02:37:27,FusionMarkets Zero,AUDUSD,0.68441,0.68441,0.0,0,Sydney,Friday
2026-01-23 02:37:30,ThinkMarkets ThinkZero,XAUUSD,4951.12,4951.2,0.08,8,Sydney,Friday
2026-01-23 02:37:31,ThinkMarkets ThinkZero,EURUSD,1.17498,1.175,2e-05,2,Sydney,Friday
2026-01-23 02:37:32,ThinkMarkets ThinkZero,GBPUSD,1.34971,1.34979,8e-05,8,Sydney,Friday
2026-01-23 02:37:33,ThinkMarkets ThinkZero,USDJPY,158.52,158.524,0.004,4,Sydney,Friday
2026-01-23 02:37:34,ThinkMarkets ThinkZero,AUDUSD,0.68434,0.68437,3e-05,3,Sydney,Friday
2026-01-23 02:37:36,ICMarkets Raw,XAUUSD,4951.28,4951.33,0.05,5,Sydney,Friday
2026-01-23 02:37:37,ICMarkets Raw,EURUSD,1.17501,1.17501,0.0,0,Sydney,Friday
2026-01-23 02:37:38,ICMarkets Raw,GBPUSD,1.34977,1.34978,1e-05,1,Sydney,Friday
2026-01-23 02:37:39,ICMarkets Raw,USDJPY,158.521,158.521,0.0,0,Sydney,Friday
2026-01-23 02:37:40,ICMarkets Raw,AUDUSD,0.68436,0.68437,1e-05,1,Sydney,Friday
2026-01-23 02:37:43,VantageMarkets Raw,XAUUSD,4951.14,4951.22,0.08,8,Sydney,Friday
2026-01-23 02:37:44,VantageMarkets Raw,EURUSD,1.17501,1.17502,1e-05,1,Sydney,Friday
2026-01-23 02:37:45,VantageMarkets Raw,GBPUSD,1.34977,1.34978,1e-05,1,Sydney,Friday
2026-01-23 02:37:46,VantageMarkets Raw,USDJPY,158.521,158.523,0.002,2,Sydney,Friday
2026-01-23 02:37:46,VantageMarkets Raw,AUDUSD,0.6844,0.68443,3e-05,3,Sydney,Friday
2026-01-23 02:37:50,FPMarkets Raw,XAUUSD,4952.67,4952.74,0.07,7,Sydney,Friday
2026-01-23 02:37:51,FPMarkets Raw,EURUSD,1.17503,1.17504,1e-05,1,Sydney,Friday
2026-01-23 02:37:52,FPMarkets Raw,GBPUSD,1.34979,1.3498,1e-05,1,Sydney,Friday
2026-01-23 02:37:53,FPMarkets Raw,USDJPY,158.516,158.52,0.004,4,Sydney,Friday
2026-01-23 02:37:54,FPMarkets Raw,AUDUSD,0.68438,0.68442,4e-05,4,Sydney,Friday
2026-01-23 02:37:56,8Cap Raw,XAUUSD,4952.77,4952.93,0.16,16,Sydney,Friday
2026-01-23 02:37:56,8Cap Raw,EURUSD,1.17501,1.17501,0.0,0,Sydney,Friday
2026-01-23 02:37:57,8Cap Raw,GBPUSD,1.34975,1.34977,2e-05,2,Sydney,Friday
2026-01-23 02:37:58,8Cap Raw,USDJPY,158.522,158.523,0.001,1,Sydney,Friday
2026-01-23 02:37:58,8Cap Raw,AUDUSD,0.68439,0.68441,2e-05,2,Sydney,Friday
2026-01-23 02:42:17,Pepperstone Razor,XAUUSD,4951.43,4951.67,0.24,24,Sydney,Friday
2026-01-23 02:42:18,Pepperstone Razor,EURUSD,1.17502,1.17502,0.0,0,Sydney,Friday
2026-01-23 02:42:19,Pepperstone Razor,GBPUSD,1.34971,1.34974,3e-05,3,Sydney,Friday
2026-01-23 02:42:20,Pepperstone Razor,USDJPY,158.534,158.537,0.003,3,Sydney,Friday
2026-01-23 02:42:21,Pepperstone Razor,AUDUSD,0.68436,0.68436,0.0,0,Sydney,Friday
2026-01-23 02:42:24,FusionMarkets Zero,XAUUSD,4951.39,4951.53,0.14,14,Sydney,Friday
2026-01-23 02:42:25,FusionMarkets Zero,EURUSD,1.175,1.175,0.0,0,Sydney,Friday
2026-01-23 02:42:26,FusionMarkets Zero,GBPUSD,1.34974,1.34974,0.0,0,Sydney,Friday
2026-01-23 02:42:27,FusionMarkets Zero,USDJPY,158.535,158.536,0.001,1,Sydney,Friday
2026-01-23 02:42:28,FusionMarkets Zero,AUDUSD,0.68437,0.68437,0.0,0,Sydney,Friday
2026-01-23 02:42:31,ThinkMarkets ThinkZero,XAUUSD,4952.16,4952.24,0.08,8,Sydney,Friday
2026-01-23 02:42:32,ThinkMarkets ThinkZero,EURUSD,1.17498,1.17502,4e-05,4,Sydney,Friday
2026-01-23 02:42:33,ThinkMarkets ThinkZero,GBPUSD,1.3497,1.34978,8e-05,8,Sydney,Friday
2026-01-23 02:42:34,ThinkMarkets ThinkZero,USDJPY,158.547,158.552,0.005,5,Sydney,Friday
2026-01-23 02:42:35,ThinkMarkets ThinkZero,AUDUSD,0.68434,0.68437,3e-05,3,Sydney,Friday
2026-01-23 02:42:38,ICMarkets Raw,XAUUSD,4951.71,4951.86,0.15,15,Sydney,Friday
2026-01-23 02:42:39,ICMarkets Raw,EURUSD,1.17499,1.17499,0.0,0,Sydney,Friday
2026-01-23 02:42:40,ICMarkets Raw,GBPUSD,1.34972,1.34973,1e-05,1,Sydney,Friday
2026-01-23 02:42:41,ICMarkets Raw,USDJPY,158.548,158.548,0.0,0,Sydney,Friday
2026-01-23 02:42:42,ICMarkets Raw,AUDUSD,0.68436,0.68436,0.0,0,Sydney,Friday
2026-01-23 02:42:45,VantageMarkets Raw,XAUUSD,4952.19,4952.27,0.08,8,Sydney,Friday
2026-01-23 02:42:45,VantageMarkets Raw,EURUSD,1.175,1.17501,1e-05,1,Sydney,Friday
2026-01-23 02:42:46,VantageMarkets Raw,GBPUSD,1.34974,1.34975,1e-05,1,Sydney,Friday
2026-01-23 02:42:47,VantageMarkets Raw,USDJPY,158.546,158.55,0.004,4,Sydney,Friday
2026-01-23 02:42:48,VantageMarkets Raw,AUDUSD,0.68433,0.68437,4e-05,4,Sydney,Friday
2026-01-23 02:42:51,FPMarkets Raw,XAUUSD,4952.09,4952.16,0.07,7,Sydney,Friday
2026-01-23 02:42:52,FPMarkets Raw,EURUSD,1.175,1.17501,1e-05,1,Sydney,Friday
2026-01-23 02:42:53,FPMarkets Raw,GBPUSD,1.34974,1.34975,1e-05,1,Sydney,Friday
2026-01-23 02:42:54,FPMarkets Raw,USDJPY,158.548,158.552,0.004,4,Sydney,Friday
2026-01-23 02:42:55,FPMarkets Raw,AUDUSD,0.68434,0.68437,3e-05,3,Sydney,Friday
2026-01-23 02:42:57,8Cap Raw,XAUUSD,4951.98,4952.14,0.16,16,Sydney,Friday
2026-01-23 02:42:58,8Cap Raw,EURUSD,1.17496,1.17496,0.0,0,Sydney,Friday
2026-01-23 02:42:59,8Cap Raw,GBPUSD,1.34973,1.34974,1e-05,1,Sydney,Friday
2026-01-23 02:43:00,8Cap Raw,USDJPY,158.552,158.553,0.001,1,Sydney,Friday
2026-01-23 02:43:00,8Cap Raw,AUDUSD,0.68434,0.68437,3e-05,3,Sydney,Friday
2026-01-23 02:47:17,Pepperstone Razor,XAUUSD,4950.29,4950.46,0.17,17,Sydney,Friday
2026-01-23 02:47:18,Pepperstone Razor,EURUSD,1.1749,1.1749,0.0,0,Sydney,Friday
2026-01-23 02:47:19,Pepperstone Razor,GBPUSD,1.34954,1.34956,2e-05,2,Sydney,Friday
2026-01-23 02:47:20,Pepperstone Razor,USDJPY,158.521,158.522,0.001,1,Sydney,Friday
2026-01-23 02:47:20,Pepperstone Razor,AUDUSD,0.68427,0.68428,1e-05,1,Sydney,Friday
2026-01-23 02:47:24,FusionMarkets Zero,XAUUSD,4951.08,4951.2,0.12,12,Sydney,Friday
2026-01-23 02:47:25,FusionMarkets Zero,EURUSD,1.17489,1.17489,0.0,0,Sydney,Friday
2026-01-23 02:47:26,FusionMarkets Zero,GBPUSD,1.34962,1.34962,0.0,0,Sydney,Friday
2026-01-23 02:47:26,FusionMarkets Zero,USDJPY,158.521,158.521,0.0,0,Sydney,Friday
2026-01-23 02:47:27,FusionMarkets Zero,AUDUSD,0.68434,0.68434,0.0,0,Sydney,Friday
2026-01-23 02:47:31,ThinkMarkets ThinkZero,XAUUSD,4950.92,4951.0,0.08,8,Sydney,Friday
2026-01-23 02:47:32,ThinkMarkets ThinkZero,EURUSD,1.17487,1.1749,3e-05,3,Sydney,Friday
2026-01-23 02:47:33,ThinkMarkets ThinkZero,GBPUSD,1.34957,1.34964,7e-05,7,Sydney,Friday
2026-01-23 02:47:34,ThinkMarkets ThinkZero,USDJPY,158.521,158.526,0.005,5,Sydney,Friday
2026-01-23 02:47:34,ThinkMarkets ThinkZero,AUDUSD,0.68433,0.68436,3e-05,3,Sydney,Friday
2026-01-23 02:47:38,ICMarkets Raw,XAUUSD,4951.43,4951.48,0.05,5,Sydney,Friday
2026-01-23 02:47:39,ICMarkets Raw,EURUSD,1.17488,1.17489,1e-05,1,Sydney,Friday
2026-01-23 02:47:40,ICMarkets Raw,GBPUSD,1.3496,1.34961,1e-05,1,Sydney,Friday
2026-01-23 02:47:41,ICMarkets Raw,USDJPY,158.522,158.522,0.0,0,Sydney,Friday
2026-01-23 02:47:42,ICMarkets Raw,AUDUSD,0.68432,0.68433,1e-05,1,Sydney,Friday
2026-01-23 02:47:45,VantageMarkets Raw,XAUUSD,4952.09,4952.17,0.08,8,Sydney,Friday
2026-01-23 02:47:45,VantageMarkets Raw,EURUSD,1.17488,1.1749,2e-05,2,Sydney,Friday
2026-01-23 02:47:46,VantageMarkets Raw,GBPUSD,1.34957,1.34963,6e-05,6,Sydney,Friday
2026-01-23 02:47:47,VantageMarkets Raw,USDJPY,158.517,158.523,0.006,6,Sydney,Friday
2026-01-23 02:47:48,VantageMarkets Raw,AUDUSD,0.6843,0.68433,3e-05,3,Sydney,Friday
2026-01-23 02:47:52,FPMarkets Raw,XAUUSD,4951.98,4952.05,0.07,7,Sydney,Friday
2026-01-23 02:47:53,FPMarkets Raw,EURUSD,1.17487,1.17487,0.0,0,Sydney,Friday
2026-01-23 02:47:53,FPMarkets Raw,GBPUSD,1.3496,1.34965,5e-05,5,Sydney,Friday
2026-01-23 02:47:54,FPMarkets Raw,USDJPY,158.519,158.523,0.004,4,Sydney,Friday
2026-01-23 02:47:55,FPMarkets Raw,AUDUSD,0.68429,0.68432,3e-05,3,Sydney,Friday
2026-01-23 02:47:57,8Cap Raw,XAUUSD,4952.21,4952.37,0.16,16,Sydney,Friday
2026-01-23 02:47:58,8Cap Raw,EURUSD,1.17487,1.17488,1e-05,1,Sydney,Friday
2026-01-23 02:47:59,8Cap Raw,GBPUSD,1.34961,1.34966,5e-05,5,Sydney,Friday
2026-01-23 02:47:59,8Cap Raw,USDJPY,158.519,158.52,0.001,1,Sydney,Friday
2026-01-23 02:48:00,8Cap Raw,AUDUSD,0.68429,0.68432,3e-05,3,Sydney,Friday
2026-01-23 02:52:17,Pepperstone Razor,XAUUSD,4955.33,4955.48,0.15,15,Sydney,Friday
2026-01-23 02:52:18,Pepperstone Razor,EURUSD,1.17489,1.17489,0.0,0,Sydney,Friday
2026-01-23 02:52:19,Pepperstone Razor,GBPUSD,1.34953,1.34956,3e-05,3,Sydney,Friday
2026-01-23 02:52:20,Pepperstone Razor,USDJPY,158.556,158.559,0.003,3,Sydney,Friday
2026-01-23 02:52:21,Pepperstone Razor,AUDUSD,0.68423,0.68423,0.0,0,Sydney,Friday
2026-01-23 02:52:24,FusionMarkets Zero,XAUUSD,4954.47,4954.54,0.07,7,Sydney,Friday
2026-01-23 02:52:25,FusionMarkets Zero,EURUSD,1.17488,1.17488,0.0,0,Sydney,Friday
2026-01-23 02:52:26,FusionMarkets Zero,GBPUSD,1.34957,1.34957,0.0,0,Sydney,Friday
2026-01-23 02:52:26,FusionMarkets Zero,USDJPY,158.554,158.556,0.002,2,Sydney,Friday
2026-01-23 02:52:27,FusionMarkets Zero,AUDUSD,0.68424,0.68424,0.0,0,Sydney,Friday
2026-01-23 02:52:31,ThinkMarkets ThinkZero,XAUUSD,4954.97,4955.05,0.08,8,Sydney,Friday
2026-01-23 02:52:32,ThinkMarkets ThinkZero,EURUSD,1.17486,1.17489,3e-05,3,Sydney,Friday
2026-01-23 02:52:33,ThinkMarkets ThinkZero,GBPUSD,1.34952,1.34959,7e-05,7,Sydney,Friday
2026-01-23 02:52:34,ThinkMarkets ThinkZero,USDJPY,158.551,158.556,0.005,5,Sydney,Friday
2026-01-23 02:52:34,ThinkMarkets ThinkZero,AUDUSD,0.68422,0.68424,2e-05,2,Sydney,Friday
2026-01-23 02:52:38,ICMarkets Raw,XAUUSD,4955.32,4955.41,0.09,9,Sydney,Friday
2026-01-23 02:52:39,ICMarkets Raw,EURUSD,1.17488,1.17489,1e-05,1,Sydney,Friday
2026-01-23 02:52:40,ICMarkets Raw,GBPUSD,1.34957,1.34958,1e-05,1,Sydney,Friday
2026-01-23 02:52:41,ICMarkets Raw,USDJPY,158.543,158.544,0.001,1,Sydney,Friday
2026-01-23 02:52:41,ICMarkets Raw,AUDUSD,0.68423,0.68423,0.0,0,Sydney,Friday
2026-01-23 02:52:45,VantageMarkets Raw,XAUUSD,4955.05,4955.13,0.08,8,Sydney,Friday
2026-01-23 02:52:45,VantageMarkets Raw,EURUSD,1.17487,1.17489,2e-05,2,Sydney,Friday
2026-01-23 02:52:46,VantageMarkets Raw,GBPUSD,1.34955,1.34957,2e-05,2,Sydney,Friday
2026-01-23 02:52:47,VantageMarkets Raw,USDJPY,158.552,158.562,0.01,10,Sydney,Friday
2026-01-23 02:52:48,VantageMarkets Raw,AUDUSD,0.68423,0.68426,3e-05,3,Sydney,Friday
2026-01-23 02:52:52,FPMarkets Raw,XAUUSD,4954.86,4954.93,0.07,7,Sydney,Friday
2026-01-23 02:52:53,FPMarkets Raw,EURUSD,1.17486,1.17487,1e-05,1,Sydney,Friday
2026-01-23 02:52:53,FPMarkets Raw,GBPUSD,1.34954,1.34959,5e-05,5,Sydney,Friday
2026-01-23 02:52:54,FPMarkets Raw,USDJPY,158.55,158.554,0.004,4,Sydney,Friday
2026-01-23 02:52:55,FPMarkets Raw,AUDUSD,0.68421,0.68424,3e-05,3,Sydney,Friday
2026-01-23 02:52:57,8Cap Raw,XAUUSD,4954.73,4954.89,0.16,16,Sydney,Friday
2026-01-23 02:52:58,8Cap Raw,EURUSD,1.17488,1.17489,1e-05,1,Sydney,Friday
2026-01-23 02:52:59,8Cap Raw,GBPUSD,1.34958,1.34961,3e-05,3,Sydney,Friday
2026-01-23 02:52:59,8Cap Raw,USDJPY,158.542,158.543,0.001,1,Sydney,Friday
2026-01-23 02:53:00,8Cap Raw,AUDUSD,0.68425,0.68427,2e-05,2,Sydney,Friday
2026-01-23 02:57:17,Pepperstone Razor,XAUUSD,4962.04,4962.19,0.15,15,Sydney,Friday
2026-01-23 02:57:18,Pepperstone Razor,EURUSD,1.17485,1.17485,0.0,0,Sydney,Friday
2026-01-23 02:57:18,Pepperstone Razor,GBPUSD,1.34955,1.34956,1e-05,1,Sydney,Friday
2026-01-23 02:57:19,Pepperstone Razor,USDJPY,158.5,158.502,0.002,2,Sydney,Friday
2026-01-23 02:57:20,Pepperstone Razor,AUDUSD,0.6842,0.6842,0.0,0,Sydney,Friday
2026-01-23 02:57:23,FusionMarkets Zero,XAUUSD,4962.18,4962.24,0.06,6,Sydney,Friday
2026-01-23 02:57:24,FusionMarkets Zero,EURUSD,1.17485,1.17485,0.0,0,Sydney,Friday
2026-01-23 02:57:25,FusionMarkets Zero,GBPUSD,1.34956,1.34956,0.0,0,Sydney,Friday
2026-01-23 02:57:26,FusionMarkets Zero,USDJPY,158.504,158.504,0.0,0,Sydney,Friday
2026-01-23 02:57:27,FusionMarkets Zero,AUDUSD,0.68418,0.68418,0.0,0,Sydney,Friday
2026-01-23 02:57:31,ThinkMarkets ThinkZero,XAUUSD,4961.24,4961.32,0.08,8,Sydney,Friday
2026-01-23 02:57:32,ThinkMarkets ThinkZero,EURUSD,1.17482,1.17484,2e-05,2,Sydney,Friday
2026-01-23 02:57:32,ThinkMarkets ThinkZero,GBPUSD,1.34951,1.34957,6e-05,6,Sydney,Friday
2026-01-23 02:57:33,ThinkMarkets ThinkZero,USDJPY,158.509,158.512,0.003,3,Sydney,Friday
2026-01-23 02:57:34,ThinkMarkets ThinkZero,AUDUSD,0.68415,0.68417,2e-05,2,Sydney,Friday
2026-01-23 02:57:38,ICMarkets Raw,XAUUSD,4961.46,4961.51,0.05,5,Sydney,Friday
2026-01-23 02:57:39,ICMarkets Raw,EURUSD,1.17487,1.17487,0.0,0,Sydney,Friday
2026-01-23 02:57:39,ICMarkets Raw,GBPUSD,1.34953,1.34954,1e-05,1,Sydney,Friday
2026-01-23 02:57:40,ICMarkets Raw,USDJPY,158.51,158.512,0.002,2,Sydney,Friday
2026-01-23 02:57:41,ICMarkets Raw,AUDUSD,0.68418,0.68418,0.0,0,Sydney,Friday
2026-01-23 02:57:44,VantageMarkets Raw,XAUUSD,4962.1,4962.18,0.08,8,Sydney,Friday
2026-01-23 02:57:45,VantageMarkets Raw,EURUSD,1.17481,1.17486,5e-05,5,Sydney,Friday
2026-01-23 02:57:46,VantageMarkets Raw,GBPUSD,1.34952,1.34953,1e-05,1,Sydney,Friday
2026-01-23 02:57:47,VantageMarkets Raw,USDJPY,158.511,158.512,0.001,1,Sydney,Friday
2026-01-23 02:57:48,VantageMarkets Raw,AUDUSD,0.68416,0.68419,3e-05,3,Sydney,Friday
2026-01-23 02:57:51,FPMarkets Raw,XAUUSD,4962.46,4962.53,0.07,7,Sydney,Friday
2026-01-23 02:57:52,FPMarkets Raw,EURUSD,1.17483,1.17484,1e-05,1,Sydney,Friday
2026-01-23 02:57:53,FPMarkets Raw,GBPUSD,1.34952,1.34953,1e-05,1,Sydney,Friday
2026-01-23 02:57:54,FPMarkets Raw,USDJPY,158.508,158.512,0.004,4,Sydney,Friday
2026-01-23 02:57:55,FPMarkets Raw,AUDUSD,0.68416,0.6842,4e-05,4,Sydney,Friday
2026-01-23 02:57:57,8Cap Raw,XAUUSD,4962.26,4962.42,0.16,16,Sydney,Friday
2026-01-23 02:57:58,8Cap Raw,EURUSD,1.17482,1.17484,2e-05,2,Sydney,Friday
2026-01-23 02:57:58,8Cap Raw,GBPUSD,1.34953,1.34954,1e-05,1,Sydney,Friday
2026-01-23 02:57:59,8Cap Raw,USDJPY,158.511,158.512,0.001,1,Sydney,Friday
2026-01-23 02:58:00,8Cap Raw,AUDUSD,0.68416,0.68419,3e-05,3,Sydney,Friday
2026-01-23 03:02:16,Pepperstone Razor,XAUUSD,4949.29,4949.7,0.41,41,Sydney,Friday
2026-01-23 03:02:17,Pepperstone Razor,EURUSD,1.17476,1.17476,0.0,0,Sydney,Friday
2026-01-23 03:02:18,Pepperstone Razor,GBPUSD,1.34963,1.34964,1e-05,1,Sydney,Friday
2026-01-23 03:02:19,Pepperstone Razor,USDJPY,158.566,158.568,0.002,2,Sydney,Friday
2026-01-23 03:02:20,Pepperstone Razor,AUDUSD,0.68445,0.68446,1e-05,1,Sydney,Friday
2026-01-23 03:02:23,FusionMarkets Zero,XAUUSD,4950.65,4950.79,0.14,14,Sydney,Friday
2026-01-23 03:02:23,FusionMarkets Zero,EURUSD,1.17477,1.17477,0.0,0,Sydney,Friday
2026-01-23 03:02:24,FusionMarkets Zero,GBPUSD,1.34966,1.34966,0.0,0,Sydney,Friday
2026-01-23 03:02:25,FusionMarkets Zero,USDJPY,158.566,158.566,0.0,0,Sydney,Friday
2026-01-23 03:02:26,FusionMarkets Zero,AUDUSD,0.68443,0.68443,0.0,0,Sydney,Friday
2026-01-23 03:02:29,ThinkMarkets ThinkZero,XAUUSD,4950.29,4950.37,0.08,8,Sydney,Friday
2026-01-23 03:02:30,ThinkMarkets ThinkZero,EURUSD,1.17477,1.17479,2e-05,2,Sydney,Friday
2026-01-23 03:02:31,ThinkMarkets ThinkZero,GBPUSD,1.34961,1.34968,7e-05,7,Sydney,Friday
2026-01-23 03:02:32,ThinkMarkets ThinkZero,USDJPY,158.562,158.565,0.003,3,Sydney,Friday
2026-01-23 03:02:33,ThinkMarkets ThinkZero,AUDUSD,0.68442,0.68444,2e-05,2,Sydney,Friday
2026-01-23 03:02:36,ICMarkets Raw,XAUUSD,4947.7,4947.82,0.12,12,Sydney,Friday
2026-01-23 03:02:37,ICMarkets Raw,EURUSD,1.17479,1.17479,0.0,0,Sydney,Friday
2026-01-23 03:02:37,ICMarkets Raw,GBPUSD,1.34964,1.34965,1e-05,1,Sydney,Friday
2026-01-23 03:02:38,ICMarkets Raw,USDJPY,158.563,158.564,0.001,1,Sydney,Friday
2026-01-23 03:02:39,ICMarkets Raw,AUDUSD,0.68444,0.68444,0.0,0,Sydney,Friday
2026-01-23 03:02:42,VantageMarkets Raw,XAUUSD,4945.63,4945.71,0.08,8,Sydney,Friday
2026-01-23 03:02:43,VantageMarkets Raw,EURUSD,1.17477,1.17481,4e-05,4,Sydney,Friday
2026-01-23 03:02:44,VantageMarkets Raw,GBPUSD,1.34964,1.34965,1e-05,1,Sydney,Friday
2026-01-23 03:02:45,VantageMarkets Raw,USDJPY,158.564,158.566,0.002,2,Sydney,Friday
2026-01-23 03:02:46,VantageMarkets Raw,AUDUSD,0.68441,0.68445,4e-05,4,Sydney,Friday
2026-01-23 03:02:49,FPMarkets Raw,XAUUSD,4943.2,4943.27,0.07,7,Sydney,Friday
2026-01-23 03:02:50,FPMarkets Raw,EURUSD,1.17473,1.17474,1e-05,1,Sydney,Friday
2026-01-23 03:02:51,FPMarkets Raw,GBPUSD,1.3496,1.34965,5e-05,5,Sydney,Friday
2026-01-23 03:02:52,FPMarkets Raw,USDJPY,158.563,158.567,0.004,4,Sydney,Friday
2026-01-23 03:02:53,FPMarkets Raw,AUDUSD,0.68438,0.68441,3e-05,3,Sydney,Friday
2026-01-23 03:02:54,8Cap Raw,XAUUSD,4939.06,4939.22,0.16,16,Sydney,Friday
2026-01-23 03:02:55,8Cap Raw,EURUSD,1.17472,1.17474,2e-05,2,Sydney,Friday
2026-01-23 03:02:56,8Cap Raw,GBPUSD,1.34962,1.34963,1e-05,1,Sydney,Friday
2026-01-23 03:02:56,8Cap Raw,USDJPY,158.576,158.579,0.003,3,Sydney,Friday
2026-01-23 03:02:57,8Cap Raw,AUDUSD,0.6844,0.68442,2e-05,2,Sydney,Friday
2026-01-23 03:07:16,Pepperstone Razor,XAUUSD,4937.41,4937.72,0.31,31,Sydney,Friday
2026-01-23 03:07:17,Pepperstone Razor,EURUSD,1.1749,1.1749,0.0,0,Sydney,Friday
2026-01-23 03:07:18,Pepperstone Razor,GBPUSD,1.34975,1.34978,3e-05,3,Sydney,Friday
2026-01-23 03:07:19,Pepperstone Razor,USDJPY,158.543,158.545,0.002,2,Sydney,Friday
2026-01-23 03:07:19,Pepperstone Razor,AUDUSD,0.68451,0.68452,1e-05,1,Sydney,Friday
2026-01-23 03:07:22,FusionMarkets Zero,XAUUSD,4940.37,4940.51,0.14,14,Sydney,Friday
2026-01-23 03:07:23,FusionMarkets Zero,EURUSD,1.17484,1.17484,0.0,0,Sydney,Friday
2026-01-23 03:07:24,FusionMarkets Zero,GBPUSD,1.34973,1.34973,0.0,0,Sydney,Friday
2026-01-23 03:07:25,FusionMarkets Zero,USDJPY,158.547,158.547,0.0,0,Sydney,Friday
2026-01-23 03:07:26,FusionMarkets Zero,AUDUSD,0.68453,0.68453,0.0,0,Sydney,Friday
2026-01-23 03:07:28,ThinkMarkets ThinkZero,XAUUSD,4940.4,4940.48,0.08,8,Sydney,Friday
2026-01-23 03:07:29,ThinkMarkets ThinkZero,EURUSD,1.17478,1.1748,2e-05,2,Sydney,Friday
2026-01-23 03:07:30,ThinkMarkets ThinkZero,GBPUSD,1.34963,1.34969,6e-05,6,Sydney,Friday
2026-01-23 03:07:31,ThinkMarkets ThinkZero,USDJPY,158.544,158.549,0.005,5,Sydney,Friday
2026-01-23 03:07:32,ThinkMarkets ThinkZero,AUDUSD,0.6845,0.68453,3e-05,3,Sydney,Friday
2026-01-23 03:07:34,ICMarkets Raw,XAUUSD,4941.21,4941.31,0.1,10,Sydney,Friday
2026-01-23 03:07:35,ICMarkets Raw,EURUSD,1.1748,1.1748,0.0,0,Sydney,Friday
2026-01-23 03:07:36,ICMarkets Raw,GBPUSD,1.34971,1.34972,1e-05,1,Sydney,Friday
2026-01-23 03:07:37,ICMarkets Raw,USDJPY,158.545,158.545,0.0,0,Sydney,Friday
2026-01-23 03:07:38,ICMarkets Raw,AUDUSD,0.68451,0.68451,0.0,0,Sydney,Friday
2026-01-23 03:07:40,VantageMarkets Raw,XAUUSD,4941.33,4941.41,0.08,8,Sydney,Friday
2026-01-23 03:07:41,VantageMarkets Raw,EURUSD,1.17477,1.17481,4e-05,4,Sydney,Friday
2026-01-23 03:07:42,VantageMarkets Raw,GBPUSD,1.34965,1.34966,1e-05,1,Sydney,Friday
2026-01-23 03:07:43,VantageMarkets Raw,USDJPY,158.544,158.546,0.002,2,Sydney,Friday
2026-01-23 03:07:44,VantageMarkets Raw,AUDUSD,0.68449,0.68452,3e-05,3,Sydney,Friday
2026-01-23 03:07:47,FPMarkets Raw,XAUUSD,4940.53,4940.6,0.07,7,Sydney,Friday
2026-01-23 03:07:48,FPMarkets Raw,EURUSD,1.17482,1.17482,0.0,0,Sydney,Friday
2026-01-23 03:07:49,FPMarkets Raw,GBPUSD,1.34968,1.34973,5e-05,5,Sydney,Friday
2026-01-23 03:07:50,FPMarkets Raw,USDJPY,158.535,158.539,0.004,4,Sydney,Friday
2026-01-23 03:07:51,FPMarkets Raw,AUDUSD,0.6845,0.68453,3e-05,3,Sydney,Friday
2026-01-23 03:07:52,8Cap Raw,XAUUSD,4940.62,4940.78,0.16,16,Sydney,Friday
2026-01-23 03:07:53,8Cap Raw,EURUSD,1.1748,1.17482,2e-05,2,Sydney,Friday
2026-01-23 03:07:54,8Cap Raw,GBPUSD,1.34967,1.34968,1e-05,1,Sydney,Friday
2026-01-23 03:07:54,8Cap Raw,USDJPY,158.537,158.538,0.001,1,Sydney,Friday
2026-01-23 03:07:55,8Cap Raw,AUDUSD,0.68452,0.68455,3e-05,3,Sydney,Friday
2026-01-23 03:12:16,Pepperstone Razor,XAUUSD,4942.67,4942.83,0.16,16,Sydney,Friday
2026-01-23 03:12:17,Pepperstone Razor,EURUSD,1.17476,1.17477,1e-05,1,Sydney,Friday
2026-01-23 03:12:18,Pepperstone Razor,GBPUSD,1.34979,1.34979,0.0,0,Sydney,Friday
2026-01-23 03:12:19,Pepperstone Razor,USDJPY,158.57,158.573,0.003,3,Sydney,Friday
2026-01-23 03:12:20,Pepperstone Razor,AUDUSD,0.68457,0.68457,0.0,0,Sydney,Friday
2026-01-23 03:12:23,FusionMarkets Zero,XAUUSD,4943.87,4944.03,0.16,16,Sydney,Friday
2026-01-23 03:12:24,FusionMarkets Zero,EURUSD,1.1748,1.1748,0.0,0,Sydney,Friday
2026-01-23 03:12:25,FusionMarkets Zero,GBPUSD,1.34976,1.34976,0.0,0,Sydney,Friday
2026-01-23 03:12:26,FusionMarkets Zero,USDJPY,158.573,158.573,0.0,0,Sydney,Friday
2026-01-23 03:12:27,FusionMarkets Zero,AUDUSD,0.68458,0.68458,0.0,0,Sydney,Friday
2026-01-23 03:12:30,ThinkMarkets ThinkZero,XAUUSD,4944.67,4944.75,0.08,8,Sydney,Friday
2026-01-23 03:12:31,ThinkMarkets ThinkZero,EURUSD,1.17479,1.17481,2e-05,2,Sydney,Friday
2026-01-23 03:12:32,ThinkMarkets ThinkZero,GBPUSD,1.34974,1.34979,5e-05,5,Sydney,Friday
2026-01-23 03:12:33,ThinkMarkets ThinkZero,USDJPY,158.556,158.56,0.004,4,Sydney,Friday
2026-01-23 03:12:33,ThinkMarkets ThinkZero,AUDUSD,0.68454,0.68458,4e-05,4,Sydney,Friday
2026-01-23 03:12:36,ICMarkets Raw,XAUUSD,4945.45,4945.51,0.06,6,Sydney,Friday
2026-01-23 03:12:37,ICMarkets Raw,EURUSD,1.1748,1.1748,0.0,0,Sydney,Friday
2026-01-23 03:12:38,ICMarkets Raw,GBPUSD,1.34976,1.34977,1e-05,1,Sydney,Friday
2026-01-23 03:12:39,ICMarkets Raw,USDJPY,158.557,158.557,0.0,0,Sydney,Friday
2026-01-23 03:12:40,ICMarkets Raw,AUDUSD,0.68454,0.68454,0.0,0,Sydney,Friday
2026-01-23 03:12:42,VantageMarkets Raw,XAUUSD,4946.34,4946.42,0.08,8,Sydney,Friday
2026-01-23 03:12:43,VantageMarkets Raw,EURUSD,1.1748,1.17482,2e-05,2,Sydney,Friday
2026-01-23 03:12:44,VantageMarkets Raw,GBPUSD,1.34976,1.34977,1e-05,1,Sydney,Friday
2026-01-23 03:12:45,VantageMarkets Raw,USDJPY,158.558,158.559,0.001,1,Sydney,Friday
2026-01-23 03:12:46,VantageMarkets Raw,AUDUSD,0.68452,0.68455,3e-05,3,Sydney,Friday
2026-01-23 03:12:49,FPMarkets Raw,XAUUSD,4947.21,4947.28,0.07,7,Sydney,Friday
2026-01-23 03:12:49,FPMarkets Raw,EURUSD,1.17479,1.1748,1e-05,1,Sydney,Friday
2026-01-23 03:12:50,FPMarkets Raw,GBPUSD,1.34975,1.3498,5e-05,5,Sydney,Friday
2026-01-23 03:12:51,FPMarkets Raw,USDJPY,158.555,158.559,0.004,4,Sydney,Friday
2026-01-23 03:12:52,FPMarkets Raw,AUDUSD,0.68452,0.68455,3e-05,3,Sydney,Friday
2026-01-23 03:12:54,8Cap Raw,XAUUSD,4947.51,4947.67,0.16,16,Sydney,Friday
2026-01-23 03:12:55,8Cap Raw,EURUSD,1.1748,1.17481,1e-05,1,Sydney,Friday
2026-01-23 03:12:56,8Cap Raw,GBPUSD,1.34976,1.34977,1e-05,1,Sydney,Friday
2026-01-23 03:12:56,8Cap Raw,USDJPY,158.558,158.559,0.001,1,Sydney,Friday
2026-01-23 03:12:57,8Cap Raw,AUDUSD,0.68451,0.68455,4e-05,4,Sydney,Friday
2026-01-23 03:17:16,Pepperstone Razor,XAUUSD,4952.19,4952.44,0.25,25,Sydney,Friday
2026-01-23 03:17:17,Pepperstone Razor,EURUSD,1.17524,1.17524,0.0,0,Sydney,Friday
2026-01-23 03:17:18,Pepperstone Razor,GBPUSD,1.35026,1.35026,0.0,0,Sydney,Friday
2026-01-23 03:17:19,Pepperstone Razor,USDJPY,158.514,158.514,0.0,0,Sydney,Friday
2026-01-23 03:17:21,Pepperstone Razor,AUDUSD,0.68468,0.68469,1e-05,1,Sydney,Friday
2026-01-23 03:17:24,FusionMarkets Zero,XAUUSD,4952.05,4952.14,0.09,9,Sydney,Friday
2026-01-23 03:17:25,FusionMarkets Zero,EURUSD,1.17524,1.17524,0.0,0,Sydney,Friday
2026-01-23 03:17:25,FusionMarkets Zero,GBPUSD,1.35027,1.35027,0.0,0,Sydney,Friday
2026-01-23 03:17:26,FusionMarkets Zero,USDJPY,158.521,158.523,0.002,2,Sydney,Friday
2026-01-23 03:17:27,FusionMarkets Zero,AUDUSD,0.68467,0.68467,0.0,0,Sydney,Friday
2026-01-23 03:17:30,ThinkMarkets ThinkZero,XAUUSD,4951.9,4951.98,0.08,8,Sydney,Friday
2026-01-23 03:17:31,ThinkMarkets ThinkZero,EURUSD,1.17523,1.17525,2e-05,2,Sydney,Friday
2026-01-23 03:17:32,ThinkMarkets ThinkZero,GBPUSD,1.35025,1.35029,4e-05,4,Sydney,Friday
2026-01-23 03:17:33,ThinkMarkets ThinkZero,USDJPY,158.51,158.515,0.005,5,Sydney,Friday
2026-01-23 03:17:34,ThinkMarkets ThinkZero,AUDUSD,0.68464,0.68468,4e-05,4,Sydney,Friday
2026-01-23 03:17:37,ICMarkets Raw,XAUUSD,4951.81,4951.88,0.07,7,Sydney,Friday
2026-01-23 03:17:38,ICMarkets Raw,EURUSD,1.17525,1.17525,0.0,0,Sydney,Friday
2026-01-23 03:17:39,ICMarkets Raw,GBPUSD,1.35034,1.35035,1e-05,1,Sydney,Friday
2026-01-23 03:17:40,ICMarkets Raw,USDJPY,158.512,158.513,0.001,1,Sydney,Friday
2026-01-23 03:17:40,ICMarkets Raw,AUDUSD,0.6847,0.6847,0.0,0,Sydney,Friday
2026-01-23 03:17:43,VantageMarkets Raw,XAUUSD,4952.99,4953.07,0.08,8,Sydney,Friday
2026-01-23 03:17:44,VantageMarkets Raw,EURUSD,1.17527,1.17532,5e-05,5,Sydney,Friday
2026-01-23 03:17:45,VantageMarkets Raw,GBPUSD,1.35034,1.35037,3e-05,3,Sydney,Friday
2026-01-23 03:17:46,VantageMarkets Raw,USDJPY,158.512,158.514,0.002,2,Sydney,Friday
2026-01-23 03:17:47,VantageMarkets Raw,AUDUSD,0.68471,0.68475,4e-05,4,Sydney,Friday
2026-01-23 03:17:50,FPMarkets Raw,XAUUSD,4951.46,4951.53,0.07,7,Sydney,Friday
2026-01-23 03:17:51,FPMarkets Raw,EURUSD,1.17526,1.17528,2e-05,2,Sydney,Friday
2026-01-23 03:17:52,FPMarkets Raw,GBPUSD,1.35025,1.3503,5e-05,5,Sydney,Friday
2026-01-23 03:17:53,FPMarkets Raw,USDJPY,158.515,158.519,0.004,4,Sydney,Friday
2026-01-23 03:17:54,FPMarkets Raw,AUDUSD,0.68471,0.68474,3e-05,3,Sydney,Friday
2026-01-23 03:17:56,8Cap Raw,XAUUSD,4950.49,4950.65,0.16,16,Sydney,Friday
2026-01-23 03:17:57,8Cap Raw,EURUSD,1.1752,1.17523,3e-05,3,Sydney,Friday
2026-01-23 03:17:58,8Cap Raw,GBPUSD,1.35027,1.35028,1e-05,1,Sydney,Friday
2026-01-23 03:17:58,8Cap Raw,USDJPY,158.515,158.516,0.001,1,Sydney,Friday
2026-01-23 03:17:59,8Cap Raw,AUDUSD,0.6847,0.68473,3e-05,3,Sydney,Friday
2026-01-23 03:22:17,Pepperstone Razor,XAUUSD,4947.84,4948.01,0.17,17,Sydney,Friday
2026-01-23 03:22:17,Pepperstone Razor,EURUSD,1.17519,1.17519,0.0,0,Sydney,Friday
2026-01-23 03:22:18,Pepperstone Razor,GBPUSD,1.3501,1.35013,3e-05,3,Sydney,Friday
2026-01-23 03:22:19,Pepperstone Razor,USDJPY,158.544,158.548,0.004,4,Sydney,Friday
2026-01-23 03:22:20,Pepperstone Razor,AUDUSD,0.68485,0.68486,1e-05,1,Sydney,Friday
2026-01-23 03:22:23,FusionMarkets Zero,XAUUSD,4947.74,4947.82,0.08,8,Sydney,Friday
2026-01-23 03:22:24,FusionMarkets Zero,EURUSD,1.17517,1.17517,0.0,0,Sydney,Friday
2026-01-23 03:22:25,FusionMarkets Zero,GBPUSD,1.35011,1.35011,0.0,0,Sydney,Friday
2026-01-23 03:22:26,FusionMarkets Zero,USDJPY,158.544,158.544,0.0,0,Sydney,Friday
2026-01-23 03:22:27,FusionMarkets Zero,AUDUSD,0.68479,0.68479,0.0,0,Sydney,Friday
2026-01-23 03:22:30,ThinkMarkets ThinkZero,XAUUSD,4947.18,4947.26,0.08,8,Sydney,Friday
2026-01-23 03:22:31,ThinkMarkets ThinkZero,EURUSD,1.17516,1.17518,2e-05,2,Sydney,Friday
2026-01-23 03:22:32,ThinkMarkets ThinkZero,GBPUSD,1.35006,1.35011,5e-05,5,Sydney,Friday
2026-01-23 03:22:33,ThinkMarkets ThinkZero,USDJPY,158.542,158.547,0.005,5,Sydney,Friday
2026-01-23 03:22:33,ThinkMarkets ThinkZero,AUDUSD,0.68478,0.68481,3e-05,3,Sydney,Friday
2026-01-23 03:22:37,ICMarkets Raw,XAUUSD,4946.27,4946.32,0.05,5,Sydney,Friday
2026-01-23 03:22:37,ICMarkets Raw,EURUSD,1.17519,1.17519,0.0,0,Sydney,Friday
2026-01-23 03:22:38,ICMarkets Raw,GBPUSD,1.35012,1.35013,1e-05,1,Sydney,Friday
2026-01-23 03:22:39,ICMarkets Raw,USDJPY,158.537,158.537,0.0,0,Sydney,Friday
2026-01-23 03:22:40,ICMarkets Raw,AUDUSD,0.68482,0.68482,0.0,0,Sydney,Friday
2026-01-23 03:22:43,VantageMarkets Raw,XAUUSD,4946.14,4946.22,0.08,8,Sydney,Friday
2026-01-23 03:22:44,VantageMarkets Raw,EURUSD,1.17509,1.17513,4e-05,4,Sydney,Friday
2026-01-23 03:22:44,VantageMarkets Raw,GBPUSD,1.35003,1.35004,1e-05,1,Sydney,Friday
2026-01-23 03:22:45,VantageMarkets Raw,USDJPY,158.543,158.545,0.002,2,Sydney,Friday
2026-01-23 03:22:46,VantageMarkets Raw,AUDUSD,0.68473,0.68476,3e-05,3,Sydney,Friday
2026-01-23 03:22:51,FPMarkets Raw,XAUUSD,4946.47,4946.54,0.07,7,Sydney,Friday
2026-01-23 03:22:52,FPMarkets Raw,EURUSD,1.1751,1.17512,2e-05,2,Sydney,Friday
2026-01-23 03:22:53,FPMarkets Raw,GBPUSD,1.35002,1.35007,5e-05,5,Sydney,Friday
2026-01-23 03:22:54,FPMarkets Raw,USDJPY,158.545,158.549,0.004,4,Sydney,Friday
2026-01-23 03:22:55,FPMarkets Raw,AUDUSD,0.68472,0.68475,3e-05,3,Sydney,Friday
2026-01-23 03:22:56,8Cap Raw,XAUUSD,4944.67,4944.83,0.16,16,Sydney,Friday
2026-01-23 03:22:57,8Cap Raw,EURUSD,1.1751,1.17511,1e-05,1,Sydney,Friday
2026-01-23 03:22:58,8Cap Raw,GBPUSD,1.35003,1.35004,1e-05,1,Sydney,Friday
2026-01-23 03:22:58,8Cap Raw,USDJPY,158.545,158.549,0.004,4,Sydney,Friday
2026-01-23 03:22:59,8Cap Raw,AUDUSD,0.68467,0.6847,3e-05,3,Sydney,Friday
2026-01-23 03:27:17,Pepperstone Razor,XAUUSD,4949.82,4949.98,0.16,16,Sydney,Friday
2026-01-23 03:27:18,Pepperstone Razor,EURUSD,1.17515,1.17515,0.0,0,Sydney,Friday
2026-01-23 03:27:19,Pepperstone Razor,GBPUSD,1.35003,1.35005,2e-05,2,Sydney,Friday
2026-01-23 03:27:19,Pepperstone Razor,USDJPY,158.577,158.579,0.002,2,Sydney,Friday
2026-01-23 03:27:20,Pepperstone Razor,AUDUSD,0.68499,0.685,1e-05,1,Sydney,Friday
2026-01-23 03:27:23,FusionMarkets Zero,XAUUSD,4950.11,4950.17,0.06,6,Sydney,Friday
2026-01-23 03:27:24,FusionMarkets Zero,EURUSD,1.17513,1.17513,0.0,0,Sydney,Friday
2026-01-23 03:27:25,FusionMarkets Zero,GBPUSD,1.35004,1.35004,0.0,0,Sydney,Friday
2026-01-23 03:27:26,FusionMarkets Zero,USDJPY,158.577,158.578,0.001,1,Sydney,Friday
2026-01-23 03:27:27,FusionMarkets Zero,AUDUSD,0.68498,0.68498,0.0,0,Sydney,Friday
2026-01-23 03:27:31,ThinkMarkets ThinkZero,XAUUSD,4949.62,4949.7,0.08,8,Sydney,Friday
2026-01-23 03:27:32,ThinkMarkets ThinkZero,EURUSD,1.17512,1.17515,3e-05,3,Sydney,Friday
2026-01-23 03:27:32,ThinkMarkets ThinkZero,GBPUSD,1.35005,1.3501,5e-05,5,Sydney,Friday
2026-01-23 03:27:33,ThinkMarkets ThinkZero,USDJPY,158.563,158.566,0.003,3,Sydney,Friday
2026-01-23 03:27:34,ThinkMarkets ThinkZero,AUDUSD,0.68486,0.68489,3e-05,3,Sydney,Friday
2026-01-23 03:27:37,ICMarkets Raw,XAUUSD,4950.74,4950.84,0.1,10,Sydney,Friday
2026-01-23 03:27:38,ICMarkets Raw,EURUSD,1.17519,1.1752,1e-05,1,Sydney,Friday
2026-01-23 03:27:39,ICMarkets Raw,GBPUSD,1.35006,1.35009,3e-05,3,Sydney,Friday
2026-01-23 03:27:40,ICMarkets Raw,USDJPY,158.568,158.568,0.0,0,Sydney,Friday
2026-01-23 03:27:41,ICMarkets Raw,AUDUSD,0.6849,0.68492,2e-05,2,Sydney,Friday
2026-01-23 03:27:43,VantageMarkets Raw,XAUUSD,4950.68,4950.76,0.08,8,Sydney,Friday
2026-01-23 03:27:44,VantageMarkets Raw,EURUSD,1.17515,1.17518,3e-05,3,Sydney,Friday
2026-01-23 03:27:45,VantageMarkets Raw,GBPUSD,1.35003,1.35004,1e-05,1,Sydney,Friday
2026-01-23 03:27:46,VantageMarkets Raw,USDJPY,158.577,158.586,0.009,9,Sydney,Friday
2026-01-23 03:27:47,VantageMarkets Raw,AUDUSD,0.68482,0.68486,4e-05,4,Sydney,Friday
2026-01-23 03:27:50,FPMarkets Raw,XAUUSD,4949.14,4949.21,0.07,7,Sydney,Friday
2026-01-23 03:27:51,FPMarkets Raw,EURUSD,1.17514,1.17515,1e-05,1,Sydney,Friday
2026-01-23 03:27:52,FPMarkets Raw,GBPUSD,1.34994,1.34999,5e-05,5,Sydney,Friday
2026-01-23 03:27:53,FPMarkets Raw,USDJPY,158.571,158.575,0.004,4,Sydney,Friday
2026-01-23 03:27:54,FPMarkets Raw,AUDUSD,0.68483,0.68485,2e-05,2,Sydney,Friday
2026-01-23 03:27:56,8Cap Raw,XAUUSD,4949.16,4949.32,0.16,16,Sydney,Friday
2026-01-23 03:27:57,8Cap Raw,EURUSD,1.17516,1.17517,1e-05,1,Sydney,Friday
2026-01-23 03:27:57,8Cap Raw,GBPUSD,1.34998,1.34999,1e-05,1,Sydney,Friday
2026-01-23 03:27:58,8Cap Raw,USDJPY,158.575,158.576,0.001,1,Sydney,Friday
2026-01-23 03:27:59,8Cap Raw,AUDUSD,0.68482,0.68484,2e-05,2,Sydney,Friday
2026-01-23 03:32:17,Pepperstone Razor,XAUUSD,4948.52,4948.73,0.21,21,Sydney,Friday
2026-01-23 03:32:18,Pepperstone Razor,EURUSD,1.17499,1.17499,0.0,0,Sydney,Friday
2026-01-23 03:32:19,Pepperstone Razor,GBPUSD,1.35002,1.35003,1e-05,1,Sydney,Friday
2026-01-23 03:32:20,Pepperstone Razor,USDJPY,158.579,158.582,0.003,3,Sydney,Friday
2026-01-23 03:32:20,Pepperstone Razor,AUDUSD,0.68493,0.68494,1e-05,1,Sydney,Friday
2026-01-23 03:32:23,FusionMarkets Zero,XAUUSD,4949.85,4949.93,0.08,8,Sydney,Friday
2026-01-23 03:32:24,FusionMarkets Zero,EURUSD,1.17502,1.17502,0.0,0,Sydney,Friday
2026-01-23 03:32:25,FusionMarkets Zero,GBPUSD,1.35006,1.35006,0.0,0,Sydney,Friday
2026-01-23 03:32:26,FusionMarkets Zero,USDJPY,158.582,158.582,0.0,0,Sydney,Friday
2026-01-23 03:32:27,FusionMarkets Zero,AUDUSD,0.68498,0.68498,0.0,0,Sydney,Friday
2026-01-23 03:32:30,ThinkMarkets ThinkZero,XAUUSD,4950.23,4950.31,0.08,8,Sydney,Friday
2026-01-23 03:32:31,ThinkMarkets ThinkZero,EURUSD,1.17498,1.17499,1e-05,1,Sydney,Friday
2026-01-23 03:32:32,ThinkMarkets ThinkZero,GBPUSD,1.34997,1.35004,7e-05,7,Sydney,Friday
2026-01-23 03:32:33,ThinkMarkets ThinkZero,USDJPY,158.579,158.584,0.005,5,Sydney,Friday
2026-01-23 03:32:34,ThinkMarkets ThinkZero,AUDUSD,0.68489,0.68492,3e-05,3,Sydney,Friday
2026-01-23 03:32:37,ICMarkets Raw,XAUUSD,4949.72,4949.79,0.07,7,Sydney,Friday
2026-01-23 03:32:38,ICMarkets Raw,EURUSD,1.17505,1.17505,0.0,0,Sydney,Friday
2026-01-23 03:32:39,ICMarkets Raw,GBPUSD,1.35004,1.35005,1e-05,1,Sydney,Friday
2026-01-23 03:32:40,ICMarkets Raw,USDJPY,158.583,158.583,0.0,0,Sydney,Friday
2026-01-23 03:32:41,ICMarkets Raw,AUDUSD,0.6849,0.6849,0.0,0,Sydney,Friday
2026-01-23 03:32:43,VantageMarkets Raw,XAUUSD,4950.32,4950.4,0.08,8,Sydney,Friday
2026-01-23 03:32:44,VantageMarkets Raw,EURUSD,1.17498,1.175,2e-05,2,Sydney,Friday
2026-01-23 03:32:45,VantageMarkets Raw,GBPUSD,1.35002,1.35003,1e-05,1,Sydney,Friday
2026-01-23 03:32:46,VantageMarkets Raw,USDJPY,158.581,158.583,0.002,2,Sydney,Friday
2026-01-23 03:32:47,VantageMarkets Raw,AUDUSD,0.68482,0.68486,4e-05,4,Sydney,Friday
2026-01-23 03:32:50,FPMarkets Raw,XAUUSD,4950.67,4950.74,0.07,7,Sydney,Friday
2026-01-23 03:32:51,FPMarkets Raw,EURUSD,1.17502,1.17503,1e-05,1,Sydney,Friday
2026-01-23 03:32:52,FPMarkets Raw,GBPUSD,1.34995,1.35,5e-05,5,Sydney,Friday
2026-01-23 03:32:53,FPMarkets Raw,USDJPY,158.567,158.571,0.004,4,Sydney,Friday
2026-01-23 03:32:54,FPMarkets Raw,AUDUSD,0.68487,0.6849,3e-05,3,Sydney,Friday
2026-01-23 03:32:56,8Cap Raw,XAUUSD,4950.77,4950.93,0.16,16,Sydney,Friday
2026-01-23 03:32:57,8Cap Raw,EURUSD,1.17501,1.17502,1e-05,1,Sydney,Friday
2026-01-23 03:32:58,8Cap Raw,GBPUSD,1.34998,1.34999,1e-05,1,Sydney,Friday
2026-01-23 03:32:58,8Cap Raw,USDJPY,158.568,158.57,0.002,2,Sydney,Friday
2026-01-23 03:32:59,8Cap Raw,AUDUSD,0.68491,0.68493,2e-05,2,Sydney,Friday
2026-01-23 03:37:17,Pepperstone Razor,XAUUSD,4952.83,4952.98,0.15,15,Sydney,Friday
2026-01-23 03:37:18,Pepperstone Razor,EURUSD,1.17513,1.17515,2e-05,2,Sydney,Friday
2026-01-23 03:37:19,Pepperstone Razor,GBPUSD,1.35004,1.35005,1e-05,1,Sydney,Friday
2026-01-23 03:37:20,Pepperstone Razor,USDJPY,158.553,158.558,0.005,5,Sydney,Friday
2026-01-23 03:37:20,Pepperstone Razor,AUDUSD,0.68488,0.68489,1e-05,1,Sydney,Friday
2026-01-23 03:37:24,FusionMarkets Zero,XAUUSD,4953.45,4953.52,0.07,7,Sydney,Friday
2026-01-23 03:37:25,FusionMarkets Zero,EURUSD,1.17514,1.17514,0.0,0,Sydney,Friday
2026-01-23 03:37:25,FusionMarkets Zero,GBPUSD,1.35006,1.35006,0.0,0,Sydney,Friday
2026-01-23 03:37:26,FusionMarkets Zero,USDJPY,158.559,158.559,0.0,0,Sydney,Friday
2026-01-23 03:37:27,FusionMarkets Zero,AUDUSD,0.68489,0.68489,0.0,0,Sydney,Friday
2026-01-23 03:37:31,ThinkMarkets ThinkZero,XAUUSD,4953.55,4953.63,0.08,8,Sydney,Friday
2026-01-23 03:37:31,ThinkMarkets ThinkZero,EURUSD,1.17512,1.17514,2e-05,2,Sydney,Friday
2026-01-23 03:37:32,ThinkMarkets ThinkZero,GBPUSD,1.35008,1.35013,5e-05,5,Sydney,Friday
2026-01-23 03:37:33,ThinkMarkets ThinkZero,USDJPY,158.557,158.562,0.005,5,Sydney,Friday
2026-01-23 03:37:34,ThinkMarkets ThinkZero,AUDUSD,0.68493,0.68495,2e-05,2,Sydney,Friday
2026-01-23 03:37:37,ICMarkets Raw,XAUUSD,4953.4,4953.45,0.05,5,Sydney,Friday
2026-01-23 03:37:38,ICMarkets Raw,EURUSD,1.17515,1.17515,0.0,0,Sydney,Friday
2026-01-23 03:37:39,ICMarkets Raw,GBPUSD,1.35012,1.35013,1e-05,1,Sydney,Friday
2026-01-23 03:37:40,ICMarkets Raw,USDJPY,158.559,158.559,0.0,0,Sydney,Friday
2026-01-23 03:37:41,ICMarkets Raw,AUDUSD,0.68492,0.68492,0.0,0,Sydney,Friday
2026-01-23 03:37:43,VantageMarkets Raw,XAUUSD,4953.47,4953.55,0.08,8,Sydney,Friday
2026-01-23 03:37:44,VantageMarkets Raw,EURUSD,1.17512,1.17514,2e-05,2,Sydney,Friday
2026-01-23 03:37:45,VantageMarkets Raw,GBPUSD,1.35005,1.35006,1e-05,1,Sydney,Friday
2026-01-23 03:37:46,VantageMarkets Raw,USDJPY,158.568,158.569,0.001,1,Sydney,Friday
2026-01-23 03:37:47,VantageMarkets Raw,AUDUSD,0.6848,0.68484,4e-05,4,Sydney,Friday
2026-01-23 03:37:50,FPMarkets Raw,XAUUSD,4953.51,4953.58,0.07,7,Sydney,Friday
2026-01-23 03:37:51,FPMarkets Raw,EURUSD,1.17508,1.17509,1e-05,1,Sydney,Friday
2026-01-23 03:37:52,FPMarkets Raw,GBPUSD,1.35001,1.35006,5e-05,5,Sydney,Friday
2026-01-23 03:37:53,FPMarkets Raw,USDJPY,158.569,158.573,0.004,4,Sydney,Friday
2026-01-23 03:37:54,FPMarkets Raw,AUDUSD,0.68483,0.68486,3e-05,3,Sydney,Friday
2026-01-23 03:37:56,8Cap Raw,XAUUSD,4953.34,4953.5,0.16,16,Sydney,Friday
2026-01-23 03:37:56,8Cap Raw,EURUSD,1.17509,1.1751,1e-05,1,Sydney,Friday
2026-01-23 03:37:57,8Cap Raw,GBPUSD,1.35005,1.35006,1e-05,1,Sydney,Friday
2026-01-23 03:37:58,8Cap Raw,USDJPY,158.569,158.57,0.001,1,Sydney,Friday
2026-01-23 03:37:59,8Cap Raw,AUDUSD,0.68483,0.68485,2e-05,2,Sydney,Friday
2026-01-23 03:42:17,Pepperstone Razor,XAUUSD,4952.58,4952.75,0.17,17,Sydney,Friday
2026-01-23 03:42:18,Pepperstone Razor,EURUSD,1.17504,1.17504,0.0,0,Sydney,Friday
2026-01-23 03:42:18,Pepperstone Razor,GBPUSD,1.34986,1.34989,3e-05,3,Sydney,Friday
2026-01-23 03:42:19,Pepperstone Razor,USDJPY,158.607,158.608,0.001,1,Sydney,Friday
2026-01-23 03:42:20,Pepperstone Razor,AUDUSD,0.68465,0.68465,0.0,0,Sydney,Friday
2026-01-23 03:42:24,FusionMarkets Zero,XAUUSD,4953.34,4953.43,0.09,9,Sydney,Friday
2026-01-23 03:42:25,FusionMarkets Zero,EURUSD,1.17501,1.17501,0.0,0,Sydney,Friday
2026-01-23 03:42:26,FusionMarkets Zero,GBPUSD,1.34985,1.34985,0.0,0,Sydney,Friday
2026-01-23 03:42:26,FusionMarkets Zero,USDJPY,158.607,158.608,0.001,1,Sydney,Friday
2026-01-23 03:42:27,FusionMarkets Zero,AUDUSD,0.68468,0.68468,0.0,0,Sydney,Friday
2026-01-23 03:42:31,ThinkMarkets ThinkZero,XAUUSD,4953.25,4953.33,0.08,8,Sydney,Friday
2026-01-23 03:42:32,ThinkMarkets ThinkZero,EURUSD,1.17498,1.175,2e-05,2,Sydney,Friday
2026-01-23 03:42:33,ThinkMarkets ThinkZero,GBPUSD,1.34981,1.34987,6e-05,6,Sydney,Friday
2026-01-23 03:42:34,ThinkMarkets ThinkZero,USDJPY,158.606,158.611,0.005,5,Sydney,Friday
2026-01-23 03:42:35,ThinkMarkets ThinkZero,AUDUSD,0.68461,0.68464,3e-05,3,Sydney,Friday
2026-01-23 03:42:38,ICMarkets Raw,XAUUSD,4951.85,4951.93,0.08,8,Sydney,Friday
2026-01-23 03:42:39,ICMarkets Raw,EURUSD,1.175,1.175,0.0,0,Sydney,Friday
2026-01-23 03:42:40,ICMarkets Raw,GBPUSD,1.34984,1.34985,1e-05,1,Sydney,Friday
2026-01-23 03:42:41,ICMarkets Raw,USDJPY,158.609,158.609,0.0,0,Sydney,Friday
2026-01-23 03:42:41,ICMarkets Raw,AUDUSD,0.68464,0.68464,0.0,0,Sydney,Friday
2026-01-23 03:42:44,VantageMarkets Raw,XAUUSD,4952.45,4952.53,0.08,8,Sydney,Friday
2026-01-23 03:42:45,VantageMarkets Raw,EURUSD,1.17499,1.17501,2e-05,2,Sydney,Friday
2026-01-23 03:42:46,VantageMarkets Raw,GBPUSD,1.34981,1.34982,1e-05,1,Sydney,Friday
2026-01-23 03:42:47,VantageMarkets Raw,USDJPY,158.607,158.609,0.002,2,Sydney,Friday
2026-01-23 03:42:48,VantageMarkets Raw,AUDUSD,0.68464,0.68466,2e-05,2,Sydney,Friday
2026-01-23 03:42:51,FPMarkets Raw,XAUUSD,4951.3,4951.37,0.07,7,Sydney,Friday
2026-01-23 03:42:52,FPMarkets Raw,EURUSD,1.17498,1.17499,1e-05,1,Sydney,Friday
2026-01-23 03:42:53,FPMarkets Raw,GBPUSD,1.34982,1.34987,5e-05,5,Sydney,Friday
2026-01-23 03:42:54,FPMarkets Raw,USDJPY,158.605,158.609,0.004,4,Sydney,Friday
2026-01-23 03:42:55,FPMarkets Raw,AUDUSD,0.68463,0.68466,3e-05,3,Sydney,Friday
2026-01-23 03:42:57,8Cap Raw,XAUUSD,4951.34,4951.5,0.16,16,Sydney,Friday
2026-01-23 03:42:58,8Cap Raw,EURUSD,1.17499,1.17499,0.0,0,Sydney,Friday
2026-01-23 03:42:58,8Cap Raw,GBPUSD,1.34977,1.34978,1e-05,1,Sydney,Friday
2026-01-23 03:42:59,8Cap Raw,USDJPY,158.621,158.622,0.001,1,Sydney,Friday
2026-01-23 03:43:00,8Cap Raw,AUDUSD,0.68461,0.68464,3e-05,3,Sydney,Friday
2026-01-23 03:47:17,Pepperstone Razor,XAUUSD,4955.85,4956.02,0.17,17,Sydney,Friday
2026-01-23 03:47:18,Pepperstone Razor,EURUSD,1.17507,1.17507,0.0,0,Sydney,Friday
2026-01-23 03:47:19,Pepperstone Razor,GBPUSD,1.34984,1.34986,2e-05,2,Sydney,Friday
2026-01-23 03:47:20,Pepperstone Razor,USDJPY,158.617,158.619,0.002,2,Sydney,Friday
2026-01-23 03:47:21,Pepperstone Razor,AUDUSD,0.68464,0.68464,0.0,0,Sydney,Friday
2026-01-23 03:47:24,FusionMarkets Zero,XAUUSD,4956.85,4956.97,0.12,12,Sydney,Friday
2026-01-23 03:47:25,FusionMarkets Zero,EURUSD,1.17505,1.17505,0.0,0,Sydney,Friday
2026-01-23 03:47:26,FusionMarkets Zero,GBPUSD,1.34988,1.34988,0.0,0,Sydney,Friday
2026-01-23 03:47:27,FusionMarkets Zero,USDJPY,158.62,158.62,0.0,0,Sydney,Friday
2026-01-23 03:47:28,FusionMarkets Zero,AUDUSD,0.68465,0.68465,0.0,0,Sydney,Friday
2026-01-23 03:47:31,ThinkMarkets ThinkZero,XAUUSD,4956.62,4956.7,0.08,8,Sydney,Friday
2026-01-23 03:47:32,ThinkMarkets ThinkZero,EURUSD,1.17503,1.17504,1e-05,1,Sydney,Friday
2026-01-23 03:47:33,ThinkMarkets ThinkZero,GBPUSD,1.34981,1.34989,8e-05,8,Sydney,Friday
2026-01-23 03:47:34,ThinkMarkets ThinkZero,USDJPY,158.616,158.621,0.005,5,Sydney,Friday
2026-01-23 03:47:35,ThinkMarkets ThinkZero,AUDUSD,0.68463,0.68465,2e-05,2,Sydney,Friday
2026-01-23 03:47:38,ICMarkets Raw,XAUUSD,4957.62,4957.74,0.12,12,Sydney,Friday
2026-01-23 03:47:39,ICMarkets Raw,EURUSD,1.17507,1.17507,0.0,0,Sydney,Friday
2026-01-23 03:47:40,ICMarkets Raw,GBPUSD,1.34989,1.3499,1e-05,1,Sydney,Friday
2026-01-23 03:47:41,ICMarkets Raw,USDJPY,158.618,158.618,0.0,0,Sydney,Friday
2026-01-23 03:47:42,ICMarkets Raw,AUDUSD,0.68464,0.68464,0.0,0,Sydney,Friday
2026-01-23 03:47:45,VantageMarkets Raw,XAUUSD,4957.72,4957.8,0.08,8,Sydney,Friday
2026-01-23 03:47:46,VantageMarkets Raw,EURUSD,1.17511,1.17512,1e-05,1,Sydney,Friday
2026-01-23 03:47:46,VantageMarkets Raw,GBPUSD,1.34991,1.34992,1e-05,1,Sydney,Friday
2026-01-23 03:47:47,VantageMarkets Raw,USDJPY,158.618,158.62,0.002,2,Sydney,Friday
2026-01-23 03:47:48,VantageMarkets Raw,AUDUSD,0.68468,0.68472,4e-05,4,Sydney,Friday
2026-01-23 03:47:51,FPMarkets Raw,XAUUSD,4959.03,4959.1,0.07,7,Sydney,Friday
2026-01-23 03:47:52,FPMarkets Raw,EURUSD,1.17512,1.17514,2e-05,2,Sydney,Friday
2026-01-23 03:47:53,FPMarkets Raw,GBPUSD,1.34992,1.34997,5e-05,5,Sydney,Friday
2026-01-23 03:47:54,FPMarkets Raw,USDJPY,158.613,158.617,0.004,4,Sydney,Friday
2026-01-23 03:47:55,FPMarkets Raw,AUDUSD,0.68469,0.68472,3e-05,3,Sydney,Friday
2026-01-23 03:47:57,8Cap Raw,XAUUSD,4958.92,4959.08,0.16,16,Sydney,Friday
2026-01-23 03:47:58,8Cap Raw,EURUSD,1.17514,1.17515,1e-05,1,Sydney,Friday
2026-01-23 03:47:59,8Cap Raw,GBPUSD,1.34993,1.34994,1e-05,1,Sydney,Friday
2026-01-23 03:47:59,8Cap Raw,USDJPY,158.618,158.619,0.001,1,Sydney,Friday
2026-01-23 03:48:00,8Cap Raw,AUDUSD,0.68471,0.68474,3e-05,3,Sydney,Friday
2026-01-23 03:52:17,Pepperstone Razor,XAUUSD,4960.76,4961.0,0.24,24,Sydney,Friday
2026-01-23 03:52:18,Pepperstone Razor,EURUSD,1.17512,1.17512,0.0,0,Sydney,Friday
2026-01-23 03:52:19,Pepperstone Razor,GBPUSD,1.34983,1.34984,1e-05,1,Sydney,Friday
2026-01-23 03:52:20,Pepperstone Razor,USDJPY,158.609,158.612,0.003,3,Sydney,Friday
2026-01-23 03:52:21,Pepperstone Razor,AUDUSD,0.68447,0.68447,0.0,0,Sydney,Friday
2026-01-23 03:52:24,FusionMarkets Zero,XAUUSD,4960.56,4960.67,0.11,11,Sydney,Friday
2026-01-23 03:52:25,FusionMarkets Zero,EURUSD,1.1751,1.1751,0.0,0,Sydney,Friday
2026-01-23 03:52:26,FusionMarkets Zero,GBPUSD,1.34985,1.34985,0.0,0,Sydney,Friday
2026-01-23 03:52:27,FusionMarkets Zero,USDJPY,158.611,158.611,0.0,0,Sydney,Friday
2026-01-23 03:52:28,FusionMarkets Zero,AUDUSD,0.68446,0.68446,0.0,0,Sydney,Friday
2026-01-23 03:52:31,ThinkMarkets ThinkZero,XAUUSD,4960.75,4960.83,0.08,8,Sydney,Friday
2026-01-23 03:52:32,ThinkMarkets ThinkZero,EURUSD,1.17509,1.17512,3e-05,3,Sydney,Friday
2026-01-23 03:52:33,ThinkMarkets ThinkZero,GBPUSD,1.34981,1.34989,8e-05,8,Sydney,Friday
2026-01-23 03:52:34,ThinkMarkets ThinkZero,USDJPY,158.618,158.62,0.002,2,Sydney,Friday
2026-01-23 03:52:35,ThinkMarkets ThinkZero,AUDUSD,0.68443,0.68446,3e-05,3,Sydney,Friday
2026-01-23 03:52:38,ICMarkets Raw,XAUUSD,4960.26,4960.38,0.12,12,Sydney,Friday
2026-01-23 03:52:39,ICMarkets Raw,EURUSD,1.17509,1.17509,0.0,0,Sydney,Friday
2026-01-23 03:52:40,ICMarkets Raw,GBPUSD,1.34983,1.34984,1e-05,1,Sydney,Friday
2026-01-23 03:52:41,ICMarkets Raw,USDJPY,158.626,158.626,0.0,0,Sydney,Friday
2026-01-23 03:52:42,ICMarkets Raw,AUDUSD,0.68445,0.68445,0.0,0,Sydney,Friday
2026-01-23 03:52:45,VantageMarkets Raw,XAUUSD,4960.44,4960.52,0.08,8,Sydney,Friday
2026-01-23 03:52:46,VantageMarkets Raw,EURUSD,1.17506,1.17508,2e-05,2,Sydney,Friday
2026-01-23 03:52:46,VantageMarkets Raw,GBPUSD,1.34984,1.34985,1e-05,1,Sydney,Friday
2026-01-23 03:52:47,VantageMarkets Raw,USDJPY,158.624,158.634,0.01,10,Sydney,Friday
2026-01-23 03:52:48,VantageMarkets Raw,AUDUSD,0.68441,0.68444,3e-05,3,Sydney,Friday
2026-01-23 03:52:51,FPMarkets Raw,XAUUSD,4959.3,4959.37,0.07,7,Sydney,Friday
2026-01-23 03:52:52,FPMarkets Raw,EURUSD,1.1751,1.17511,1e-05,1,Sydney,Friday
2026-01-23 03:52:53,FPMarkets Raw,GBPUSD,1.34986,1.34986,0.0,0,Sydney,Friday
2026-01-23 03:52:54,FPMarkets Raw,USDJPY,158.622,158.626,0.004,4,Sydney,Friday
2026-01-23 03:52:55,FPMarkets Raw,AUDUSD,0.68443,0.68446,3e-05,3,Sydney,Friday
2026-01-23 03:52:57,8Cap Raw,XAUUSD,4958.7,4958.86,0.16,16,Sydney,Friday
2026-01-23 03:52:58,8Cap Raw,EURUSD,1.17512,1.17512,0.0,0,Sydney,Friday
2026-01-23 03:52:59,8Cap Raw,GBPUSD,1.34987,1.34988,1e-05,1,Sydney,Friday
2026-01-23 03:52:59,8Cap Raw,USDJPY,158.615,158.619,0.004,4,Sydney,Friday
2026-01-23 03:53:00,8Cap Raw,AUDUSD,0.68446,0.6845,4e-05,4,Sydney,Friday
2026-01-23 03:57:17,Pepperstone Razor,XAUUSD,4957.93,4958.09,0.16,16,Sydney,Friday
2026-01-23 03:57:18,Pepperstone Razor,EURUSD,1.17495,1.17496,1e-05,1,Sydney,Friday
2026-01-23 03:57:19,Pepperstone Razor,GBPUSD,1.34976,1.34977,1e-05,1,Sydney,Friday
2026-01-23 03:57:20,Pepperstone Razor,USDJPY,158.655,158.658,0.003,3,Sydney,Friday
2026-01-23 03:57:21,Pepperstone Razor,AUDUSD,0.68451,0.68452,1e-05,1,Sydney,Friday
2026-01-23 03:57:24,FusionMarkets Zero,XAUUSD,4957.99,4958.06,0.07,7,Sydney,Friday
2026-01-23 03:57:25,FusionMarkets Zero,EURUSD,1.17493,1.17493,0.0,0,Sydney,Friday
2026-01-23 03:57:26,FusionMarkets Zero,GBPUSD,1.34974,1.34974,0.0,0,Sydney,Friday
2026-01-23 03:57:27,FusionMarkets Zero,USDJPY,158.659,158.659,0.0,0,Sydney,Friday
2026-01-23 03:57:28,FusionMarkets Zero,AUDUSD,0.6845,0.6845,0.0,0,Sydney,Friday
2026-01-23 03:57:31,ThinkMarkets ThinkZero,XAUUSD,4958.17,4958.25,0.08,8,Sydney,Friday
2026-01-23 03:57:32,ThinkMarkets ThinkZero,EURUSD,1.17489,1.17492,3e-05,3,Sydney,Friday
2026-01-23 03:57:33,ThinkMarkets ThinkZero,GBPUSD,1.34972,1.34977,5e-05,5,Sydney,Friday
2026-01-23 03:57:34,ThinkMarkets ThinkZero,USDJPY,158.657,158.661,0.004,4,Sydney,Friday
2026-01-23 03:57:35,ThinkMarkets ThinkZero,AUDUSD,0.68446,0.68448,2e-05,2,Sydney,Friday
2026-01-23 03:57:38,ICMarkets Raw,XAUUSD,4958.15,4958.2,0.05,5,Sydney,Friday
2026-01-23 03:57:39,ICMarkets Raw,EURUSD,1.17496,1.17496,0.0,0,Sydney,Friday
2026-01-23 03:57:40,ICMarkets Raw,GBPUSD,1.34975,1.34976,1e-05,1,Sydney,Friday
2026-01-23 03:57:41,ICMarkets Raw,USDJPY,158.657,158.657,0.0,0,Sydney,Friday
2026-01-23 03:57:42,ICMarkets Raw,AUDUSD,0.68447,0.68447,0.0,0,Sydney,Friday
2026-01-23 03:57:45,VantageMarkets Raw,XAUUSD,4956.58,4956.66,0.08,8,Sydney,Friday
2026-01-23 03:57:46,VantageMarkets Raw,EURUSD,1.1749,1.17492,2e-05,2,Sydney,Friday
2026-01-23 03:57:46,VantageMarkets Raw,GBPUSD,1.34976,1.34977,1e-05,1,Sydney,Friday
2026-01-23 03:57:47,VantageMarkets Raw,USDJPY,158.66,158.662,0.002,2,Sydney,Friday
2026-01-23 03:57:48,VantageMarkets Raw,AUDUSD,0.68445,0.68447,2e-05,2,Sydney,Friday
2026-01-23 03:57:51,FPMarkets Raw,XAUUSD,4956.13,4956.2,0.07,7,Sydney,Friday
2026-01-23 03:57:52,FPMarkets Raw,EURUSD,1.17489,1.1749,1e-05,1,Sydney,Friday
2026-01-23 03:57:53,FPMarkets Raw,GBPUSD,1.34973,1.34978,5e-05,5,Sydney,Friday
2026-01-23 03:57:54,FPMarkets Raw,USDJPY,158.653,158.657,0.004,4,Sydney,Friday
2026-01-23 03:57:55,FPMarkets Raw,AUDUSD,0.68446,0.68449,3e-05,3,Sydney,Friday
2026-01-23 03:57:57,8Cap Raw,XAUUSD,4955.84,4956.0,0.16,16,Sydney,Friday
2026-01-23 03:57:57,8Cap Raw,EURUSD,1.1749,1.1749,0.0,0,Sydney,Friday
2026-01-23 03:57:58,8Cap Raw,GBPUSD,1.34973,1.34974,1e-05,1,Sydney,Friday
2026-01-23 03:57:59,8Cap Raw,USDJPY,158.658,158.659,0.001,1,Sydney,Friday
2026-01-23 03:58:00,8Cap Raw,AUDUSD,0.68444,0.68446,2e-05,2,Sydney,Friday
2026-01-23 04:02:16,Pepperstone Razor,XAUUSD,4953.85,4954.04,0.19,19,Sydney,Friday
2026-01-23 04:02:17,Pepperstone Razor,EURUSD,1.17481,1.17481,0.0,0,Sydney,Friday
2026-01-23 04:02:18,Pepperstone Razor,GBPUSD,1.34968,1.34969,1e-05,1,Sydney,Friday
2026-01-23 04:02:19,Pepperstone Razor,USDJPY,158.654,158.655,0.001,1,Sydney,Friday
2026-01-23 04:02:20,Pepperstone Razor,AUDUSD,0.68449,0.6845,1e-05,1,Sydney,Friday
2026-01-23 04:02:22,FusionMarkets Zero,XAUUSD,4954.79,4954.91,0.12,12,Sydney,Friday
2026-01-23 04:02:23,FusionMarkets Zero,EURUSD,1.17485,1.17485,0.0,0,Sydney,Friday
2026-01-23 04:02:24,FusionMarkets Zero,GBPUSD,1.34969,1.34969,0.0,0,Sydney,Friday
2026-01-23 04:02:25,FusionMarkets Zero,USDJPY,158.643,158.645,0.002,2,Sydney,Friday
2026-01-23 04:02:26,FusionMarkets Zero,AUDUSD,0.68451,0.68451,0.0,0,Sydney,Friday
2026-01-23 04:02:29,ThinkMarkets ThinkZero,XAUUSD,4953.98,4954.06,0.08,8,Sydney,Friday
2026-01-23 04:02:30,ThinkMarkets ThinkZero,EURUSD,1.17482,1.17484,2e-05,2,Sydney,Friday
2026-01-23 04:02:31,ThinkMarkets ThinkZero,GBPUSD,1.34965,1.3497,5e-05,5,Sydney,Friday
2026-01-23 04:02:32,ThinkMarkets ThinkZero,USDJPY,158.651,158.654,0.003,3,Sydney,Friday
2026-01-23 04:02:33,ThinkMarkets ThinkZero,AUDUSD,0.68449,0.68452,3e-05,3,Sydney,Friday
2026-01-23 04:02:36,ICMarkets Raw,XAUUSD,4953.52,4953.6,0.08,8,Sydney,Friday
2026-01-23 04:02:36,ICMarkets Raw,EURUSD,1.17483,1.17483,0.0,0,Sydney,Friday
2026-01-23 04:02:37,ICMarkets Raw,GBPUSD,1.34967,1.34968,1e-05,1,Sydney,Friday
2026-01-23 04:02:38,ICMarkets Raw,USDJPY,158.654,158.654,0.0,0,Sydney,Friday
2026-01-23 04:02:39,ICMarkets Raw,AUDUSD,0.68455,0.68455,0.0,0,Sydney,Friday
2026-01-23 04:02:42,VantageMarkets Raw,XAUUSD,4953.72,4953.8,0.08,8,Sydney,Friday
2026-01-23 04:02:43,VantageMarkets Raw,EURUSD,1.17484,1.17485,1e-05,1,Sydney,Friday
2026-01-23 04:02:44,VantageMarkets Raw,GBPUSD,1.34967,1.3497,3e-05,3,Sydney,Friday
2026-01-23 04:02:45,VantageMarkets Raw,USDJPY,158.653,158.655,0.002,2,Sydney,Friday
2026-01-23 04:02:46,VantageMarkets Raw,AUDUSD,0.68454,0.68457,3e-05,3,Sydney,Friday
2026-01-23 04:02:48,FPMarkets Raw,XAUUSD,4954.1,4954.17,0.07,7,Sydney,Friday
2026-01-23 04:02:49,FPMarkets Raw,EURUSD,1.17484,1.17485,1e-05,1,Sydney,Friday
2026-01-23 04:02:50,FPMarkets Raw,GBPUSD,1.34964,1.34969,5e-05,5,Sydney,Friday
2026-01-23 04:02:51,FPMarkets Raw,USDJPY,158.65,158.654,0.004,4,Sydney,Friday
2026-01-23 04:02:52,FPMarkets Raw,AUDUSD,0.68453,0.68457,4e-05,4,Sydney,Friday
2026-01-23 04:02:54,8Cap Raw,XAUUSD,4954.57,4954.73,0.16,16,Sydney,Friday
2026-01-23 04:02:55,8Cap Raw,EURUSD,1.17484,1.17484,0.0,0,Sydney,Friday
2026-01-23 04:02:56,8Cap Raw,GBPUSD,1.34966,1.34968,2e-05,2,Sydney,Friday
2026-01-23 04:02:57,8Cap Raw,USDJPY,158.647,158.649,0.002,2,Sydney,Friday
2026-01-23 04:02:57,8Cap Raw,AUDUSD,0.68452,0.68455,3e-05,3,Sydney,Friday
2026-01-23 04:07:16,Pepperstone Razor,XAUUSD,4954.75,4954.9,0.15,15,Sydney,Friday
2026-01-23 04:07:17,Pepperstone Razor,EURUSD,1.1747,1.1747,0.0,0,Sydney,Friday
2026-01-23 04:07:18,Pepperstone Razor,GBPUSD,1.34959,1.34962,3e-05,3,Sydney,Friday
2026-01-23 04:07:19,Pepperstone Razor,USDJPY,158.676,158.679,0.003,3,Sydney,Friday
2026-01-23 04:07:19,Pepperstone Razor,AUDUSD,0.68431,0.68431,0.0,0,Sydney,Friday
2026-01-23 04:07:22,FusionMarkets Zero,XAUUSD,4954.37,4954.47,0.1,10,Sydney,Friday
2026-01-23 04:07:23,FusionMarkets Zero,EURUSD,1.17465,1.17465,0.0,0,Sydney,Friday
2026-01-23 04:07:24,FusionMarkets Zero,GBPUSD,1.34961,1.34961,0.0,0,Sydney,Friday
2026-01-23 04:07:25,FusionMarkets Zero,USDJPY,158.682,158.684,0.002,2,Sydney,Friday
2026-01-23 04:07:26,FusionMarkets Zero,AUDUSD,0.68428,0.68428,0.0,0,Sydney,Friday
2026-01-23 04:07:28,ThinkMarkets ThinkZero,XAUUSD,4953.96,4954.04,0.08,8,Sydney,Friday
2026-01-23 04:07:29,ThinkMarkets ThinkZero,EURUSD,1.17464,1.17466,2e-05,2,Sydney,Friday
2026-01-23 04:07:30,ThinkMarkets ThinkZero,GBPUSD,1.34957,1.34961,4e-05,4,Sydney,Friday
2026-01-23 04:07:31,ThinkMarkets ThinkZero,USDJPY,158.679,158.684,0.005,5,Sydney,Friday
2026-01-23 04:07:32,ThinkMarkets ThinkZero,AUDUSD,0.68426,0.68429,3e-05,3,Sydney,Friday
2026-01-23 04:07:34,ICMarkets Raw,XAUUSD,4953.43,4953.48,0.05,5,Sydney,Friday
2026-01-23 04:07:35,ICMarkets Raw,EURUSD,1.17465,1.17465,0.0,0,Sydney,Friday
2026-01-23 04:07:36,ICMarkets Raw,GBPUSD,1.34956,1.34958,2e-05,2,Sydney,Friday
2026-01-23 04:07:37,ICMarkets Raw,USDJPY,158.68,158.681,0.001,1,Sydney,Friday
2026-01-23 04:07:38,ICMarkets Raw,AUDUSD,0.68428,0.68428,0.0,0,Sydney,Friday
2026-01-23 04:07:40,VantageMarkets Raw,XAUUSD,4953.54,4953.62,0.08,8,Sydney,Friday
2026-01-23 04:07:41,VantageMarkets Raw,EURUSD,1.17464,1.17466,2e-05,2,Sydney,Friday
2026-01-23 04:07:42,VantageMarkets Raw,GBPUSD,1.34955,1.34956,1e-05,1,Sydney,Friday
2026-01-23 04:07:43,VantageMarkets Raw,USDJPY,158.682,158.683,0.001,1,Sydney,Friday
2026-01-23 04:07:44,VantageMarkets Raw,AUDUSD,0.68424,0.68428,4e-05,4,Sydney,Friday
2026-01-23 04:07:47,FPMarkets Raw,XAUUSD,4953.56,4953.63,0.07,7,Sydney,Friday
2026-01-23 04:07:47,FPMarkets Raw,EURUSD,1.17463,1.17464,1e-05,1,Sydney,Friday
2026-01-23 04:07:49,FPMarkets Raw,GBPUSD,1.34954,1.34959,5e-05,5,Sydney,Friday
2026-01-23 04:07:50,FPMarkets Raw,USDJPY,158.676,158.68,0.004,4,Sydney,Friday
2026-01-23 04:07:51,FPMarkets Raw,AUDUSD,0.68429,0.68432,3e-05,3,Sydney,Friday
2026-01-23 04:07:53,8Cap Raw,XAUUSD,4952.99,4953.15,0.16,16,Sydney,Friday
2026-01-23 04:07:54,8Cap Raw,EURUSD,1.17469,1.17469,0.0,0,Sydney,Friday
2026-01-23 04:07:55,8Cap Raw,GBPUSD,1.34955,1.34959,4e-05,4,Sydney,Friday
2026-01-23 04:07:55,8Cap Raw,USDJPY,158.68,158.681,0.001,1,Sydney,Friday
2026-01-23 04:07:56,8Cap Raw,AUDUSD,0.68428,0.68431,3e-05,3,Sydney,Friday
2026-01-23 04:12:18,Pepperstone Razor,XAUUSD,4950.05,4950.26,0.21,21,Sydney,Friday
2026-01-23 04:12:19,Pepperstone Razor,EURUSD,1.17477,1.17477,0.0,0,Sydney,Friday
2026-01-23 04:12:20,Pepperstone Razor,GBPUSD,1.34947,1.3495,3e-05,3,Sydney,Friday
2026-01-23 04:12:21,Pepperstone Razor,USDJPY,158.666,158.668,0.002,2,Sydney,Friday
2026-01-23 04:12:21,Pepperstone Razor,AUDUSD,0.68415,0.68416,1e-05,1,Sydney,Friday
2026-01-23 04:12:24,FusionMarkets Zero,XAUUSD,4949.92,4950.03,0.11,11,Sydney,Friday
2026-01-23 04:12:25,FusionMarkets Zero,EURUSD,1.1748,1.1748,0.0,0,Sydney,Friday
2026-01-23 04:12:26,FusionMarkets Zero,GBPUSD,1.34952,1.34952,0.0,0,Sydney,Friday
2026-01-23 04:12:27,FusionMarkets Zero,USDJPY,158.65,158.65,0.0,0,Sydney,Friday
2026-01-23 04:12:27,FusionMarkets Zero,AUDUSD,0.68418,0.68418,0.0,0,Sydney,Friday
2026-01-23 04:12:30,ThinkMarkets ThinkZero,XAUUSD,4950.27,4950.35,0.08,8,Sydney,Friday
2026-01-23 04:12:31,ThinkMarkets ThinkZero,EURUSD,1.17481,1.17483,2e-05,2,Sydney,Friday
2026-01-23 04:12:32,ThinkMarkets ThinkZero,GBPUSD,1.34947,1.34954,7e-05,7,Sydney,Friday
2026-01-23 04:12:33,ThinkMarkets ThinkZero,USDJPY,158.65,158.655,0.005,5,Sydney,Friday
2026-01-23 04:12:34,ThinkMarkets ThinkZero,AUDUSD,0.68416,0.68418,2e-05,2,Sydney,Friday
2026-01-23 04:12:36,ICMarkets Raw,XAUUSD,4950.51,4950.56,0.05,5,Sydney,Friday
2026-01-23 04:12:37,ICMarkets Raw,EURUSD,1.17484,1.17484,0.0,0,Sydney,Friday
2026-01-23 04:12:38,ICMarkets Raw,GBPUSD,1.34953,1.34954,1e-05,1,Sydney,Friday
2026-01-23 04:12:39,ICMarkets Raw,USDJPY,158.657,158.657,0.0,0,Sydney,Friday
2026-01-23 04:12:40,ICMarkets Raw,AUDUSD,0.68417,0.68417,0.0,0,Sydney,Friday
2026-01-23 04:12:42,VantageMarkets Raw,XAUUSD,4950.75,4950.83,0.08,8,Sydney,Friday
2026-01-23 04:12:43,VantageMarkets Raw,EURUSD,1.17483,1.17485,2e-05,2,Sydney,Friday
2026-01-23 04:12:44,VantageMarkets Raw,GBPUSD,1.34955,1.34956,1e-05,1,Sydney,Friday
2026-01-23 04:12:45,VantageMarkets Raw,USDJPY,158.656,158.658,0.002,2,Sydney,Friday
2026-01-23 04:12:45,VantageMarkets Raw,AUDUSD,0.68418,0.6842,2e-05,2,Sydney,Friday
2026-01-23 04:12:48,FPMarkets Raw,XAUUSD,4950.61,4950.68,0.07,7,Sydney,Friday
2026-01-23 04:12:49,FPMarkets Raw,EURUSD,1.17484,1.17485,1e-05,1,Sydney,Friday
2026-01-23 04:12:50,FPMarkets Raw,GBPUSD,1.3495,1.34955,5e-05,5,Sydney,Friday
2026-01-23 04:12:51,FPMarkets Raw,USDJPY,158.653,158.657,0.004,4,Sydney,Friday
2026-01-23 04:12:52,FPMarkets Raw,AUDUSD,0.6842,0.68423,3e-05,3,Sydney,Friday
2026-01-23 04:12:54,8Cap Raw,XAUUSD,4950.58,4950.74,0.16,16,Sydney,Friday
2026-01-23 04:12:55,8Cap Raw,EURUSD,1.17484,1.17484,0.0,0,Sydney,Friday
2026-01-23 04:12:56,8Cap Raw,GBPUSD,1.34955,1.34956,1e-05,1,Sydney,Friday
2026-01-23 04:12:56,8Cap Raw,USDJPY,158.655,158.656,0.001,1,Sydney,Friday
2026-01-23 04:12:57,8Cap Raw,AUDUSD,0.68419,0.68423,4e-05,4,Sydney,Friday
2026-01-23 04:17:19,Pepperstone Razor,XAUUSD,4950.58,4950.74,0.16,16,Sydney,Friday
2026-01-23 04:17:20,Pepperstone Razor,EURUSD,1.17486,1.17486,0.0,0,Sydney,Friday
2026-01-23 04:17:20,Pepperstone Razor,GBPUSD,1.34944,1.34944,0.0,0,Sydney,Friday
2026-01-23 04:17:22,Pepperstone Razor,USDJPY,158.651,158.652,0.001,1,Sydney,Friday
2026-01-23 04:17:23,Pepperstone Razor,AUDUSD,0.68435,0.68436,1e-05,1,Sydney,Friday
2026-01-23 04:17:25,FusionMarkets Zero,XAUUSD,4950.4,4950.46,0.06,6,Sydney,Friday
2026-01-23 04:17:26,FusionMarkets Zero,EURUSD,1.17488,1.17488,0.0,0,Sydney,Friday
2026-01-23 04:17:27,FusionMarkets Zero,GBPUSD,1.34945,1.34945,0.0,0,Sydney,Friday
2026-01-23 04:17:28,FusionMarkets Zero,USDJPY,158.645,158.646,0.001,1,Sydney,Friday
2026-01-23 04:17:29,FusionMarkets Zero,AUDUSD,0.68435,0.68435,0.0,0,Sydney,Friday
2026-01-23 04:17:32,ThinkMarkets ThinkZero,XAUUSD,4950.67,4950.75,0.08,8,Sydney,Friday
2026-01-23 04:17:33,ThinkMarkets ThinkZero,EURUSD,1.17486,1.17489,3e-05,3,Sydney,Friday
2026-01-23 04:17:34,ThinkMarkets ThinkZero,GBPUSD,1.34943,1.34949,6e-05,6,Sydney,Friday
2026-01-23 04:17:35,ThinkMarkets ThinkZero,USDJPY,158.64,158.644,0.004,4,Sydney,Friday
2026-01-23 04:17:36,ThinkMarkets ThinkZero,AUDUSD,0.68432,0.68435,3e-05,3,Sydney,Friday
2026-01-23 04:17:39,ICMarkets Raw,XAUUSD,4949.19,4949.25,0.06,6,Sydney,Friday
2026-01-23 04:17:39,ICMarkets Raw,EURUSD,1.17487,1.17487,0.0,0,Sydney,Friday
2026-01-23 04:17:41,ICMarkets Raw,GBPUSD,1.34945,1.34946,1e-05,1,Sydney,Friday
2026-01-23 04:17:42,ICMarkets Raw,USDJPY,158.644,158.644,0.0,0,Sydney,Friday
2026-01-23 04:17:43,ICMarkets Raw,AUDUSD,0.68435,0.68435,0.0,0,Sydney,Friday
2026-01-23 04:17:45,VantageMarkets Raw,XAUUSD,4948.97,4949.05,0.08,8,Sydney,Friday
2026-01-23 04:17:46,VantageMarkets Raw,EURUSD,1.17488,1.17489,1e-05,1,Sydney,Friday
2026-01-23 04:17:46,VantageMarkets Raw,GBPUSD,1.34946,1.34947,1e-05,1,Sydney,Friday
2026-01-23 04:17:47,VantageMarkets Raw,USDJPY,158.643,158.644,0.001,1,Sydney,Friday
2026-01-23 04:17:48,VantageMarkets Raw,AUDUSD,0.68433,0.68436,3e-05,3,Sydney,Friday
2026-01-23 04:17:51,FPMarkets Raw,XAUUSD,4948.56,4948.63,0.07,7,Sydney,Friday
2026-01-23 04:17:52,FPMarkets Raw,EURUSD,1.17487,1.17489,2e-05,2,Sydney,Friday
2026-01-23 04:17:53,FPMarkets Raw,GBPUSD,1.34944,1.34949,5e-05,5,Sydney,Friday
2026-01-23 04:17:54,FPMarkets Raw,USDJPY,158.64,158.644,0.004,4,Sydney,Friday
2026-01-23 04:17:55,FPMarkets Raw,AUDUSD,0.68434,0.68437,3e-05,3,Sydney,Friday
2026-01-23 04:17:57,8Cap Raw,XAUUSD,4948.44,4948.6,0.16,16,Sydney,Friday
2026-01-23 04:17:57,8Cap Raw,EURUSD,1.17488,1.17488,0.0,0,Sydney,Friday
2026-01-23 04:17:58,8Cap Raw,GBPUSD,1.34946,1.34947,1e-05,1,Sydney,Friday
2026-01-23 04:17:59,8Cap Raw,USDJPY,158.642,158.643,0.001,1,Sydney,Friday
2026-01-23 04:18:00,8Cap Raw,AUDUSD,0.68435,0.68438,3e-05,3,Sydney,Friday
2026-01-23 04:22:16,Pepperstone Razor,XAUUSD,4950.6,4950.77,0.17,17,Sydney,Friday
2026-01-23 04:22:17,Pepperstone Razor,EURUSD,1.17486,1.17486,0.0,0,Sydney,Friday
2026-01-23 04:22:18,Pepperstone Razor,GBPUSD,1.3494,1.34942,2e-05,2,Sydney,Friday
2026-01-23 04:22:20,Pepperstone Razor,USDJPY,158.641,158.643,0.002,2,Sydney,Friday
2026-01-23 04:22:21,Pepperstone Razor,AUDUSD,0.68433,0.68434,1e-05,1,Sydney,Friday
2026-01-23 04:22:24,FusionMarkets Zero,XAUUSD,4950.5,4950.62,0.12,12,Sydney,Friday
2026-01-23 04:22:25,FusionMarkets Zero,EURUSD,1.17488,1.17488,0.0,0,Sydney,Friday
2026-01-23 04:22:26,FusionMarkets Zero,GBPUSD,1.34944,1.34944,0.0,0,Sydney,Friday
2026-01-23 04:22:27,FusionMarkets Zero,USDJPY,158.641,158.641,0.0,0,Sydney,Friday
2026-01-23 04:22:27,FusionMarkets Zero,AUDUSD,0.68437,0.68437,0.0,0,Sydney,Friday
2026-01-23 04:22:31,ThinkMarkets ThinkZero,XAUUSD,4950.77,4950.85,0.08,8,Sydney,Friday
2026-01-23 04:22:31,ThinkMarkets ThinkZero,EURUSD,1.17485,1.17488,3e-05,3,Sydney,Friday
2026-01-23 04:22:32,ThinkMarkets ThinkZero,GBPUSD,1.34943,1.34947,4e-05,4,Sydney,Friday
2026-01-23 04:22:33,ThinkMarkets ThinkZero,USDJPY,158.641,158.644,0.003,3,Sydney,Friday
2026-01-23 04:22:34,ThinkMarkets ThinkZero,AUDUSD,0.68436,0.68439,3e-05,3,Sydney,Friday
2026-01-23 04:22:37,ICMarkets Raw,XAUUSD,4950.6,4950.66,0.06,6,Sydney,Friday
2026-01-23 04:22:38,ICMarkets Raw,EURUSD,1.17488,1.17488,0.0,0,Sydney,Friday
2026-01-23 04:22:40,ICMarkets Raw,GBPUSD,1.34942,1.34945,3e-05,3,Sydney,Friday
2026-01-23 04:22:40,ICMarkets Raw,USDJPY,158.641,158.641,0.0,0,Sydney,Friday
2026-01-23 04:22:41,ICMarkets Raw,AUDUSD,0.68431,0.68432,1e-05,1,Sydney,Friday
2026-01-23 04:22:44,VantageMarkets Raw,XAUUSD,4951.39,4951.47,0.08,8,Sydney,Friday
2026-01-23 04:22:45,VantageMarkets Raw,EURUSD,1.1749,1.17492,2e-05,2,Sydney,Friday
2026-01-23 04:22:46,VantageMarkets Raw,GBPUSD,1.34944,1.34945,1e-05,1,Sydney,Friday
2026-01-23 04:22:47,VantageMarkets Raw,USDJPY,158.641,158.642,0.001,1,Sydney,Friday
2026-01-23 04:22:47,VantageMarkets Raw,AUDUSD,0.6843,0.68433,3e-05,3,Sydney,Friday
2026-01-23 04:22:50,FPMarkets Raw,XAUUSD,4952.07,4952.14,0.07,7,Sydney,Friday
2026-01-23 04:22:51,FPMarkets Raw,EURUSD,1.17489,1.17489,0.0,0,Sydney,Friday
2026-01-23 04:22:53,FPMarkets Raw,GBPUSD,1.34944,1.34944,0.0,0,Sydney,Friday
2026-01-23 04:22:54,FPMarkets Raw,USDJPY,158.636,158.64,0.004,4,Sydney,Friday
2026-01-23 04:22:55,FPMarkets Raw,AUDUSD,0.68431,0.68434,3e-05,3,Sydney,Friday
2026-01-23 04:22:56,8Cap Raw,XAUUSD,4952.32,4952.48,0.16,16,Sydney,Friday
2026-01-23 04:22:57,8Cap Raw,EURUSD,1.17489,1.17489,0.0,0,Sydney,Friday
2026-01-23 04:22:58,8Cap Raw,GBPUSD,1.34944,1.34945,1e-05,1,Sydney,Friday
2026-01-23 04:22:58,8Cap Raw,USDJPY,158.637,158.638,0.001,1,Sydney,Friday
2026-01-23 04:22:59,8Cap Raw,AUDUSD,0.68428,0.68431,3e-05,3,Sydney,Friday
2026-01-23 04:27:16,Pepperstone Razor,XAUUSD,4947.76,4947.99,0.23,23,Sydney,Friday
2026-01-23 04:27:17,Pepperstone Razor,EURUSD,1.1749,1.1749,0.0,0,Sydney,Friday
2026-01-23 04:27:18,Pepperstone Razor,GBPUSD,1.34947,1.34949,2e-05,2,Sydney,Friday
2026-01-23 04:27:19,Pepperstone Razor,USDJPY,158.616,158.619,0.003,3,Sydney,Friday
2026-01-23 04:27:19,Pepperstone Razor,AUDUSD,0.68428,0.68428,0.0,0,Sydney,Friday
2026-01-23 04:27:22,FusionMarkets Zero,XAUUSD,4948.25,4948.37,0.12,12,Sydney,Friday
2026-01-23 04:27:23,FusionMarkets Zero,EURUSD,1.17488,1.17488,0.0,0,Sydney,Friday
2026-01-23 04:27:24,FusionMarkets Zero,GBPUSD,1.34946,1.34946,0.0,0,Sydney,Friday
2026-01-23 04:27:25,FusionMarkets Zero,USDJPY,158.617,158.617,0.0,0,Sydney,Friday
2026-01-23 04:27:26,FusionMarkets Zero,AUDUSD,0.68426,0.68426,0.0,0,Sydney,Friday
2026-01-23 04:27:29,ThinkMarkets ThinkZero,XAUUSD,4949.01,4949.09,0.08,8,Sydney,Friday
2026-01-23 04:27:30,ThinkMarkets ThinkZero,EURUSD,1.17488,1.1749,2e-05,2,Sydney,Friday
2026-01-23 04:27:31,ThinkMarkets ThinkZero,GBPUSD,1.34945,1.3495,5e-05,5,Sydney,Friday
2026-01-23 04:27:32,ThinkMarkets ThinkZero,USDJPY,158.617,158.621,0.004,4,Sydney,Friday
2026-01-23 04:27:33,ThinkMarkets ThinkZero,AUDUSD,0.68424,0.68426,2e-05,2,Sydney,Friday
2026-01-23 04:27:36,ICMarkets Raw,XAUUSD,4948.85,4948.94,0.09,9,Sydney,Friday
2026-01-23 04:27:36,ICMarkets Raw,EURUSD,1.1749,1.1749,0.0,0,Sydney,Friday
2026-01-23 04:27:37,ICMarkets Raw,GBPUSD,1.34947,1.34948,1e-05,1,Sydney,Friday
2026-01-23 04:27:38,ICMarkets Raw,USDJPY,158.616,158.616,0.0,0,Sydney,Friday
2026-01-23 04:27:39,ICMarkets Raw,AUDUSD,0.68427,0.68427,0.0,0,Sydney,Friday
2026-01-23 04:27:42,VantageMarkets Raw,XAUUSD,4948.7,4948.78,0.08,8,Sydney,Friday
2026-01-23 04:27:43,VantageMarkets Raw,EURUSD,1.17488,1.17489,1e-05,1,Sydney,Friday
2026-01-23 04:27:44,VantageMarkets Raw,GBPUSD,1.34947,1.34948,1e-05,1,Sydney,Friday
2026-01-23 04:27:45,VantageMarkets Raw,USDJPY,158.617,158.618,0.001,1,Sydney,Friday
2026-01-23 04:27:45,VantageMarkets Raw,AUDUSD,0.68423,0.68427,4e-05,4,Sydney,Friday
2026-01-23 04:27:48,FPMarkets Raw,XAUUSD,4949.57,4949.64,0.07,7,Sydney,Friday
2026-01-23 04:27:49,FPMarkets Raw,EURUSD,1.1749,1.1749,0.0,0,Sydney,Friday
2026-01-23 04:27:50,FPMarkets Raw,GBPUSD,1.34946,1.34951,5e-05,5,Sydney,Friday
2026-01-23 04:27:51,FPMarkets Raw,USDJPY,158.608,158.612,0.004,4,Sydney,Friday
2026-01-23 04:27:52,FPMarkets Raw,AUDUSD,0.68422,0.68425,3e-05,3,Sydney,Friday
2026-01-23 04:27:54,8Cap Raw,XAUUSD,4948.92,4949.08,0.16,16,Sydney,Friday
2026-01-23 04:27:55,8Cap Raw,EURUSD,1.17489,1.17489,0.0,0,Sydney,Friday
2026-01-23 04:27:55,8Cap Raw,GBPUSD,1.34948,1.34949,1e-05,1,Sydney,Friday
2026-01-23 04:27:56,8Cap Raw,USDJPY,158.6,158.603,0.003,3,Sydney,Friday
2026-01-23 04:27:57,8Cap Raw,AUDUSD,0.68425,0.68427,2e-05,2,Sydney,Friday
2026-01-23 04:32:16,Pepperstone Razor,XAUUSD,4957.22,4957.38,0.16,16,Sydney,Friday
2026-01-23 04:32:17,Pepperstone Razor,EURUSD,1.17487,1.17487,0.0,0,Sydney,Friday
2026-01-23 04:32:18,Pepperstone Razor,GBPUSD,1.34958,1.34959,1e-05,1,Sydney,Friday
2026-01-23 04:32:19,Pepperstone Razor,USDJPY,158.576,158.58,0.004,4,Sydney,Friday
2026-01-23 04:32:20,Pepperstone Razor,AUDUSD,0.68426,0.68426,0.0,0,Sydney,Friday
2026-01-23 04:32:22,FusionMarkets Zero,XAUUSD,4956.7,4956.78,0.08,8,Sydney,Friday
2026-01-23 04:32:23,FusionMarkets Zero,EURUSD,1.17488,1.17488,0.0,0,Sydney,Friday
2026-01-23 04:32:24,FusionMarkets Zero,GBPUSD,1.34957,1.34957,0.0,0,Sydney,Friday
2026-01-23 04:32:25,FusionMarkets Zero,USDJPY,158.581,158.581,0.0,0,Sydney,Friday
2026-01-23 04:32:26,FusionMarkets Zero,AUDUSD,0.68429,0.68429,0.0,0,Sydney,Friday
2026-01-23 04:32:29,ThinkMarkets ThinkZero,XAUUSD,4956.62,4956.7,0.08,8,Sydney,Friday
2026-01-23 04:32:30,ThinkMarkets ThinkZero,EURUSD,1.17485,1.17488,3e-05,3,Sydney,Friday
2026-01-23 04:32:31,ThinkMarkets ThinkZero,GBPUSD,1.34955,1.34959,4e-05,4,Sydney,Friday
2026-01-23 04:32:32,ThinkMarkets ThinkZero,USDJPY,158.578,158.584,0.006,6,Sydney,Friday
2026-01-23 04:32:33,ThinkMarkets ThinkZero,AUDUSD,0.68426,0.6843,4e-05,4,Sydney,Friday
2026-01-23 04:32:35,ICMarkets Raw,XAUUSD,4956.43,4956.48,0.05,5,Sydney,Friday
2026-01-23 04:32:36,ICMarkets Raw,EURUSD,1.17482,1.17482,0.0,0,Sydney,Friday
2026-01-23 04:32:37,ICMarkets Raw,GBPUSD,1.3495,1.34952,2e-05,2,Sydney,Friday
2026-01-23 04:32:38,ICMarkets Raw,USDJPY,158.591,158.591,0.0,0,Sydney,Friday
2026-01-23 04:32:39,ICMarkets Raw,AUDUSD,0.68415,0.68416,1e-05,1,Sydney,Friday
2026-01-23 04:32:42,VantageMarkets Raw,XAUUSD,4955.79,4955.87,0.08,8,Sydney,Friday
2026-01-23 04:32:43,VantageMarkets Raw,EURUSD,1.17483,1.17484,1e-05,1,Sydney,Friday
2026-01-23 04:32:44,VantageMarkets Raw,GBPUSD,1.3495,1.34951,1e-05,1,Sydney,Friday
2026-01-23 04:32:45,VantageMarkets Raw,USDJPY,158.588,158.595,0.007,7,Sydney,Friday
2026-01-23 04:32:45,VantageMarkets Raw,AUDUSD,0.68414,0.68418,4e-05,4,Sydney,Friday
2026-01-23 04:32:48,FPMarkets Raw,XAUUSD,4955.09,4955.16,0.07,7,Sydney,Friday
2026-01-23 04:32:49,FPMarkets Raw,EURUSD,1.17481,1.17482,1e-05,1,Sydney,Friday
2026-01-23 04:32:50,FPMarkets Raw,GBPUSD,1.34951,1.34952,1e-05,1,Sydney,Friday
2026-01-23 04:32:51,FPMarkets Raw,USDJPY,158.59,158.594,0.004,4,Sydney,Friday
2026-01-23 04:32:52,FPMarkets Raw,AUDUSD,0.68414,0.68417,3e-05,3,Sydney,Friday
2026-01-23 04:32:54,8Cap Raw,XAUUSD,4955.07,4955.23,0.16,16,Sydney,Friday
2026-01-23 04:32:55,8Cap Raw,EURUSD,1.17482,1.17483,1e-05,1,Sydney,Friday
2026-01-23 04:32:56,8Cap Raw,GBPUSD,1.3495,1.34951,1e-05,1,Sydney,Friday
2026-01-23 04:32:56,8Cap Raw,USDJPY,158.591,158.592,0.001,1,Sydney,Friday
2026-01-23 04:32:57,8Cap Raw,AUDUSD,0.68413,0.68416,3e-05,3,Sydney,Friday
2026-01-23 04:37:16,Pepperstone Razor,XAUUSD,4955.74,4955.89,0.15,15,Sydney,Friday
2026-01-23 04:37:17,Pepperstone Razor,EURUSD,1.17472,1.17472,0.0,0,Sydney,Friday
2026-01-23 04:37:18,Pepperstone Razor,GBPUSD,1.3494,1.34943,3e-05,3,Sydney,Friday
2026-01-23 04:37:19,Pepperstone Razor,USDJPY,158.602,158.604,0.002,2,Sydney,Friday
2026-01-23 04:37:20,Pepperstone Razor,AUDUSD,0.68412,0.68413,1e-05,1,Sydney,Friday
2026-01-23 04:37:23,FusionMarkets Zero,XAUUSD,4955.43,4955.49,0.06,6,Sydney,Friday
2026-01-23 04:37:24,FusionMarkets Zero,EURUSD,1.17474,1.17474,0.0,0,Sydney,Friday
2026-01-23 04:37:25,FusionMarkets Zero,GBPUSD,1.34945,1.34945,0.0,0,Sydney,Friday
2026-01-23 04:37:25,FusionMarkets Zero,USDJPY,158.58,158.583,0.003,3,Sydney,Friday
2026-01-23 04:37:26,FusionMarkets Zero,AUDUSD,0.68414,0.68414,0.0,0,Sydney,Friday
2026-01-23 04:37:30,ThinkMarkets ThinkZero,XAUUSD,4955.26,4955.34,0.08,8,Sydney,Friday
2026-01-23 04:37:31,ThinkMarkets ThinkZero,EURUSD,1.17472,1.17475,3e-05,3,Sydney,Friday
2026-01-23 04:37:31,ThinkMarkets ThinkZero,GBPUSD,1.34944,1.34948,4e-05,4,Sydney,Friday
2026-01-23 04:37:32,ThinkMarkets ThinkZero,USDJPY,158.586,158.591,0.005,5,Sydney,Friday
2026-01-23 04:37:33,ThinkMarkets ThinkZero,AUDUSD,0.68412,0.68414,2e-05,2,Sydney,Friday
2026-01-23 04:37:36,ICMarkets Raw,XAUUSD,4955.04,4955.16,0.12,12,Sydney,Friday
2026-01-23 04:37:37,ICMarkets Raw,EURUSD,1.17475,1.17475,0.0,0,Sydney,Friday
2026-01-23 04:37:38,ICMarkets Raw,GBPUSD,1.34944,1.34945,1e-05,1,Sydney,Friday
2026-01-23 04:37:39,ICMarkets Raw,USDJPY,158.59,158.591,0.001,1,Sydney,Friday
2026-01-23 04:37:40,ICMarkets Raw,AUDUSD,0.68412,0.68412,0.0,0,Sydney,Friday
2026-01-23 04:37:42,VantageMarkets Raw,XAUUSD,4955.25,4955.33,0.08,8,Sydney,Friday
2026-01-23 04:37:43,VantageMarkets Raw,EURUSD,1.17475,1.17476,1e-05,1,Sydney,Friday
2026-01-23 04:37:44,VantageMarkets Raw,GBPUSD,1.34942,1.34943,1e-05,1,Sydney,Friday
2026-01-23 04:37:45,VantageMarkets Raw,USDJPY,158.588,158.59,0.002,2,Sydney,Friday
2026-01-23 04:37:46,VantageMarkets Raw,AUDUSD,0.68412,0.68414,2e-05,2,Sydney,Friday
2026-01-23 04:37:49,FPMarkets Raw,XAUUSD,4954.87,4954.94,0.07,7,Sydney,Friday
2026-01-23 04:37:50,FPMarkets Raw,EURUSD,1.17471,1.17472,1e-05,1,Sydney,Friday
2026-01-23 04:37:51,FPMarkets Raw,GBPUSD,1.34935,1.34936,1e-05,1,Sydney,Friday
2026-01-23 04:37:52,FPMarkets Raw,USDJPY,158.598,158.603,0.005,5,Sydney,Friday
2026-01-23 04:37:53,FPMarkets Raw,AUDUSD,0.68412,0.68415,3e-05,3,Sydney,Friday
2026-01-23 04:37:54,8Cap Raw,XAUUSD,4955.33,4955.49,0.16,16,Sydney,Friday
2026-01-23 04:37:55,8Cap Raw,EURUSD,1.17469,1.17469,0.0,0,Sydney,Friday
2026-01-23 04:37:56,8Cap Raw,GBPUSD,1.34935,1.34938,3e-05,3,Sydney,Friday
2026-01-23 04:37:56,8Cap Raw,USDJPY,158.6,158.601,0.001,1,Sydney,Friday
2026-01-23 04:37:57,8Cap Raw,AUDUSD,0.68413,0.68416,3e-05,3,Sydney,Friday
2026-01-23 04:42:16,Pepperstone Razor,XAUUSD,4954.21,4954.36,0.15,15,Sydney,Friday
2026-01-23 04:42:17,Pepperstone Razor,EURUSD,1.17468,1.17468,0.0,0,Sydney,Friday
2026-01-23 04:42:18,Pepperstone Razor,GBPUSD,1.34937,1.34938,1e-05,1,Sydney,Friday
2026-01-23 04:42:19,Pepperstone Razor,USDJPY,158.544,158.548,0.004,4,Sydney,Friday
2026-01-23 04:42:20,Pepperstone Razor,AUDUSD,0.68404,0.68405,1e-05,1,Sydney,Friday
2026-01-23 04:42:23,FusionMarkets Zero,XAUUSD,4954.38,4954.44,0.06,6,Sydney,Friday
2026-01-23 04:42:24,FusionMarkets Zero,EURUSD,1.17471,1.17471,0.0,0,Sydney,Friday
2026-01-23 04:42:46,FusionMarkets Zero,GBPUSD,1.34943,1.34943,0.0,0,Sydney,Friday
2026-01-23 04:42:47,FusionMarkets Zero,USDJPY,158.543,158.543,0.0,0,Sydney,Friday
2026-01-23 04:42:48,FusionMarkets Zero,AUDUSD,0.68403,0.68403,0.0,0,Sydney,Friday
2026-01-23 04:42:51,ThinkMarkets ThinkZero,XAUUSD,4954.77,4954.85,0.08,8,Sydney,Friday
2026-01-23 04:42:52,ThinkMarkets ThinkZero,EURUSD,1.1747,1.17472,2e-05,2,Sydney,Friday
2026-01-23 04:42:53,ThinkMarkets ThinkZero,GBPUSD,1.34935,1.34941,6e-05,6,Sydney,Friday
2026-01-23 04:42:53,ThinkMarkets ThinkZero,USDJPY,158.542,158.548,0.006,6,Sydney,Friday
2026-01-23 04:42:54,ThinkMarkets ThinkZero,AUDUSD,0.684,0.68402,2e-05,2,Sydney,Friday
2026-01-23 04:42:57,ICMarkets Raw,XAUUSD,4954.79,4954.84,0.05,5,Sydney,Friday
2026-01-23 04:42:58,ICMarkets Raw,EURUSD,1.17472,1.17472,0.0,0,Sydney,Friday
2026-01-23 04:42:59,ICMarkets Raw,GBPUSD,1.34938,1.34939,1e-05,1,Sydney,Friday
2026-01-23 04:43:00,ICMarkets Raw,USDJPY,158.543,158.543,0.0,0,Sydney,Friday
2026-01-23 04:43:01,ICMarkets Raw,AUDUSD,0.68401,0.68401,0.0,0,Sydney,Friday
2026-01-23 04:43:03,VantageMarkets Raw,XAUUSD,4954.66,4954.74,0.08,8,Sydney,Friday
2026-01-23 04:43:04,VantageMarkets Raw,EURUSD,1.17472,1.17473,1e-05,1,Sydney,Friday
2026-01-23 04:43:05,VantageMarkets Raw,GBPUSD,1.34936,1.34937,1e-05,1,Sydney,Friday
2026-01-23 04:43:06,VantageMarkets Raw,USDJPY,158.553,158.555,0.002,2,Sydney,Friday
2026-01-23 04:43:07,VantageMarkets Raw,AUDUSD,0.68399,0.68401,2e-05,2,Sydney,Friday
2026-01-23 04:43:10,FPMarkets Raw,XAUUSD,4955.05,4955.12,0.07,7,Sydney,Friday
2026-01-23 04:43:11,FPMarkets Raw,EURUSD,1.17468,1.1747,2e-05,2,Sydney,Friday
2026-01-23 04:43:12,FPMarkets Raw,GBPUSD,1.3493,1.34935,5e-05,5,Sydney,Friday
2026-01-23 04:43:13,FPMarkets Raw,USDJPY,158.554,158.559,0.005,5,Sydney,Friday
2026-01-23 04:43:14,FPMarkets Raw,AUDUSD,0.68399,0.68402,3e-05,3,Sydney,Friday
2026-01-23 04:43:16,8Cap Raw,XAUUSD,4954.79,4954.95,0.16,16,Sydney,Friday
2026-01-23 04:43:17,8Cap Raw,EURUSD,1.17468,1.17468,0.0,0,Sydney,Friday
2026-01-23 04:43:17,8Cap Raw,GBPUSD,1.34935,1.34936,1e-05,1,Sydney,Friday
2026-01-23 04:43:18,8Cap Raw,USDJPY,158.552,158.556,0.004,4,Sydney,Friday
2026-01-23 04:43:19,8Cap Raw,AUDUSD,0.684,0.68402,2e-05,2,Sydney,Friday
2026-01-23 04:47:16,Pepperstone Razor,XAUUSD,4959.75,4959.92,0.17,17,Sydney,Friday
2026-01-23 04:47:17,Pepperstone Razor,EURUSD,1.17454,1.17454,0.0,0,Sydney,Friday
2026-01-23 04:47:18,Pepperstone Razor,GBPUSD,1.34933,1.34933,0.0,0,Sydney,Friday
2026-01-23 04:47:19,Pepperstone Razor,USDJPY,158.539,158.541,0.002,2,Sydney,Friday
2026-01-23 04:47:20,Pepperstone Razor,AUDUSD,0.6839,0.68391,1e-05,1,Sydney,Friday
2026-01-23 04:47:23,FusionMarkets Zero,XAUUSD,4960.1,4960.16,0.06,6,Sydney,Friday
2026-01-23 04:47:24,FusionMarkets Zero,EURUSD,1.17452,1.17452,0.0,0,Sydney,Friday
2026-01-23 04:47:25,FusionMarkets Zero,GBPUSD,1.34934,1.34934,0.0,0,Sydney,Friday
2026-01-23 04:47:26,FusionMarkets Zero,USDJPY,158.542,158.542,0.0,0,Sydney,Friday
2026-01-23 04:47:27,FusionMarkets Zero,AUDUSD,0.68389,0.68389,0.0,0,Sydney,Friday
2026-01-23 04:47:30,ThinkMarkets ThinkZero,XAUUSD,4960.43,4960.51,0.08,8,Sydney,Friday
2026-01-23 04:47:31,ThinkMarkets ThinkZero,EURUSD,1.17451,1.17453,2e-05,2,Sydney,Friday
2026-01-23 04:47:32,ThinkMarkets ThinkZero,GBPUSD,1.34931,1.34938,7e-05,7,Sydney,Friday
2026-01-23 04:47:33,ThinkMarkets ThinkZero,USDJPY,158.538,158.543,0.005,5,Sydney,Friday
2026-01-23 04:47:34,ThinkMarkets ThinkZero,AUDUSD,0.68388,0.68391,3e-05,3,Sydney,Friday
2026-01-23 04:47:36,ICMarkets Raw,XAUUSD,4960.82,4960.87,0.05,5,Sydney,Friday
2026-01-23 04:47:37,ICMarkets Raw,EURUSD,1.17453,1.17453,0.0,0,Sydney,Friday
2026-01-23 04:47:38,ICMarkets Raw,GBPUSD,1.34934,1.34935,1e-05,1,Sydney,Friday
2026-01-23 04:47:39,ICMarkets Raw,USDJPY,158.542,158.542,0.0,0,Sydney,Friday
2026-01-23 04:47:40,ICMarkets Raw,AUDUSD,0.68388,0.68388,0.0,0,Sydney,Friday
2026-01-23 04:47:43,VantageMarkets Raw,XAUUSD,4960.64,4960.72,0.08,8,Sydney,Friday
2026-01-23 04:47:44,VantageMarkets Raw,EURUSD,1.17449,1.17452,3e-05,3,Sydney,Friday
2026-01-23 04:47:44,VantageMarkets Raw,GBPUSD,1.34934,1.34935,1e-05,1,Sydney,Friday
2026-01-23 04:47:45,VantageMarkets Raw,USDJPY,158.541,158.543,0.002,2,Sydney,Friday
2026-01-23 04:47:46,VantageMarkets Raw,AUDUSD,0.68385,0.68388,3e-05,3,Sydney,Friday
2026-01-23 04:47:49,FPMarkets Raw,XAUUSD,4961.09,4961.16,0.07,7,Sydney,Friday
2026-01-23 04:47:50,FPMarkets Raw,EURUSD,1.17449,1.1745,1e-05,1,Sydney,Friday
2026-01-23 04:47:51,FPMarkets Raw,GBPUSD,1.3493,1.34935,5e-05,5,Sydney,Friday
2026-01-23 04:47:52,FPMarkets Raw,USDJPY,158.539,158.543,0.004,4,Sydney,Friday
2026-01-23 04:47:53,FPMarkets Raw,AUDUSD,0.68383,0.68386,3e-05,3,Sydney,Friday
2026-01-23 04:47:55,8Cap Raw,XAUUSD,4961.17,4961.33,0.16,16,Sydney,Friday
2026-01-23 04:47:56,8Cap Raw,EURUSD,1.17448,1.1745,2e-05,2,Sydney,Friday
2026-01-23 04:47:56,8Cap Raw,GBPUSD,1.34933,1.34934,1e-05,1,Sydney,Friday
2026-01-23 04:47:57,8Cap Raw,USDJPY,158.539,158.54,0.001,1,Sydney,Friday
2026-01-23 04:47:58,8Cap Raw,AUDUSD,0.68385,0.68387,2e-05,2,Sydney,Friday
2026-01-23 04:52:16,Pepperstone Razor,XAUUSD,4961.37,4961.57,0.2,20,Sydney,Friday
2026-01-23 04:52:17,Pepperstone Razor,EURUSD,1.17469,1.17469,0.0,0,Sydney,Friday
2026-01-23 04:52:18,Pepperstone Razor,GBPUSD,1.34947,1.34948,1e-05,1,Sydney,Friday
2026-01-23 04:52:19,Pepperstone Razor,USDJPY,158.565,158.568,0.003,3,Sydney,Friday
2026-01-23 04:52:20,Pepperstone Razor,AUDUSD,0.68406,0.68407,1e-05,1,Sydney,Friday
2026-01-23 04:52:23,FusionMarkets Zero,XAUUSD,4961.29,4961.39,0.1,10,Sydney,Friday
2026-01-23 04:52:24,FusionMarkets Zero,EURUSD,1.17465,1.17465,0.0,0,Sydney,Friday
2026-01-23 04:52:25,FusionMarkets Zero,GBPUSD,1.34949,1.34949,0.0,0,Sydney,Friday
2026-01-23 04:52:26,FusionMarkets Zero,USDJPY,158.566,158.568,0.002,2,Sydney,Friday
2026-01-23 04:52:27,FusionMarkets Zero,AUDUSD,0.68405,0.68405,0.0,0,Sydney,Friday
2026-01-23 04:52:30,ThinkMarkets ThinkZero,XAUUSD,4961.24,4961.32,0.08,8,Sydney,Friday
2026-01-23 04:52:31,ThinkMarkets ThinkZero,EURUSD,1.17461,1.17464,3e-05,3,Sydney,Friday
2026-01-23 04:52:31,ThinkMarkets ThinkZero,GBPUSD,1.34942,1.3495,8e-05,8,Sydney,Friday
2026-01-23 04:52:32,ThinkMarkets ThinkZero,USDJPY,158.566,158.572,0.006,6,Sydney,Friday
2026-01-23 04:52:33,ThinkMarkets ThinkZero,AUDUSD,0.68401,0.68405,4e-05,4,Sydney,Friday
2026-01-23 04:52:36,ICMarkets Raw,XAUUSD,4961.39,4961.52,0.13,13,Sydney,Friday
2026-01-23 04:52:37,ICMarkets Raw,EURUSD,1.17464,1.17464,0.0,0,Sydney,Friday
2026-01-23 04:52:38,ICMarkets Raw,GBPUSD,1.34944,1.34945,1e-05,1,Sydney,Friday
2026-01-23 04:52:39,ICMarkets Raw,USDJPY,158.567,158.569,0.002,2,Sydney,Friday
2026-01-23 04:52:40,ICMarkets Raw,AUDUSD,0.68403,0.68403,0.0,0,Sydney,Friday
2026-01-23 04:52:43,VantageMarkets Raw,XAUUSD,4961.39,4961.47,0.08,8,Sydney,Friday
2026-01-23 04:52:43,VantageMarkets Raw,EURUSD,1.17459,1.17461,2e-05,2,Sydney,Friday
2026-01-23 04:52:44,VantageMarkets Raw,GBPUSD,1.34945,1.34946,1e-05,1,Sydney,Friday
2026-01-23 04:52:45,VantageMarkets Raw,USDJPY,158.57,158.571,0.001,1,Sydney,Friday
2026-01-23 04:52:46,VantageMarkets Raw,AUDUSD,0.68399,0.68402,3e-05,3,Sydney,Friday
2026-01-23 04:52:49,FPMarkets Raw,XAUUSD,4961.09,4961.16,0.07,7,Sydney,Friday
2026-01-23 04:52:50,FPMarkets Raw,EURUSD,1.17454,1.17456,2e-05,2,Sydney,Friday
2026-01-23 04:52:51,FPMarkets Raw,GBPUSD,1.34935,1.3494,5e-05,5,Sydney,Friday
2026-01-23 04:52:52,FPMarkets Raw,USDJPY,158.562,158.566,0.004,4,Sydney,Friday
2026-01-23 04:52:53,FPMarkets Raw,AUDUSD,0.684,0.68403,3e-05,3,Sydney,Friday
2026-01-23 04:52:55,8Cap Raw,XAUUSD,4960.77,4960.93,0.16,16,Sydney,Friday
2026-01-23 04:52:56,8Cap Raw,EURUSD,1.17455,1.17457,2e-05,2,Sydney,Friday
2026-01-23 04:52:56,8Cap Raw,GBPUSD,1.34939,1.34942,3e-05,3,Sydney,Friday
2026-01-23 04:52:57,8Cap Raw,USDJPY,158.563,158.564,0.001,1,Sydney,Friday
2026-01-23 04:52:58,8Cap Raw,AUDUSD,0.68401,0.68403,2e-05,2,Sydney,Friday
2026-01-23 04:57:16,Pepperstone Razor,XAUUSD,4959.76,4959.97,0.21,21,Sydney,Friday
2026-01-23 04:57:17,Pepperstone Razor,EURUSD,1.17453,1.17453,0.0,0,Sydney,Friday
2026-01-23 04:57:18,Pepperstone Razor,GBPUSD,1.34937,1.34938,1e-05,1,Sydney,Friday
2026-01-23 04:57:19,Pepperstone Razor,USDJPY,158.558,158.562,0.004,4,Sydney,Friday
2026-01-23 04:57:20,Pepperstone Razor,AUDUSD,0.68408,0.68408,0.0,0,Sydney,Friday
2026-01-23 04:57:23,FusionMarkets Zero,XAUUSD,4959.73,4959.83,0.1,10,Sydney,Friday
2026-01-23 04:57:24,FusionMarkets Zero,EURUSD,1.17468,1.17468,0.0,0,Sydney,Friday
2026-01-23 04:57:25,FusionMarkets Zero,GBPUSD,1.3495,1.3495,0.0,0,Sydney,Friday
2026-01-23 04:57:26,FusionMarkets Zero,USDJPY,158.562,158.562,0.0,0,Sydney,Friday
2026-01-23 04:57:27,FusionMarkets Zero,AUDUSD,0.6841,0.6841,0.0,0,Sydney,Friday
2026-01-23 04:57:51,ThinkMarkets ThinkZero,XAUUSD,4959.05,4959.13,0.08,8,Sydney,Friday
2026-01-23 04:57:52,ThinkMarkets ThinkZero,EURUSD,1.17461,1.17463,2e-05,2,Sydney,Friday
2026-01-23 04:57:53,ThinkMarkets ThinkZero,GBPUSD,1.34938,1.34941,3e-05,3,Sydney,Friday
2026-01-23 04:57:54,ThinkMarkets ThinkZero,USDJPY,158.557,158.562,0.005,5,Sydney,Friday
2026-01-23 04:57:55,ThinkMarkets ThinkZero,AUDUSD,0.68407,0.6841,3e-05,3,Sydney,Friday
2026-01-23 04:57:58,ICMarkets Raw,XAUUSD,4959.12,4959.19,0.07,7,Sydney,Friday
2026-01-23 04:57:59,ICMarkets Raw,EURUSD,1.17455,1.17455,0.0,0,Sydney,Friday
2026-01-23 04:58:00,ICMarkets Raw,GBPUSD,1.34936,1.34937,1e-05,1,Sydney,Friday
2026-01-23 04:58:01,ICMarkets Raw,USDJPY,158.56,158.561,0.001,1,Sydney,Friday
2026-01-23 04:58:02,ICMarkets Raw,AUDUSD,0.68406,0.68407,1e-05,1,Sydney,Friday
2026-01-23 04:58:04,VantageMarkets Raw,XAUUSD,4958.79,4958.87,0.08,8,Sydney,Friday
2026-01-23 04:58:05,VantageMarkets Raw,EURUSD,1.17451,1.17456,5e-05,5,Sydney,Friday
2026-01-23 04:58:06,VantageMarkets Raw,GBPUSD,1.34933,1.34939,6e-05,6,Sydney,Friday
2026-01-23 04:58:07,VantageMarkets Raw,USDJPY,158.576,158.586,0.01,10,Sydney,Friday
2026-01-23 04:58:08,VantageMarkets Raw,AUDUSD,0.68405,0.68408,3e-05,3,Sydney,Friday
2026-01-23 04:58:11,FPMarkets Raw,XAUUSD,4958.65,4958.72,0.07,7,Sydney,Friday
2026-01-23 04:58:12,FPMarkets Raw,EURUSD,1.17452,1.17453,1e-05,1,Sydney,Friday
2026-01-23 04:58:13,FPMarkets Raw,GBPUSD,1.34933,1.34938,5e-05,5,Sydney,Friday
2026-01-23 04:58:14,FPMarkets Raw,USDJPY,158.578,158.584,0.006,6,Sydney,Friday
2026-01-23 04:58:15,FPMarkets Raw,AUDUSD,0.68408,0.68411,3e-05,3,Sydney,Friday
2026-01-23 04:58:17,8Cap Raw,XAUUSD,4958.73,4958.89,0.16,16,Sydney,Friday
2026-01-23 04:58:18,8Cap Raw,EURUSD,1.17454,1.17455,1e-05,1,Sydney,Friday
2026-01-23 04:58:19,8Cap Raw,GBPUSD,1.34933,1.34937,4e-05,4,Sydney,Friday
2026-01-23 04:58:19,8Cap Raw,USDJPY,158.591,158.595,0.004,4,Sydney,Friday
2026-01-23 04:58:20,8Cap Raw,AUDUSD,0.68407,0.6841,3e-05,3,Sydney,Friday
2026-01-23 05:02:16,Pepperstone Razor,XAUUSD,4957.46,4957.62,0.16,16,Sydney,Friday
2026-01-23 05:02:17,Pepperstone Razor,EURUSD,1.17461,1.17461,0.0,0,Sydney,Friday
2026-01-23 05:02:18,Pepperstone Razor,GBPUSD,1.34935,1.34937,2e-05,2,Sydney,Friday
2026-01-23 05:02:19,Pepperstone Razor,USDJPY,158.576,158.579,0.003,3,Sydney,Friday
2026-01-23 05:02:20,Pepperstone Razor,AUDUSD,0.68407,0.68408,1e-05,1,Sydney,Friday
2026-01-23 05:02:23,FusionMarkets Zero,XAUUSD,4957.77,4957.87,0.1,10,Sydney,Friday
2026-01-23 05:02:23,FusionMarkets Zero,EURUSD,1.17464,1.17464,0.0,0,Sydney,Friday
2026-01-23 05:02:24,FusionMarkets Zero,GBPUSD,1.34933,1.34933,0.0,0,Sydney,Friday
2026-01-23 05:02:25,FusionMarkets Zero,USDJPY,158.57,158.57,0.0,0,Sydney,Friday
2026-01-23 05:02:26,FusionMarkets Zero,AUDUSD,0.68408,0.68408,0.0,0,Sydney,Friday
2026-01-23 05:02:29,ThinkMarkets ThinkZero,XAUUSD,4958.25,4958.33,0.08,8,Sydney,Friday
2026-01-23 05:02:30,ThinkMarkets ThinkZero,EURUSD,1.17461,1.17463,2e-05,2,Sydney,Friday
2026-01-23 05:02:31,ThinkMarkets ThinkZero,GBPUSD,1.34934,1.34939,5e-05,5,Sydney,Friday
2026-01-23 05:02:32,ThinkMarkets ThinkZero,USDJPY,158.568,158.575,0.007,7,Sydney,Friday
2026-01-23 05:02:33,ThinkMarkets ThinkZero,AUDUSD,0.68406,0.6841,4e-05,4,Sydney,Friday
2026-01-23 05:02:36,ICMarkets Raw,XAUUSD,4957.68,4957.79,0.11,11,Sydney,Friday
2026-01-23 05:02:37,ICMarkets Raw,EURUSD,1.17468,1.17468,0.0,0,Sydney,Friday
2026-01-23 05:02:38,ICMarkets Raw,GBPUSD,1.34937,1.34939,2e-05,2,Sydney,Friday
2026-01-23 05:02:38,ICMarkets Raw,USDJPY,158.569,158.569,0.0,0,Sydney,Friday
2026-01-23 05:02:39,ICMarkets Raw,AUDUSD,0.68409,0.68409,0.0,0,Sydney,Friday
2026-01-23 05:02:42,VantageMarkets Raw,XAUUSD,4957.96,4958.04,0.08,8,Sydney,Friday
2026-01-23 05:02:43,VantageMarkets Raw,EURUSD,1.1747,1.17472,2e-05,2,Sydney,Friday
2026-01-23 05:02:44,VantageMarkets Raw,GBPUSD,1.34944,1.34945,1e-05,1,Sydney,Friday
2026-01-23 05:02:44,VantageMarkets Raw,USDJPY,158.556,158.565,0.009,9,Sydney,Friday
2026-01-23 05:02:45,VantageMarkets Raw,AUDUSD,0.68407,0.6841,3e-05,3,Sydney,Friday
2026-01-23 05:02:48,FPMarkets Raw,XAUUSD,4957.44,4957.51,0.07,7,Sydney,Friday
2026-01-23 05:02:49,FPMarkets Raw,EURUSD,1.1747,1.17471,1e-05,1,Sydney,Friday
2026-01-23 05:02:50,FPMarkets Raw,GBPUSD,1.34941,1.34946,5e-05,5,Sydney,Friday
2026-01-23 05:02:51,FPMarkets Raw,USDJPY,158.564,158.57,0.006,6,Sydney,Friday
2026-01-23 05:02:52,FPMarkets Raw,AUDUSD,0.68405,0.68408,3e-05,3,Sydney,Friday
2026-01-23 05:02:54,8Cap Raw,XAUUSD,4957.39,4957.55,0.16,16,Sydney,Friday
2026-01-23 05:02:55,8Cap Raw,EURUSD,1.17468,1.17468,0.0,0,Sydney,Friday
2026-01-23 05:02:55,8Cap Raw,GBPUSD,1.34941,1.34942,1e-05,1,Sydney,Friday
2026-01-23 05:02:56,8Cap Raw,USDJPY,158.564,158.567,0.003,3,Sydney,Friday
2026-01-23 05:02:57,8Cap Raw,AUDUSD,0.68406,0.68409,3e-05,3,Sydney,Friday
2026-01-23 05:07:16,Pepperstone Razor,XAUUSD,4956.53,4956.78,0.25,25,Sydney,Friday
2026-01-23 05:07:17,Pepperstone Razor,EURUSD,1.17463,1.17463,0.0,0,Sydney,Friday
2026-01-23 05:07:18,Pepperstone Razor,GBPUSD,1.34938,1.34938,0.0,0,Sydney,Friday
2026-01-23 05:07:19,Pepperstone Razor,USDJPY,158.616,158.62,0.004,4,Sydney,Friday
2026-01-23 05:07:20,Pepperstone Razor,AUDUSD,0.68384,0.68384,0.0,0,Sydney,Friday
2026-01-23 05:07:22,FusionMarkets Zero,XAUUSD,4956.73,4956.87,0.14,14,Sydney,Friday
2026-01-23 05:07:23,FusionMarkets Zero,EURUSD,1.17467,1.17467,0.0,0,Sydney,Friday
2026-01-23 05:07:24,FusionMarkets Zero,GBPUSD,1.34932,1.34932,0.0,0,Sydney,Friday
2026-01-23 05:07:25,FusionMarkets Zero,USDJPY,158.634,158.637,0.003,3,Sydney,Friday
2026-01-23 05:07:26,FusionMarkets Zero,AUDUSD,0.68388,0.68388,0.0,0,Sydney,Friday
2026-01-23 05:07:28,ThinkMarkets ThinkZero,XAUUSD,4956.27,4956.35,0.08,8,Sydney,Friday
2026-01-23 05:07:29,ThinkMarkets ThinkZero,EURUSD,1.17468,1.17469,1e-05,1,Sydney,Friday
2026-01-23 05:07:30,ThinkMarkets ThinkZero,GBPUSD,1.34928,1.34935,7e-05,7,Sydney,Friday
2026-01-23 05:07:31,ThinkMarkets ThinkZero,USDJPY,158.622,158.631,0.009,9,Sydney,Friday
2026-01-23 05:07:32,ThinkMarkets ThinkZero,AUDUSD,0.68385,0.68387,2e-05,2,Sydney,Friday
2026-01-23 05:07:34,ICMarkets Raw,XAUUSD,4956.53,4956.65,0.12,12,Sydney,Friday
2026-01-23 05:07:35,ICMarkets Raw,EURUSD,1.17469,1.17469,0.0,0,Sydney,Friday
2026-01-23 05:07:36,ICMarkets Raw,GBPUSD,1.34937,1.34938,1e-05,1,Sydney,Friday
2026-01-23 05:07:37,ICMarkets Raw,USDJPY,158.609,158.611,0.002,2,Sydney,Friday
2026-01-23 05:07:38,ICMarkets Raw,AUDUSD,0.68388,0.68388,0.0,0,Sydney,Friday
2026-01-23 05:07:40,VantageMarkets Raw,XAUUSD,4956.56,4956.64,0.08,8,Sydney,Friday
2026-01-23 05:07:41,VantageMarkets Raw,EURUSD,1.17467,1.17472,5e-05,5,Sydney,Friday
2026-01-23 05:07:42,VantageMarkets Raw,GBPUSD,1.34931,1.34937,6e-05,6,Sydney,Friday
2026-01-23 05:07:43,VantageMarkets Raw,USDJPY,158.64,158.641,0.001,1,Sydney,Friday
2026-01-23 05:07:44,VantageMarkets Raw,AUDUSD,0.68387,0.6839,3e-05,3,Sydney,Friday
2026-01-23 05:07:47,FPMarkets Raw,XAUUSD,4956.31,4956.38,0.07,7,Sydney,Friday
2026-01-23 05:07:48,FPMarkets Raw,EURUSD,1.17469,1.17469,0.0,0,Sydney,Friday
2026-01-23 05:07:49,FPMarkets Raw,GBPUSD,1.34929,1.34934,5e-05,5,Sydney,Friday
2026-01-23 05:07:50,FPMarkets Raw,USDJPY,158.65,158.656,0.006,6,Sydney,Friday
2026-01-23 05:07:51,FPMarkets Raw,AUDUSD,0.68385,0.68389,4e-05,4,Sydney,Friday
2026-01-23 05:07:52,8Cap Raw,XAUUSD,4955.73,4955.89,0.16,16,Sydney,Friday
2026-01-23 05:07:53,8Cap Raw,EURUSD,1.17468,1.17469,1e-05,1,Sydney,Friday
2026-01-23 05:07:54,8Cap Raw,GBPUSD,1.3493,1.34933,3e-05,3,Sydney,Friday
2026-01-23 05:07:54,8Cap Raw,USDJPY,158.652,158.653,0.001,1,Sydney,Friday
2026-01-23 05:07:55,8Cap Raw,AUDUSD,0.68386,0.6839,4e-05,4,Sydney,Friday
2026-01-23 05:12:16,Pepperstone Razor,XAUUSD,4957.53,4957.71,0.18,18,Sydney,Friday
2026-01-23 05:12:17,Pepperstone Razor,EURUSD,1.17469,1.17469,0.0,0,Sydney,Friday
2026-01-23 05:12:18,Pepperstone Razor,GBPUSD,1.34922,1.34924,2e-05,2,Sydney,Friday
2026-01-23 05:12:18,Pepperstone Razor,USDJPY,158.668,158.671,0.003,3,Sydney,Friday
2026-01-23 05:12:19,Pepperstone Razor,AUDUSD,0.68388,0.68388,0.0,0,Sydney,Friday
2026-01-23 05:12:22,FusionMarkets Zero,XAUUSD,4957.41,4957.55,0.14,14,Sydney,Friday
2026-01-23 05:12:23,FusionMarkets Zero,EURUSD,1.17463,1.17463,0.0,0,Sydney,Friday
2026-01-23 05:12:24,FusionMarkets Zero,GBPUSD,1.34922,1.34922,0.0,0,Sydney,Friday
2026-01-23 05:12:25,FusionMarkets Zero,USDJPY,158.685,158.685,0.0,0,Sydney,Friday
2026-01-23 05:12:26,FusionMarkets Zero,AUDUSD,0.68384,0.68384,0.0,0,Sydney,Friday
2026-01-23 05:12:28,ThinkMarkets ThinkZero,XAUUSD,4956.77,4956.85,0.08,8,Sydney,Friday
2026-01-23 05:12:29,ThinkMarkets ThinkZero,EURUSD,1.17461,1.17464,3e-05,3,Sydney,Friday
2026-01-23 05:12:30,ThinkMarkets ThinkZero,GBPUSD,1.34919,1.34925,6e-05,6,Sydney,Friday
2026-01-23 05:12:31,ThinkMarkets ThinkZero,USDJPY,158.678,158.682,0.004,4,Sydney,Friday
2026-01-23 05:12:32,ThinkMarkets ThinkZero,AUDUSD,0.68382,0.68385,3e-05,3,Sydney,Friday
2026-01-23 05:12:35,ICMarkets Raw,XAUUSD,4957.16,4957.3,0.14,14,Sydney,Friday
2026-01-23 05:12:36,ICMarkets Raw,EURUSD,1.17463,1.17464,1e-05,1,Sydney,Friday
2026-01-23 05:12:36,ICMarkets Raw,GBPUSD,1.34919,1.3492,1e-05,1,Sydney,Friday
2026-01-23 05:12:37,ICMarkets Raw,USDJPY,158.691,158.692,0.001,1,Sydney,Friday
2026-01-23 05:12:38,ICMarkets Raw,AUDUSD,0.68384,0.68384,0.0,0,Sydney,Friday
2026-01-23 05:12:41,VantageMarkets Raw,XAUUSD,4956.2,4956.28,0.08,8,Sydney,Friday
2026-01-23 05:12:41,VantageMarkets Raw,EURUSD,1.17462,1.17464,2e-05,2,Sydney,Friday
2026-01-23 05:12:42,VantageMarkets Raw,GBPUSD,1.34921,1.34922,1e-05,1,Sydney,Friday
2026-01-23 05:12:43,VantageMarkets Raw,USDJPY,158.692,158.699,0.007,7,Sydney,Friday
2026-01-23 05:12:44,VantageMarkets Raw,AUDUSD,0.68384,0.68386,2e-05,2,Sydney,Friday
2026-01-23 05:12:47,FPMarkets Raw,XAUUSD,4956.41,4956.48,0.07,7,Sydney,Friday
2026-01-23 05:12:48,FPMarkets Raw,EURUSD,1.17464,1.17465,1e-05,1,Sydney,Friday
2026-01-23 05:12:49,FPMarkets Raw,GBPUSD,1.3492,1.34925,5e-05,5,Sydney,Friday
2026-01-23 05:12:50,FPMarkets Raw,USDJPY,158.701,158.705,0.004,4,Sydney,Friday
2026-01-23 05:12:51,FPMarkets Raw,AUDUSD,0.68386,0.68389,3e-05,3,Sydney,Friday
2026-01-23 05:12:53,8Cap Raw,XAUUSD,4956.1,4956.26,0.16,16,Sydney,Friday
2026-01-23 05:12:53,8Cap Raw,EURUSD,1.17468,1.17469,1e-05,1,Sydney,Friday
2026-01-23 05:12:54,8Cap Raw,GBPUSD,1.34925,1.34926,1e-05,1,Sydney,Friday
2026-01-23 05:12:55,8Cap Raw,USDJPY,158.703,158.704,0.001,1,Sydney,Friday
2026-01-23 05:12:55,8Cap Raw,AUDUSD,0.68389,0.68391,2e-05,2,Sydney,Friday
2026-01-23 05:17:16,Pepperstone Razor,XAUUSD,4951.88,4952.14,0.26,26,Sydney,Friday
2026-01-23 05:17:17,Pepperstone Razor,EURUSD,1.17474,1.17474,0.0,0,Sydney,Friday
2026-01-23 05:17:18,Pepperstone Razor,GBPUSD,1.34935,1.34938,3e-05,3,Sydney,Friday
2026-01-23 05:17:19,Pepperstone Razor,USDJPY,158.645,158.651,0.006,6,Sydney,Friday
2026-01-23 05:17:20,Pepperstone Razor,AUDUSD,0.68391,0.68392,1e-05,1,Sydney,Friday
2026-01-23 05:17:23,FusionMarkets Zero,XAUUSD,4951.1,4951.24,0.14,14,Sydney,Friday
2026-01-23 05:17:24,FusionMarkets Zero,EURUSD,1.17474,1.17474,0.0,0,Sydney,Friday
2026-01-23 05:17:24,FusionMarkets Zero,GBPUSD,1.34937,1.34937,0.0,0,Sydney,Friday
2026-01-23 05:17:25,FusionMarkets Zero,USDJPY,158.645,158.645,0.0,0,Sydney,Friday
2026-01-23 05:17:26,FusionMarkets Zero,AUDUSD,0.68391,0.68391,0.0,0,Sydney,Friday
2026-01-23 05:17:29,ThinkMarkets ThinkZero,XAUUSD,4951.16,4951.24,0.08,8,Sydney,Friday
2026-01-23 05:17:30,ThinkMarkets ThinkZero,EURUSD,1.17476,1.17477,1e-05,1,Sydney,Friday
2026-01-23 05:17:31,ThinkMarkets ThinkZero,GBPUSD,1.34934,1.34939,5e-05,5,Sydney,Friday
2026-01-23 05:17:32,ThinkMarkets ThinkZero,USDJPY,158.645,158.651,0.006,6,Sydney,Friday
2026-01-23 05:17:33,ThinkMarkets ThinkZero,AUDUSD,0.68386,0.68389,3e-05,3,Sydney,Friday
2026-01-23 05:17:36,ICMarkets Raw,XAUUSD,4950.45,4950.55,0.1,10,Sydney,Friday
2026-01-23 05:17:37,ICMarkets Raw,EURUSD,1.17474,1.17474,0.0,0,Sydney,Friday
2026-01-23 05:17:38,ICMarkets Raw,GBPUSD,1.34934,1.34935,1e-05,1,Sydney,Friday
2026-01-23 05:17:38,ICMarkets Raw,USDJPY,158.65,158.65,0.0,0,Sydney,Friday
2026-01-23 05:17:39,ICMarkets Raw,AUDUSD,0.6839,0.6839,0.0,0,Sydney,Friday
2026-01-23 05:17:42,VantageMarkets Raw,XAUUSD,4950.38,4950.46,0.08,8,Sydney,Friday
2026-01-23 05:17:42,VantageMarkets Raw,EURUSD,1.17471,1.17472,1e-05,1,Sydney,Friday
2026-01-23 05:17:43,VantageMarkets Raw,GBPUSD,1.34929,1.3493,1e-05,1,Sydney,Friday
2026-01-23 05:17:44,VantageMarkets Raw,USDJPY,158.647,158.648,0.001,1,Sydney,Friday
2026-01-23 05:17:45,VantageMarkets Raw,AUDUSD,0.68386,0.6839,4e-05,4,Sydney,Friday
2026-01-23 05:17:48,FPMarkets Raw,XAUUSD,4950.04,4950.11,0.07,7,Sydney,Friday
2026-01-23 05:17:49,FPMarkets Raw,EURUSD,1.17469,1.1747,1e-05,1,Sydney,Friday
2026-01-23 05:17:50,FPMarkets Raw,GBPUSD,1.34926,1.34931,5e-05,5,Sydney,Friday
2026-01-23 05:17:51,FPMarkets Raw,USDJPY,158.64,158.645,0.005,5,Sydney,Friday
2026-01-23 05:17:52,FPMarkets Raw,AUDUSD,0.68381,0.68384,3e-05,3,Sydney,Friday
2026-01-23 05:17:54,8Cap Raw,XAUUSD,4949.98,4950.14,0.16,16,Sydney,Friday
2026-01-23 05:17:54,8Cap Raw,EURUSD,1.17469,1.17469,0.0,0,Sydney,Friday
2026-01-23 05:17:55,8Cap Raw,GBPUSD,1.34928,1.34929,1e-05,1,Sydney,Friday
2026-01-23 05:17:56,8Cap Raw,USDJPY,158.645,158.646,0.001,1,Sydney,Friday
2026-01-23 05:17:56,8Cap Raw,AUDUSD,0.68383,0.68386,3e-05,3,Sydney,Friday
2026-01-23 05:22:16,Pepperstone Razor,XAUUSD,4943.44,4943.6,0.16,16,Sydney,Friday
2026-01-23 05:22:17,Pepperstone Razor,EURUSD,1.17455,1.17456,1e-05,1,Sydney,Friday
2026-01-23 05:22:18,Pepperstone Razor,GBPUSD,1.34902,1.34904,2e-05,2,Sydney,Friday
2026-01-23 05:22:19,Pepperstone Razor,USDJPY,158.696,158.701,0.005,5,Sydney,Friday
2026-01-23 05:22:20,Pepperstone Razor,AUDUSD,0.68382,0.68384,2e-05,2,Sydney,Friday
2026-01-23 05:22:23,FusionMarkets Zero,XAUUSD,4943.7,4943.84,0.14,14,Sydney,Friday
2026-01-23 05:22:24,FusionMarkets Zero,EURUSD,1.17453,1.17453,0.0,0,Sydney,Friday
2026-01-23 05:22:24,FusionMarkets Zero,GBPUSD,1.34903,1.34903,0.0,0,Sydney,Friday
2026-01-23 05:22:25,FusionMarkets Zero,USDJPY,158.699,158.699,0.0,0,Sydney,Friday
2026-01-23 05:22:26,FusionMarkets Zero,AUDUSD,0.68383,0.68383,0.0,0,Sydney,Friday
2026-01-23 05:22:29,ThinkMarkets ThinkZero,XAUUSD,4944.1,4944.18,0.08,8,Sydney,Friday
2026-01-23 05:22:30,ThinkMarkets ThinkZero,EURUSD,1.17453,1.17455,2e-05,2,Sydney,Friday
2026-01-23 05:22:31,ThinkMarkets ThinkZero,GBPUSD,1.34901,1.34906,5e-05,5,Sydney,Friday
2026-01-23 05:22:32,ThinkMarkets ThinkZero,USDJPY,158.699,158.702,0.003,3,Sydney,Friday
2026-01-23 05:22:33,ThinkMarkets ThinkZero,AUDUSD,0.68382,0.68385,3e-05,3,Sydney,Friday
2026-01-23 05:22:36,ICMarkets Raw,XAUUSD,4943.9,4944.01,0.11,11,Sydney,Friday
2026-01-23 05:22:37,ICMarkets Raw,EURUSD,1.17457,1.17457,0.0,0,Sydney,Friday
2026-01-23 05:22:38,ICMarkets Raw,GBPUSD,1.34902,1.34903,1e-05,1,Sydney,Friday
2026-01-23 05:22:38,ICMarkets Raw,USDJPY,158.698,158.698,0.0,0,Sydney,Friday
2026-01-23 05:22:39,ICMarkets Raw,AUDUSD,0.68383,0.68383,0.0,0,Sydney,Friday
2026-01-23 05:22:42,VantageMarkets Raw,XAUUSD,4943.6,4943.68,0.08,8,Sydney,Friday
2026-01-23 05:22:43,VantageMarkets Raw,EURUSD,1.17457,1.17458,1e-05,1,Sydney,Friday
2026-01-23 05:22:44,VantageMarkets Raw,GBPUSD,1.34903,1.34904,1e-05,1,Sydney,Friday
2026-01-23 05:22:45,VantageMarkets Raw,USDJPY,158.699,158.7,0.001,1,Sydney,Friday
2026-01-23 05:22:46,VantageMarkets Raw,AUDUSD,0.68381,0.68384,3e-05,3,Sydney,Friday
2026-01-23 05:22:49,FPMarkets Raw,XAUUSD,4944.84,4944.91,0.07,7,Sydney,Friday
2026-01-23 05:22:50,FPMarkets Raw,EURUSD,1.17453,1.17455,2e-05,2,Sydney,Friday
2026-01-23 05:22:51,FPMarkets Raw,GBPUSD,1.34903,1.34904,1e-05,1,Sydney,Friday
2026-01-23 05:22:52,FPMarkets Raw,USDJPY,158.694,158.699,0.005,5,Sydney,Friday
2026-01-23 05:22:52,FPMarkets Raw,AUDUSD,0.68381,0.68384,3e-05,3,Sydney,Friday
2026-01-23 05:22:54,8Cap Raw,XAUUSD,4943.93,4944.09,0.16,16,Sydney,Friday
2026-01-23 05:22:55,8Cap Raw,EURUSD,1.17456,1.17457,1e-05,1,Sydney,Friday
2026-01-23 05:22:55,8Cap Raw,GBPUSD,1.34903,1.34904,1e-05,1,Sydney,Friday
2026-01-23 05:22:56,8Cap Raw,USDJPY,158.696,158.697,0.001,1,Sydney,Friday
2026-01-23 05:22:57,8Cap Raw,AUDUSD,0.68381,0.68384,3e-05,3,Sydney,Friday
2026-01-23 05:27:16,Pepperstone Razor,XAUUSD,4943.4,4943.6,0.2,20,Sydney,Friday
2026-01-23 05:27:17,Pepperstone Razor,EURUSD,1.17447,1.17447,0.0,0,Sydney,Friday
2026-01-23 05:27:18,Pepperstone Razor,GBPUSD,1.34896,1.34897,1e-05,1,Sydney,Friday
2026-01-23 05:27:19,Pepperstone Razor,USDJPY,158.695,158.699,0.004,4,Sydney,Friday
2026-01-23 05:27:20,Pepperstone Razor,AUDUSD,0.68373,0.68373,0.0,0,Sydney,Friday
2026-01-23 05:27:22,FusionMarkets Zero,XAUUSD,4944.15,4944.29,0.14,14,Sydney,Friday
2026-01-23 05:27:23,FusionMarkets Zero,EURUSD,1.17449,1.17449,0.0,0,Sydney,Friday
2026-01-23 05:27:24,FusionMarkets Zero,GBPUSD,1.34899,1.34899,0.0,0,Sydney,Friday
2026-01-23 05:27:25,FusionMarkets Zero,USDJPY,158.704,158.704,0.0,0,Sydney,Friday
2026-01-23 05:27:26,FusionMarkets Zero,AUDUSD,0.68376,0.68376,0.0,0,Sydney,Friday
2026-01-23 05:27:29,ThinkMarkets ThinkZero,XAUUSD,4944.45,4944.53,0.08,8,Sydney,Friday
2026-01-23 05:27:30,ThinkMarkets ThinkZero,EURUSD,1.17446,1.17448,2e-05,2,Sydney,Friday
2026-01-23 05:27:31,ThinkMarkets ThinkZero,GBPUSD,1.34898,1.34902,4e-05,4,Sydney,Friday
2026-01-23 05:27:32,ThinkMarkets ThinkZero,USDJPY,158.702,158.706,0.004,4,Sydney,Friday
2026-01-23 05:27:33,ThinkMarkets ThinkZero,AUDUSD,0.68373,0.68375,2e-05,2,Sydney,Friday
2026-01-23 05:27:36,ICMarkets Raw,XAUUSD,4944.89,4944.96,0.07,7,Sydney,Friday
2026-01-23 05:27:37,ICMarkets Raw,EURUSD,1.17448,1.17448,0.0,0,Sydney,Friday
2026-01-23 05:27:38,ICMarkets Raw,GBPUSD,1.34898,1.34899,1e-05,1,Sydney,Friday
2026-01-23 05:27:38,ICMarkets Raw,USDJPY,158.705,158.705,0.0,0,Sydney,Friday
2026-01-23 05:27:39,ICMarkets Raw,AUDUSD,0.68375,0.68375,0.0,0,Sydney,Friday
2026-01-23 05:27:42,VantageMarkets Raw,XAUUSD,4945.3,4945.38,0.08,8,Sydney,Friday
2026-01-23 05:27:43,VantageMarkets Raw,EURUSD,1.17451,1.17453,2e-05,2,Sydney,Friday
2026-01-23 05:27:44,VantageMarkets Raw,GBPUSD,1.34899,1.349,1e-05,1,Sydney,Friday
2026-01-23 05:27:45,VantageMarkets Raw,USDJPY,158.704,158.706,0.002,2,Sydney,Friday
2026-01-23 05:27:46,VantageMarkets Raw,AUDUSD,0.68372,0.68376,4e-05,4,Sydney,Friday
2026-01-23 05:27:48,FPMarkets Raw,XAUUSD,4945.53,4945.6,0.07,7,Sydney,Friday
2026-01-23 05:27:49,FPMarkets Raw,EURUSD,1.17449,1.17451,2e-05,2,Sydney,Friday
2026-01-23 05:27:50,FPMarkets Raw,GBPUSD,1.34898,1.34903,5e-05,5,Sydney,Friday
2026-01-23 05:27:51,FPMarkets Raw,USDJPY,158.703,158.707,0.004,4,Sydney,Friday
2026-01-23 05:27:52,FPMarkets Raw,AUDUSD,0.68372,0.68375,3e-05,3,Sydney,Friday
2026-01-23 05:27:54,8Cap Raw,XAUUSD,4945.18,4945.34,0.16,16,Sydney,Friday
2026-01-23 05:27:55,8Cap Raw,EURUSD,1.1745,1.17451,1e-05,1,Sydney,Friday
2026-01-23 05:27:55,8Cap Raw,GBPUSD,1.34901,1.34904,3e-05,3,Sydney,Friday
2026-01-23 05:27:56,8Cap Raw,USDJPY,158.706,158.707,0.001,1,Sydney,Friday
2026-01-23 05:27:57,8Cap Raw,AUDUSD,0.68372,0.68375,3e-05,3,Sydney,Friday
2026-01-23 05:32:16,Pepperstone Razor,XAUUSD,4945.15,4945.31,0.16,16,Sydney,Friday
2026-01-23 05:32:17,Pepperstone Razor,EURUSD,1.17443,1.17443,0.0,0,Sydney,Friday
2026-01-23 05:32:18,Pepperstone Razor,GBPUSD,1.34891,1.34894,3e-05,3,Sydney,Friday
2026-01-23 05:32:19,Pepperstone Razor,USDJPY,158.715,158.72,0.005,5,Sydney,Friday
2026-01-23 05:32:20,Pepperstone Razor,AUDUSD,0.68371,0.68372,1e-05,1,Sydney,Friday
2026-01-23 05:32:23,FusionMarkets Zero,XAUUSD,4945.97,4946.22,0.25,25,Sydney,Friday
2026-01-23 05:32:24,FusionMarkets Zero,EURUSD,1.17449,1.17449,0.0,0,Sydney,Friday
2026-01-23 05:32:25,FusionMarkets Zero,GBPUSD,1.34903,1.34903,0.0,0,Sydney,Friday
2026-01-23 05:32:25,FusionMarkets Zero,USDJPY,158.711,158.712,0.001,1,Sydney,Friday
2026-01-23 05:32:26,FusionMarkets Zero,AUDUSD,0.68372,0.68372,0.0,0,Sydney,Friday
2026-01-23 05:32:30,ThinkMarkets ThinkZero,XAUUSD,4946.29,4946.37,0.08,8,Sydney,Friday
2026-01-23 05:32:30,ThinkMarkets ThinkZero,EURUSD,1.17448,1.17449,1e-05,1,Sydney,Friday
2026-01-23 05:32:31,ThinkMarkets ThinkZero,GBPUSD,1.349,1.34905,5e-05,5,Sydney,Friday
2026-01-23 05:32:32,ThinkMarkets ThinkZero,USDJPY,158.709,158.716,0.007,7,Sydney,Friday
2026-01-23 05:32:33,ThinkMarkets ThinkZero,AUDUSD,0.6837,0.68373,3e-05,3,Sydney,Friday
2026-01-23 05:32:36,ICMarkets Raw,XAUUSD,4946.18,4946.25,0.07,7,Sydney,Friday
2026-01-23 05:32:37,ICMarkets Raw,EURUSD,1.17449,1.17449,0.0,0,Sydney,Friday
2026-01-23 05:32:38,ICMarkets Raw,GBPUSD,1.34904,1.34905,1e-05,1,Sydney,Friday
2026-01-23 05:32:38,ICMarkets Raw,USDJPY,158.707,158.707,0.0,0,Sydney,Friday
2026-01-23 05:32:39,ICMarkets Raw,AUDUSD,0.68373,0.68373,0.0,0,Sydney,Friday
2026-01-23 05:32:42,VantageMarkets Raw,XAUUSD,4946.53,4946.61,0.08,8,Sydney,Friday
2026-01-23 05:32:43,VantageMarkets Raw,EURUSD,1.17448,1.17449,1e-05,1,Sydney,Friday
2026-01-23 05:32:44,VantageMarkets Raw,GBPUSD,1.34904,1.34905,1e-05,1,Sydney,Friday
2026-01-23 05:32:45,VantageMarkets Raw,USDJPY,158.705,158.706,0.001,1,Sydney,Friday
2026-01-23 05:32:46,VantageMarkets Raw,AUDUSD,0.68373,0.68375,2e-05,2,Sydney,Friday
2026-01-23 05:32:49,FPMarkets Raw,XAUUSD,4946.85,4946.92,0.07,7,Sydney,Friday
2026-01-23 05:32:50,FPMarkets Raw,EURUSD,1.17448,1.17449,1e-05,1,Sydney,Friday
2026-01-23 05:32:51,FPMarkets Raw,GBPUSD,1.34903,1.34903,0.0,0,Sydney,Friday
2026-01-23 05:32:52,FPMarkets Raw,USDJPY,158.706,158.71,0.004,4,Sydney,Friday
2026-01-23 05:32:53,FPMarkets Raw,AUDUSD,0.68371,0.68375,4e-05,4,Sydney,Friday
2026-01-23 05:32:55,8Cap Raw,XAUUSD,4946.9,4947.06,0.16,16,Sydney,Friday
2026-01-23 05:32:55,8Cap Raw,EURUSD,1.17448,1.17449,1e-05,1,Sydney,Friday
2026-01-23 05:32:56,8Cap Raw,GBPUSD,1.34903,1.34904,1e-05,1,Sydney,Friday
2026-01-23 05:32:57,8Cap Raw,USDJPY,158.716,158.717,0.001,1,Sydney,Friday
2026-01-23 05:32:57,8Cap Raw,AUDUSD,0.68371,0.68375,4e-05,4,Sydney,Friday
2026-01-23 05:37:16,Pepperstone Razor,XAUUSD,4952.4,4952.57,0.17,17,Sydney,Friday
2026-01-23 05:37:17,Pepperstone Razor,EURUSD,1.17443,1.17443,0.0,0,Sydney,Friday
2026-01-23 05:37:18,Pepperstone Razor,GBPUSD,1.34905,1.34908,3e-05,3,Sydney,Friday
2026-01-23 05:37:19,Pepperstone Razor,USDJPY,158.653,158.659,0.006,6,Sydney,Friday
2026-01-23 05:37:20,Pepperstone Razor,AUDUSD,0.68376,0.68377,1e-05,1,Sydney,Friday
2026-01-23 05:37:23,FusionMarkets Zero,XAUUSD,4952.36,4952.42,0.06,6,Sydney,Friday
2026-01-23 05:37:24,FusionMarkets Zero,EURUSD,1.17445,1.17445,0.0,0,Sydney,Friday
2026-01-23 05:37:25,FusionMarkets Zero,GBPUSD,1.34906,1.34906,0.0,0,Sydney,Friday
2026-01-23 05:37:26,FusionMarkets Zero,USDJPY,158.658,158.658,0.0,0,Sydney,Friday
2026-01-23 05:37:27,FusionMarkets Zero,AUDUSD,0.68378,0.68378,0.0,0,Sydney,Friday
2026-01-23 05:37:30,ThinkMarkets ThinkZero,XAUUSD,4952.07,4952.15,0.08,8,Sydney,Friday
2026-01-23 05:37:31,ThinkMarkets ThinkZero,EURUSD,1.17445,1.17447,2e-05,2,Sydney,Friday
2026-01-23 05:37:31,ThinkMarkets ThinkZero,GBPUSD,1.34907,1.34911,4e-05,4,Sydney,Friday
2026-01-23 05:37:32,ThinkMarkets ThinkZero,USDJPY,158.655,158.661,0.006,6,Sydney,Friday
2026-01-23 05:37:33,ThinkMarkets ThinkZero,AUDUSD,0.68375,0.68379,4e-05,4,Sydney,Friday
2026-01-23 05:37:36,ICMarkets Raw,XAUUSD,4952.62,4952.67,0.05,5,Sydney,Friday
2026-01-23 05:37:37,ICMarkets Raw,EURUSD,1.17446,1.17446,0.0,0,Sydney,Friday
2026-01-23 05:37:38,ICMarkets Raw,GBPUSD,1.34907,1.34909,2e-05,2,Sydney,Friday
2026-01-23 05:37:39,ICMarkets Raw,USDJPY,158.655,158.655,0.0,0,Sydney,Friday
2026-01-23 05:37:40,ICMarkets Raw,AUDUSD,0.68379,0.68379,0.0,0,Sydney,Friday
2026-01-23 05:37:42,VantageMarkets Raw,XAUUSD,4952.87,4952.95,0.08,8,Sydney,Friday
2026-01-23 05:37:43,VantageMarkets Raw,EURUSD,1.17444,1.17446,2e-05,2,Sydney,Friday
2026-01-23 05:37:44,VantageMarkets Raw,GBPUSD,1.34908,1.34911,3e-05,3,Sydney,Friday
2026-01-23 05:37:45,VantageMarkets Raw,USDJPY,158.641,158.642,0.001,1,Sydney,Friday
2026-01-23 05:37:46,VantageMarkets Raw,AUDUSD,0.68376,0.6838,4e-05,4,Sydney,Friday
2026-01-23 05:37:49,FPMarkets Raw,XAUUSD,4952.98,4953.05,0.07,7,Sydney,Friday
2026-01-23 05:37:50,FPMarkets Raw,EURUSD,1.17448,1.17449,1e-05,1,Sydney,Friday
2026-01-23 05:37:51,FPMarkets Raw,GBPUSD,1.34903,1.34908,5e-05,5,Sydney,Friday
2026-01-23 05:37:52,FPMarkets Raw,USDJPY,158.633,158.637,0.004,4,Sydney,Friday
2026-01-23 05:37:53,FPMarkets Raw,AUDUSD,0.68377,0.6838,3e-05,3,Sydney,Friday
2026-01-23 05:37:55,8Cap Raw,XAUUSD,4952.89,4953.05,0.16,16,Sydney,Friday
2026-01-23 05:37:55,8Cap Raw,EURUSD,1.17448,1.17448,0.0,0,Sydney,Friday
2026-01-23 05:37:56,8Cap Raw,GBPUSD,1.34907,1.34909,2e-05,2,Sydney,Friday
2026-01-23 05:37:57,8Cap Raw,USDJPY,158.631,158.636,0.005,5,Sydney,Friday
2026-01-23 05:37:58,8Cap Raw,AUDUSD,0.68378,0.6838,2e-05,2,Sydney,Friday
2026-01-23 05:42:17,Pepperstone Razor,XAUUSD,4950.71,4950.91,0.2,20,Sydney,Friday
2026-01-23 05:42:18,Pepperstone Razor,EURUSD,1.17448,1.17448,0.0,0,Sydney,Friday
2026-01-23 05:42:18,Pepperstone Razor,GBPUSD,1.34907,1.3491,3e-05,3,Sydney,Friday
2026-01-23 05:42:19,Pepperstone Razor,USDJPY,158.582,158.585,0.003,3,Sydney,Friday
2026-01-23 05:42:20,Pepperstone Razor,AUDUSD,0.68378,0.68379,1e-05,1,Sydney,Friday
2026-01-23 05:42:24,FusionMarkets Zero,XAUUSD,4950.54,4950.63,0.09,9,Sydney,Friday
2026-01-23 05:42:24,FusionMarkets Zero,EURUSD,1.17451,1.17451,0.0,0,Sydney,Friday
2026-01-23 05:42:25,FusionMarkets Zero,GBPUSD,1.34905,1.34905,0.0,0,Sydney,Friday
2026-01-23 05:42:26,FusionMarkets Zero,USDJPY,158.587,158.587,0.0,0,Sydney,Friday
2026-01-23 05:42:27,FusionMarkets Zero,AUDUSD,0.68378,0.68378,0.0,0,Sydney,Friday
2026-01-23 05:42:30,ThinkMarkets ThinkZero,XAUUSD,4950.08,4950.16,0.08,8,Sydney,Friday
2026-01-23 05:42:31,ThinkMarkets ThinkZero,EURUSD,1.1745,1.17452,2e-05,2,Sydney,Friday
2026-01-23 05:42:32,ThinkMarkets ThinkZero,GBPUSD,1.34904,1.34909,5e-05,5,Sydney,Friday
2026-01-23 05:42:33,ThinkMarkets ThinkZero,USDJPY,158.582,158.592,0.01,10,Sydney,Friday
2026-01-23 05:42:34,ThinkMarkets ThinkZero,AUDUSD,0.68376,0.68378,2e-05,2,Sydney,Friday
2026-01-23 05:42:37,ICMarkets Raw,XAUUSD,4949.84,4949.94,0.1,10,Sydney,Friday
2026-01-23 05:42:38,ICMarkets Raw,EURUSD,1.17451,1.17451,0.0,0,Sydney,Friday
2026-01-23 05:42:38,ICMarkets Raw,GBPUSD,1.34908,1.34909,1e-05,1,Sydney,Friday
2026-01-23 05:42:39,ICMarkets Raw,USDJPY,158.585,158.585,0.0,0,Sydney,Friday
2026-01-23 05:42:40,ICMarkets Raw,AUDUSD,0.68379,0.68379,0.0,0,Sydney,Friday
2026-01-23 05:42:43,VantageMarkets Raw,XAUUSD,4949.99,4950.07,0.08,8,Sydney,Friday
2026-01-23 05:42:44,VantageMarkets Raw,EURUSD,1.17451,1.17452,1e-05,1,Sydney,Friday
2026-01-23 05:42:45,VantageMarkets Raw,GBPUSD,1.34907,1.34908,1e-05,1,Sydney,Friday
2026-01-23 05:42:45,VantageMarkets Raw,USDJPY,158.558,158.568,0.01,10,Sydney,Friday
2026-01-23 05:42:46,VantageMarkets Raw,AUDUSD,0.68378,0.6838,2e-05,2,Sydney,Friday
2026-01-23 05:42:49,FPMarkets Raw,XAUUSD,4949.91,4949.98,0.07,7,Sydney,Friday
2026-01-23 05:42:50,FPMarkets Raw,EURUSD,1.17449,1.17449,0.0,0,Sydney,Friday
2026-01-23 05:42:51,FPMarkets Raw,GBPUSD,1.34908,1.34908,0.0,0,Sydney,Friday
2026-01-23 05:42:52,FPMarkets Raw,USDJPY,158.561,158.565,0.004,4,Sydney,Friday
2026-01-23 05:42:53,FPMarkets Raw,AUDUSD,0.68376,0.68379,3e-05,3,Sydney,Friday
2026-01-23 05:42:55,8Cap Raw,XAUUSD,4949.86,4950.02,0.16,16,Sydney,Friday
2026-01-23 05:42:56,8Cap Raw,EURUSD,1.1745,1.17451,1e-05,1,Sydney,Friday
2026-01-23 05:42:57,8Cap Raw,GBPUSD,1.34908,1.34909,1e-05,1,Sydney,Friday
2026-01-23 05:42:57,8Cap Raw,USDJPY,158.561,158.565,0.004,4,Sydney,Friday
2026-01-23 05:42:58,8Cap Raw,AUDUSD,0.68378,0.6838,2e-05,2,Sydney,Friday
2026-01-23 05:47:16,Pepperstone Razor,XAUUSD,4950.7,4950.85,0.15,15,Sydney,Friday
2026-01-23 05:47:17,Pepperstone Razor,EURUSD,1.17453,1.17453,0.0,0,Sydney,Friday
2026-01-23 05:47:18,Pepperstone Razor,GBPUSD,1.34922,1.34925,3e-05,3,Sydney,Friday
2026-01-23 05:47:19,Pepperstone Razor,USDJPY,158.583,158.586,0.003,3,Sydney,Friday
2026-01-23 05:47:20,Pepperstone Razor,AUDUSD,0.68416,0.68417,1e-05,1,Sydney,Friday
2026-01-23 05:47:23,FusionMarkets Zero,XAUUSD,4950.69,4950.79,0.1,10,Sydney,Friday
2026-01-23 05:47:24,FusionMarkets Zero,EURUSD,1.17456,1.17456,0.0,0,Sydney,Friday
2026-01-23 05:47:25,FusionMarkets Zero,GBPUSD,1.34929,1.34929,0.0,0,Sydney,Friday
2026-01-23 05:47:26,FusionMarkets Zero,USDJPY,158.586,158.586,0.0,0,Sydney,Friday
2026-01-23 05:47:27,FusionMarkets Zero,AUDUSD,0.68419,0.68419,0.0,0,Sydney,Friday
2026-01-23 05:47:30,ThinkMarkets ThinkZero,XAUUSD,4951.0,4951.08,0.08,8,Sydney,Friday
2026-01-23 05:47:31,ThinkMarkets ThinkZero,EURUSD,1.17453,1.17456,3e-05,3,Sydney,Friday
2026-01-23 05:47:32,ThinkMarkets ThinkZero,GBPUSD,1.34924,1.34931,7e-05,7,Sydney,Friday
2026-01-23 05:47:33,ThinkMarkets ThinkZero,USDJPY,158.584,158.588,0.004,4,Sydney,Friday
2026-01-23 05:47:33,ThinkMarkets ThinkZero,AUDUSD,0.68418,0.6842,2e-05,2,Sydney,Friday
2026-01-23 05:47:37,ICMarkets Raw,XAUUSD,4951.64,4951.69,0.05,5,Sydney,Friday
2026-01-23 05:47:37,ICMarkets Raw,EURUSD,1.17455,1.17455,0.0,0,Sydney,Friday
2026-01-23 05:47:38,ICMarkets Raw,GBPUSD,1.34931,1.34932,1e-05,1,Sydney,Friday
2026-01-23 05:47:39,ICMarkets Raw,USDJPY,158.584,158.584,0.0,0,Sydney,Friday
2026-01-23 05:47:40,ICMarkets Raw,AUDUSD,0.68421,0.68421,0.0,0,Sydney,Friday
2026-01-23 05:47:43,VantageMarkets Raw,XAUUSD,4952.22,4952.3,0.08,8,Sydney,Friday
2026-01-23 05:47:44,VantageMarkets Raw,EURUSD,1.17455,1.17459,4e-05,4,Sydney,Friday
2026-01-23 05:47:45,VantageMarkets Raw,GBPUSD,1.34924,1.34925,1e-05,1,Sydney,Friday
2026-01-23 05:47:46,VantageMarkets Raw,USDJPY,158.586,158.587,0.001,1,Sydney,Friday
2026-01-23 05:47:46,VantageMarkets Raw,AUDUSD,0.68417,0.6842,3e-05,3,Sydney,Friday
2026-01-23 05:47:50,FPMarkets Raw,XAUUSD,4952.07,4952.14,0.07,7,Sydney,Friday
2026-01-23 05:47:51,FPMarkets Raw,EURUSD,1.17457,1.17458,1e-05,1,Sydney,Friday
2026-01-23 05:47:52,FPMarkets Raw,GBPUSD,1.34924,1.34929,5e-05,5,Sydney,Friday
2026-01-23 05:47:53,FPMarkets Raw,USDJPY,158.583,158.588,0.005,5,Sydney,Friday
2026-01-23 05:47:54,FPMarkets Raw,AUDUSD,0.68417,0.6842,3e-05,3,Sydney,Friday
2026-01-23 05:47:56,8Cap Raw,XAUUSD,4952.04,4952.2,0.16,16,Sydney,Friday
2026-01-23 05:47:56,8Cap Raw,EURUSD,1.17458,1.17458,0.0,0,Sydney,Friday
2026-01-23 05:47:57,8Cap Raw,GBPUSD,1.34931,1.34932,1e-05,1,Sydney,Friday
2026-01-23 05:47:58,8Cap Raw,USDJPY,158.583,158.584,0.001,1,Sydney,Friday
2026-01-23 05:47:59,8Cap Raw,AUDUSD,0.6842,0.68423,3e-05,3,Sydney,Friday
2026-01-23 05:52:17,Pepperstone Razor,XAUUSD,4953.69,4953.86,0.17,17,Sydney,Friday
2026-01-23 05:52:18,Pepperstone Razor,EURUSD,1.17449,1.17449,0.0,0,Sydney,Friday
2026-01-23 05:52:18,Pepperstone Razor,GBPUSD,1.34916,1.34916,0.0,0,Sydney,Friday
2026-01-23 05:52:19,Pepperstone Razor,USDJPY,158.581,158.584,0.003,3,Sydney,Friday
2026-01-23 05:52:20,Pepperstone Razor,AUDUSD,0.68434,0.68434,0.0,0,Sydney,Friday
2026-01-23 05:52:23,FusionMarkets Zero,XAUUSD,4952.89,4952.95,0.06,6,Sydney,Friday
2026-01-23 05:52:24,FusionMarkets Zero,EURUSD,1.17449,1.17449,0.0,0,Sydney,Friday
2026-01-23 05:52:25,FusionMarkets Zero,GBPUSD,1.34915,1.34915,0.0,0,Sydney,Friday
2026-01-23 05:52:26,FusionMarkets Zero,USDJPY,158.582,158.583,0.001,1,Sydney,Friday
2026-01-23 05:52:27,FusionMarkets Zero,AUDUSD,0.68435,0.68435,0.0,0,Sydney,Friday
2026-01-23 05:52:30,ThinkMarkets ThinkZero,XAUUSD,4951.98,4952.06,0.08,8,Sydney,Friday
2026-01-23 05:52:31,ThinkMarkets ThinkZero,EURUSD,1.17448,1.1745,2e-05,2,Sydney,Friday
2026-01-23 05:52:32,ThinkMarkets ThinkZero,GBPUSD,1.3491,1.34916,6e-05,6,Sydney,Friday
2026-01-23 05:52:33,ThinkMarkets ThinkZero,USDJPY,158.585,158.59,0.005,5,Sydney,Friday
2026-01-23 05:52:34,ThinkMarkets ThinkZero,AUDUSD,0.68434,0.68437,3e-05,3,Sydney,Friday
2026-01-23 05:52:37,ICMarkets Raw,XAUUSD,4952.66,4952.74,0.08,8,Sydney,Friday
2026-01-23 05:52:38,ICMarkets Raw,EURUSD,1.17448,1.17448,0.0,0,Sydney,Friday
2026-01-23 05:52:39,ICMarkets Raw,GBPUSD,1.34915,1.34916,1e-05,1,Sydney,Friday
2026-01-23 05:52:40,ICMarkets Raw,USDJPY,158.594,158.594,0.0,0,Sydney,Friday
2026-01-23 05:52:40,ICMarkets Raw,AUDUSD,0.68436,0.68436,0.0,0,Sydney,Friday
2026-01-23 05:52:43,VantageMarkets Raw,XAUUSD,4952.72,4952.8,0.08,8,Sydney,Friday
2026-01-23 05:52:44,VantageMarkets Raw,EURUSD,1.17449,1.1745,1e-05,1,Sydney,Friday
2026-01-23 05:52:45,VantageMarkets Raw,GBPUSD,1.34912,1.34913,1e-05,1,Sydney,Friday
2026-01-23 05:52:46,VantageMarkets Raw,USDJPY,158.597,158.599,0.002,2,Sydney,Friday
2026-01-23 05:52:47,VantageMarkets Raw,AUDUSD,0.68431,0.68435,4e-05,4,Sydney,Friday
2026-01-23 05:52:50,FPMarkets Raw,XAUUSD,4952.91,4952.98,0.07,7,Sydney,Friday
2026-01-23 05:52:51,FPMarkets Raw,EURUSD,1.17447,1.17449,2e-05,2,Sydney,Friday
2026-01-23 05:52:52,FPMarkets Raw,GBPUSD,1.34912,1.34917,5e-05,5,Sydney,Friday
2026-01-23 05:52:53,FPMarkets Raw,USDJPY,158.605,158.609,0.004,4,Sydney,Friday
2026-01-23 05:52:54,FPMarkets Raw,AUDUSD,0.6843,0.68433,3e-05,3,Sydney,Friday
2026-01-23 05:52:56,8Cap Raw,XAUUSD,4953.19,4953.35,0.16,16,Sydney,Friday
2026-01-23 05:52:57,8Cap Raw,EURUSD,1.17449,1.1745,1e-05,1,Sydney,Friday
2026-01-23 05:52:57,8Cap Raw,GBPUSD,1.34915,1.34916,1e-05,1,Sydney,Friday
2026-01-23 05:52:58,8Cap Raw,USDJPY,158.597,158.598,0.001,1,Sydney,Friday
2026-01-23 05:52:59,8Cap Raw,AUDUSD,0.68431,0.68434,3e-05,3,Sydney,Friday
2026-01-23 05:57:17,Pepperstone Razor,XAUUSD,4953.3,4953.45,0.15,15,Sydney,Friday
2026-01-23 05:57:17,Pepperstone Razor,EURUSD,1.17439,1.17439,0.0,0,Sydney,Friday
2026-01-23 05:57:18,Pepperstone Razor,GBPUSD,1.34905,1.34908,3e-05,3,Sydney,Friday
2026-01-23 05:57:19,Pepperstone Razor,USDJPY,158.597,158.6,0.003,3,Sydney,Friday
2026-01-23 05:57:20,Pepperstone Razor,AUDUSD,0.68414,0.68414,0.0,0,Sydney,Friday
2026-01-23 05:57:23,FusionMarkets Zero,XAUUSD,4953.02,4953.08,0.06,6,Sydney,Friday
2026-01-23 05:57:24,FusionMarkets Zero,EURUSD,1.17444,1.17444,0.0,0,Sydney,Friday
2026-01-23 05:57:25,FusionMarkets Zero,GBPUSD,1.34906,1.34906,0.0,0,Sydney,Friday
2026-01-23 05:57:26,FusionMarkets Zero,USDJPY,158.598,158.598,0.0,0,Sydney,Friday
2026-01-23 05:57:27,FusionMarkets Zero,AUDUSD,0.6842,0.6842,0.0,0,Sydney,Friday
2026-01-23 05:57:30,ThinkMarkets ThinkZero,XAUUSD,4952.3,4952.38,0.08,8,Sydney,Friday
2026-01-23 05:57:31,ThinkMarkets ThinkZero,EURUSD,1.1744,1.17442,2e-05,2,Sydney,Friday
2026-01-23 05:57:32,ThinkMarkets ThinkZero,GBPUSD,1.349,1.34906,6e-05,6,Sydney,Friday
2026-01-23 05:57:33,ThinkMarkets ThinkZero,USDJPY,158.595,158.601,0.006,6,Sydney,Friday
2026-01-23 05:57:34,ThinkMarkets ThinkZero,AUDUSD,0.68417,0.68421,4e-05,4,Sydney,Friday
2026-01-23 05:57:37,ICMarkets Raw,XAUUSD,4952.72,4952.81,0.09,9,Sydney,Friday
2026-01-23 05:57:38,ICMarkets Raw,EURUSD,1.1744,1.1744,0.0,0,Sydney,Friday
2026-01-23 05:57:39,ICMarkets Raw,GBPUSD,1.34906,1.34907,1e-05,1,Sydney,Friday
2026-01-23 05:57:40,ICMarkets Raw,USDJPY,158.597,158.597,0.0,0,Sydney,Friday
2026-01-23 05:57:41,ICMarkets Raw,AUDUSD,0.68419,0.68419,0.0,0,Sydney,Friday
2026-01-23 05:57:44,VantageMarkets Raw,XAUUSD,4952.74,4952.82,0.08,8,Sydney,Friday
2026-01-23 05:57:45,VantageMarkets Raw,EURUSD,1.17442,1.17443,1e-05,1,Sydney,Friday
2026-01-23 05:57:46,VantageMarkets Raw,GBPUSD,1.34904,1.34905,1e-05,1,Sydney,Friday
2026-01-23 05:57:47,VantageMarkets Raw,USDJPY,158.597,158.598,0.001,1,Sydney,Friday
2026-01-23 05:57:47,VantageMarkets Raw,AUDUSD,0.68418,0.6842,2e-05,2,Sydney,Friday
2026-01-23 05:57:51,FPMarkets Raw,XAUUSD,4952.91,4952.98,0.07,7,Sydney,Friday
2026-01-23 05:57:52,FPMarkets Raw,EURUSD,1.17442,1.17443,1e-05,1,Sydney,Friday
2026-01-23 05:57:53,FPMarkets Raw,GBPUSD,1.34902,1.34907,5e-05,5,Sydney,Friday
2026-01-23 05:57:54,FPMarkets Raw,USDJPY,158.596,158.6,0.004,4,Sydney,Friday
2026-01-23 05:57:55,FPMarkets Raw,AUDUSD,0.68417,0.6842,3e-05,3,Sydney,Friday
2026-01-23 05:57:57,8Cap Raw,XAUUSD,4952.98,4953.14,0.16,16,Sydney,Friday
2026-01-23 05:57:58,8Cap Raw,EURUSD,1.1744,1.17441,1e-05,1,Sydney,Friday
2026-01-23 05:57:58,8Cap Raw,GBPUSD,1.34899,1.349,1e-05,1,Sydney,Friday
2026-01-23 05:57:59,8Cap Raw,USDJPY,158.608,158.609,0.001,1,Sydney,Friday
2026-01-23 05:58:00,8Cap Raw,AUDUSD,0.68419,0.68421,2e-05,2,Sydney,Friday
2026-01-23 06:02:16,Pepperstone Razor,XAUUSD,4951.98,4952.23,0.25,25,Closed,Friday
2026-01-23 06:02:17,Pepperstone Razor,EURUSD,1.17437,1.17437,0.0,0,Closed,Friday
2026-01-23 06:02:18,Pepperstone Razor,GBPUSD,1.34908,1.34909,1e-05,1,Closed,Friday
2026-01-23 06:02:19,Pepperstone Razor,USDJPY,158.623,158.626,0.003,3,Closed,Friday
2026-01-23 06:02:20,Pepperstone Razor,AUDUSD,0.68433,0.68434,1e-05,1,Closed,Friday
2026-01-23 06:02:23,FusionMarkets Zero,XAUUSD,4952.43,4952.49,0.06,6,Closed,Friday
2026-01-23 06:02:24,FusionMarkets Zero,EURUSD,1.17437,1.17437,0.0,0,Closed,Friday
2026-01-23 06:02:24,FusionMarkets Zero,GBPUSD,1.34907,1.34907,0.0,0,Closed,Friday
2026-01-23 06:02:25,FusionMarkets Zero,USDJPY,158.621,158.623,0.002,2,Closed,Friday
2026-01-23 06:02:26,FusionMarkets Zero,AUDUSD,0.68438,0.68438,0.0,0,Closed,Friday
2026-01-23 06:02:29,ThinkMarkets ThinkZero,XAUUSD,4951.55,4951.63,0.08,8,Closed,Friday
2026-01-23 06:02:30,ThinkMarkets ThinkZero,EURUSD,1.17437,1.17439,2e-05,2,Closed,Friday
2026-01-23 06:02:31,ThinkMarkets ThinkZero,GBPUSD,1.34905,1.3491,5e-05,5,Closed,Friday
2026-01-23 06:02:32,ThinkMarkets ThinkZero,USDJPY,158.624,158.629,0.005,5,Closed,Friday
2026-01-23 06:02:33,ThinkMarkets ThinkZero,AUDUSD,0.68435,0.68437,2e-05,2,Closed,Friday
2026-01-23 06:02:36,ICMarkets Raw,XAUUSD,4951.72,4951.81,0.09,9,Closed,Friday
2026-01-23 06:02:37,ICMarkets Raw,EURUSD,1.17436,1.17436,0.0,0,Closed,Friday
2026-01-23 06:02:38,ICMarkets Raw,GBPUSD,1.3491,1.34911,1e-05,1,Closed,Friday
2026-01-23 06:02:39,ICMarkets Raw,USDJPY,158.626,158.626,0.0,0,Closed,Friday
2026-01-23 06:02:39,ICMarkets Raw,AUDUSD,0.68435,0.68436,1e-05,1,Closed,Friday
2026-01-23 06:02:42,VantageMarkets Raw,XAUUSD,4951.73,4951.81,0.08,8,Closed,Friday
2026-01-23 06:02:43,VantageMarkets Raw,EURUSD,1.17436,1.17438,2e-05,2,Closed,Friday
2026-01-23 06:02:44,VantageMarkets Raw,GBPUSD,1.34905,1.34906,1e-05,1,Closed,Friday
2026-01-23 06:02:45,VantageMarkets Raw,USDJPY,158.63,158.632,0.002,2,Closed,Friday
2026-01-23 06:02:46,VantageMarkets Raw,AUDUSD,0.68427,0.68431,4e-05,4,Closed,Friday
2026-01-23 06:02:48,FPMarkets Raw,XAUUSD,4952.05,4952.12,0.07,7,Closed,Friday
2026-01-23 06:02:49,FPMarkets Raw,EURUSD,1.17434,1.17436,2e-05,2,Closed,Friday
2026-01-23 06:02:50,FPMarkets Raw,GBPUSD,1.34901,1.34906,5e-05,5,Closed,Friday
2026-01-23 06:02:51,FPMarkets Raw,USDJPY,158.629,158.634,0.005,5,Closed,Friday
2026-01-23 06:03:00,FPMarkets Raw,AUDUSD,0.68435,0.68438,3e-05,3,Closed,Friday
2026-01-23 06:03:02,8Cap Raw,XAUUSD,4953.22,4953.38,0.16,16,Closed,Friday
2026-01-23 06:03:02,8Cap Raw,EURUSD,1.17437,1.17438,1e-05,1,Closed,Friday
2026-01-23 06:03:03,8Cap Raw,GBPUSD,1.34905,1.34906,1e-05,1,Closed,Friday
2026-01-23 06:03:04,8Cap Raw,USDJPY,158.621,158.622,0.001,1,Closed,Friday
2026-01-23 06:03:05,8Cap Raw,AUDUSD,0.68435,0.68438,3e-05,3,Closed,Friday
2026-01-23 06:07:16,Pepperstone Razor,XAUUSD,4951.62,4951.81,0.19,19,Closed,Friday
2026-01-23 06:07:17,Pepperstone Razor,EURUSD,1.17443,1.17443,0.0,0,Closed,Friday
2026-01-23 06:07:18,Pepperstone Razor,GBPUSD,1.34922,1.34922,0.0,0,Closed,Friday
2026-01-23 06:07:19,Pepperstone Razor,USDJPY,158.594,158.597,0.003,3,Closed,Friday
2026-01-23 06:07:20,Pepperstone Razor,AUDUSD,0.68425,0.68425,0.0,0,Closed,Friday
2026-01-23 06:07:23,FusionMarkets Zero,XAUUSD,4951.13,4951.2,0.07,7,Closed,Friday
2026-01-23 06:07:23,FusionMarkets Zero,EURUSD,1.1744,1.1744,0.0,0,Closed,Friday
2026-01-23 06:07:24,FusionMarkets Zero,GBPUSD,1.34916,1.34916,0.0,0,Closed,Friday
2026-01-23 06:07:25,FusionMarkets Zero,USDJPY,158.601,158.601,0.0,0,Closed,Friday
2026-01-23 06:07:26,FusionMarkets Zero,AUDUSD,0.68424,0.68424,0.0,0,Closed,Friday
2026-01-23 06:07:29,ThinkMarkets ThinkZero,XAUUSD,4951.36,4951.44,0.08,8,Closed,Friday
2026-01-23 06:07:30,ThinkMarkets ThinkZero,EURUSD,1.17439,1.17441,2e-05,2,Closed,Friday
2026-01-23 06:07:31,ThinkMarkets ThinkZero,GBPUSD,1.34918,1.34922,4e-05,4,Closed,Friday
2026-01-23 06:07:32,ThinkMarkets ThinkZero,USDJPY,158.597,158.603,0.006,6,Closed,Friday
2026-01-23 06:07:33,ThinkMarkets ThinkZero,AUDUSD,0.68422,0.68426,4e-05,4,Closed,Friday
2026-01-23 06:07:35,ICMarkets Raw,XAUUSD,4950.96,4951.08,0.12,12,Closed,Friday
2026-01-23 06:07:36,ICMarkets Raw,EURUSD,1.1744,1.1744,0.0,0,Closed,Friday
2026-01-23 06:07:37,ICMarkets Raw,GBPUSD,1.3492,1.34921,1e-05,1,Closed,Friday
2026-01-23 06:07:38,ICMarkets Raw,USDJPY,158.609,158.609,0.0,0,Closed,Friday
2026-01-23 06:07:39,ICMarkets Raw,AUDUSD,0.68425,0.68425,0.0,0,Closed,Friday
2026-01-23 06:07:41,VantageMarkets Raw,XAUUSD,4951.53,4951.61,0.08,8,Closed,Friday
2026-01-23 06:07:42,VantageMarkets Raw,EURUSD,1.17439,1.17441,2e-05,2,Closed,Friday
2026-01-23 06:07:43,VantageMarkets Raw,GBPUSD,1.34917,1.34922,5e-05,5,Closed,Friday
2026-01-23 06:07:44,VantageMarkets Raw,USDJPY,158.607,158.609,0.002,2,Closed,Friday
2026-01-23 06:07:44,VantageMarkets Raw,AUDUSD,0.68422,0.68426,4e-05,4,Closed,Friday
2026-01-23 06:07:47,FPMarkets Raw,XAUUSD,4951.7,4951.77,0.07,7,Closed,Friday
2026-01-23 06:07:48,FPMarkets Raw,EURUSD,1.1744,1.1744,0.0,0,Closed,Friday
2026-01-23 06:07:49,FPMarkets Raw,GBPUSD,1.34918,1.34921,3e-05,3,Closed,Friday
2026-01-23 06:07:50,FPMarkets Raw,USDJPY,158.604,158.608,0.004,4,Closed,Friday
2026-01-23 06:07:51,FPMarkets Raw,AUDUSD,0.68421,0.68424,3e-05,3,Closed,Friday
2026-01-23 06:07:53,8Cap Raw,XAUUSD,4951.68,4951.84,0.16,16,Closed,Friday
2026-01-23 06:07:54,8Cap Raw,EURUSD,1.17439,1.17439,0.0,0,Closed,Friday
2026-01-23 06:07:54,8Cap Raw,GBPUSD,1.34918,1.3492,2e-05,2,Closed,Friday
2026-01-23 06:07:55,8Cap Raw,USDJPY,158.607,158.608,0.001,1,Closed,Friday
2026-01-23 06:07:56,8Cap Raw,AUDUSD,0.68422,0.68425,3e-05,3,Closed,Friday
2026-01-23 06:12:16,Pepperstone Razor,XAUUSD,4952.42,4952.6,0.18,18,Closed,Friday
2026-01-23 06:12:17,Pepperstone Razor,EURUSD,1.17446,1.17446,0.0,0,Closed,Friday
2026-01-23 06:12:18,Pepperstone Razor,GBPUSD,1.3491,1.34911,1e-05,1,Closed,Friday
2026-01-23 06:12:19,Pepperstone Razor,USDJPY,158.608,158.611,0.003,3,Closed,Friday
2026-01-23 06:12:20,Pepperstone Razor,AUDUSD,0.68401,0.68402,1e-05,1,Closed,Friday
2026-01-23 06:12:23,FusionMarkets Zero,XAUUSD,4952.26,4952.35,0.09,9,Closed,Friday
2026-01-23 06:12:23,FusionMarkets Zero,EURUSD,1.17444,1.17444,0.0,0,Closed,Friday
2026-01-23 06:12:24,FusionMarkets Zero,GBPUSD,1.34911,1.34911,0.0,0,Closed,Friday
2026-01-23 06:12:25,FusionMarkets Zero,USDJPY,158.609,158.611,0.002,2,Closed,Friday
2026-01-23 06:12:26,FusionMarkets Zero,AUDUSD,0.68401,0.68401,0.0,0,Closed,Friday
2026-01-23 06:12:29,ThinkMarkets ThinkZero,XAUUSD,4952.09,4952.17,0.08,8,Closed,Friday
2026-01-23 06:12:30,ThinkMarkets ThinkZero,EURUSD,1.17443,1.17444,1e-05,1,Closed,Friday
2026-01-23 06:12:31,ThinkMarkets ThinkZero,GBPUSD,1.34911,1.34916,5e-05,5,Closed,Friday
2026-01-23 06:12:31,ThinkMarkets ThinkZero,USDJPY,158.606,158.611,0.005,5,Closed,Friday
2026-01-23 06:12:32,ThinkMarkets ThinkZero,AUDUSD,0.68401,0.68404,3e-05,3,Closed,Friday
2026-01-23 06:12:35,ICMarkets Raw,XAUUSD,4952.39,4952.47,0.08,8,Closed,Friday
2026-01-23 06:12:36,ICMarkets Raw,EURUSD,1.17446,1.17446,0.0,0,Closed,Friday
2026-01-23 06:12:37,ICMarkets Raw,GBPUSD,1.34916,1.34917,1e-05,1,Closed,Friday
2026-01-23 06:12:38,ICMarkets Raw,USDJPY,158.595,158.595,0.0,0,Closed,Friday
2026-01-23 06:12:39,ICMarkets Raw,AUDUSD,0.684,0.68402,2e-05,2,Closed,Friday
2026-01-23 06:12:42,VantageMarkets Raw,XAUUSD,4952.13,4952.21,0.08,8,Closed,Friday
2026-01-23 06:12:43,VantageMarkets Raw,EURUSD,1.17446,1.1745,4e-05,4,Closed,Friday
2026-01-23 06:12:44,VantageMarkets Raw,GBPUSD,1.34914,1.34915,1e-05,1,Closed,Friday
2026-01-23 06:12:44,VantageMarkets Raw,USDJPY,158.589,158.595,0.006,6,Closed,Friday
2026-01-23 06:12:45,VantageMarkets Raw,AUDUSD,0.68397,0.68401,4e-05,4,Closed,Friday
2026-01-23 06:12:48,FPMarkets Raw,XAUUSD,4952.88,4952.95,0.07,7,Closed,Friday
2026-01-23 06:12:49,FPMarkets Raw,EURUSD,1.17447,1.17449,2e-05,2,Closed,Friday
2026-01-23 06:12:50,FPMarkets Raw,GBPUSD,1.34913,1.34918,5e-05,5,Closed,Friday
2026-01-23 06:12:51,FPMarkets Raw,USDJPY,158.594,158.598,0.004,4,Closed,Friday
2026-01-23 06:12:52,FPMarkets Raw,AUDUSD,0.68399,0.68402,3e-05,3,Closed,Friday
2026-01-23 06:12:54,8Cap Raw,XAUUSD,4952.87,4953.03,0.16,16,Closed,Friday
2026-01-23 06:12:55,8Cap Raw,EURUSD,1.17448,1.17448,0.0,0,Closed,Friday
2026-01-23 06:12:55,8Cap Raw,GBPUSD,1.34916,1.34917,1e-05,1,Closed,Friday
2026-01-23 06:12:56,8Cap Raw,USDJPY,158.592,158.595,0.003,3,Closed,Friday
2026-01-23 06:12:57,8Cap Raw,AUDUSD,0.68396,0.68399,3e-05,3,Closed,Friday
2026-01-23 06:17:17,Pepperstone Razor,XAUUSD,4951.75,4951.9,0.15,15,Closed,Friday
2026-01-23 06:17:18,Pepperstone Razor,EURUSD,1.17447,1.17447,0.0,0,Closed,Friday
2026-01-23 06:17:19,Pepperstone Razor,GBPUSD,1.34916,1.34918,2e-05,2,Closed,Friday
2026-01-23 06:17:20,Pepperstone Razor,USDJPY,158.61,158.614,0.004,4,Closed,Friday
2026-01-23 06:17:21,Pepperstone Razor,AUDUSD,0.68411,0.68411,0.0,0,Closed,Friday
2026-01-23 06:17:24,FusionMarkets Zero,XAUUSD,4952.34,4952.42,0.08,8,Closed,Friday
2026-01-23 06:17:25,FusionMarkets Zero,EURUSD,1.1745,1.1745,0.0,0,Closed,Friday
2026-01-23 06:17:25,FusionMarkets Zero,GBPUSD,1.34914,1.34914,0.0,0,Closed,Friday
2026-01-23 06:17:26,FusionMarkets Zero,USDJPY,158.623,158.623,0.0,0,Closed,Friday
2026-01-23 06:17:27,FusionMarkets Zero,AUDUSD,0.68411,0.68411,0.0,0,Closed,Friday
2026-01-23 06:17:30,ThinkMarkets ThinkZero,XAUUSD,4951.98,4952.06,0.08,8,Closed,Friday
2026-01-23 06:17:31,ThinkMarkets ThinkZero,EURUSD,1.17449,1.17451,2e-05,2,Closed,Friday
2026-01-23 06:17:32,ThinkMarkets ThinkZero,GBPUSD,1.34914,1.34918,4e-05,4,Closed,Friday
2026-01-23 06:17:33,ThinkMarkets ThinkZero,USDJPY,158.62,158.626,0.006,6,Closed,Friday
2026-01-23 06:17:34,ThinkMarkets ThinkZero,AUDUSD,0.68409,0.68412,3e-05,3,Closed,Friday
2026-01-23 06:17:37,ICMarkets Raw,XAUUSD,4952.17,4952.23,0.06,6,Closed,Friday
2026-01-23 06:17:38,ICMarkets Raw,EURUSD,1.1745,1.1745,0.0,0,Closed,Friday
2026-01-23 06:17:38,ICMarkets Raw,GBPUSD,1.34916,1.34917,1e-05,1,Closed,Friday
2026-01-23 06:17:39,ICMarkets Raw,USDJPY,158.623,158.623,0.0,0,Closed,Friday
2026-01-23 06:17:40,ICMarkets Raw,AUDUSD,0.6841,0.6841,0.0,0,Closed,Friday
2026-01-23 06:17:43,VantageMarkets Raw,XAUUSD,4952.23,4952.31,0.08,8,Closed,Friday
2026-01-23 06:17:44,VantageMarkets Raw,EURUSD,1.17448,1.17452,4e-05,4,Closed,Friday
2026-01-23 06:17:45,VantageMarkets Raw,GBPUSD,1.34915,1.34916,1e-05,1,Closed,Friday
2026-01-23 06:17:46,VantageMarkets Raw,USDJPY,158.622,158.624,0.002,2,Closed,Friday
2026-01-23 06:17:47,VantageMarkets Raw,AUDUSD,0.68408,0.68412,4e-05,4,Closed,Friday
2026-01-23 06:17:50,FPMarkets Raw,XAUUSD,4952.3,4952.37,0.07,7,Closed,Friday
2026-01-23 06:17:50,FPMarkets Raw,EURUSD,1.17447,1.17449,2e-05,2,Closed,Friday
2026-01-23 06:17:51,FPMarkets Raw,GBPUSD,1.34916,1.34917,1e-05,1,Closed,Friday
2026-01-23 06:17:52,FPMarkets Raw,USDJPY,158.616,158.623,0.007,7,Closed,Friday
2026-01-23 06:17:53,FPMarkets Raw,AUDUSD,0.68409,0.68412,3e-05,3,Closed,Friday
2026-01-23 06:17:55,8Cap Raw,XAUUSD,4952.27,4952.43,0.16,16,Closed,Friday
2026-01-23 06:17:56,8Cap Raw,EURUSD,1.17448,1.17449,1e-05,1,Closed,Friday
2026-01-23 06:17:57,8Cap Raw,GBPUSD,1.34915,1.34916,1e-05,1,Closed,Friday
2026-01-23 06:17:57,8Cap Raw,USDJPY,158.623,158.624,0.001,1,Closed,Friday
2026-01-23 06:17:58,8Cap Raw,AUDUSD,0.68409,0.68411,2e-05,2,Closed,Friday
2026-01-23 06:22:16,Pepperstone Razor,XAUUSD,4951.59,4951.86,0.27,27,Closed,Friday
2026-01-23 06:22:17,Pepperstone Razor,EURUSD,1.17452,1.17452,0.0,0,Closed,Friday
2026-01-23 06:22:18,Pepperstone Razor,GBPUSD,1.34921,1.34924,3e-05,3,Closed,Friday
2026-01-23 06:22:19,Pepperstone Razor,USDJPY,158.616,158.619,0.003,3,Closed,Friday
2026-01-23 06:22:20,Pepperstone Razor,AUDUSD,0.68403,0.68403,0.0,0,Closed,Friday
2026-01-23 06:22:23,FusionMarkets Zero,XAUUSD,4951.74,4951.87,0.13,13,Closed,Friday
2026-01-23 06:22:24,FusionMarkets Zero,EURUSD,1.17453,1.17453,0.0,0,Closed,Friday
2026-01-23 06:22:25,FusionMarkets Zero,GBPUSD,1.34922,1.34922,0.0,0,Closed,Friday
2026-01-23 06:22:26,FusionMarkets Zero,USDJPY,158.621,158.621,0.0,0,Closed,Friday
2026-01-23 06:22:27,FusionMarkets Zero,AUDUSD,0.68402,0.68402,0.0,0,Closed,Friday
2026-01-23 06:22:30,ThinkMarkets ThinkZero,XAUUSD,4951.33,4951.41,0.08,8,Closed,Friday
2026-01-23 06:22:31,ThinkMarkets ThinkZero,EURUSD,1.17452,1.17455,3e-05,3,Closed,Friday
2026-01-23 06:22:32,ThinkMarkets ThinkZero,GBPUSD,1.34913,1.34918,5e-05,5,Closed,Friday
2026-01-23 06:22:32,ThinkMarkets ThinkZero,USDJPY,158.621,158.626,0.005,5,Closed,Friday
2026-01-23 06:22:33,ThinkMarkets ThinkZero,AUDUSD,0.68399,0.68402,3e-05,3,Closed,Friday
2026-01-23 06:22:36,ICMarkets Raw,XAUUSD,4951.49,4951.61,0.12,12,Closed,Friday
2026-01-23 06:22:37,ICMarkets Raw,EURUSD,1.17453,1.17453,0.0,0,Closed,Friday
2026-01-23 06:22:38,ICMarkets Raw,GBPUSD,1.34923,1.34924,1e-05,1,Closed,Friday
2026-01-23 06:22:39,ICMarkets Raw,USDJPY,158.621,158.621,0.0,0,Closed,Friday
2026-01-23 06:22:40,ICMarkets Raw,AUDUSD,0.68402,0.68402,0.0,0,Closed,Friday
2026-01-23 06:22:43,VantageMarkets Raw,XAUUSD,4951.43,4951.51,0.08,8,Closed,Friday
2026-01-23 06:22:43,VantageMarkets Raw,EURUSD,1.17454,1.17455,1e-05,1,Closed,Friday
2026-01-23 06:22:44,VantageMarkets Raw,GBPUSD,1.34922,1.34923,1e-05,1,Closed,Friday
2026-01-23 06:22:45,VantageMarkets Raw,USDJPY,158.621,158.623,0.002,2,Closed,Friday
2026-01-23 06:22:46,VantageMarkets Raw,AUDUSD,0.684,0.68402,2e-05,2,Closed,Friday
2026-01-23 06:22:49,FPMarkets Raw,XAUUSD,4951.73,4951.8,0.07,7,Closed,Friday
2026-01-23 06:22:50,FPMarkets Raw,EURUSD,1.17447,1.17449,2e-05,2,Closed,Friday
2026-01-23 06:22:51,FPMarkets Raw,GBPUSD,1.34916,1.34917,1e-05,1,Closed,Friday
2026-01-23 06:22:52,FPMarkets Raw,USDJPY,158.637,158.642,0.005,5,Closed,Friday
2026-01-23 06:22:53,FPMarkets Raw,AUDUSD,0.684,0.68403,3e-05,3,Closed,Friday
2026-01-23 06:22:55,8Cap Raw,XAUUSD,4951.76,4951.92,0.16,16,Closed,Friday
2026-01-23 06:22:56,8Cap Raw,EURUSD,1.17448,1.1745,2e-05,2,Closed,Friday
2026-01-23 06:22:56,8Cap Raw,GBPUSD,1.34914,1.34918,4e-05,4,Closed,Friday
2026-01-23 06:22:57,8Cap Raw,USDJPY,158.635,158.636,0.001,1,Closed,Friday
2026-01-23 06:22:58,8Cap Raw,AUDUSD,0.684,0.68403,3e-05,3,Closed,Friday
2026-01-23 06:27:16,Pepperstone Razor,XAUUSD,4950.99,4951.14,0.15,15,Closed,Friday
2026-01-23 06:27:17,Pepperstone Razor,EURUSD,1.17446,1.17446,0.0,0,Closed,Friday
2026-01-23 06:27:18,Pepperstone Razor,GBPUSD,1.34912,1.34914,2e-05,2,Closed,Friday
2026-01-23 06:27:19,Pepperstone Razor,USDJPY,158.644,158.647,0.003,3,Closed,Friday
2026-01-23 06:27:20,Pepperstone Razor,AUDUSD,0.68406,0.68406,0.0,0,Closed,Friday
2026-01-23 06:27:23,FusionMarkets Zero,XAUUSD,4951.57,4951.67,0.1,10,Closed,Friday
2026-01-23 06:27:24,FusionMarkets Zero,EURUSD,1.17448,1.17448,0.0,0,Closed,Friday
2026-01-23 06:27:25,FusionMarkets Zero,GBPUSD,1.34916,1.34916,0.0,0,Closed,Friday
2026-01-23 06:27:26,FusionMarkets Zero,USDJPY,158.644,158.644,0.0,0,Closed,Friday
2026-01-23 06:27:27,FusionMarkets Zero,AUDUSD,0.68407,0.68407,0.0,0,Closed,Friday
2026-01-23 06:27:30,ThinkMarkets ThinkZero,XAUUSD,4951.98,4952.06,0.08,8,Closed,Friday
2026-01-23 06:27:31,ThinkMarkets ThinkZero,EURUSD,1.17447,1.17449,2e-05,2,Closed,Friday
2026-01-23 06:27:31,ThinkMarkets ThinkZero,GBPUSD,1.34914,1.34918,4e-05,4,Closed,Friday
2026-01-23 06:27:32,ThinkMarkets ThinkZero,USDJPY,158.643,158.648,0.005,5,Closed,Friday
2026-01-23 06:27:33,ThinkMarkets ThinkZero,AUDUSD,0.68404,0.68407,3e-05,3,Closed,Friday
2026-01-23 06:27:36,ICMarkets Raw,XAUUSD,4952.03,4952.11,0.08,8,Closed,Friday
2026-01-23 06:27:37,ICMarkets Raw,EURUSD,1.17449,1.17449,0.0,0,Closed,Friday
2026-01-23 06:27:38,ICMarkets Raw,GBPUSD,1.34916,1.34918,2e-05,2,Closed,Friday
2026-01-23 06:27:39,ICMarkets Raw,USDJPY,158.645,158.645,0.0,0,Closed,Friday
2026-01-23 06:27:40,ICMarkets Raw,AUDUSD,0.68406,0.68406,0.0,0,Closed,Friday
2026-01-23 06:27:43,VantageMarkets Raw,XAUUSD,4952.05,4952.13,0.08,8,Closed,Friday
2026-01-23 06:27:44,VantageMarkets Raw,EURUSD,1.17448,1.17449,1e-05,1,Closed,Friday
2026-01-23 06:27:44,VantageMarkets Raw,GBPUSD,1.34916,1.34917,1e-05,1,Closed,Friday
2026-01-23 06:27:45,VantageMarkets Raw,USDJPY,158.644,158.645,0.001,1,Closed,Friday
2026-01-23 06:27:46,VantageMarkets Raw,AUDUSD,0.68404,0.68408,4e-05,4,Closed,Friday
2026-01-23 06:27:50,FPMarkets Raw,XAUUSD,4952.11,4952.18,0.07,7,Closed,Friday
2026-01-23 06:27:50,FPMarkets Raw,EURUSD,1.17448,1.17449,1e-05,1,Closed,Friday
2026-01-23 06:27:51,FPMarkets Raw,GBPUSD,1.34915,1.34916,1e-05,1,Closed,Friday
2026-01-23 06:27:52,FPMarkets Raw,USDJPY,158.641,158.645,0.004,4,Closed,Friday
2026-01-23 06:27:53,FPMarkets Raw,AUDUSD,0.68405,0.68407,2e-05,2,Closed,Friday
2026-01-23 06:27:55,8Cap Raw,XAUUSD,4952.1,4952.26,0.16,16,Closed,Friday
2026-01-23 06:27:56,8Cap Raw,EURUSD,1.17448,1.17448,0.0,0,Closed,Friday
2026-01-23 06:27:56,8Cap Raw,GBPUSD,1.34916,1.34917,1e-05,1,Closed,Friday
2026-01-23 06:27:57,8Cap Raw,USDJPY,158.643,158.644,0.001,1,Closed,Friday
2026-01-23 06:27:58,8Cap Raw,AUDUSD,0.68404,0.68407,3e-05,3,Closed,Friday
2026-01-23 06:32:16,Pepperstone Razor,XAUUSD,4952.07,4952.28,0.21,21,Closed,Friday
2026-01-23 06:32:17,Pepperstone Razor,EURUSD,1.17446,1.17446,0.0,0,Closed,Friday
2026-01-23 06:32:18,Pepperstone Razor,GBPUSD,1.34913,1.34914,1e-05,1,Closed,Friday
2026-01-23 06:32:19,Pepperstone Razor,USDJPY,158.662,158.666,0.004,4,Closed,Friday
2026-01-23 06:32:20,Pepperstone Razor,AUDUSD,0.68403,0.68403,0.0,0,Closed,Friday
2026-01-23 06:32:23,FusionMarkets Zero,XAUUSD,4951.96,4952.07,0.11,11,Closed,Friday
2026-01-23 06:32:24,FusionMarkets Zero,EURUSD,1.17448,1.17448,0.0,0,Closed,Friday
2026-01-23 06:32:25,FusionMarkets Zero,GBPUSD,1.34914,1.34914,0.0,0,Closed,Friday
2026-01-23 06:32:26,FusionMarkets Zero,USDJPY,158.663,158.663,0.0,0,Closed,Friday
2026-01-23 06:32:27,FusionMarkets Zero,AUDUSD,0.68403,0.68403,0.0,0,Closed,Friday
2026-01-23 06:32:30,ThinkMarkets ThinkZero,XAUUSD,4951.87,4951.95,0.08,8,Closed,Friday
2026-01-23 06:32:31,ThinkMarkets ThinkZero,EURUSD,1.17447,1.17449,2e-05,2,Closed,Friday
2026-01-23 06:32:32,ThinkMarkets ThinkZero,GBPUSD,1.34911,1.34916,5e-05,5,Closed,Friday
2026-01-23 06:32:33,ThinkMarkets ThinkZero,USDJPY,158.66,158.665,0.005,5,Closed,Friday
2026-01-23 06:32:34,ThinkMarkets ThinkZero,AUDUSD,0.68396,0.68399,3e-05,3,Closed,Friday
2026-01-23 06:32:37,ICMarkets Raw,XAUUSD,4952.36,4952.41,0.05,5,Closed,Friday
2026-01-23 06:32:38,ICMarkets Raw,EURUSD,1.17447,1.17447,0.0,0,Closed,Friday
2026-01-23 06:32:39,ICMarkets Raw,GBPUSD,1.34913,1.34914,1e-05,1,Closed,Friday
2026-01-23 06:32:39,ICMarkets Raw,USDJPY,158.661,158.661,0.0,0,Closed,Friday
2026-01-23 06:32:40,ICMarkets Raw,AUDUSD,0.684,0.684,0.0,0,Closed,Friday
2026-01-23 06:32:43,VantageMarkets Raw,XAUUSD,4952.49,4952.57,0.08,8,Closed,Friday
2026-01-23 06:32:44,VantageMarkets Raw,EURUSD,1.17446,1.1745,4e-05,4,Closed,Friday
2026-01-23 06:32:45,VantageMarkets Raw,GBPUSD,1.34914,1.34915,1e-05,1,Closed,Friday
2026-01-23 06:32:46,VantageMarkets Raw,USDJPY,158.661,158.663,0.002,2,Closed,Friday
2026-01-23 06:32:47,VantageMarkets Raw,AUDUSD,0.68397,0.68401,4e-05,4,Closed,Friday
2026-01-23 06:32:50,FPMarkets Raw,XAUUSD,4952.52,4952.59,0.07,7,Closed,Friday
2026-01-23 06:32:50,FPMarkets Raw,EURUSD,1.17448,1.17448,0.0,0,Closed,Friday
2026-01-23 06:32:51,FPMarkets Raw,GBPUSD,1.34911,1.34916,5e-05,5,Closed,Friday
2026-01-23 06:32:52,FPMarkets Raw,USDJPY,158.656,158.66,0.004,4,Closed,Friday
2026-01-23 06:32:53,FPMarkets Raw,AUDUSD,0.68399,0.68402,3e-05,3,Closed,Friday
2026-01-23 06:32:55,8Cap Raw,XAUUSD,4952.44,4952.6,0.16,16,Closed,Friday
2026-01-23 06:32:56,8Cap Raw,EURUSD,1.17448,1.17448,0.0,0,Closed,Friday
2026-01-23 06:32:56,8Cap Raw,GBPUSD,1.34913,1.34914,1e-05,1,Closed,Friday
2026-01-23 06:32:57,8Cap Raw,USDJPY,158.66,158.661,0.001,1,Closed,Friday
2026-01-23 06:32:58,8Cap Raw,AUDUSD,0.68399,0.68402,3e-05,3,Closed,Friday
2026-01-23 06:37:16,Pepperstone Razor,XAUUSD,4954.21,4954.39,0.18,18,Closed,Friday
2026-01-23 06:37:17,Pepperstone Razor,EURUSD,1.17459,1.17459,0.0,0,Closed,Friday
2026-01-23 06:37:18,Pepperstone Razor,GBPUSD,1.34922,1.34922,0.0,0,Closed,Friday
2026-01-23 06:37:19,Pepperstone Razor,USDJPY,158.645,158.648,0.003,3,Closed,Friday
2026-01-23 06:37:20,Pepperstone Razor,AUDUSD,0.68422,0.68424,2e-05,2,Closed,Friday
2026-01-23 06:37:23,FusionMarkets Zero,XAUUSD,4954.27,4954.39,0.12,12,Closed,Friday
2026-01-23 06:37:24,FusionMarkets Zero,EURUSD,1.17461,1.17461,0.0,0,Closed,Friday
2026-01-23 06:37:25,FusionMarkets Zero,GBPUSD,1.34927,1.34927,0.0,0,Closed,Friday
2026-01-23 06:37:26,FusionMarkets Zero,USDJPY,158.646,158.647,0.001,1,Closed,Friday
2026-01-23 06:37:27,FusionMarkets Zero,AUDUSD,0.68434,0.68434,0.0,0,Closed,Friday
2026-01-23 06:37:30,ThinkMarkets ThinkZero,XAUUSD,4954.12,4954.2,0.08,8,Closed,Friday
2026-01-23 06:37:31,ThinkMarkets ThinkZero,EURUSD,1.17462,1.17464,2e-05,2,Closed,Friday
2026-01-23 06:37:32,ThinkMarkets ThinkZero,GBPUSD,1.34924,1.3493,6e-05,6,Closed,Friday
2026-01-23 06:37:33,ThinkMarkets ThinkZero,USDJPY,158.644,158.649,0.005,5,Closed,Friday
2026-01-23 06:37:34,ThinkMarkets ThinkZero,AUDUSD,0.68429,0.68433,4e-05,4,Closed,Friday
2026-01-23 06:37:37,ICMarkets Raw,XAUUSD,4954.58,4954.7,0.12,12,Closed,Friday
2026-01-23 06:37:38,ICMarkets Raw,EURUSD,1.17464,1.17464,0.0,0,Closed,Friday
2026-01-23 06:37:39,ICMarkets Raw,GBPUSD,1.34925,1.34928,3e-05,3,Closed,Friday
2026-01-23 06:37:40,ICMarkets Raw,USDJPY,158.646,158.646,0.0,0,Closed,Friday
2026-01-23 06:37:41,ICMarkets Raw,AUDUSD,0.68437,0.68438,1e-05,1,Closed,Friday
2026-01-23 06:37:44,VantageMarkets Raw,XAUUSD,4954.77,4954.85,0.08,8,Closed,Friday
2026-01-23 06:37:44,VantageMarkets Raw,EURUSD,1.17463,1.17464,1e-05,1,Closed,Friday
2026-01-23 06:37:45,VantageMarkets Raw,GBPUSD,1.34929,1.3493,1e-05,1,Closed,Friday
2026-01-23 06:37:46,VantageMarkets Raw,USDJPY,158.647,158.649,0.002,2,Closed,Friday
2026-01-23 06:37:47,VantageMarkets Raw,AUDUSD,0.6844,0.68443,3e-05,3,Closed,Friday
2026-01-23 06:37:50,FPMarkets Raw,XAUUSD,4954.96,4955.03,0.07,7,Closed,Friday
2026-01-23 06:37:51,FPMarkets Raw,EURUSD,1.1746,1.17462,2e-05,2,Closed,Friday
2026-01-23 06:37:52,FPMarkets Raw,GBPUSD,1.34924,1.34929,5e-05,5,Closed,Friday
2026-01-23 06:37:53,FPMarkets Raw,USDJPY,158.647,158.651,0.004,4,Closed,Friday
2026-01-23 06:37:54,FPMarkets Raw,AUDUSD,0.68439,0.68442,3e-05,3,Closed,Friday
2026-01-23 06:37:56,8Cap Raw,XAUUSD,4954.94,4955.1,0.16,16,Closed,Friday
2026-01-23 06:37:57,8Cap Raw,EURUSD,1.17461,1.17462,1e-05,1,Closed,Friday
2026-01-23 06:37:57,8Cap Raw,GBPUSD,1.34927,1.34928,1e-05,1,Closed,Friday
2026-01-23 06:37:58,8Cap Raw,USDJPY,158.648,158.649,0.001,1,Closed,Friday
2026-01-23 06:37:59,8Cap Raw,AUDUSD,0.68442,0.68444,2e-05,2,Closed,Friday
2026-01-23 06:42:17,Pepperstone Razor,XAUUSD,4956.7,4956.89,0.19,19,Closed,Friday
2026-01-23 06:42:17,Pepperstone Razor,EURUSD,1.17475,1.17475,0.0,0,Closed,Friday
2026-01-23 06:42:18,Pepperstone Razor,GBPUSD,1.34938,1.34939,1e-05,1,Closed,Friday
2026-01-23 06:42:19,Pepperstone Razor,USDJPY,158.634,158.637,0.003,3,Closed,Friday
2026-01-23 06:42:20,Pepperstone Razor,AUDUSD,0.68473,0.68473,0.0,0,Closed,Friday
2026-01-23 06:42:23,FusionMarkets Zero,XAUUSD,4956.97,4957.11,0.14,14,Closed,Friday
2026-01-23 06:42:24,FusionMarkets Zero,EURUSD,1.17476,1.17476,0.0,0,Closed,Friday
2026-01-23 06:42:25,FusionMarkets Zero,GBPUSD,1.3494,1.3494,0.0,0,Closed,Friday
2026-01-23 06:42:26,FusionMarkets Zero,USDJPY,158.634,158.636,0.002,2,Closed,Friday
2026-01-23 06:42:27,FusionMarkets Zero,AUDUSD,0.68477,0.68477,0.0,0,Closed,Friday
2026-01-23 06:42:31,ThinkMarkets ThinkZero,XAUUSD,4957.38,4957.46,0.08,8,Closed,Friday
2026-01-23 06:42:32,ThinkMarkets ThinkZero,EURUSD,1.17475,1.17476,1e-05,1,Closed,Friday
2026-01-23 06:42:32,ThinkMarkets ThinkZero,GBPUSD,1.34942,1.34945,3e-05,3,Closed,Friday
2026-01-23 06:42:33,ThinkMarkets ThinkZero,USDJPY,158.633,158.636,0.003,3,Closed,Friday
2026-01-23 06:42:34,ThinkMarkets ThinkZero,AUDUSD,0.68478,0.68481,3e-05,3,Closed,Friday
2026-01-23 06:42:38,ICMarkets Raw,XAUUSD,4957.7,4957.82,0.12,12,Closed,Friday
2026-01-23 06:42:39,ICMarkets Raw,EURUSD,1.17479,1.1748,1e-05,1,Closed,Friday
2026-01-23 06:42:39,ICMarkets Raw,GBPUSD,1.34946,1.34948,2e-05,2,Closed,Friday
2026-01-23 06:42:40,ICMarkets Raw,USDJPY,158.634,158.635,0.001,1,Closed,Friday
2026-01-23 06:42:41,ICMarkets Raw,AUDUSD,0.68485,0.68488,3e-05,3,Closed,Friday
2026-01-23 06:42:44,VantageMarkets Raw,XAUUSD,4957.69,4957.77,0.08,8,Closed,Friday
2026-01-23 06:42:45,VantageMarkets Raw,EURUSD,1.17479,1.17483,4e-05,4,Closed,Friday
2026-01-23 06:42:46,VantageMarkets Raw,GBPUSD,1.34944,1.3495,6e-05,6,Closed,Friday
2026-01-23 06:42:47,VantageMarkets Raw,USDJPY,158.634,158.64,0.006,6,Closed,Friday
2026-01-23 06:42:47,VantageMarkets Raw,AUDUSD,0.6848,0.68484,4e-05,4,Closed,Friday
2026-01-23 06:42:51,FPMarkets Raw,XAUUSD,4957.15,4957.22,0.07,7,Closed,Friday
2026-01-23 06:42:52,FPMarkets Raw,EURUSD,1.17477,1.17478,1e-05,1,Closed,Friday
2026-01-23 06:42:53,FPMarkets Raw,GBPUSD,1.34943,1.34948,5e-05,5,Closed,Friday
2026-01-23 06:42:54,FPMarkets Raw,USDJPY,158.633,158.637,0.004,4,Closed,Friday
2026-01-23 06:42:55,FPMarkets Raw,AUDUSD,0.68481,0.68483,2e-05,2,Closed,Friday
2026-01-23 06:42:57,8Cap Raw,XAUUSD,4955.62,4955.78,0.16,16,Closed,Friday
2026-01-23 06:42:57,8Cap Raw,EURUSD,1.17478,1.17479,1e-05,1,Closed,Friday
2026-01-23 06:42:58,8Cap Raw,GBPUSD,1.34945,1.34947,2e-05,2,Closed,Friday
2026-01-23 06:42:59,8Cap Raw,USDJPY,158.635,158.637,0.002,2,Closed,Friday
2026-01-23 06:42:59,8Cap Raw,AUDUSD,0.68481,0.68483,2e-05,2,Closed,Friday
2026-01-23 06:47:17,Pepperstone Razor,XAUUSD,4955.95,4956.12,0.17,17,Closed,Friday
2026-01-23 06:47:18,Pepperstone Razor,EURUSD,1.17475,1.17475,0.0,0,Closed,Friday
2026-01-23 06:47:19,Pepperstone Razor,GBPUSD,1.3494,1.34941,1e-05,1,Closed,Friday
2026-01-23 06:47:20,Pepperstone Razor,USDJPY,158.611,158.613,0.002,2,Closed,Friday
2026-01-23 06:47:20,Pepperstone Razor,AUDUSD,0.68472,0.68473,1e-05,1,Closed,Friday
2026-01-23 06:47:24,FusionMarkets Zero,XAUUSD,4955.8,4955.94,0.14,14,Closed,Friday
2026-01-23 06:47:25,FusionMarkets Zero,EURUSD,1.17475,1.17475,0.0,0,Closed,Friday
2026-01-23 06:47:26,FusionMarkets Zero,GBPUSD,1.34945,1.34945,0.0,0,Closed,Friday
2026-01-23 06:47:27,FusionMarkets Zero,USDJPY,158.61,158.61,0.0,0,Closed,Friday
2026-01-23 06:47:28,FusionMarkets Zero,AUDUSD,0.68471,0.68471,0.0,0,Closed,Friday
2026-01-23 06:47:31,ThinkMarkets ThinkZero,XAUUSD,4956.66,4956.74,0.08,8,Closed,Friday
2026-01-23 06:47:32,ThinkMarkets ThinkZero,EURUSD,1.17473,1.17476,3e-05,3,Closed,Friday
2026-01-23 06:47:33,ThinkMarkets ThinkZero,GBPUSD,1.34943,1.34947,4e-05,4,Closed,Friday
2026-01-23 06:47:34,ThinkMarkets ThinkZero,USDJPY,158.609,158.612,0.003,3,Closed,Friday
2026-01-23 06:47:35,ThinkMarkets ThinkZero,AUDUSD,0.68469,0.68472,3e-05,3,Closed,Friday
2026-01-23 06:47:38,ICMarkets Raw,XAUUSD,4956.57,4956.67,0.1,10,Closed,Friday
2026-01-23 06:47:39,ICMarkets Raw,EURUSD,1.17478,1.17478,0.0,0,Closed,Friday
2026-01-23 06:47:40,ICMarkets Raw,GBPUSD,1.34944,1.34947,3e-05,3,Closed,Friday
2026-01-23 06:47:41,ICMarkets Raw,USDJPY,158.596,158.597,0.001,1,Closed,Friday
2026-01-23 06:47:42,ICMarkets Raw,AUDUSD,0.6847,0.68471,1e-05,1,Closed,Friday
2026-01-23 06:47:45,VantageMarkets Raw,XAUUSD,4957.77,4957.85,0.08,8,Closed,Friday
2026-01-23 06:47:46,VantageMarkets Raw,EURUSD,1.17479,1.17483,4e-05,4,Closed,Friday
2026-01-23 06:47:47,VantageMarkets Raw,GBPUSD,1.34946,1.34947,1e-05,1,Closed,Friday
2026-01-23 06:47:48,VantageMarkets Raw,USDJPY,158.592,158.601,0.009,9,Closed,Friday
2026-01-23 06:47:48,VantageMarkets Raw,AUDUSD,0.68471,0.68475,4e-05,4,Closed,Friday
2026-01-23 06:47:52,FPMarkets Raw,XAUUSD,4957.85,4957.92,0.07,7,Closed,Friday
2026-01-23 06:47:53,FPMarkets Raw,EURUSD,1.17479,1.17481,2e-05,2,Closed,Friday
2026-01-23 06:47:54,FPMarkets Raw,GBPUSD,1.34942,1.34947,5e-05,5,Closed,Friday
2026-01-23 06:47:55,FPMarkets Raw,USDJPY,158.591,158.595,0.004,4,Closed,Friday
2026-01-23 06:47:56,FPMarkets Raw,AUDUSD,0.68473,0.68476,3e-05,3,Closed,Friday
2026-01-23 06:47:58,8Cap Raw,XAUUSD,4957.98,4958.14,0.16,16,Closed,Friday
2026-01-23 06:47:58,8Cap Raw,EURUSD,1.17479,1.1748,1e-05,1,Closed,Friday
2026-01-23 06:47:59,8Cap Raw,GBPUSD,1.34946,1.34947,1e-05,1,Closed,Friday
2026-01-23 06:48:00,8Cap Raw,USDJPY,158.596,158.601,0.005,5,Closed,Friday
2026-01-23 06:48:00,8Cap Raw,AUDUSD,0.68474,0.68477,3e-05,3,Closed,Friday
2026-01-23 06:52:17,Pepperstone Razor,XAUUSD,4957.92,4958.08,0.16,16,Closed,Friday
2026-01-23 06:52:18,Pepperstone Razor,EURUSD,1.1748,1.1748,0.0,0,Closed,Friday
2026-01-23 06:52:19,Pepperstone Razor,GBPUSD,1.34946,1.34948,2e-05,2,Closed,Friday
2026-01-23 06:52:20,Pepperstone Razor,USDJPY,158.59,158.593,0.003,3,Closed,Friday
2026-01-23 06:52:21,Pepperstone Razor,AUDUSD,0.6847,0.6847,0.0,0,Closed,Friday
2026-01-23 06:52:25,FusionMarkets Zero,XAUUSD,4957.89,4957.95,0.06,6,Closed,Friday
2026-01-23 06:52:25,FusionMarkets Zero,EURUSD,1.1748,1.1748,0.0,0,Closed,Friday
2026-01-23 06:52:26,FusionMarkets Zero,GBPUSD,1.34946,1.34946,0.0,0,Closed,Friday
2026-01-23 06:52:27,FusionMarkets Zero,USDJPY,158.592,158.593,0.001,1,Closed,Friday
2026-01-23 06:52:28,FusionMarkets Zero,AUDUSD,0.68474,0.68474,0.0,0,Closed,Friday
2026-01-23 06:52:31,ThinkMarkets ThinkZero,XAUUSD,4958.18,4958.26,0.08,8,Closed,Friday
2026-01-23 06:52:32,ThinkMarkets ThinkZero,EURUSD,1.17478,1.1748,2e-05,2,Closed,Friday
2026-01-23 06:52:33,ThinkMarkets ThinkZero,GBPUSD,1.34943,1.34947,4e-05,4,Closed,Friday
2026-01-23 06:52:34,ThinkMarkets ThinkZero,USDJPY,158.592,158.595,0.003,3,Closed,Friday
2026-01-23 06:52:35,ThinkMarkets ThinkZero,AUDUSD,0.68475,0.68477,2e-05,2,Closed,Friday
2026-01-23 06:52:38,ICMarkets Raw,XAUUSD,4957.89,4957.94,0.05,5,Closed,Friday
2026-01-23 06:52:39,ICMarkets Raw,EURUSD,1.17481,1.17482,1e-05,1,Closed,Friday
2026-01-23 06:52:40,ICMarkets Raw,GBPUSD,1.34945,1.34946,1e-05,1,Closed,Friday
2026-01-23 06:52:41,ICMarkets Raw,USDJPY,158.594,158.595,0.001,1,Closed,Friday
2026-01-23 06:52:42,ICMarkets Raw,AUDUSD,0.68475,0.68477,2e-05,2,Closed,Friday
2026-01-23 06:52:45,VantageMarkets Raw,XAUUSD,4957.92,4958.0,0.08,8,Closed,Friday
2026-01-23 06:52:46,VantageMarkets Raw,EURUSD,1.1748,1.17482,2e-05,2,Closed,Friday
2026-01-23 06:52:47,VantageMarkets Raw,GBPUSD,1.34945,1.34946,1e-05,1,Closed,Friday
2026-01-23 06:52:48,VantageMarkets Raw,USDJPY,158.593,158.595,0.002,2,Closed,Friday
2026-01-23 06:52:49,VantageMarkets Raw,AUDUSD,0.68474,0.68477,3e-05,3,Closed,Friday
2026-01-23 06:52:52,FPMarkets Raw,XAUUSD,4957.97,4958.04,0.07,7,Closed,Friday
2026-01-23 06:52:53,FPMarkets Raw,EURUSD,1.1748,1.1748,0.0,0,Closed,Friday
2026-01-23 06:52:54,FPMarkets Raw,GBPUSD,1.34946,1.34946,0.0,0,Closed,Friday
2026-01-23 06:52:55,FPMarkets Raw,USDJPY,158.607,158.612,0.005,5,Closed,Friday
2026-01-23 06:52:56,FPMarkets Raw,AUDUSD,0.68473,0.68476,3e-05,3,Closed,Friday
2026-01-23 06:52:58,8Cap Raw,XAUUSD,4957.9,4958.06,0.16,16,Closed,Friday
2026-01-23 06:52:58,8Cap Raw,EURUSD,1.17481,1.17481,0.0,0,Closed,Friday
2026-01-23 06:52:59,8Cap Raw,GBPUSD,1.34946,1.34947,1e-05,1,Closed,Friday
2026-01-23 06:53:00,8Cap Raw,USDJPY,158.605,158.609,0.004,4,Closed,Friday
2026-01-23 06:53:01,8Cap Raw,AUDUSD,0.68473,0.68476,3e-05,3,Closed,Friday
2026-01-23 06:57:17,Pepperstone Razor,XAUUSD,4956.24,4956.45,0.21,21,Closed,Friday
2026-01-23 06:57:18,Pepperstone Razor,EURUSD,1.17507,1.17507,0.0,0,Closed,Friday
2026-01-23 06:57:19,Pepperstone Razor,GBPUSD,1.34974,1.34975,1e-05,1,Closed,Friday
2026-01-23 06:57:20,Pepperstone Razor,USDJPY,158.561,158.565,0.004,4,Closed,Friday
2026-01-23 06:57:21,Pepperstone Razor,AUDUSD,0.68483,0.68484,1e-05,1,Closed,Friday
2026-01-23 06:57:24,FusionMarkets Zero,XAUUSD,4956.45,4956.54,0.09,9,Closed,Friday
2026-01-23 06:57:25,FusionMarkets Zero,EURUSD,1.17506,1.17506,0.0,0,Closed,Friday
2026-01-23 06:57:26,FusionMarkets Zero,GBPUSD,1.34972,1.34972,0.0,0,Closed,Friday
2026-01-23 06:57:27,FusionMarkets Zero,USDJPY,158.563,158.564,0.001,1,Closed,Friday
2026-01-23 06:57:28,FusionMarkets Zero,AUDUSD,0.6849,0.6849,0.0,0,Closed,Friday
2026-01-23 06:57:31,ThinkMarkets ThinkZero,XAUUSD,4956.7,4956.78,0.08,8,Closed,Friday
2026-01-23 06:57:32,ThinkMarkets ThinkZero,EURUSD,1.17505,1.17508,3e-05,3,Closed,Friday
2026-01-23 06:57:33,ThinkMarkets ThinkZero,GBPUSD,1.3497,1.34976,6e-05,6,Closed,Friday
2026-01-23 06:57:34,ThinkMarkets ThinkZero,USDJPY,158.559,158.564,0.005,5,Closed,Friday
2026-01-23 06:57:35,ThinkMarkets ThinkZero,AUDUSD,0.68485,0.68487,2e-05,2,Closed,Friday
2026-01-23 06:57:38,ICMarkets Raw,XAUUSD,4956.25,4956.32,0.07,7,Closed,Friday
2026-01-23 06:57:39,ICMarkets Raw,EURUSD,1.17507,1.17507,0.0,0,Closed,Friday
2026-01-23 06:57:40,ICMarkets Raw,GBPUSD,1.34974,1.34975,1e-05,1,Closed,Friday
2026-01-23 06:57:41,ICMarkets Raw,USDJPY,158.563,158.564,0.001,1,Closed,Friday
2026-01-23 06:57:42,ICMarkets Raw,AUDUSD,0.68485,0.68487,2e-05,2,Closed,Friday
2026-01-23 06:57:45,VantageMarkets Raw,XAUUSD,4956.41,4956.49,0.08,8,Closed,Friday
2026-01-23 06:57:46,VantageMarkets Raw,EURUSD,1.17507,1.17508,1e-05,1,Closed,Friday
2026-01-23 06:57:47,VantageMarkets Raw,GBPUSD,1.34974,1.34975,1e-05,1,Closed,Friday
2026-01-23 06:57:48,VantageMarkets Raw,USDJPY,158.561,158.567,0.006,6,Closed,Friday
2026-01-23 06:57:49,VantageMarkets Raw,AUDUSD,0.68485,0.68488,3e-05,3,Closed,Friday
2026-01-23 06:57:52,FPMarkets Raw,XAUUSD,4956.29,4956.36,0.07,7,Closed,Friday
2026-01-23 06:57:53,FPMarkets Raw,EURUSD,1.17506,1.17507,1e-05,1,Closed,Friday
2026-01-23 06:57:54,FPMarkets Raw,GBPUSD,1.34971,1.34976,5e-05,5,Closed,Friday
2026-01-23 06:57:55,FPMarkets Raw,USDJPY,158.561,158.566,0.005,5,Closed,Friday
2026-01-23 06:57:56,FPMarkets Raw,AUDUSD,0.68485,0.68487,2e-05,2,Closed,Friday
2026-01-23 06:57:58,8Cap Raw,XAUUSD,4956.69,4956.85,0.16,16,Closed,Friday
2026-01-23 06:57:59,8Cap Raw,EURUSD,1.17507,1.17508,1e-05,1,Closed,Friday
2026-01-23 06:57:59,8Cap Raw,GBPUSD,1.34974,1.34975,1e-05,1,Closed,Friday
2026-01-23 06:58:00,8Cap Raw,USDJPY,158.563,158.566,0.003,3,Closed,Friday
2026-01-23 06:58:01,8Cap Raw,AUDUSD,0.68486,0.68488,2e-05,2,Closed,Friday
2026-01-23 07:02:16,Pepperstone Razor,XAUUSD,4956.98,4957.2,0.22,22,London,Friday
2026-01-23 07:02:17,Pepperstone Razor,EURUSD,1.17517,1.17517,0.0,0,London,Friday
2026-01-23 07:02:18,Pepperstone Razor,GBPUSD,1.3499,1.3499,0.0,0,London,Friday
2026-01-23 07:02:19,Pepperstone Razor,USDJPY,158.527,158.531,0.004,4,London,Friday
2026-01-23 07:02:20,Pepperstone Razor,AUDUSD,0.68494,0.68495,1e-05,1,London,Friday
2026-01-23 07:02:23,FusionMarkets Zero,XAUUSD,4956.94,4957.08,0.14,14,London,Friday
2026-01-23 07:02:24,FusionMarkets Zero,EURUSD,1.17514,1.17514,0.0,0,London,Friday
2026-01-23 07:02:25,FusionMarkets Zero,GBPUSD,1.34994,1.34994,0.0,0,London,Friday
2026-01-23 07:02:26,FusionMarkets Zero,USDJPY,158.527,158.527,0.0,0,London,Friday
2026-01-23 07:02:27,FusionMarkets Zero,AUDUSD,0.68497,0.68497,0.0,0,London,Friday
2026-01-23 07:02:30,ThinkMarkets ThinkZero,XAUUSD,4956.82,4956.9,0.08,8,London,Friday
2026-01-23 07:02:31,ThinkMarkets ThinkZero,EURUSD,1.17513,1.17515,2e-05,2,London,Friday
2026-01-23 07:02:32,ThinkMarkets ThinkZero,GBPUSD,1.34991,1.34997,6e-05,6,London,Friday
2026-01-23 07:02:33,ThinkMarkets ThinkZero,USDJPY,158.525,158.529,0.004,4,London,Friday
2026-01-23 07:02:34,ThinkMarkets ThinkZero,AUDUSD,0.68495,0.68498,3e-05,3,London,Friday
2026-01-23 07:02:36,ICMarkets Raw,XAUUSD,4957.09,4957.18,0.09,9,London,Friday
2026-01-23 07:02:37,ICMarkets Raw,EURUSD,1.17514,1.17515,1e-05,1,London,Friday
2026-01-23 07:02:38,ICMarkets Raw,GBPUSD,1.34993,1.34994,1e-05,1,London,Friday
2026-01-23 07:02:39,ICMarkets Raw,USDJPY,158.538,158.538,0.0,0,London,Friday
2026-01-23 07:02:40,ICMarkets Raw,AUDUSD,0.68494,0.68494,0.0,0,London,Friday
2026-01-23 07:02:43,VantageMarkets Raw,XAUUSD,4956.86,4956.94,0.08,8,London,Friday
2026-01-23 07:02:44,VantageMarkets Raw,EURUSD,1.17513,1.17515,2e-05,2,London,Friday
2026-01-23 07:02:45,VantageMarkets Raw,GBPUSD,1.34993,1.34994,1e-05,1,London,Friday
2026-01-23 07:02:46,VantageMarkets Raw,USDJPY,158.538,158.54,0.002,2,London,Friday
2026-01-23 07:02:46,VantageMarkets Raw,AUDUSD,0.68493,0.68496,3e-05,3,London,Friday
2026-01-23 07:02:49,FPMarkets Raw,XAUUSD,4956.95,4957.02,0.07,7,London,Friday
2026-01-23 07:02:50,FPMarkets Raw,EURUSD,1.17514,1.17516,2e-05,2,London,Friday
2026-01-23 07:02:51,FPMarkets Raw,GBPUSD,1.34992,1.34997,5e-05,5,London,Friday
2026-01-23 07:02:52,FPMarkets Raw,USDJPY,158.537,158.541,0.004,4,London,Friday
2026-01-23 07:02:53,FPMarkets Raw,AUDUSD,0.6849,0.68493,3e-05,3,London,Friday
2026-01-23 07:02:55,8Cap Raw,XAUUSD,4956.95,4957.11,0.16,16,London,Friday
2026-01-23 07:02:56,8Cap Raw,EURUSD,1.17515,1.17515,0.0,0,London,Friday
2026-01-23 07:02:57,8Cap Raw,GBPUSD,1.34995,1.34996,1e-05,1,London,Friday
2026-01-23 07:02:57,8Cap Raw,USDJPY,158.538,158.539,0.001,1,London,Friday
2026-01-23 07:02:58,8Cap Raw,AUDUSD,0.68491,0.68493,2e-05,2,London,Friday
2026-01-23 07:07:16,Pepperstone Razor,XAUUSD,4956.66,4956.81,0.15,15,London,Friday
2026-01-23 07:07:17,Pepperstone Razor,EURUSD,1.1751,1.1751,0.0,0,London,Friday
2026-01-23 07:07:18,Pepperstone Razor,GBPUSD,1.34982,1.34983,1e-05,1,London,Friday
2026-01-23 07:07:19,Pepperstone Razor,USDJPY,158.562,158.565,0.003,3,London,Friday
2026-01-23 07:07:19,Pepperstone Razor,AUDUSD,0.68483,0.68483,0.0,0,London,Friday
2026-01-23 07:07:22,FusionMarkets Zero,XAUUSD,4956.96,4957.05,0.09,9,London,Friday
2026-01-23 07:07:23,FusionMarkets Zero,EURUSD,1.17511,1.17511,0.0,0,London,Friday
2026-01-23 07:07:24,FusionMarkets Zero,GBPUSD,1.34987,1.34987,0.0,0,London,Friday
2026-01-23 07:07:25,FusionMarkets Zero,USDJPY,158.565,158.565,0.0,0,London,Friday
2026-01-23 07:07:26,FusionMarkets Zero,AUDUSD,0.68486,0.68486,0.0,0,London,Friday
2026-01-23 07:07:28,ThinkMarkets ThinkZero,XAUUSD,4957.27,4957.35,0.08,8,London,Friday
2026-01-23 07:07:29,ThinkMarkets ThinkZero,EURUSD,1.17508,1.17511,3e-05,3,London,Friday
2026-01-23 07:07:42,ThinkMarkets ThinkZero,GBPUSD,1.34983,1.34987,4e-05,4,London,Friday
2026-01-23 07:07:43,ThinkMarkets ThinkZero,USDJPY,158.562,158.567,0.005,5,London,Friday
2026-01-23 07:07:44,ThinkMarkets ThinkZero,AUDUSD,0.68486,0.68488,2e-05,2,London,Friday
2026-01-23 07:07:46,ICMarkets Raw,XAUUSD,4957.23,4957.29,0.06,6,London,Friday
2026-01-23 07:07:47,ICMarkets Raw,EURUSD,1.17511,1.17511,0.0,0,London,Friday
2026-01-23 07:07:48,ICMarkets Raw,GBPUSD,1.34986,1.34987,1e-05,1,London,Friday
2026-01-23 07:07:49,ICMarkets Raw,USDJPY,158.575,158.575,0.0,0,London,Friday
2026-01-23 07:07:50,ICMarkets Raw,AUDUSD,0.68488,0.68489,1e-05,1,London,Friday
2026-01-23 07:07:52,VantageMarkets Raw,XAUUSD,4957.25,4957.33,0.08,8,London,Friday
2026-01-23 07:07:53,VantageMarkets Raw,EURUSD,1.1751,1.17511,1e-05,1,London,Friday
2026-01-23 07:07:54,VantageMarkets Raw,GBPUSD,1.34985,1.34986,1e-05,1,London,Friday
2026-01-23 07:07:55,VantageMarkets Raw,USDJPY,158.577,158.578,0.001,1,London,Friday
2026-01-23 07:07:56,VantageMarkets Raw,AUDUSD,0.68484,0.68488,4e-05,4,London,Friday
2026-01-23 07:07:59,FPMarkets Raw,XAUUSD,4957.43,4957.5,0.07,7,London,Friday
2026-01-23 07:07:59,FPMarkets Raw,EURUSD,1.1751,1.17511,1e-05,1,London,Friday
2026-01-23 07:08:00,FPMarkets Raw,GBPUSD,1.34986,1.34987,1e-05,1,London,Friday
2026-01-23 07:08:01,FPMarkets Raw,USDJPY,158.575,158.579,0.004,4,London,Friday
2026-01-23 07:08:02,FPMarkets Raw,AUDUSD,0.68485,0.68488,3e-05,3,London,Friday
2026-01-23 07:08:04,8Cap Raw,XAUUSD,4957.26,4957.42,0.16,16,London,Friday
2026-01-23 07:08:05,8Cap Raw,EURUSD,1.1751,1.17511,1e-05,1,London,Friday
2026-01-23 07:08:06,8Cap Raw,GBPUSD,1.34987,1.34988,1e-05,1,London,Friday
2026-01-23 07:08:06,8Cap Raw,USDJPY,158.576,158.577,0.001,1,London,Friday
2026-01-23 07:08:07,8Cap Raw,AUDUSD,0.68486,0.68489,3e-05,3,London,Friday
2026-01-23 07:12:16,Pepperstone Razor,XAUUSD,4955.79,4955.94,0.15,15,London,Friday
2026-01-23 07:12:17,Pepperstone Razor,EURUSD,1.17513,1.17513,0.0,0,London,Friday
2026-01-23 07:12:18,Pepperstone Razor,GBPUSD,1.34983,1.34984,1e-05,1,London,Friday
2026-01-23 07:12:19,Pepperstone Razor,USDJPY,158.56,158.563,0.003,3,London,Friday
2026-01-23 07:12:20,Pepperstone Razor,AUDUSD,0.68503,0.68503,0.0,0,London,Friday
2026-01-23 07:12:23,FusionMarkets Zero,XAUUSD,4955.6,4955.66,0.06,6,London,Friday
2026-01-23 07:12:23,FusionMarkets Zero,EURUSD,1.17514,1.17514,0.0,0,London,Friday
2026-01-23 07:12:24,FusionMarkets Zero,GBPUSD,1.34988,1.34988,0.0,0,London,Friday
2026-01-23 07:12:25,FusionMarkets Zero,USDJPY,158.562,158.562,0.0,0,London,Friday
2026-01-23 07:12:26,FusionMarkets Zero,AUDUSD,0.685,0.685,0.0,0,London,Friday
2026-01-23 07:12:29,ThinkMarkets ThinkZero,XAUUSD,4955.92,4956.0,0.08,8,London,Friday
2026-01-23 07:12:30,ThinkMarkets ThinkZero,EURUSD,1.17513,1.17515,2e-05,2,London,Friday
2026-01-23 07:12:31,ThinkMarkets ThinkZero,GBPUSD,1.34986,1.34989,3e-05,3,London,Friday
2026-01-23 07:12:32,ThinkMarkets ThinkZero,USDJPY,158.559,158.563,0.004,4,London,Friday
2026-01-23 07:12:33,ThinkMarkets ThinkZero,AUDUSD,0.685,0.68501,1e-05,1,London,Friday
2026-01-23 07:12:36,ICMarkets Raw,XAUUSD,4955.94,4955.99,0.05,5,London,Friday
2026-01-23 07:12:37,ICMarkets Raw,EURUSD,1.17515,1.17515,0.0,0,London,Friday
2026-01-23 07:12:38,ICMarkets Raw,GBPUSD,1.34989,1.3499,1e-05,1,London,Friday
2026-01-23 07:12:38,ICMarkets Raw,USDJPY,158.562,158.562,0.0,0,London,Friday
2026-01-23 07:12:39,ICMarkets Raw,AUDUSD,0.685,0.685,0.0,0,London,Friday
2026-01-23 07:12:42,VantageMarkets Raw,XAUUSD,4955.99,4956.07,0.08,8,London,Friday
2026-01-23 07:12:43,VantageMarkets Raw,EURUSD,1.17515,1.17516,1e-05,1,London,Friday
2026-01-23 07:12:43,VantageMarkets Raw,GBPUSD,1.34987,1.34988,1e-05,1,London,Friday
2026-01-23 07:12:44,VantageMarkets Raw,USDJPY,158.561,158.563,0.002,2,London,Friday
2026-01-23 07:12:45,VantageMarkets Raw,AUDUSD,0.68499,0.68501,2e-05,2,London,Friday
2026-01-23 07:12:48,FPMarkets Raw,XAUUSD,4956.11,4956.18,0.07,7,London,Friday
2026-01-23 07:12:49,FPMarkets Raw,EURUSD,1.17517,1.17517,0.0,0,London,Friday
2026-01-23 07:12:50,FPMarkets Raw,GBPUSD,1.34988,1.34989,1e-05,1,London,Friday
2026-01-23 07:12:51,FPMarkets Raw,USDJPY,158.56,158.564,0.004,4,London,Friday
2026-01-23 07:12:52,FPMarkets Raw,AUDUSD,0.685,0.68502,2e-05,2,London,Friday
2026-01-23 07:12:54,8Cap Raw,XAUUSD,4956.11,4956.27,0.16,16,London,Friday
2026-01-23 07:12:54,8Cap Raw,EURUSD,1.17516,1.17518,2e-05,2,London,Friday
2026-01-23 07:12:55,8Cap Raw,GBPUSD,1.34987,1.34988,1e-05,1,London,Friday
2026-01-23 07:12:56,8Cap Raw,USDJPY,158.56,158.561,0.001,1,London,Friday
2026-01-23 07:12:56,8Cap Raw,AUDUSD,0.68498,0.68501,3e-05,3,London,Friday
2026-01-23 07:17:16,Pepperstone Razor,XAUUSD,4957.1,4957.25,0.15,15,London,Friday
2026-01-23 07:17:17,Pepperstone Razor,EURUSD,1.17525,1.17525,0.0,0,London,Friday
2026-01-23 07:17:18,Pepperstone Razor,GBPUSD,1.34997,1.35,3e-05,3,London,Friday
2026-01-23 07:17:19,Pepperstone Razor,USDJPY,158.504,158.507,0.003,3,London,Friday
2026-01-23 07:17:20,Pepperstone Razor,AUDUSD,0.68487,0.68488,1e-05,1,London,Friday
2026-01-23 07:17:22,FusionMarkets Zero,XAUUSD,4957.15,4957.21,0.06,6,London,Friday
2026-01-23 07:17:23,FusionMarkets Zero,EURUSD,1.17527,1.17527,0.0,0,London,Friday
2026-01-23 07:17:24,FusionMarkets Zero,GBPUSD,1.34998,1.34998,0.0,0,London,Friday
2026-01-23 07:17:25,FusionMarkets Zero,USDJPY,158.506,158.508,0.002,2,London,Friday
2026-01-23 07:17:26,FusionMarkets Zero,AUDUSD,0.68489,0.68489,0.0,0,London,Friday
2026-01-23 07:17:29,ThinkMarkets ThinkZero,XAUUSD,4956.86,4956.94,0.08,8,London,Friday
2026-01-23 07:17:29,ThinkMarkets ThinkZero,EURUSD,1.17525,1.17527,2e-05,2,London,Friday
2026-01-23 07:17:30,ThinkMarkets ThinkZero,GBPUSD,1.34994,1.35,6e-05,6,London,Friday
2026-01-23 07:17:31,ThinkMarkets ThinkZero,USDJPY,158.501,158.506,0.005,5,London,Friday
2026-01-23 07:17:32,ThinkMarkets ThinkZero,AUDUSD,0.68488,0.68489,1e-05,1,London,Friday
2026-01-23 07:17:35,ICMarkets Raw,XAUUSD,4957.22,4957.27,0.05,5,London,Friday
2026-01-23 07:17:36,ICMarkets Raw,EURUSD,1.17526,1.17526,0.0,0,London,Friday
2026-01-23 07:17:37,ICMarkets Raw,GBPUSD,1.34998,1.34999,1e-05,1,London,Friday
2026-01-23 07:17:38,ICMarkets Raw,USDJPY,158.502,158.502,0.0,0,London,Friday
2026-01-23 07:17:39,ICMarkets Raw,AUDUSD,0.68488,0.68488,0.0,0,London,Friday
2026-01-23 07:17:41,VantageMarkets Raw,XAUUSD,4957.19,4957.27,0.08,8,London,Friday
2026-01-23 07:17:42,VantageMarkets Raw,EURUSD,1.17526,1.17528,2e-05,2,London,Friday
2026-01-23 07:17:43,VantageMarkets Raw,GBPUSD,1.34999,1.35,1e-05,1,London,Friday
2026-01-23 07:17:44,VantageMarkets Raw,USDJPY,158.499,158.5,0.001,1,London,Friday
2026-01-23 07:17:45,VantageMarkets Raw,AUDUSD,0.68488,0.68491,3e-05,3,London,Friday
2026-01-23 07:17:47,FPMarkets Raw,XAUUSD,4957.28,4957.35,0.07,7,London,Friday
2026-01-23 07:17:48,FPMarkets Raw,EURUSD,1.17526,1.17527,1e-05,1,London,Friday
2026-01-23 07:17:49,FPMarkets Raw,GBPUSD,1.34999,1.35004,5e-05,5,London,Friday
2026-01-23 07:17:50,FPMarkets Raw,USDJPY,158.497,158.501,0.004,4,London,Friday
2026-01-23 07:17:51,FPMarkets Raw,AUDUSD,0.68499,0.68502,3e-05,3,London,Friday
2026-01-23 07:17:53,8Cap Raw,XAUUSD,4957.42,4957.58,0.16,16,London,Friday
2026-01-23 07:17:54,8Cap Raw,EURUSD,1.17528,1.17528,0.0,0,London,Friday
2026-01-23 07:17:54,8Cap Raw,GBPUSD,1.35002,1.35004,2e-05,2,London,Friday
2026-01-23 07:17:55,8Cap Raw,USDJPY,158.501,158.502,0.001,1,London,Friday
2026-01-23 07:17:56,8Cap Raw,AUDUSD,0.68498,0.68501,3e-05,3,London,Friday
2026-01-23 07:22:17,Pepperstone Razor,XAUUSD,4958.68,4958.84,0.16,16,London,Friday
2026-01-23 07:22:17,Pepperstone Razor,EURUSD,1.1752,1.1752,0.0,0,London,Friday
2026-01-23 07:22:18,Pepperstone Razor,GBPUSD,1.34985,1.34988,3e-05,3,London,Friday
2026-01-23 07:22:19,Pepperstone Razor,USDJPY,158.516,158.519,0.003,3,London,Friday
2026-01-23 07:22:20,Pepperstone Razor,AUDUSD,0.68477,0.68478,1e-05,1,London,Friday
2026-01-23 07:22:23,FusionMarkets Zero,XAUUSD,4959.04,4959.13,0.09,9,London,Friday
2026-01-23 07:22:24,FusionMarkets Zero,EURUSD,1.17532,1.17532,0.0,0,London,Friday
2026-01-23 07:22:25,FusionMarkets Zero,GBPUSD,1.34996,1.34996,0.0,0,London,Friday
2026-01-23 07:22:26,FusionMarkets Zero,USDJPY,158.507,158.509,0.002,2,London,Friday
2026-01-23 07:22:27,FusionMarkets Zero,AUDUSD,0.6848,0.6848,0.0,0,London,Friday
2026-01-23 07:22:30,ThinkMarkets ThinkZero,XAUUSD,4958.87,4958.95,0.08,8,London,Friday
2026-01-23 07:22:31,ThinkMarkets ThinkZero,EURUSD,1.17533,1.17535,2e-05,2,London,Friday
2026-01-23 07:22:32,ThinkMarkets ThinkZero,GBPUSD,1.34993,1.34998,5e-05,5,London,Friday
2026-01-23 07:22:33,ThinkMarkets ThinkZero,USDJPY,158.509,158.515,0.006,6,London,Friday
2026-01-23 07:22:33,ThinkMarkets ThinkZero,AUDUSD,0.68479,0.68482,3e-05,3,London,Friday
2026-01-23 07:22:36,ICMarkets Raw,XAUUSD,4959.11,4959.21,0.1,10,London,Friday
2026-01-23 07:22:37,ICMarkets Raw,EURUSD,1.17533,1.17534,1e-05,1,London,Friday
2026-01-23 07:22:38,ICMarkets Raw,GBPUSD,1.34997,1.34998,1e-05,1,London,Friday
2026-01-23 07:22:39,ICMarkets Raw,USDJPY,158.507,158.509,0.002,2,London,Friday
2026-01-23 07:22:40,ICMarkets Raw,AUDUSD,0.68481,0.68481,0.0,0,London,Friday
2026-01-23 07:22:42,VantageMarkets Raw,XAUUSD,4960.11,4960.19,0.08,8,London,Friday
2026-01-23 07:22:43,VantageMarkets Raw,EURUSD,1.17536,1.17537,1e-05,1,London,Friday
2026-01-23 07:22:44,VantageMarkets Raw,GBPUSD,1.34996,1.34997,1e-05,1,London,Friday
2026-01-23 07:22:45,VantageMarkets Raw,USDJPY,158.504,158.514,0.01,10,London,Friday
2026-01-23 07:22:46,VantageMarkets Raw,AUDUSD,0.68478,0.68481,3e-05,3,London,Friday
2026-01-23 07:22:49,FPMarkets Raw,XAUUSD,4959.89,4959.96,0.07,7,London,Friday
2026-01-23 07:22:50,FPMarkets Raw,EURUSD,1.17533,1.17535,2e-05,2,London,Friday
2026-01-23 07:22:51,FPMarkets Raw,GBPUSD,1.34993,1.34998,5e-05,5,London,Friday
2026-01-23 07:22:52,FPMarkets Raw,USDJPY,158.512,158.516,0.004,4,London,Friday
2026-01-23 07:22:53,FPMarkets Raw,AUDUSD,0.68477,0.68481,4e-05,4,London,Friday
2026-01-23 07:22:54,8Cap Raw,XAUUSD,4959.35,4959.51,0.16,16,London,Friday
2026-01-23 07:22:55,8Cap Raw,EURUSD,1.17534,1.17534,0.0,0,London,Friday
2026-01-23 07:22:56,8Cap Raw,GBPUSD,1.34996,1.34997,1e-05,1,London,Friday
2026-01-23 07:22:56,8Cap Raw,USDJPY,158.51,158.517,0.007,7,London,Friday
2026-01-23 07:22:57,8Cap Raw,AUDUSD,0.68478,0.6848,2e-05,2,London,Friday
2026-01-23 07:27:16,Pepperstone Razor,XAUUSD,4957.33,4957.55,0.22,22,London,Friday
2026-01-23 07:27:17,Pepperstone Razor,EURUSD,1.17511,1.17511,0.0,0,London,Friday
2026-01-23 07:27:18,Pepperstone Razor,GBPUSD,1.34974,1.34977,3e-05,3,London,Friday
2026-01-23 07:27:19,Pepperstone Razor,USDJPY,158.55,158.553,0.003,3,London,Friday
2026-01-23 07:27:20,Pepperstone Razor,AUDUSD,0.68465,0.68466,1e-05,1,London,Friday
2026-01-23 07:27:23,FusionMarkets Zero,XAUUSD,4957.46,4957.6,0.14,14,London,Friday
2026-01-23 07:27:24,FusionMarkets Zero,EURUSD,1.17513,1.17513,0.0,0,London,Friday
2026-01-23 07:27:24,FusionMarkets Zero,GBPUSD,1.34967,1.34967,0.0,0,London,Friday
2026-01-23 07:27:25,FusionMarkets Zero,USDJPY,158.553,158.553,0.0,0,London,Friday
2026-01-23 07:27:26,FusionMarkets Zero,AUDUSD,0.68463,0.68463,0.0,0,London,Friday
2026-01-23 07:27:29,ThinkMarkets ThinkZero,XAUUSD,4957.34,4957.42,0.08,8,London,Friday
2026-01-23 07:27:30,ThinkMarkets ThinkZero,EURUSD,1.17509,1.17512,3e-05,3,London,Friday
2026-01-23 07:27:31,ThinkMarkets ThinkZero,GBPUSD,1.34965,1.3497,5e-05,5,London,Friday
2026-01-23 07:27:32,ThinkMarkets ThinkZero,USDJPY,158.541,158.545,0.004,4,London,Friday
2026-01-23 07:27:33,ThinkMarkets ThinkZero,AUDUSD,0.68461,0.68465,4e-05,4,London,Friday
2026-01-23 07:27:36,ICMarkets Raw,XAUUSD,4957.64,4957.76,0.12,12,London,Friday
2026-01-23 07:27:37,ICMarkets Raw,EURUSD,1.17509,1.17509,0.0,0,London,Friday
2026-01-23 07:27:38,ICMarkets Raw,GBPUSD,1.34963,1.34964,1e-05,1,London,Friday
2026-01-23 07:27:38,ICMarkets Raw,USDJPY,158.548,158.548,0.0,0,London,Friday
2026-01-23 07:27:39,ICMarkets Raw,AUDUSD,0.68462,0.68462,0.0,0,London,Friday
2026-01-23 07:27:42,VantageMarkets Raw,XAUUSD,4957.68,4957.76,0.08,8,London,Friday
2026-01-23 07:27:43,VantageMarkets Raw,EURUSD,1.17508,1.1751,2e-05,2,London,Friday
2026-01-23 07:27:44,VantageMarkets Raw,GBPUSD,1.34963,1.34964,1e-05,1,London,Friday
2026-01-23 07:27:45,VantageMarkets Raw,USDJPY,158.548,158.55,0.002,2,London,Friday
2026-01-23 07:27:46,VantageMarkets Raw,AUDUSD,0.68462,0.68465,3e-05,3,London,Friday
2026-01-23 07:27:48,FPMarkets Raw,XAUUSD,4957.62,4957.69,0.07,7,London,Friday
2026-01-23 07:27:49,FPMarkets Raw,EURUSD,1.17504,1.17506,2e-05,2,London,Friday
2026-01-23 07:27:50,FPMarkets Raw,GBPUSD,1.3496,1.34965,5e-05,5,London,Friday
2026-01-23 07:27:51,FPMarkets Raw,USDJPY,158.546,158.55,0.004,4,London,Friday
2026-01-23 07:27:52,FPMarkets Raw,AUDUSD,0.6846,0.68464,4e-05,4,London,Friday
2026-01-23 07:27:54,8Cap Raw,XAUUSD,4957.25,4957.41,0.16,16,London,Friday
2026-01-23 07:27:55,8Cap Raw,EURUSD,1.17507,1.17507,0.0,0,London,Friday
2026-01-23 07:27:55,8Cap Raw,GBPUSD,1.34963,1.34964,1e-05,1,London,Friday
2026-01-23 07:27:56,8Cap Raw,USDJPY,158.549,158.55,0.001,1,London,Friday
2026-01-23 07:27:57,8Cap Raw,AUDUSD,0.68462,0.68465,3e-05,3,London,Friday
2026-01-23 07:32:16,Pepperstone Razor,XAUUSD,4959.11,4959.35,0.24,24,London,Friday
2026-01-23 07:32:17,Pepperstone Razor,EURUSD,1.17517,1.17517,0.0,0,London,Friday
2026-01-23 07:32:18,Pepperstone Razor,GBPUSD,1.34962,1.34963,1e-05,1,London,Friday
2026-01-23 07:32:19,Pepperstone Razor,USDJPY,158.558,158.56,0.002,2,London,Friday
2026-01-23 07:32:20,Pepperstone Razor,AUDUSD,0.6847,0.6847,0.0,0,London,Friday
2026-01-23 07:32:23,FusionMarkets Zero,XAUUSD,4959.86,4960.0,0.14,14,London,Friday
2026-01-23 07:32:24,FusionMarkets Zero,EURUSD,1.17517,1.17517,0.0,0,London,Friday
2026-01-23 07:32:25,FusionMarkets Zero,GBPUSD,1.34966,1.34966,0.0,0,London,Friday
2026-01-23 07:32:26,FusionMarkets Zero,USDJPY,158.56,158.562,0.002,2,London,Friday
2026-01-23 07:32:27,FusionMarkets Zero,AUDUSD,0.6847,0.6847,0.0,0,London,Friday
2026-01-23 07:32:30,ThinkMarkets ThinkZero,XAUUSD,4960.24,4960.32,0.08,8,London,Friday
2026-01-23 07:32:31,ThinkMarkets ThinkZero,EURUSD,1.17515,1.17516,1e-05,1,London,Friday
2026-01-23 07:32:31,ThinkMarkets ThinkZero,GBPUSD,1.34965,1.34968,3e-05,3,London,Friday
2026-01-23 07:32:32,ThinkMarkets ThinkZero,USDJPY,158.56,158.562,0.002,2,London,Friday
2026-01-23 07:32:33,ThinkMarkets ThinkZero,AUDUSD,0.68469,0.68472,3e-05,3,London,Friday
2026-01-23 07:32:36,ICMarkets Raw,XAUUSD,4960.13,4960.25,0.12,12,London,Friday
2026-01-23 07:32:37,ICMarkets Raw,EURUSD,1.17519,1.17519,0.0,0,London,Friday
2026-01-23 07:32:38,ICMarkets Raw,GBPUSD,1.34969,1.3497,1e-05,1,London,Friday
2026-01-23 07:32:39,ICMarkets Raw,USDJPY,158.563,158.564,0.001,1,London,Friday
2026-01-23 07:32:40,ICMarkets Raw,AUDUSD,0.68471,0.68471,0.0,0,London,Friday
2026-01-23 07:32:43,VantageMarkets Raw,XAUUSD,4960.3,4960.38,0.08,8,London,Friday
2026-01-23 07:32:44,VantageMarkets Raw,EURUSD,1.17518,1.1752,2e-05,2,London,Friday
2026-01-23 07:32:44,VantageMarkets Raw,GBPUSD,1.3497,1.34971,1e-05,1,London,Friday
2026-01-23 07:32:45,VantageMarkets Raw,USDJPY,158.56,158.564,0.004,4,London,Friday
2026-01-23 07:32:46,VantageMarkets Raw,AUDUSD,0.68469,0.68473,4e-05,4,London,Friday
2026-01-23 07:32:49,FPMarkets Raw,XAUUSD,4959.81,4959.88,0.07,7,London,Friday
2026-01-23 07:32:50,FPMarkets Raw,EURUSD,1.17516,1.17517,1e-05,1,London,Friday
2026-01-23 07:32:51,FPMarkets Raw,GBPUSD,1.34967,1.34972,5e-05,5,London,Friday
2026-01-23 07:32:52,FPMarkets Raw,USDJPY,158.56,158.564,0.004,4,London,Friday
2026-01-23 07:32:53,FPMarkets Raw,AUDUSD,0.68467,0.68471,4e-05,4,London,Friday
2026-01-23 07:32:54,8Cap Raw,XAUUSD,4959.63,4959.79,0.16,16,London,Friday
2026-01-23 07:32:55,8Cap Raw,EURUSD,1.17517,1.17517,0.0,0,London,Friday
2026-01-23 07:32:56,8Cap Raw,GBPUSD,1.3497,1.34971,1e-05,1,London,Friday
2026-01-23 07:32:56,8Cap Raw,USDJPY,158.562,158.564,0.002,2,London,Friday
2026-01-23 07:32:57,8Cap Raw,AUDUSD,0.68468,0.68471,3e-05,3,London,Friday
2026-01-23 07:37:17,Pepperstone Razor,XAUUSD,4958.02,4958.23,0.21,21,London,Friday
2026-01-23 07:37:17,Pepperstone Razor,EURUSD,1.17513,1.17513,0.0,0,London,Friday
2026-01-23 07:37:18,Pepperstone Razor,GBPUSD,1.34959,1.3496,1e-05,1,London,Friday
2026-01-23 07:37:19,Pepperstone Razor,USDJPY,158.548,158.551,0.003,3,London,Friday
2026-01-23 07:37:20,Pepperstone Razor,AUDUSD,0.68464,0.68465,1e-05,1,London,Friday
2026-01-23 07:37:23,FusionMarkets Zero,XAUUSD,4958.12,4958.26,0.14,14,London,Friday
2026-01-23 07:37:24,FusionMarkets Zero,EURUSD,1.17514,1.17514,0.0,0,London,Friday
2026-01-23 07:37:25,FusionMarkets Zero,GBPUSD,1.34963,1.34963,0.0,0,London,Friday
2026-01-23 07:37:26,FusionMarkets Zero,USDJPY,158.549,158.549,0.0,0,London,Friday
2026-01-23 07:37:27,FusionMarkets Zero,AUDUSD,0.68466,0.68466,0.0,0,London,Friday
2026-01-23 07:37:30,ThinkMarkets ThinkZero,XAUUSD,4957.86,4957.94,0.08,8,London,Friday
2026-01-23 07:37:31,ThinkMarkets ThinkZero,EURUSD,1.17512,1.17514,2e-05,2,London,Friday
2026-01-23 07:37:32,ThinkMarkets ThinkZero,GBPUSD,1.34959,1.34963,4e-05,4,London,Friday
2026-01-23 07:37:33,ThinkMarkets ThinkZero,USDJPY,158.546,158.552,0.006,6,London,Friday
2026-01-23 07:37:33,ThinkMarkets ThinkZero,AUDUSD,0.68462,0.68464,2e-05,2,London,Friday
2026-01-23 07:37:36,ICMarkets Raw,XAUUSD,4958.15,4958.24,0.09,9,London,Friday
2026-01-23 07:37:37,ICMarkets Raw,EURUSD,1.17514,1.17515,1e-05,1,London,Friday
2026-01-23 07:37:38,ICMarkets Raw,GBPUSD,1.34962,1.34964,2e-05,2,London,Friday
2026-01-23 07:37:39,ICMarkets Raw,USDJPY,158.549,158.549,0.0,0,London,Friday
2026-01-23 07:37:40,ICMarkets Raw,AUDUSD,0.68462,0.68462,0.0,0,London,Friday
2026-01-23 07:37:43,VantageMarkets Raw,XAUUSD,4958.03,4958.11,0.08,8,London,Friday
2026-01-23 07:37:44,VantageMarkets Raw,EURUSD,1.17515,1.17517,2e-05,2,London,Friday
2026-01-23 07:37:45,VantageMarkets Raw,GBPUSD,1.34963,1.34964,1e-05,1,London,Friday
2026-01-23 07:37:46,VantageMarkets Raw,USDJPY,158.549,158.55,0.001,1,London,Friday
2026-01-23 07:37:46,VantageMarkets Raw,AUDUSD,0.68463,0.68465,2e-05,2,London,Friday
2026-01-23 07:37:50,FPMarkets Raw,XAUUSD,4957.63,4957.7,0.07,7,London,Friday
2026-01-23 07:37:51,FPMarkets Raw,EURUSD,1.17514,1.17516,2e-05,2,London,Friday
2026-01-23 07:37:51,FPMarkets Raw,GBPUSD,1.34961,1.34966,5e-05,5,London,Friday
2026-01-23 07:37:52,FPMarkets Raw,USDJPY,158.55,158.554,0.004,4,London,Friday
2026-01-23 07:37:53,FPMarkets Raw,AUDUSD,0.68462,0.68465,3e-05,3,London,Friday
2026-01-23 07:37:55,8Cap Raw,XAUUSD,4957.69,4957.85,0.16,16,London,Friday
2026-01-23 07:37:56,8Cap Raw,EURUSD,1.17516,1.17516,0.0,0,London,Friday
2026-01-23 07:37:56,8Cap Raw,GBPUSD,1.34964,1.34965,1e-05,1,London,Friday
2026-01-23 07:37:57,8Cap Raw,USDJPY,158.549,158.55,0.001,1,London,Friday
2026-01-23 07:37:58,8Cap Raw,AUDUSD,0.68458,0.68461,3e-05,3,London,Friday
2026-01-23 07:42:16,Pepperstone Razor,XAUUSD,4960.28,4960.45,0.17,17,London,Friday
2026-01-23 07:42:17,Pepperstone Razor,EURUSD,1.17525,1.17525,0.0,0,London,Friday
2026-01-23 07:42:18,Pepperstone Razor,GBPUSD,1.34975,1.34977,2e-05,2,London,Friday
2026-01-23 07:42:19,Pepperstone Razor,USDJPY,158.585,158.588,0.003,3,London,Friday
2026-01-23 07:42:20,Pepperstone Razor,AUDUSD,0.68465,0.68465,0.0,0,London,Friday
2026-01-23 07:42:24,FusionMarkets Zero,XAUUSD,4960.45,4960.54,0.09,9,London,Friday
2026-01-23 07:42:24,FusionMarkets Zero,EURUSD,1.17524,1.17524,0.0,0,London,Friday
2026-01-23 07:42:25,FusionMarkets Zero,GBPUSD,1.34976,1.34976,0.0,0,London,Friday
2026-01-23 07:42:26,FusionMarkets Zero,USDJPY,158.589,158.59,0.001,1,London,Friday
2026-01-23 07:42:27,FusionMarkets Zero,AUDUSD,0.68465,0.68465,0.0,0,London,Friday
2026-01-23 07:42:31,ThinkMarkets ThinkZero,XAUUSD,4960.16,4960.24,0.08,8,London,Friday
2026-01-23 07:42:31,ThinkMarkets ThinkZero,EURUSD,1.17518,1.1752,2e-05,2,London,Friday
2026-01-23 07:42:32,ThinkMarkets ThinkZero,GBPUSD,1.3497,1.34976,6e-05,6,London,Friday
2026-01-23 07:42:33,ThinkMarkets ThinkZero,USDJPY,158.599,158.603,0.004,4,London,Friday
2026-01-23 07:42:34,ThinkMarkets ThinkZero,AUDUSD,0.68461,0.68465,4e-05,4,London,Friday
2026-01-23 07:42:37,ICMarkets Raw,XAUUSD,4960.58,4960.63,0.05,5,London,Friday
2026-01-23 07:42:38,ICMarkets Raw,EURUSD,1.17518,1.17518,0.0,0,London,Friday
2026-01-23 07:42:39,ICMarkets Raw,GBPUSD,1.34974,1.34975,1e-05,1,London,Friday
2026-01-23 07:42:40,ICMarkets Raw,USDJPY,158.6,158.602,0.002,2,London,Friday
2026-01-23 07:42:40,ICMarkets Raw,AUDUSD,0.68464,0.68464,0.0,0,London,Friday
2026-01-23 07:42:43,VantageMarkets Raw,XAUUSD,4961.27,4961.35,0.08,8,London,Friday
2026-01-23 07:42:44,VantageMarkets Raw,EURUSD,1.17519,1.17521,2e-05,2,London,Friday
2026-01-23 07:42:45,VantageMarkets Raw,GBPUSD,1.34974,1.34976,2e-05,2,London,Friday
2026-01-23 07:42:46,VantageMarkets Raw,USDJPY,158.598,158.606,0.008,8,London,Friday
2026-01-23 07:42:47,VantageMarkets Raw,AUDUSD,0.68461,0.68464,3e-05,3,London,Friday
2026-01-23 07:42:50,FPMarkets Raw,XAUUSD,4961.28,4961.35,0.07,7,London,Friday
2026-01-23 07:42:51,FPMarkets Raw,EURUSD,1.17518,1.1752,2e-05,2,London,Friday
2026-01-23 07:42:52,FPMarkets Raw,GBPUSD,1.34969,1.34974,5e-05,5,London,Friday
2026-01-23 07:42:53,FPMarkets Raw,USDJPY,158.602,158.606,0.004,4,London,Friday
2026-01-23 07:42:54,FPMarkets Raw,AUDUSD,0.6846,0.68464,4e-05,4,London,Friday
2026-01-23 07:42:56,8Cap Raw,XAUUSD,4961.18,4961.34,0.16,16,London,Friday
2026-01-23 07:42:56,8Cap Raw,EURUSD,1.17518,1.17519,1e-05,1,London,Friday
2026-01-23 07:42:57,8Cap Raw,GBPUSD,1.34973,1.34976,3e-05,3,London,Friday
2026-01-23 07:42:58,8Cap Raw,USDJPY,158.598,158.602,0.004,4,London,Friday
2026-01-23 07:42:58,8Cap Raw,AUDUSD,0.68461,0.68465,4e-05,4,London,Friday
2026-01-23 07:47:17,Pepperstone Razor,XAUUSD,4963.73,4964.02,0.29,29,London,Friday
2026-01-23 07:47:17,Pepperstone Razor,EURUSD,1.17514,1.17514,0.0,0,London,Friday
2026-01-23 07:47:18,Pepperstone Razor,GBPUSD,1.3497,1.34971,1e-05,1,London,Friday
2026-01-23 07:47:19,Pepperstone Razor,USDJPY,158.591,158.593,0.002,2,London,Friday
2026-01-23 07:47:20,Pepperstone Razor,AUDUSD,0.68464,0.68465,1e-05,1,London,Friday
2026-01-23 07:47:24,FusionMarkets Zero,XAUUSD,4963.48,4963.62,0.14,14,London,Friday
2026-01-23 07:47:25,FusionMarkets Zero,EURUSD,1.17513,1.17513,0.0,0,London,Friday
2026-01-23 07:47:26,FusionMarkets Zero,GBPUSD,1.3497,1.3497,0.0,0,London,Friday
2026-01-23 07:47:27,FusionMarkets Zero,USDJPY,158.596,158.596,0.0,0,London,Friday
2026-01-23 07:47:27,FusionMarkets Zero,AUDUSD,0.68465,0.68465,0.0,0,London,Friday
2026-01-23 07:47:31,ThinkMarkets ThinkZero,XAUUSD,4963.99,4964.07,0.08,8,London,Friday
2026-01-23 07:47:31,ThinkMarkets ThinkZero,EURUSD,1.17513,1.17515,2e-05,2,London,Friday
2026-01-23 07:47:32,ThinkMarkets ThinkZero,GBPUSD,1.34968,1.34975,7e-05,7,London,Friday
2026-01-23 07:47:33,ThinkMarkets ThinkZero,USDJPY,158.586,158.591,0.005,5,London,Friday
2026-01-23 07:47:34,ThinkMarkets ThinkZero,AUDUSD,0.68463,0.68466,3e-05,3,London,Friday
2026-01-23 07:47:37,ICMarkets Raw,XAUUSD,4964.09,4964.21,0.12,12,London,Friday
2026-01-23 07:47:38,ICMarkets Raw,EURUSD,1.17513,1.17513,0.0,0,London,Friday
2026-01-23 07:47:39,ICMarkets Raw,GBPUSD,1.34968,1.3497,2e-05,2,London,Friday
2026-01-23 07:47:40,ICMarkets Raw,USDJPY,158.597,158.597,0.0,0,London,Friday
2026-01-23 07:47:41,ICMarkets Raw,AUDUSD,0.68465,0.68465,0.0,0,London,Friday
2026-01-23 07:47:44,VantageMarkets Raw,XAUUSD,4964.48,4964.56,0.08,8,London,Friday
2026-01-23 07:47:45,VantageMarkets Raw,EURUSD,1.17513,1.17515,2e-05,2,London,Friday
2026-01-23 07:47:45,VantageMarkets Raw,GBPUSD,1.34969,1.3497,1e-05,1,London,Friday
2026-01-23 07:47:46,VantageMarkets Raw,USDJPY,158.598,158.6,0.002,2,London,Friday
2026-01-23 07:47:47,VantageMarkets Raw,AUDUSD,0.68464,0.68466,2e-05,2,London,Friday
2026-01-23 07:47:50,FPMarkets Raw,XAUUSD,4964.91,4964.98,0.07,7,London,Friday
2026-01-23 07:47:51,FPMarkets Raw,EURUSD,1.17512,1.17513,1e-05,1,London,Friday
2026-01-23 07:47:52,FPMarkets Raw,GBPUSD,1.34965,1.3497,5e-05,5,London,Friday
2026-01-23 07:47:53,FPMarkets Raw,USDJPY,158.597,158.601,0.004,4,London,Friday
2026-01-23 07:47:54,FPMarkets Raw,AUDUSD,0.68467,0.6847,3e-05,3,London,Friday
2026-01-23 07:47:56,8Cap Raw,XAUUSD,4965.47,4965.63,0.16,16,London,Friday
2026-01-23 07:47:57,8Cap Raw,EURUSD,1.17512,1.17513,1e-05,1,London,Friday
2026-01-23 07:47:57,8Cap Raw,GBPUSD,1.34969,1.3497,1e-05,1,London,Friday
2026-01-23 07:47:58,8Cap Raw,USDJPY,158.598,158.599,0.001,1,London,Friday
2026-01-23 07:47:59,8Cap Raw,AUDUSD,0.68468,0.6847,2e-05,2,London,Friday
2026-01-23 07:52:17,Pepperstone Razor,XAUUSD,4967.04,4967.18,0.14,14,London,Friday
2026-01-23 07:52:17,Pepperstone Razor,EURUSD,1.17514,1.17514,0.0,0,London,Friday
2026-01-23 07:52:18,Pepperstone Razor,GBPUSD,1.34975,1.34976,1e-05,1,London,Friday
2026-01-23 07:52:19,Pepperstone Razor,USDJPY,158.611,158.614,0.003,3,London,Friday
2026-01-23 07:52:20,Pepperstone Razor,AUDUSD,0.68491,0.68491,0.0,0,London,Friday
2026-01-23 07:52:24,FusionMarkets Zero,XAUUSD,4966.78,4966.84,0.06,6,London,Friday
2026-01-23 07:52:24,FusionMarkets Zero,EURUSD,1.17512,1.17512,0.0,0,London,Friday
2026-01-23 07:52:25,FusionMarkets Zero,GBPUSD,1.34976,1.34976,0.0,0,London,Friday
2026-01-23 07:52:26,FusionMarkets Zero,USDJPY,158.613,158.613,0.0,0,London,Friday
2026-01-23 07:52:27,FusionMarkets Zero,AUDUSD,0.68488,0.68488,0.0,0,London,Friday
2026-01-23 07:52:31,ThinkMarkets ThinkZero,XAUUSD,4966.33,4966.41,0.08,8,London,Friday
2026-01-23 07:52:32,ThinkMarkets ThinkZero,EURUSD,1.17508,1.1751,2e-05,2,London,Friday
2026-01-23 07:52:32,ThinkMarkets ThinkZero,GBPUSD,1.34968,1.34976,8e-05,8,London,Friday
2026-01-23 07:52:33,ThinkMarkets ThinkZero,USDJPY,158.61,158.617,0.007,7,London,Friday
2026-01-23 07:52:34,ThinkMarkets ThinkZero,AUDUSD,0.68485,0.68489,4e-05,4,London,Friday
2026-01-23 07:52:38,ICMarkets Raw,XAUUSD,4966.06,4966.12,0.06,6,London,Friday
2026-01-23 07:52:39,ICMarkets Raw,EURUSD,1.1751,1.1751,0.0,0,London,Friday
2026-01-23 07:52:40,ICMarkets Raw,GBPUSD,1.34973,1.34974,1e-05,1,London,Friday
2026-01-23 07:52:40,ICMarkets Raw,USDJPY,158.613,158.613,0.0,0,London,Friday
2026-01-23 07:52:41,ICMarkets Raw,AUDUSD,0.68488,0.68488,0.0,0,London,Friday
2026-01-23 07:52:44,VantageMarkets Raw,XAUUSD,4965.96,4966.04,0.08,8,London,Friday
2026-01-23 07:52:45,VantageMarkets Raw,EURUSD,1.17508,1.1751,2e-05,2,London,Friday
2026-01-23 07:52:46,VantageMarkets Raw,GBPUSD,1.34965,1.34969,4e-05,4,London,Friday
2026-01-23 07:52:47,VantageMarkets Raw,USDJPY,158.617,158.619,0.002,2,London,Friday
2026-01-23 07:52:48,VantageMarkets Raw,AUDUSD,0.68485,0.68488,3e-05,3,London,Friday
2026-01-23 07:52:51,FPMarkets Raw,XAUUSD,4965.79,4965.86,0.07,7,London,Friday
2026-01-23 07:52:52,FPMarkets Raw,EURUSD,1.17509,1.1751,1e-05,1,London,Friday
2026-01-23 07:52:53,FPMarkets Raw,GBPUSD,1.34966,1.34971,5e-05,5,London,Friday
2026-01-23 07:52:54,FPMarkets Raw,USDJPY,158.612,158.616,0.004,4,London,Friday
2026-01-23 07:52:55,FPMarkets Raw,AUDUSD,0.68482,0.68485,3e-05,3,London,Friday
2026-01-23 07:52:57,8Cap Raw,XAUUSD,4965.89,4966.05,0.16,16,London,Friday
2026-01-23 07:52:57,8Cap Raw,EURUSD,1.17509,1.17509,0.0,0,London,Friday
2026-01-23 07:52:58,8Cap Raw,GBPUSD,1.3497,1.34974,4e-05,4,London,Friday
2026-01-23 07:52:59,8Cap Raw,USDJPY,158.616,158.617,0.001,1,London,Friday
2026-01-23 07:52:59,8Cap Raw,AUDUSD,0.68484,0.68487,3e-05,3,London,Friday
2026-01-23 07:57:17,Pepperstone Razor,XAUUSD,4962.64,4962.94,0.3,30,London,Friday
2026-01-23 07:57:18,Pepperstone Razor,EURUSD,1.17516,1.17518,2e-05,2,London,Friday
2026-01-23 07:57:19,Pepperstone Razor,GBPUSD,1.34982,1.34984,2e-05,2,London,Friday
2026-01-23 07:57:20,Pepperstone Razor,USDJPY,158.622,158.625,0.003,3,London,Friday
2026-01-23 07:57:21,Pepperstone Razor,AUDUSD,0.68491,0.68491,0.0,0,London,Friday
2026-01-23 07:57:24,FusionMarkets Zero,XAUUSD,4962.35,4962.49,0.14,14,London,Friday
2026-01-23 07:57:25,FusionMarkets Zero,EURUSD,1.17517,1.17517,0.0,0,London,Friday
2026-01-23 07:57:26,FusionMarkets Zero,GBPUSD,1.34984,1.34984,0.0,0,London,Friday
2026-01-23 07:57:27,FusionMarkets Zero,USDJPY,158.623,158.623,0.0,0,London,Friday
2026-01-23 07:57:28,FusionMarkets Zero,AUDUSD,0.68493,0.68493,0.0,0,London,Friday
2026-01-23 07:57:31,ThinkMarkets ThinkZero,XAUUSD,4962.24,4962.32,0.08,8,London,Friday
2026-01-23 07:57:32,ThinkMarkets ThinkZero,EURUSD,1.17516,1.17518,2e-05,2,London,Friday
2026-01-23 07:57:33,ThinkMarkets ThinkZero,GBPUSD,1.34981,1.34985,4e-05,4,London,Friday
2026-01-23 07:57:34,ThinkMarkets ThinkZero,USDJPY,158.626,158.63,0.004,4,London,Friday
2026-01-23 07:57:35,ThinkMarkets ThinkZero,AUDUSD,0.68489,0.68492,3e-05,3,London,Friday
2026-01-23 07:57:38,ICMarkets Raw,XAUUSD,4962.29,4962.41,0.12,12,London,Friday
2026-01-23 07:57:39,ICMarkets Raw,EURUSD,1.17517,1.17517,0.0,0,London,Friday
2026-01-23 07:57:40,ICMarkets Raw,GBPUSD,1.34986,1.34987,1e-05,1,London,Friday
2026-01-23 07:57:41,ICMarkets Raw,USDJPY,158.627,158.627,0.0,0,London,Friday
2026-01-23 07:57:42,ICMarkets Raw,AUDUSD,0.68492,0.68492,0.0,0,London,Friday
2026-01-23 07:57:44,VantageMarkets Raw,XAUUSD,4962.94,4963.02,0.08,8,London,Friday
2026-01-23 07:57:45,VantageMarkets Raw,EURUSD,1.17511,1.17516,5e-05,5,London,Friday
2026-01-23 07:57:46,VantageMarkets Raw,GBPUSD,1.34985,1.34986,1e-05,1,London,Friday
2026-01-23 07:57:47,VantageMarkets Raw,USDJPY,158.624,158.626,0.002,2,London,Friday
2026-01-23 07:57:48,VantageMarkets Raw,AUDUSD,0.68489,0.68493,4e-05,4,London,Friday
2026-01-23 07:57:51,FPMarkets Raw,XAUUSD,4963.14,4963.21,0.07,7,London,Friday
2026-01-23 07:57:52,FPMarkets Raw,EURUSD,1.17511,1.17512,1e-05,1,London,Friday
2026-01-23 07:57:53,FPMarkets Raw,GBPUSD,1.34982,1.34987,5e-05,5,London,Friday
2026-01-23 07:57:54,FPMarkets Raw,USDJPY,158.621,158.625,0.004,4,London,Friday
2026-01-23 07:57:54,FPMarkets Raw,AUDUSD,0.68489,0.68492,3e-05,3,London,Friday
2026-01-23 07:57:56,8Cap Raw,XAUUSD,4963.14,4963.3,0.16,16,London,Friday
2026-01-23 07:57:57,8Cap Raw,EURUSD,1.17512,1.17513,1e-05,1,London,Friday
2026-01-23 07:57:58,8Cap Raw,GBPUSD,1.34985,1.34986,1e-05,1,London,Friday
2026-01-23 07:57:58,8Cap Raw,USDJPY,158.622,158.623,0.001,1,London,Friday
2026-01-23 07:57:59,8Cap Raw,AUDUSD,0.68487,0.6849,3e-05,3,London,Friday
2026-01-23 08:02:16,Pepperstone Razor,XAUUSD,4960.99,4961.22,0.23,23,London,Friday
2026-01-23 08:02:17,Pepperstone Razor,EURUSD,1.17528,1.17528,0.0,0,London,Friday
2026-01-23 08:02:18,Pepperstone Razor,GBPUSD,1.34996,1.34996,0.0,0,London,Friday
2026-01-23 08:02:19,Pepperstone Razor,USDJPY,158.61,158.611,0.001,1,London,Friday
2026-01-23 08:02:20,Pepperstone Razor,AUDUSD,0.68497,0.68499,2e-05,2,London,Friday
2026-01-23 08:02:23,FusionMarkets Zero,XAUUSD,4961.55,4961.69,0.14,14,London,Friday
2026-01-23 08:02:24,FusionMarkets Zero,EURUSD,1.17526,1.17526,0.0,0,London,Friday
2026-01-23 08:02:25,FusionMarkets Zero,GBPUSD,1.34994,1.34994,0.0,0,London,Friday
2026-01-23 08:02:26,FusionMarkets Zero,USDJPY,158.593,158.595,0.002,2,London,Friday
2026-01-23 08:02:27,FusionMarkets Zero,AUDUSD,0.68495,0.68495,0.0,0,London,Friday
2026-01-23 08:02:29,ThinkMarkets ThinkZero,XAUUSD,4961.71,4961.79,0.08,8,London,Friday
2026-01-23 08:02:30,ThinkMarkets ThinkZero,EURUSD,1.17523,1.17526,3e-05,3,London,Friday
2026-01-23 08:02:31,ThinkMarkets ThinkZero,GBPUSD,1.34984,1.34988,4e-05,4,London,Friday
2026-01-23 08:02:32,ThinkMarkets ThinkZero,USDJPY,158.598,158.603,0.005,5,London,Friday
2026-01-23 08:02:33,ThinkMarkets ThinkZero,AUDUSD,0.68494,0.68497,3e-05,3,London,Friday
2026-01-23 08:02:36,ICMarkets Raw,XAUUSD,4961.68,4961.79,0.11,11,London,Friday
2026-01-23 08:02:37,ICMarkets Raw,EURUSD,1.17524,1.17524,0.0,0,London,Friday
2026-01-23 08:02:38,ICMarkets Raw,GBPUSD,1.34987,1.34988,1e-05,1,London,Friday
2026-01-23 08:02:39,ICMarkets Raw,USDJPY,158.597,158.599,0.002,2,London,Friday
2026-01-23 08:02:39,ICMarkets Raw,AUDUSD,0.68501,0.68501,0.0,0,London,Friday
2026-01-23 08:02:42,VantageMarkets Raw,XAUUSD,4961.53,4961.61,0.08,8,London,Friday
2026-01-23 08:02:43,VantageMarkets Raw,EURUSD,1.17525,1.17527,2e-05,2,London,Friday
2026-01-23 08:02:44,VantageMarkets Raw,GBPUSD,1.34989,1.34995,6e-05,6,London,Friday
2026-01-23 08:02:45,VantageMarkets Raw,USDJPY,158.596,158.602,0.006,6,London,Friday
2026-01-23 08:02:46,VantageMarkets Raw,AUDUSD,0.68501,0.68505,4e-05,4,London,Friday
2026-01-23 08:02:49,FPMarkets Raw,XAUUSD,4961.87,4961.94,0.07,7,London,Friday
2026-01-23 08:02:50,FPMarkets Raw,EURUSD,1.17525,1.17526,1e-05,1,London,Friday
2026-01-23 08:02:51,FPMarkets Raw,GBPUSD,1.3499,1.34995,5e-05,5,London,Friday
2026-01-23 08:02:51,FPMarkets Raw,USDJPY,158.597,158.601,0.004,4,London,Friday
2026-01-23 08:02:52,FPMarkets Raw,AUDUSD,0.68505,0.68508,3e-05,3,London,Friday
2026-01-23 08:02:54,8Cap Raw,XAUUSD,4962.39,4962.55,0.16,16,London,Friday
2026-01-23 08:02:55,8Cap Raw,EURUSD,1.17524,1.17525,1e-05,1,London,Friday
2026-01-23 08:02:56,8Cap Raw,GBPUSD,1.34989,1.3499,1e-05,1,London,Friday
2026-01-23 08:02:56,8Cap Raw,USDJPY,158.598,158.599,0.001,1,London,Friday
2026-01-23 08:02:57,8Cap Raw,AUDUSD,0.685,0.68503,3e-05,3,London,Friday
2026-01-23 08:07:16,Pepperstone Razor,XAUUSD,4958.88,4959.07,0.19,19,London,Friday
2026-01-23 08:07:17,Pepperstone Razor,EURUSD,1.17514,1.17514,0.0,0,London,Friday
2026-01-23 08:07:18,Pepperstone Razor,GBPUSD,1.3498,1.34981,1e-05,1,London,Friday
2026-01-23 08:07:19,Pepperstone Razor,USDJPY,158.601,158.604,0.003,3,London,Friday
2026-01-23 08:07:19,Pepperstone Razor,AUDUSD,0.68499,0.68499,0.0,0,London,Friday
2026-01-23 08:07:23,FusionMarkets Zero,XAUUSD,4958.67,4958.81,0.14,14,London,Friday
2026-01-23 08:07:23,FusionMarkets Zero,EURUSD,1.17513,1.17513,0.0,0,London,Friday
2026-01-23 08:07:24,FusionMarkets Zero,GBPUSD,1.34978,1.34978,0.0,0,London,Friday
2026-01-23 08:07:25,FusionMarkets Zero,USDJPY,158.599,158.601,0.002,2,London,Friday
2026-01-23 08:07:26,FusionMarkets Zero,AUDUSD,0.68494,0.68494,0.0,0,London,Friday
2026-01-23 08:07:29,ThinkMarkets ThinkZero,XAUUSD,4958.83,4958.91,0.08,8,London,Friday
2026-01-23 08:07:30,ThinkMarkets ThinkZero,EURUSD,1.17509,1.17513,4e-05,4,London,Friday
2026-01-23 08:07:31,ThinkMarkets ThinkZero,GBPUSD,1.34973,1.34978,5e-05,5,London,Friday
2026-01-23 08:07:32,ThinkMarkets ThinkZero,USDJPY,158.599,158.603,0.004,4,London,Friday
2026-01-23 08:07:33,ThinkMarkets ThinkZero,AUDUSD,0.68489,0.68492,3e-05,3,London,Friday
2026-01-23 08:07:35,ICMarkets Raw,XAUUSD,4958.45,4958.57,0.12,12,London,Friday
2026-01-23 08:07:36,ICMarkets Raw,EURUSD,1.17513,1.17514,1e-05,1,London,Friday
2026-01-23 08:07:37,ICMarkets Raw,GBPUSD,1.34978,1.34979,1e-05,1,London,Friday
2026-01-23 08:07:38,ICMarkets Raw,USDJPY,158.598,158.6,0.002,2,London,Friday
2026-01-23 08:07:39,ICMarkets Raw,AUDUSD,0.6849,0.6849,0.0,0,London,Friday
2026-01-23 08:07:41,VantageMarkets Raw,XAUUSD,4958.64,4958.72,0.08,8,London,Friday
2026-01-23 08:07:42,VantageMarkets Raw,EURUSD,1.17512,1.17514,2e-05,2,London,Friday
2026-01-23 08:07:43,VantageMarkets Raw,GBPUSD,1.34976,1.34977,1e-05,1,London,Friday
2026-01-23 08:07:44,VantageMarkets Raw,USDJPY,158.596,158.605,0.009,9,London,Friday
2026-01-23 08:07:45,VantageMarkets Raw,AUDUSD,0.68488,0.6849,2e-05,2,London,Friday
2026-01-23 08:07:48,FPMarkets Raw,XAUUSD,4958.81,4958.88,0.07,7,London,Friday
2026-01-23 08:07:49,FPMarkets Raw,EURUSD,1.1751,1.17511,1e-05,1,London,Friday
2026-01-23 08:07:50,FPMarkets Raw,GBPUSD,1.34972,1.34977,5e-05,5,London,Friday
2026-01-23 08:07:51,FPMarkets Raw,USDJPY,158.598,158.602,0.004,4,London,Friday
2026-01-23 08:07:52,FPMarkets Raw,AUDUSD,0.68487,0.6849,3e-05,3,London,Friday
2026-01-23 08:07:54,8Cap Raw,XAUUSD,4958.27,4958.43,0.16,16,London,Friday
2026-01-23 08:07:54,8Cap Raw,EURUSD,1.17507,1.17508,1e-05,1,London,Friday
2026-01-23 08:07:55,8Cap Raw,GBPUSD,1.34973,1.34974,1e-05,1,London,Friday
2026-01-23 08:07:56,8Cap Raw,USDJPY,158.597,158.598,0.001,1,London,Friday
2026-01-23 08:07:56,8Cap Raw,AUDUSD,0.68488,0.68491,3e-05,3,London,Friday
2026-01-23 08:12:16,Pepperstone Razor,XAUUSD,4946.15,4946.36,0.21,21,London,Friday
2026-01-23 08:12:17,Pepperstone Razor,EURUSD,1.17484,1.17484,0.0,0,London,Friday
2026-01-23 08:12:18,Pepperstone Razor,GBPUSD,1.34942,1.34942,0.0,0,London,Friday
2026-01-23 08:12:19,Pepperstone Razor,USDJPY,158.605,158.61,0.005,5,London,Friday
2026-01-23 08:12:20,Pepperstone Razor,AUDUSD,0.68472,0.68473,1e-05,1,London,Friday
2026-01-23 08:12:22,FusionMarkets Zero,XAUUSD,4947.46,4947.62,0.16,16,London,Friday
2026-01-23 08:12:23,FusionMarkets Zero,EURUSD,1.17482,1.17482,0.0,0,London,Friday
2026-01-23 08:12:24,FusionMarkets Zero,GBPUSD,1.34943,1.34943,0.0,0,London,Friday
2026-01-23 08:12:25,FusionMarkets Zero,USDJPY,158.606,158.608,0.002,2,London,Friday
2026-01-23 08:12:26,FusionMarkets Zero,AUDUSD,0.68473,0.68473,0.0,0,London,Friday
2026-01-23 08:12:29,ThinkMarkets ThinkZero,XAUUSD,4947.53,4947.61,0.08,8,London,Friday
2026-01-23 08:12:30,ThinkMarkets ThinkZero,EURUSD,1.1748,1.17483,3e-05,3,London,Friday
2026-01-23 08:12:31,ThinkMarkets ThinkZero,GBPUSD,1.3494,1.34945,5e-05,5,London,Friday
2026-01-23 08:12:32,ThinkMarkets ThinkZero,USDJPY,158.606,158.611,0.005,5,London,Friday
2026-01-23 08:12:33,ThinkMarkets ThinkZero,AUDUSD,0.68472,0.68474,2e-05,2,London,Friday
2026-01-23 08:12:36,ICMarkets Raw,XAUUSD,4946.25,4946.37,0.12,12,London,Friday
2026-01-23 08:12:37,ICMarkets Raw,EURUSD,1.17482,1.17482,0.0,0,London,Friday
2026-01-23 08:12:38,ICMarkets Raw,GBPUSD,1.34944,1.34945,1e-05,1,London,Friday
2026-01-23 08:12:38,ICMarkets Raw,USDJPY,158.607,158.609,0.002,2,London,Friday
2026-01-23 08:12:39,ICMarkets Raw,AUDUSD,0.68474,0.68474,0.0,0,London,Friday
2026-01-23 08:12:42,VantageMarkets Raw,XAUUSD,4945.95,4946.03,0.08,8,London,Friday
2026-01-23 08:12:43,VantageMarkets Raw,EURUSD,1.17482,1.17483,1e-05,1,London,Friday
2026-01-23 08:12:44,VantageMarkets Raw,GBPUSD,1.34944,1.34945,1e-05,1,London,Friday
2026-01-23 08:12:44,VantageMarkets Raw,USDJPY,158.605,158.615,0.01,10,London,Friday
2026-01-23 08:12:45,VantageMarkets Raw,AUDUSD,0.68473,0.68477,4e-05,4,London,Friday
2026-01-23 08:12:48,FPMarkets Raw,XAUUSD,4947.67,4947.74,0.07,7,London,Friday
2026-01-23 08:12:49,FPMarkets Raw,EURUSD,1.17482,1.17484,2e-05,2,London,Friday
2026-01-23 08:12:50,FPMarkets Raw,GBPUSD,1.3494,1.34945,5e-05,5,London,Friday
2026-01-23 08:12:51,FPMarkets Raw,USDJPY,158.605,158.609,0.004,4,London,Friday
2026-01-23 08:12:52,FPMarkets Raw,AUDUSD,0.68472,0.68476,4e-05,4,London,Friday
2026-01-23 08:12:54,8Cap Raw,XAUUSD,4949.48,4949.64,0.16,16,London,Friday
2026-01-23 08:12:54,8Cap Raw,EURUSD,1.17482,1.17483,1e-05,1,London,Friday
2026-01-23 08:12:55,8Cap Raw,GBPUSD,1.34943,1.34944,1e-05,1,London,Friday
2026-01-23 08:12:56,8Cap Raw,USDJPY,158.609,158.611,0.002,2,London,Friday
2026-01-23 08:12:56,8Cap Raw,AUDUSD,0.68473,0.68475,2e-05,2,London,Friday
2026-01-23 08:17:16,Pepperstone Razor,XAUUSD,4951.48,4951.64,0.16,16,London,Friday
2026-01-23 08:17:17,Pepperstone Razor,EURUSD,1.17474,1.17474,0.0,0,London,Friday
2026-01-23 08:17:18,Pepperstone Razor,GBPUSD,1.34941,1.34941,0.0,0,London,Friday
2026-01-23 08:17:19,Pepperstone Razor,USDJPY,158.602,158.605,0.003,3,London,Friday
2026-01-23 08:17:19,Pepperstone Razor,AUDUSD,0.68478,0.68478,0.0,0,London,Friday
2026-01-23 08:17:23,FusionMarkets Zero,XAUUSD,4951.9,4952.04,0.14,14,London,Friday
2026-01-23 08:17:23,FusionMarkets Zero,EURUSD,1.17472,1.17472,0.0,0,London,Friday
2026-01-23 08:17:24,FusionMarkets Zero,GBPUSD,1.34939,1.34939,0.0,0,London,Friday
2026-01-23 08:17:25,FusionMarkets Zero,USDJPY,158.608,158.608,0.0,0,London,Friday
2026-01-23 08:17:26,FusionMarkets Zero,AUDUSD,0.68484,0.68484,0.0,0,London,Friday
2026-01-23 08:17:29,ThinkMarkets ThinkZero,XAUUSD,4951.95,4952.03,0.08,8,London,Friday
2026-01-23 08:17:30,ThinkMarkets ThinkZero,EURUSD,1.17473,1.17476,3e-05,3,London,Friday
2026-01-23 08:17:31,ThinkMarkets ThinkZero,GBPUSD,1.34935,1.34941,6e-05,6,London,Friday
2026-01-23 08:17:32,ThinkMarkets ThinkZero,USDJPY,158.605,158.61,0.005,5,London,Friday
2026-01-23 08:17:33,ThinkMarkets ThinkZero,AUDUSD,0.68482,0.68484,2e-05,2,London,Friday
2026-01-23 08:17:36,ICMarkets Raw,XAUUSD,4952.7,4952.75,0.05,5,London,Friday
2026-01-23 08:17:36,ICMarkets Raw,EURUSD,1.17474,1.17474,0.0,0,London,Friday
2026-01-23 08:17:37,ICMarkets Raw,GBPUSD,1.34946,1.34948,2e-05,2,London,Friday
2026-01-23 08:17:38,ICMarkets Raw,USDJPY,158.607,158.607,0.0,0,London,Friday
2026-01-23 08:17:39,ICMarkets Raw,AUDUSD,0.68484,0.68484,0.0,0,London,Friday
2026-01-23 08:17:42,VantageMarkets Raw,XAUUSD,4953.2,4953.28,0.08,8,London,Friday
2026-01-23 08:17:43,VantageMarkets Raw,EURUSD,1.17474,1.17476,2e-05,2,London,Friday
2026-01-23 08:17:44,VantageMarkets Raw,GBPUSD,1.34944,1.34945,1e-05,1,London,Friday
2026-01-23 08:17:45,VantageMarkets Raw,USDJPY,158.606,158.608,0.002,2,London,Friday
2026-01-23 08:17:45,VantageMarkets Raw,AUDUSD,0.68481,0.68484,3e-05,3,London,Friday
2026-01-23 08:17:48,FPMarkets Raw,XAUUSD,4953.23,4953.3,0.07,7,London,Friday
2026-01-23 08:17:49,FPMarkets Raw,EURUSD,1.17474,1.17476,2e-05,2,London,Friday
2026-01-23 08:17:50,FPMarkets Raw,GBPUSD,1.34939,1.34944,5e-05,5,London,Friday
2026-01-23 08:17:51,FPMarkets Raw,USDJPY,158.608,158.612,0.004,4,London,Friday
2026-01-23 08:17:52,FPMarkets Raw,AUDUSD,0.68483,0.68486,3e-05,3,London,Friday
2026-01-23 08:17:54,8Cap Raw,XAUUSD,4952.95,4953.11,0.16,16,London,Friday
2026-01-23 08:17:54,8Cap Raw,EURUSD,1.17474,1.17474,0.0,0,London,Friday
2026-01-23 08:17:55,8Cap Raw,GBPUSD,1.34944,1.34945,1e-05,1,London,Friday
2026-01-23 08:17:56,8Cap Raw,USDJPY,158.606,158.607,0.001,1,London,Friday
2026-01-23 08:17:56,8Cap Raw,AUDUSD,0.68483,0.68486,3e-05,3,London,Friday
2026-01-23 08:22:16,Pepperstone Razor,XAUUSD,4955.82,4956.01,0.19,19,London,Friday
2026-01-23 08:22:17,Pepperstone Razor,EURUSD,1.17469,1.17469,0.0,0,London,Friday
2026-01-23 08:22:18,Pepperstone Razor,GBPUSD,1.34947,1.34948,1e-05,1,London,Friday
2026-01-23 08:22:19,Pepperstone Razor,USDJPY,158.604,158.606,0.002,2,London,Friday
2026-01-23 08:22:20,Pepperstone Razor,AUDUSD,0.68504,0.68505,1e-05,1,London,Friday
2026-01-23 08:22:23,FusionMarkets Zero,XAUUSD,4955.81,4955.89,0.08,8,London,Friday
2026-01-23 08:22:24,FusionMarkets Zero,EURUSD,1.17469,1.17469,0.0,0,London,Friday
2026-01-23 08:22:25,FusionMarkets Zero,GBPUSD,1.34945,1.34945,0.0,0,London,Friday
2026-01-23 08:22:26,FusionMarkets Zero,USDJPY,158.606,158.606,0.0,0,London,Friday
2026-01-23 08:22:27,FusionMarkets Zero,AUDUSD,0.68505,0.68505,0.0,0,London,Friday
2026-01-23 08:22:30,ThinkMarkets ThinkZero,XAUUSD,4956.37,4956.45,0.08,8,London,Friday
2026-01-23 08:22:31,ThinkMarkets ThinkZero,EURUSD,1.17467,1.17471,4e-05,4,London,Friday
2026-01-23 08:22:32,ThinkMarkets ThinkZero,GBPUSD,1.34943,1.34949,6e-05,6,London,Friday
2026-01-23 08:22:33,ThinkMarkets ThinkZero,USDJPY,158.609,158.612,0.003,3,London,Friday
2026-01-23 08:22:33,ThinkMarkets ThinkZero,AUDUSD,0.68505,0.68507,2e-05,2,London,Friday
2026-01-23 08:22:36,ICMarkets Raw,XAUUSD,4956.65,4956.72,0.07,7,London,Friday
2026-01-23 08:22:37,ICMarkets Raw,EURUSD,1.17468,1.17469,1e-05,1,London,Friday
2026-01-23 08:22:38,ICMarkets Raw,GBPUSD,1.34947,1.34948,1e-05,1,London,Friday
2026-01-23 08:22:39,ICMarkets Raw,USDJPY,158.607,158.607,0.0,0,London,Friday
2026-01-23 08:22:40,ICMarkets Raw,AUDUSD,0.68505,0.68505,0.0,0,London,Friday
2026-01-23 08:22:43,VantageMarkets Raw,XAUUSD,4956.55,4956.63,0.08,8,London,Friday
2026-01-23 08:22:44,VantageMarkets Raw,EURUSD,1.17466,1.17471,5e-05,5,London,Friday
2026-01-23 08:22:44,VantageMarkets Raw,GBPUSD,1.34945,1.34946,1e-05,1,London,Friday
2026-01-23 08:22:45,VantageMarkets Raw,USDJPY,158.608,158.609,0.001,1,London,Friday
2026-01-23 08:22:46,VantageMarkets Raw,AUDUSD,0.68503,0.68507,4e-05,4,London,Friday
2026-01-23 08:22:49,FPMarkets Raw,XAUUSD,4956.91,4956.98,0.07,7,London,Friday
2026-01-23 08:22:50,FPMarkets Raw,EURUSD,1.17469,1.17471,2e-05,2,London,Friday
2026-01-23 08:22:51,FPMarkets Raw,GBPUSD,1.34936,1.34941,5e-05,5,London,Friday
2026-01-23 08:22:52,FPMarkets Raw,USDJPY,158.61,158.614,0.004,4,London,Friday
2026-01-23 08:22:53,FPMarkets Raw,AUDUSD,0.68507,0.6851,3e-05,3,London,Friday
2026-01-23 08:22:55,8Cap Raw,XAUUSD,4956.92,4957.08,0.16,16,London,Friday
2026-01-23 08:22:56,8Cap Raw,EURUSD,1.17469,1.1747,1e-05,1,London,Friday
2026-01-23 08:22:57,8Cap Raw,GBPUSD,1.34943,1.34944,1e-05,1,London,Friday
2026-01-23 08:22:57,8Cap Raw,USDJPY,158.608,158.609,0.001,1,London,Friday
2026-01-23 08:22:58,8Cap Raw,AUDUSD,0.68507,0.6851,3e-05,3,London,Friday
2026-01-23 08:27:16,Pepperstone Razor,XAUUSD,4956.29,4956.46,0.17,17,London,Friday
2026-01-23 08:27:17,Pepperstone Razor,EURUSD,1.17461,1.17462,1e-05,1,London,Friday
2026-01-23 08:27:18,Pepperstone Razor,GBPUSD,1.34921,1.34924,3e-05,3,London,Friday
2026-01-23 08:27:19,Pepperstone Razor,USDJPY,158.648,158.65,0.002,2,London,Friday
2026-01-23 08:27:20,Pepperstone Razor,AUDUSD,0.68501,0.68501,0.0,0,London,Friday
2026-01-23 08:27:23,FusionMarkets Zero,XAUUSD,4955.39,4955.48,0.09,9,London,Friday
2026-01-23 08:27:24,FusionMarkets Zero,EURUSD,1.17461,1.17461,0.0,0,London,Friday
2026-01-23 08:27:25,FusionMarkets Zero,GBPUSD,1.34929,1.34929,0.0,0,London,Friday
2026-01-23 08:27:26,FusionMarkets Zero,USDJPY,158.654,158.656,0.002,2,London,Friday
2026-01-23 08:27:27,FusionMarkets Zero,AUDUSD,0.6851,0.6851,0.0,0,London,Friday
2026-01-23 08:27:30,ThinkMarkets ThinkZero,XAUUSD,4956.66,4956.74,0.08,8,London,Friday
2026-01-23 08:27:31,ThinkMarkets ThinkZero,EURUSD,1.17458,1.1746,2e-05,2,London,Friday
2026-01-23 08:27:32,ThinkMarkets ThinkZero,GBPUSD,1.34922,1.34929,7e-05,7,London,Friday
2026-01-23 08:27:33,ThinkMarkets ThinkZero,USDJPY,158.658,158.662,0.004,4,London,Friday
2026-01-23 08:27:33,ThinkMarkets ThinkZero,AUDUSD,0.68512,0.68513,1e-05,1,London,Friday
2026-01-23 08:27:36,ICMarkets Raw,XAUUSD,4956.23,4956.31,0.08,8,London,Friday
2026-01-23 08:27:37,ICMarkets Raw,EURUSD,1.17457,1.17457,0.0,0,London,Friday
2026-01-23 08:27:38,ICMarkets Raw,GBPUSD,1.34924,1.34925,1e-05,1,London,Friday
2026-01-23 08:27:39,ICMarkets Raw,USDJPY,158.653,158.655,0.002,2,London,Friday
2026-01-23 08:27:40,ICMarkets Raw,AUDUSD,0.6851,0.68511,1e-05,1,London,Friday
2026-01-23 08:27:43,VantageMarkets Raw,XAUUSD,4955.86,4955.94,0.08,8,London,Friday
2026-01-23 08:27:44,VantageMarkets Raw,EURUSD,1.17455,1.17456,1e-05,1,London,Friday
2026-01-23 08:27:45,VantageMarkets Raw,GBPUSD,1.34921,1.34924,3e-05,3,London,Friday
2026-01-23 08:27:45,VantageMarkets Raw,USDJPY,158.649,158.658,0.009,9,London,Friday
2026-01-23 08:27:46,VantageMarkets Raw,AUDUSD,0.68504,0.68507,3e-05,3,London,Friday
2026-01-23 08:27:49,FPMarkets Raw,XAUUSD,4955.77,4955.84,0.07,7,London,Friday
2026-01-23 08:27:50,FPMarkets Raw,EURUSD,1.17442,1.17444,2e-05,2,London,Friday
2026-01-23 08:27:51,FPMarkets Raw,GBPUSD,1.34913,1.34918,5e-05,5,London,Friday
2026-01-23 08:27:52,FPMarkets Raw,USDJPY,158.656,158.66,0.004,4,London,Friday
2026-01-23 08:27:53,FPMarkets Raw,AUDUSD,0.68502,0.68506,4e-05,4,London,Friday
2026-01-23 08:27:55,8Cap Raw,XAUUSD,4954.76,4954.92,0.16,16,London,Friday
2026-01-23 08:27:56,8Cap Raw,EURUSD,1.17441,1.17442,1e-05,1,London,Friday
2026-01-23 08:27:56,8Cap Raw,GBPUSD,1.34915,1.34917,2e-05,2,London,Friday
2026-01-23 08:27:57,8Cap Raw,USDJPY,158.67,158.674,0.004,4,London,Friday
2026-01-23 08:27:58,8Cap Raw,AUDUSD,0.68501,0.68504,3e-05,3,London,Friday
2026-01-23 08:32:17,Pepperstone Razor,XAUUSD,4952.02,4952.31,0.29,29,London,Friday
2026-01-23 08:32:18,Pepperstone Razor,EURUSD,1.17472,1.17472,0.0,0,London,Friday
2026-01-23 08:32:19,Pepperstone Razor,GBPUSD,1.34933,1.34934,1e-05,1,London,Friday
2026-01-23 08:32:19,Pepperstone Razor,USDJPY,158.646,158.649,0.003,3,London,Friday
2026-01-23 08:32:20,Pepperstone Razor,AUDUSD,0.68513,0.68513,0.0,0,London,Friday
2026-01-23 08:32:24,FusionMarkets Zero,XAUUSD,4951.1,4951.23,0.13,13,London,Friday
2026-01-23 08:32:25,FusionMarkets Zero,EURUSD,1.17473,1.17473,0.0,0,London,Friday
2026-01-23 08:32:26,FusionMarkets Zero,GBPUSD,1.34933,1.34933,0.0,0,London,Friday
2026-01-23 08:32:27,FusionMarkets Zero,USDJPY,158.646,158.648,0.002,2,London,Friday
2026-01-23 08:32:28,FusionMarkets Zero,AUDUSD,0.68517,0.68517,0.0,0,London,Friday
2026-01-23 08:32:31,ThinkMarkets ThinkZero,XAUUSD,4951.85,4951.93,0.08,8,London,Friday
2026-01-23 08:32:32,ThinkMarkets ThinkZero,EURUSD,1.17473,1.17475,2e-05,2,London,Friday
2026-01-23 08:32:33,ThinkMarkets ThinkZero,GBPUSD,1.34935,1.3494,5e-05,5,London,Friday
2026-01-23 08:32:34,ThinkMarkets ThinkZero,USDJPY,158.642,158.647,0.005,5,London,Friday
2026-01-23 08:32:35,ThinkMarkets ThinkZero,AUDUSD,0.68516,0.6852,4e-05,4,London,Friday
2026-01-23 08:32:38,ICMarkets Raw,XAUUSD,4952.13,4952.27,0.14,14,London,Friday
2026-01-23 08:32:39,ICMarkets Raw,EURUSD,1.17473,1.17473,0.0,0,London,Friday
2026-01-23 08:32:40,ICMarkets Raw,GBPUSD,1.34937,1.34938,1e-05,1,London,Friday
2026-01-23 08:32:41,ICMarkets Raw,USDJPY,158.645,158.647,0.002,2,London,Friday
2026-01-23 08:32:42,ICMarkets Raw,AUDUSD,0.68519,0.68519,0.0,0,London,Friday
2026-01-23 08:32:45,VantageMarkets Raw,XAUUSD,4952.66,4952.74,0.08,8,London,Friday
2026-01-23 08:32:46,VantageMarkets Raw,EURUSD,1.17472,1.17474,2e-05,2,London,Friday
2026-01-23 08:32:47,VantageMarkets Raw,GBPUSD,1.34941,1.34944,3e-05,3,London,Friday
2026-01-23 08:32:48,VantageMarkets Raw,USDJPY,158.641,158.648,0.007,7,London,Friday
2026-01-23 08:32:48,VantageMarkets Raw,AUDUSD,0.68519,0.68522,3e-05,3,London,Friday
2026-01-23 08:32:51,FPMarkets Raw,XAUUSD,4952.9,4952.97,0.07,7,London,Friday
2026-01-23 08:32:53,FPMarkets Raw,EURUSD,1.17474,1.17475,1e-05,1,London,Friday
2026-01-23 08:32:54,FPMarkets Raw,GBPUSD,1.34935,1.3494,5e-05,5,London,Friday
2026-01-23 08:32:55,FPMarkets Raw,USDJPY,158.639,158.643,0.004,4,London,Friday
2026-01-23 08:32:56,FPMarkets Raw,AUDUSD,0.68517,0.6852,3e-05,3,London,Friday
2026-01-23 08:32:57,8Cap Raw,XAUUSD,4953.11,4953.27,0.16,16,London,Friday
2026-01-23 08:32:58,8Cap Raw,EURUSD,1.17477,1.17478,1e-05,1,London,Friday
2026-01-23 08:32:59,8Cap Raw,GBPUSD,1.34937,1.3494,3e-05,3,London,Friday
2026-01-23 08:32:59,8Cap Raw,USDJPY,158.644,158.646,0.002,2,London,Friday
2026-01-23 08:33:00,8Cap Raw,AUDUSD,0.68518,0.68521,3e-05,3,London,Friday
2026-01-23 08:37:16,Pepperstone Razor,XAUUSD,4954.18,4954.33,0.15,15,London,Friday
2026-01-23 08:37:17,Pepperstone Razor,EURUSD,1.1747,1.1747,0.0,0,London,Friday
2026-01-23 08:37:18,Pepperstone Razor,GBPUSD,1.34936,1.34936,0.0,0,London,Friday
2026-01-23 08:37:19,Pepperstone Razor,USDJPY,158.595,158.597,0.002,2,London,Friday
2026-01-23 08:37:20,Pepperstone Razor,AUDUSD,0.68519,0.68519,0.0,0,London,Friday
2026-01-23 08:37:23,FusionMarkets Zero,XAUUSD,4954.15,4954.23,0.08,8,London,Friday
2026-01-23 08:37:25,FusionMarkets Zero,EURUSD,1.17472,1.17472,0.0,0,London,Friday
2026-01-23 08:37:26,FusionMarkets Zero,GBPUSD,1.34935,1.34935,0.0,0,London,Friday
2026-01-23 08:37:26,FusionMarkets Zero,USDJPY,158.596,158.598,0.002,2,London,Friday
2026-01-23 08:37:27,FusionMarkets Zero,AUDUSD,0.68528,0.68528,0.0,0,London,Friday
2026-01-23 08:37:31,ThinkMarkets ThinkZero,XAUUSD,4954.92,4955.0,0.08,8,London,Friday
2026-01-23 08:37:32,ThinkMarkets ThinkZero,EURUSD,1.17471,1.17473,2e-05,2,London,Friday
2026-01-23 08:37:33,ThinkMarkets ThinkZero,GBPUSD,1.34935,1.34941,6e-05,6,London,Friday
2026-01-23 08:37:34,ThinkMarkets ThinkZero,USDJPY,158.596,158.599,0.003,3,London,Friday
2026-01-23 08:37:34,ThinkMarkets ThinkZero,AUDUSD,0.68526,0.68529,3e-05,3,London,Friday
2026-01-23 08:37:38,ICMarkets Raw,XAUUSD,4954.66,4954.71,0.05,5,London,Friday
2026-01-23 08:37:39,ICMarkets Raw,EURUSD,1.17473,1.17473,0.0,0,London,Friday
2026-01-23 08:37:39,ICMarkets Raw,GBPUSD,1.34944,1.34945,1e-05,1,London,Friday
2026-01-23 08:37:40,ICMarkets Raw,USDJPY,158.596,158.598,0.002,2,London,Friday
2026-01-23 08:37:41,ICMarkets Raw,AUDUSD,0.68528,0.68529,1e-05,1,London,Friday
2026-01-23 08:37:44,VantageMarkets Raw,XAUUSD,4954.56,4954.64,0.08,8,London,Friday
2026-01-23 08:37:45,VantageMarkets Raw,EURUSD,1.17473,1.17474,1e-05,1,London,Friday
2026-01-23 08:37:46,VantageMarkets Raw,GBPUSD,1.34946,1.34947,1e-05,1,London,Friday
2026-01-23 08:37:47,VantageMarkets Raw,USDJPY,158.581,158.591,0.01,10,London,Friday
2026-01-23 08:37:48,VantageMarkets Raw,AUDUSD,0.68527,0.68531,4e-05,4,London,Friday
2026-01-23 08:37:51,FPMarkets Raw,XAUUSD,4954.49,4954.56,0.07,7,London,Friday
2026-01-23 08:37:52,FPMarkets Raw,EURUSD,1.17474,1.17476,2e-05,2,London,Friday
2026-01-23 08:37:53,FPMarkets Raw,GBPUSD,1.34945,1.34946,1e-05,1,London,Friday
2026-01-23 08:37:54,FPMarkets Raw,USDJPY,158.584,158.588,0.004,4,London,Friday
2026-01-23 08:37:55,FPMarkets Raw,AUDUSD,0.68525,0.68528,3e-05,3,London,Friday
2026-01-23 08:37:57,8Cap Raw,XAUUSD,4953.32,4953.48,0.16,16,London,Friday
2026-01-23 08:37:58,8Cap Raw,EURUSD,1.17474,1.17474,0.0,0,London,Friday
2026-01-23 08:37:58,8Cap Raw,GBPUSD,1.34945,1.34946,1e-05,1,London,Friday
2026-01-23 08:37:59,8Cap Raw,USDJPY,158.588,158.592,0.004,4,London,Friday
2026-01-23 08:38:00,8Cap Raw,AUDUSD,0.68525,0.68528,3e-05,3,London,Friday
2026-01-23 08:42:17,Pepperstone Razor,XAUUSD,4951.38,4951.62,0.24,24,London,Friday
2026-01-23 08:42:18,Pepperstone Razor,EURUSD,1.17458,1.17458,0.0,0,London,Friday
2026-01-23 08:42:19,Pepperstone Razor,GBPUSD,1.34911,1.34918,7e-05,7,London,Friday
2026-01-23 08:42:20,Pepperstone Razor,USDJPY,158.742,158.745,0.003,3,London,Friday
2026-01-23 08:42:20,Pepperstone Razor,AUDUSD,0.68526,0.68526,0.0,0,London,Friday
2026-01-23 08:42:24,FusionMarkets Zero,XAUUSD,4952.18,4952.27,0.09,9,London,Friday
2026-01-23 08:42:25,FusionMarkets Zero,EURUSD,1.17461,1.17461,0.0,0,London,Friday
2026-01-23 08:42:26,FusionMarkets Zero,GBPUSD,1.34915,1.34915,0.0,0,London,Friday
2026-01-23 08:42:27,FusionMarkets Zero,USDJPY,158.732,158.734,0.002,2,London,Friday
2026-01-23 08:42:28,FusionMarkets Zero,AUDUSD,0.68527,0.68527,0.0,0,London,Friday
2026-01-23 08:42:31,ThinkMarkets ThinkZero,XAUUSD,4953.09,4953.17,0.08,8,London,Friday
2026-01-23 08:42:32,ThinkMarkets ThinkZero,EURUSD,1.17461,1.17462,1e-05,1,London,Friday
2026-01-23 08:42:33,ThinkMarkets ThinkZero,GBPUSD,1.34912,1.34919,7e-05,7,London,Friday
2026-01-23 08:42:34,ThinkMarkets ThinkZero,USDJPY,158.713,158.715,0.002,2,London,Friday
2026-01-23 08:42:35,ThinkMarkets ThinkZero,AUDUSD,0.68526,0.68528,2e-05,2,London,Friday
2026-01-23 08:42:38,ICMarkets Raw,XAUUSD,4953.11,4953.2,0.09,9,London,Friday
2026-01-23 08:42:39,ICMarkets Raw,EURUSD,1.1746,1.1746,0.0,0,London,Friday
2026-01-23 08:42:40,ICMarkets Raw,GBPUSD,1.34916,1.34917,1e-05,1,London,Friday
2026-01-23 08:42:41,ICMarkets Raw,USDJPY,158.714,158.716,0.002,2,London,Friday
2026-01-23 08:42:42,ICMarkets Raw,AUDUSD,0.68525,0.68525,0.0,0,London,Friday
2026-01-23 08:42:44,VantageMarkets Raw,XAUUSD,4953.16,4953.24,0.08,8,London,Friday
2026-01-23 08:42:45,VantageMarkets Raw,EURUSD,1.17456,1.17458,2e-05,2,London,Friday
2026-01-23 08:42:46,VantageMarkets Raw,GBPUSD,1.3491,1.34911,1e-05,1,London,Friday
2026-01-23 08:42:47,VantageMarkets Raw,USDJPY,158.748,158.758,0.01,10,London,Friday
2026-01-23 08:42:48,VantageMarkets Raw,AUDUSD,0.68523,0.68526,3e-05,3,London,Friday
2026-01-23 08:42:52,FPMarkets Raw,XAUUSD,4952.79,4952.86,0.07,7,London,Friday
2026-01-23 08:42:53,FPMarkets Raw,EURUSD,1.17454,1.17455,1e-05,1,London,Friday
2026-01-23 08:42:54,FPMarkets Raw,GBPUSD,1.34905,1.3491,5e-05,5,London,Friday
2026-01-23 08:42:55,FPMarkets Raw,USDJPY,158.738,158.742,0.004,4,London,Friday
2026-01-23 08:42:56,FPMarkets Raw,AUDUSD,0.68528,0.68531,3e-05,3,London,Friday
2026-01-23 08:42:58,8Cap Raw,XAUUSD,4952.95,4953.11,0.16,16,London,Friday
2026-01-23 08:42:58,8Cap Raw,EURUSD,1.17455,1.17455,0.0,0,London,Friday
2026-01-23 08:42:59,8Cap Raw,GBPUSD,1.34908,1.34909,1e-05,1,London,Friday
2026-01-23 08:43:00,8Cap Raw,USDJPY,158.738,158.744,0.006,6,London,Friday
2026-01-23 08:43:00,8Cap Raw,AUDUSD,0.68527,0.68531,4e-05,4,London,Friday
2026-01-23 08:47:17,Pepperstone Razor,XAUUSD,4954.12,4954.27,0.15,15,London,Friday
2026-01-23 08:47:18,Pepperstone Razor,EURUSD,1.17439,1.17439,0.0,0,London,Friday
2026-01-23 08:47:19,Pepperstone Razor,GBPUSD,1.34893,1.34894,1e-05,1,London,Friday
2026-01-23 08:47:20,Pepperstone Razor,USDJPY,158.791,158.793,0.002,2,London,Friday
2026-01-23 08:47:21,Pepperstone Razor,AUDUSD,0.68511,0.68511,0.0,0,London,Friday
2026-01-23 08:47:25,FusionMarkets Zero,XAUUSD,4954.3,4954.38,0.08,8,London,Friday
2026-01-23 08:47:26,FusionMarkets Zero,EURUSD,1.17437,1.17437,0.0,0,London,Friday
2026-01-23 08:47:27,FusionMarkets Zero,GBPUSD,1.34891,1.34891,0.0,0,London,Friday
2026-01-23 08:47:28,FusionMarkets Zero,USDJPY,158.792,158.794,0.002,2,London,Friday
2026-01-23 08:47:29,FusionMarkets Zero,AUDUSD,0.68512,0.68512,0.0,0,London,Friday
2026-01-23 08:47:32,ThinkMarkets ThinkZero,XAUUSD,4953.17,4953.25,0.08,8,London,Friday
2026-01-23 08:47:33,ThinkMarkets ThinkZero,EURUSD,1.17434,1.17436,2e-05,2,London,Friday
2026-01-23 08:47:34,ThinkMarkets ThinkZero,GBPUSD,1.34884,1.34888,4e-05,4,London,Friday
2026-01-23 08:47:35,ThinkMarkets ThinkZero,USDJPY,158.817,158.822,0.005,5,London,Friday
2026-01-23 08:47:36,ThinkMarkets ThinkZero,AUDUSD,0.6851,0.68512,2e-05,2,London,Friday
2026-01-23 08:47:39,ICMarkets Raw,XAUUSD,4953.38,4953.44,0.06,6,London,Friday
2026-01-23 08:47:40,ICMarkets Raw,EURUSD,1.17434,1.17435,1e-05,1,London,Friday
2026-01-23 08:47:41,ICMarkets Raw,GBPUSD,1.34886,1.34887,1e-05,1,London,Friday
2026-01-23 08:47:41,ICMarkets Raw,USDJPY,158.841,158.843,0.002,2,London,Friday
2026-01-23 08:47:42,ICMarkets Raw,AUDUSD,0.68513,0.68513,0.0,0,London,Friday
2026-01-23 08:47:45,VantageMarkets Raw,XAUUSD,4953.65,4953.73,0.08,8,London,Friday
2026-01-23 08:47:46,VantageMarkets Raw,EURUSD,1.17439,1.17441,2e-05,2,London,Friday
2026-01-23 08:47:47,VantageMarkets Raw,GBPUSD,1.3489,1.34895,5e-05,5,London,Friday
2026-01-23 08:47:48,VantageMarkets Raw,USDJPY,158.839,158.846,0.007,7,London,Friday
2026-01-23 08:47:49,VantageMarkets Raw,AUDUSD,0.68511,0.68514,3e-05,3,London,Friday
2026-01-23 08:47:53,FPMarkets Raw,XAUUSD,4953.1,4953.17,0.07,7,London,Friday
2026-01-23 08:47:53,FPMarkets Raw,EURUSD,1.17446,1.17447,1e-05,1,London,Friday
2026-01-23 08:47:55,FPMarkets Raw,GBPUSD,1.349,1.34906,6e-05,6,London,Friday
2026-01-23 08:47:56,FPMarkets Raw,USDJPY,158.851,158.857,0.006,6,London,Friday
2026-01-23 08:47:57,FPMarkets Raw,AUDUSD,0.68512,0.68516,4e-05,4,London,Friday
2026-01-23 08:47:59,8Cap Raw,XAUUSD,4953.0,4953.16,0.16,16,London,Friday
2026-01-23 08:47:59,8Cap Raw,EURUSD,1.17445,1.17447,2e-05,2,London,Friday
2026-01-23 08:48:00,8Cap Raw,GBPUSD,1.349,1.34903,3e-05,3,London,Friday
2026-01-23 08:48:01,8Cap Raw,USDJPY,158.851,158.852,0.001,1,London,Friday
2026-01-23 08:48:01,8Cap Raw,AUDUSD,0.68511,0.68515,4e-05,4,London,Friday
2026-01-23 08:52:17,Pepperstone Razor,XAUUSD,4952.93,4953.17,0.24,24,London,Friday
2026-01-23 08:52:18,Pepperstone Razor,EURUSD,1.17426,1.17426,0.0,0,London,Friday
2026-01-23 08:52:19,Pepperstone Razor,GBPUSD,1.34853,1.34856,3e-05,3,London,Friday
2026-01-23 08:52:20,Pepperstone Razor,USDJPY,158.926,158.928,0.002,2,London,Friday
2026-01-23 08:52:21,Pepperstone Razor,AUDUSD,0.68513,0.68513,0.0,0,London,Friday
2026-01-23 08:52:24,FusionMarkets Zero,XAUUSD,4954.1,4954.24,0.14,14,London,Friday
2026-01-23 08:52:25,FusionMarkets Zero,EURUSD,1.17432,1.17432,0.0,0,London,Friday
2026-01-23 08:52:26,FusionMarkets Zero,GBPUSD,1.34861,1.34861,0.0,0,London,Friday
2026-01-23 08:52:27,FusionMarkets Zero,USDJPY,158.932,158.932,0.0,0,London,Friday
2026-01-23 08:52:28,FusionMarkets Zero,AUDUSD,0.68515,0.68515,0.0,0,London,Friday
2026-01-23 08:52:31,ThinkMarkets ThinkZero,XAUUSD,4953.81,4953.89,0.08,8,London,Friday
2026-01-23 08:52:32,ThinkMarkets ThinkZero,EURUSD,1.17429,1.17432,3e-05,3,London,Friday
2026-01-23 08:52:33,ThinkMarkets ThinkZero,GBPUSD,1.34854,1.34862,8e-05,8,London,Friday
2026-01-23 08:52:34,ThinkMarkets ThinkZero,USDJPY,158.915,158.919,0.004,4,London,Friday
2026-01-23 08:52:35,ThinkMarkets ThinkZero,AUDUSD,0.68515,0.68516,1e-05,1,London,Friday
2026-01-23 08:52:39,ICMarkets Raw,XAUUSD,4954.82,4954.95,0.13,13,London,Friday
2026-01-23 08:52:39,ICMarkets Raw,EURUSD,1.17433,1.17433,0.0,0,London,Friday
2026-01-23 08:52:40,ICMarkets Raw,GBPUSD,1.34858,1.34859,1e-05,1,London,Friday
2026-01-23 08:52:41,ICMarkets Raw,USDJPY,158.903,158.904,0.001,1,London,Friday
2026-01-23 08:52:42,ICMarkets Raw,AUDUSD,0.68514,0.68514,0.0,0,London,Friday
2026-01-23 08:52:45,VantageMarkets Raw,XAUUSD,4954.44,4954.52,0.08,8,London,Friday
2026-01-23 08:52:46,VantageMarkets Raw,EURUSD,1.17437,1.17441,4e-05,4,London,Friday
2026-01-23 08:52:47,VantageMarkets Raw,GBPUSD,1.34862,1.34863,1e-05,1,London,Friday
2026-01-23 08:52:48,VantageMarkets Raw,USDJPY,158.904,158.907,0.003,3,London,Friday
2026-01-23 08:52:49,VantageMarkets Raw,AUDUSD,0.68513,0.68515,2e-05,2,London,Friday
2026-01-23 08:52:52,FPMarkets Raw,XAUUSD,4953.96,4954.03,0.07,7,London,Friday
2026-01-23 08:52:53,FPMarkets Raw,EURUSD,1.17427,1.17428,1e-05,1,London,Friday
2026-01-23 08:52:54,FPMarkets Raw,GBPUSD,1.34852,1.34857,5e-05,5,London,Friday
2026-01-23 08:52:55,FPMarkets Raw,USDJPY,158.89,158.894,0.004,4,London,Friday
2026-01-23 08:52:56,FPMarkets Raw,AUDUSD,0.68513,0.68516,3e-05,3,London,Friday
2026-01-23 08:52:58,8Cap Raw,XAUUSD,4953.97,4954.13,0.16,16,London,Friday
2026-01-23 08:52:58,8Cap Raw,EURUSD,1.17434,1.17436,2e-05,2,London,Friday
2026-01-23 08:52:59,8Cap Raw,GBPUSD,1.34864,1.34868,4e-05,4,London,Friday
2026-01-23 08:53:00,8Cap Raw,USDJPY,158.887,158.89,0.003,3,London,Friday
2026-01-23 08:53:00,8Cap Raw,AUDUSD,0.68519,0.68521,2e-05,2,London,Friday
2026-01-23 08:57:17,Pepperstone Razor,XAUUSD,4953.42,4953.65,0.23,23,London,Friday
2026-01-23 08:57:18,Pepperstone Razor,EURUSD,1.1743,1.1743,0.0,0,London,Friday
2026-01-23 08:57:19,Pepperstone Razor,GBPUSD,1.34849,1.34852,3e-05,3,London,Friday
2026-01-23 08:57:20,Pepperstone Razor,USDJPY,158.863,158.867,0.004,4,London,Friday
2026-01-23 08:57:21,Pepperstone Razor,AUDUSD,0.68507,0.68508,1e-05,1,London,Friday
2026-01-23 08:57:24,FusionMarkets Zero,XAUUSD,4952.77,4952.89,0.12,12,London,Friday
2026-01-23 08:57:25,FusionMarkets Zero,EURUSD,1.17429,1.17429,0.0,0,London,Friday
2026-01-23 08:57:26,FusionMarkets Zero,GBPUSD,1.34851,1.34851,0.0,0,London,Friday
2026-01-23 08:57:27,FusionMarkets Zero,USDJPY,158.859,158.86,0.001,1,London,Friday
2026-01-23 08:57:28,FusionMarkets Zero,AUDUSD,0.68505,0.68505,0.0,0,London,Friday
2026-01-23 08:57:31,ThinkMarkets ThinkZero,XAUUSD,4952.83,4952.91,0.08,8,London,Friday
2026-01-23 08:57:32,ThinkMarkets ThinkZero,EURUSD,1.17426,1.17429,3e-05,3,London,Friday
2026-01-23 08:57:33,ThinkMarkets ThinkZero,GBPUSD,1.34848,1.34855,7e-05,7,London,Friday
2026-01-23 08:57:34,ThinkMarkets ThinkZero,USDJPY,158.857,158.863,0.006,6,London,Friday
2026-01-23 08:57:35,ThinkMarkets ThinkZero,AUDUSD,0.68502,0.68504,2e-05,2,London,Friday
2026-01-23 08:57:39,ICMarkets Raw,XAUUSD,4953.96,4954.03,0.07,7,London,Friday
2026-01-23 08:57:39,ICMarkets Raw,EURUSD,1.17428,1.17428,0.0,0,London,Friday
2026-01-23 08:57:40,ICMarkets Raw,GBPUSD,1.34851,1.34852,1e-05,1,London,Friday
2026-01-23 08:57:41,ICMarkets Raw,USDJPY,158.86,158.861,0.001,1,London,Friday
2026-01-23 08:57:42,ICMarkets Raw,AUDUSD,0.68498,0.685,2e-05,2,London,Friday
2026-01-23 08:57:45,VantageMarkets Raw,XAUUSD,4953.57,4953.65,0.08,8,London,Friday
2026-01-23 08:57:46,VantageMarkets Raw,EURUSD,1.17424,1.17428,4e-05,4,London,Friday
2026-01-23 08:57:47,VantageMarkets Raw,GBPUSD,1.3485,1.34851,1e-05,1,London,Friday
2026-01-23 08:57:48,VantageMarkets Raw,USDJPY,158.857,158.862,0.005,5,London,Friday
2026-01-23 08:57:49,VantageMarkets Raw,AUDUSD,0.68496,0.68499,3e-05,3,London,Friday
2026-01-23 08:57:52,FPMarkets Raw,XAUUSD,4953.67,4953.74,0.07,7,London,Friday
2026-01-23 08:57:53,FPMarkets Raw,EURUSD,1.17424,1.17425,1e-05,1,London,Friday
2026-01-23 08:57:54,FPMarkets Raw,GBPUSD,1.34843,1.34848,5e-05,5,London,Friday
2026-01-23 08:57:55,FPMarkets Raw,USDJPY,158.855,158.859,0.004,4,London,Friday
2026-01-23 08:57:56,FPMarkets Raw,AUDUSD,0.68496,0.68499,3e-05,3,London,Friday
2026-01-23 08:57:58,8Cap Raw,XAUUSD,4953.77,4953.93,0.16,16,London,Friday
2026-01-23 08:57:59,8Cap Raw,EURUSD,1.17424,1.17425,1e-05,1,London,Friday
2026-01-23 08:57:59,8Cap Raw,GBPUSD,1.34842,1.34843,1e-05,1,London,Friday
2026-01-23 08:58:00,8Cap Raw,USDJPY,158.859,158.86,0.001,1,London,Friday
2026-01-23 08:58:01,8Cap Raw,AUDUSD,0.68494,0.68497,3e-05,3,London,Friday
2026-01-23 09:02:16,Pepperstone Razor,XAUUSD,4954.88,4955.07,0.19,19,London,Friday
2026-01-23 09:02:17,Pepperstone Razor,EURUSD,1.17419,1.17419,0.0,0,London,Friday
2026-01-23 09:02:18,Pepperstone Razor,GBPUSD,1.34911,1.34914,3e-05,3,London,Friday
2026-01-23 09:02:19,Pepperstone Razor,USDJPY,158.914,158.915,0.001,1,London,Friday
2026-01-23 09:02:20,Pepperstone Razor,AUDUSD,0.68491,0.68491,0.0,0,London,Friday
2026-01-23 09:02:23,FusionMarkets Zero,XAUUSD,4955.34,4955.43,0.09,9,London,Friday
2026-01-23 09:02:24,FusionMarkets Zero,EURUSD,1.17422,1.17422,0.0,0,London,Friday
2026-01-23 09:02:25,FusionMarkets Zero,GBPUSD,1.34911,1.34911,0.0,0,London,Friday
2026-01-23 09:02:25,FusionMarkets Zero,USDJPY,158.909,158.91,0.001,1,London,Friday
2026-01-23 09:02:26,FusionMarkets Zero,AUDUSD,0.68494,0.68494,0.0,0,London,Friday
2026-01-23 09:02:29,ThinkMarkets ThinkZero,XAUUSD,4955.67,4955.75,0.08,8,London,Friday
2026-01-23 09:02:30,ThinkMarkets ThinkZero,EURUSD,1.17415,1.17419,4e-05,4,London,Friday
2026-01-23 09:02:31,ThinkMarkets ThinkZero,GBPUSD,1.34916,1.34919,3e-05,3,London,Friday
2026-01-23 09:02:32,ThinkMarkets ThinkZero,USDJPY,158.9,158.905,0.005,5,London,Friday
2026-01-23 09:02:33,ThinkMarkets ThinkZero,AUDUSD,0.68488,0.68491,3e-05,3,London,Friday
2026-01-23 09:02:36,ICMarkets Raw,XAUUSD,4954.92,4955.01,0.09,9,London,Friday
2026-01-23 09:02:37,ICMarkets Raw,EURUSD,1.17414,1.17414,0.0,0,London,Friday
2026-01-23 09:02:38,ICMarkets Raw,GBPUSD,1.34915,1.34916,1e-05,1,London,Friday
2026-01-23 09:02:39,ICMarkets Raw,USDJPY,158.917,158.918,0.001,1,London,Friday
2026-01-23 09:02:39,ICMarkets Raw,AUDUSD,0.68488,0.68488,0.0,0,London,Friday
2026-01-23 09:02:42,VantageMarkets Raw,XAUUSD,4954.83,4954.91,0.08,8,London,Friday
2026-01-23 09:02:43,VantageMarkets Raw,EURUSD,1.17418,1.17419,1e-05,1,London,Friday
2026-01-23 09:02:44,VantageMarkets Raw,GBPUSD,1.34921,1.34922,1e-05,1,London,Friday
2026-01-23 09:02:45,VantageMarkets Raw,USDJPY,158.893,158.895,0.002,2,London,Friday
2026-01-23 09:02:46,VantageMarkets Raw,AUDUSD,0.6849,0.68493,3e-05,3,London,Friday
2026-01-23 09:02:49,FPMarkets Raw,XAUUSD,4954.53,4954.6,0.07,7,London,Friday
2026-01-23 09:02:50,FPMarkets Raw,EURUSD,1.17418,1.1742,2e-05,2,London,Friday
2026-01-23 09:02:51,FPMarkets Raw,GBPUSD,1.34924,1.34927,3e-05,3,London,Friday
2026-01-23 09:02:52,FPMarkets Raw,USDJPY,158.881,158.884,0.003,3,London,Friday
2026-01-23 09:02:53,FPMarkets Raw,AUDUSD,0.68491,0.68494,3e-05,3,London,Friday
2026-01-23 09:02:54,8Cap Raw,XAUUSD,4955.0,4955.16,0.16,16,London,Friday
2026-01-23 09:02:55,8Cap Raw,EURUSD,1.17423,1.17424,1e-05,1,London,Friday
2026-01-23 09:02:56,8Cap Raw,GBPUSD,1.34926,1.34927,1e-05,1,London,Friday
2026-01-23 09:02:57,8Cap Raw,USDJPY,158.885,158.886,0.001,1,London,Friday
2026-01-23 09:02:57,8Cap Raw,AUDUSD,0.6849,0.68492,2e-05,2,London,Friday
2026-01-23 09:07:16,Pepperstone Razor,XAUUSD,4957.23,4957.39,0.16,16,London,Friday
2026-01-23 09:07:17,Pepperstone Razor,EURUSD,1.17433,1.17433,0.0,0,London,Friday
2026-01-23 09:07:18,Pepperstone Razor,GBPUSD,1.34905,1.34905,0.0,0,London,Friday
2026-01-23 09:07:19,Pepperstone Razor,USDJPY,158.888,158.889,0.001,1,London,Friday
2026-01-23 09:07:20,Pepperstone Razor,AUDUSD,0.68496,0.68496,0.0,0,London,Friday
2026-01-23 09:07:23,FusionMarkets Zero,XAUUSD,4957.19,4957.27,0.08,8,London,Friday
2026-01-23 09:07:24,FusionMarkets Zero,EURUSD,1.1743,1.1743,0.0,0,London,Friday
2026-01-23 09:07:25,FusionMarkets Zero,GBPUSD,1.34906,1.34906,0.0,0,London,Friday
2026-01-23 09:07:26,FusionMarkets Zero,USDJPY,158.888,158.888,0.0,0,London,Friday
2026-01-23 09:07:26,FusionMarkets Zero,AUDUSD,0.68499,0.68499,0.0,0,London,Friday
2026-01-23 09:07:29,ThinkMarkets ThinkZero,XAUUSD,4957.49,4957.57,0.08,8,London,Friday
2026-01-23 09:07:30,ThinkMarkets ThinkZero,EURUSD,1.17427,1.1743,3e-05,3,London,Friday
2026-01-23 09:07:31,ThinkMarkets ThinkZero,GBPUSD,1.34901,1.34908,7e-05,7,London,Friday
2026-01-23 09:07:32,ThinkMarkets ThinkZero,USDJPY,158.89,158.893,0.003,3,London,Friday
2026-01-23 09:07:33,ThinkMarkets ThinkZero,AUDUSD,0.68497,0.68499,2e-05,2,London,Friday
2026-01-23 09:07:36,ICMarkets Raw,XAUUSD,4956.93,4956.99,0.06,6,London,Friday
2026-01-23 09:07:37,ICMarkets Raw,EURUSD,1.17428,1.17429,1e-05,1,London,Friday
2026-01-23 09:07:38,ICMarkets Raw,GBPUSD,1.34904,1.34905,1e-05,1,London,Friday
2026-01-23 09:07:39,ICMarkets Raw,USDJPY,158.893,158.893,0.0,0,London,Friday
2026-01-23 09:07:40,ICMarkets Raw,AUDUSD,0.68498,0.68498,0.0,0,London,Friday
2026-01-23 09:07:42,VantageMarkets Raw,XAUUSD,4956.77,4956.85,0.08,8,London,Friday
2026-01-23 09:07:43,VantageMarkets Raw,EURUSD,1.17429,1.1743,1e-05,1,London,Friday
2026-01-23 09:07:44,VantageMarkets Raw,GBPUSD,1.34904,1.34905,1e-05,1,London,Friday
2026-01-23 09:07:45,VantageMarkets Raw,USDJPY,158.892,158.893,0.001,1,London,Friday
2026-01-23 09:07:45,VantageMarkets Raw,AUDUSD,0.68494,0.68497,3e-05,3,London,Friday
2026-01-23 09:07:48,FPMarkets Raw,XAUUSD,4957.16,4957.23,0.07,7,London,Friday
2026-01-23 09:07:49,FPMarkets Raw,EURUSD,1.17429,1.1743,1e-05,1,London,Friday
2026-01-23 09:07:50,FPMarkets Raw,GBPUSD,1.34905,1.34908,3e-05,3,London,Friday
2026-01-23 09:07:51,FPMarkets Raw,USDJPY,158.891,158.894,0.003,3,London,Friday
2026-01-23 09:07:52,FPMarkets Raw,AUDUSD,0.685,0.68504,4e-05,4,London,Friday
2026-01-23 09:07:54,8Cap Raw,XAUUSD,4957.14,4957.3,0.16,16,London,Friday
2026-01-23 09:07:54,8Cap Raw,EURUSD,1.17432,1.17433,1e-05,1,London,Friday
2026-01-23 09:07:55,8Cap Raw,GBPUSD,1.34905,1.34906,1e-05,1,London,Friday
2026-01-23 09:07:56,8Cap Raw,USDJPY,158.892,158.893,0.001,1,London,Friday
2026-01-23 09:07:56,8Cap Raw,AUDUSD,0.685,0.68503,3e-05,3,London,Friday
2026-01-23 09:12:16,Pepperstone Razor,XAUUSD,4956.11,4956.28,0.17,17,London,Friday
2026-01-23 09:12:17,Pepperstone Razor,EURUSD,1.17414,1.17415,1e-05,1,London,Friday
2026-01-23 09:12:18,Pepperstone Razor,GBPUSD,1.34906,1.34909,3e-05,3,London,Friday
2026-01-23 09:12:19,Pepperstone Razor,USDJPY,158.93,158.932,0.002,2,London,Friday
2026-01-23 09:12:20,Pepperstone Razor,AUDUSD,0.68498,0.68498,0.0,0,London,Friday
2026-01-23 09:12:22,FusionMarkets Zero,XAUUSD,4956.17,4956.22,0.05,5,London,Friday
2026-01-23 09:12:23,FusionMarkets Zero,EURUSD,1.17419,1.17419,0.0,0,London,Friday
2026-01-23 09:12:24,FusionMarkets Zero,GBPUSD,1.34907,1.34907,0.0,0,London,Friday
2026-01-23 09:12:25,FusionMarkets Zero,USDJPY,158.925,158.926,0.001,1,London,Friday
2026-01-23 09:12:26,FusionMarkets Zero,AUDUSD,0.68502,0.68502,0.0,0,London,Friday
2026-01-23 09:12:29,ThinkMarkets ThinkZero,XAUUSD,4954.89,4954.97,0.08,8,London,Friday
2026-01-23 09:12:30,ThinkMarkets ThinkZero,EURUSD,1.17419,1.17422,3e-05,3,London,Friday
2026-01-23 09:12:31,ThinkMarkets ThinkZero,GBPUSD,1.34912,1.34919,7e-05,7,London,Friday
2026-01-23 09:12:32,ThinkMarkets ThinkZero,USDJPY,158.916,158.92,0.004,4,London,Friday
2026-01-23 09:12:32,ThinkMarkets ThinkZero,AUDUSD,0.68503,0.68506,3e-05,3,London,Friday
2026-01-23 09:12:36,ICMarkets Raw,XAUUSD,4956.03,4956.32,0.29,29,London,Friday
2026-01-23 09:12:36,ICMarkets Raw,EURUSD,1.17425,1.17425,0.0,0,London,Friday
2026-01-23 09:12:37,ICMarkets Raw,GBPUSD,1.34917,1.34918,1e-05,1,London,Friday
2026-01-23 09:12:38,ICMarkets Raw,USDJPY,158.91,158.911,0.001,1,London,Friday
2026-01-23 09:12:39,ICMarkets Raw,AUDUSD,0.68504,0.68504,0.0,0,London,Friday
2026-01-23 09:12:42,VantageMarkets Raw,XAUUSD,4955.7,4955.78,0.08,8,London,Friday
2026-01-23 09:12:43,VantageMarkets Raw,EURUSD,1.17424,1.17426,2e-05,2,London,Friday
2026-01-23 09:12:44,VantageMarkets Raw,GBPUSD,1.34915,1.34916,1e-05,1,London,Friday
2026-01-23 09:12:45,VantageMarkets Raw,USDJPY,158.91,158.911,0.001,1,London,Friday
2026-01-23 09:12:46,VantageMarkets Raw,AUDUSD,0.685,0.68503,3e-05,3,London,Friday
2026-01-23 09:12:48,FPMarkets Raw,XAUUSD,4954.52,4954.59,0.07,7,London,Friday
2026-01-23 09:12:49,FPMarkets Raw,EURUSD,1.17423,1.17425,2e-05,2,London,Friday
2026-01-23 09:12:50,FPMarkets Raw,GBPUSD,1.34906,1.34909,3e-05,3,London,Friday
2026-01-23 09:12:51,FPMarkets Raw,USDJPY,158.917,158.919,0.002,2,London,Friday
2026-01-23 09:12:52,FPMarkets Raw,AUDUSD,0.685,0.68503,3e-05,3,London,Friday
2026-01-23 09:12:54,8Cap Raw,XAUUSD,4955.02,4955.18,0.16,16,London,Friday
2026-01-23 09:12:55,8Cap Raw,EURUSD,1.17425,1.17425,0.0,0,London,Friday
2026-01-23 09:12:55,8Cap Raw,GBPUSD,1.34909,1.3491,1e-05,1,London,Friday
2026-01-23 09:12:56,8Cap Raw,USDJPY,158.917,158.918,0.001,1,London,Friday
2026-01-23 09:12:57,8Cap Raw,AUDUSD,0.685,0.68503,3e-05,3,London,Friday
2026-01-23 09:17:16,Pepperstone Razor,XAUUSD,4955.72,4955.89,0.17,17,London,Friday
2026-01-23 09:17:17,Pepperstone Razor,EURUSD,1.17415,1.17415,0.0,0,London,Friday
2026-01-23 09:17:18,Pepperstone Razor,GBPUSD,1.34895,1.34897,2e-05,2,London,Friday
2026-01-23 09:17:19,Pepperstone Razor,USDJPY,158.946,158.948,0.002,2,London,Friday
2026-01-23 09:17:20,Pepperstone Razor,AUDUSD,0.68499,0.68499,0.0,0,London,Friday
2026-01-23 09:17:23,FusionMarkets Zero,XAUUSD,4956.35,4956.4,0.05,5,London,Friday
2026-01-23 09:17:24,FusionMarkets Zero,EURUSD,1.17416,1.17416,0.0,0,London,Friday
2026-01-23 09:17:24,FusionMarkets Zero,GBPUSD,1.34893,1.34893,0.0,0,London,Friday
2026-01-23 09:17:25,FusionMarkets Zero,USDJPY,158.956,158.957,0.001,1,London,Friday
2026-01-23 09:17:26,FusionMarkets Zero,AUDUSD,0.68499,0.68499,0.0,0,London,Friday
2026-01-23 09:17:29,ThinkMarkets ThinkZero,XAUUSD,4956.21,4956.29,0.08,8,London,Friday
2026-01-23 09:17:30,ThinkMarkets ThinkZero,EURUSD,1.17412,1.17414,2e-05,2,London,Friday
2026-01-23 09:17:31,ThinkMarkets ThinkZero,GBPUSD,1.34892,1.34896,4e-05,4,London,Friday
2026-01-23 09:17:32,ThinkMarkets ThinkZero,USDJPY,158.956,158.959,0.003,3,London,Friday
2026-01-23 09:17:33,ThinkMarkets ThinkZero,AUDUSD,0.68496,0.68499,3e-05,3,London,Friday
2026-01-23 09:17:36,ICMarkets Raw,XAUUSD,4956.34,4956.41,0.07,7,London,Friday
2026-01-23 09:17:37,ICMarkets Raw,EURUSD,1.17414,1.17414,0.0,0,London,Friday
2026-01-23 09:17:37,ICMarkets Raw,GBPUSD,1.34894,1.34896,2e-05,2,London,Friday
2026-01-23 09:17:38,ICMarkets Raw,USDJPY,158.955,158.956,0.001,1,London,Friday
2026-01-23 09:17:39,ICMarkets Raw,AUDUSD,0.68499,0.68499,0.0,0,London,Friday
2026-01-23 09:17:42,VantageMarkets Raw,XAUUSD,4956.46,4956.54,0.08,8,London,Friday
2026-01-23 09:17:43,VantageMarkets Raw,EURUSD,1.1741,1.17411,1e-05,1,London,Friday
2026-01-23 09:17:44,VantageMarkets Raw,GBPUSD,1.34894,1.34895,1e-05,1,London,Friday
2026-01-23 09:17:45,VantageMarkets Raw,USDJPY,158.959,158.96,0.001,1,London,Friday
2026-01-23 09:17:46,VantageMarkets Raw,AUDUSD,0.68498,0.68501,3e-05,3,London,Friday
2026-01-23 09:17:49,FPMarkets Raw,XAUUSD,4955.67,4955.74,0.07,7,London,Friday
2026-01-23 09:17:50,FPMarkets Raw,EURUSD,1.17408,1.17409,1e-05,1,London,Friday
2026-01-23 09:17:51,FPMarkets Raw,GBPUSD,1.34893,1.34896,3e-05,3,London,Friday
2026-01-23 09:17:52,FPMarkets Raw,USDJPY,158.957,158.96,0.003,3,London,Friday
2026-01-23 09:17:53,FPMarkets Raw,AUDUSD,0.68497,0.685,3e-05,3,London,Friday
2026-01-23 09:17:55,8Cap Raw,XAUUSD,4955.39,4955.55,0.16,16,London,Friday
2026-01-23 09:17:56,8Cap Raw,EURUSD,1.17412,1.17413,1e-05,1,London,Friday
2026-01-23 09:17:56,8Cap Raw,GBPUSD,1.34893,1.34894,1e-05,1,London,Friday
2026-01-23 09:17:57,8Cap Raw,USDJPY,158.959,158.96,0.001,1,London,Friday
2026-01-23 09:17:58,8Cap Raw,AUDUSD,0.68498,0.68501,3e-05,3,London,Friday
2026-01-23 09:22:16,Pepperstone Razor,XAUUSD,4957.16,4957.32,0.16,16,London,Friday
2026-01-23 09:22:17,Pepperstone Razor,EURUSD,1.17386,1.17386,0.0,0,London,Friday
2026-01-23 09:22:18,Pepperstone Razor,GBPUSD,1.34881,1.34882,1e-05,1,London,Friday
2026-01-23 09:22:19,Pepperstone Razor,USDJPY,159.084,159.086,0.002,2,London,Friday
2026-01-23 09:22:20,Pepperstone Razor,AUDUSD,0.68483,0.68483,0.0,0,London,Friday
2026-01-23 09:22:23,FusionMarkets Zero,XAUUSD,4957.13,4957.21,0.08,8,London,Friday
2026-01-23 09:22:24,FusionMarkets Zero,EURUSD,1.17384,1.17384,0.0,0,London,Friday
2026-01-23 09:22:25,FusionMarkets Zero,GBPUSD,1.34884,1.34884,0.0,0,London,Friday
2026-01-23 09:22:26,FusionMarkets Zero,USDJPY,159.083,159.083,0.0,0,London,Friday
2026-01-23 09:22:27,FusionMarkets Zero,AUDUSD,0.68489,0.68489,0.0,0,London,Friday
2026-01-23 09:22:30,ThinkMarkets ThinkZero,XAUUSD,4956.85,4956.93,0.08,8,London,Friday
2026-01-23 09:22:31,ThinkMarkets ThinkZero,EURUSD,1.17382,1.17385,3e-05,3,London,Friday
2026-01-23 09:22:32,ThinkMarkets ThinkZero,GBPUSD,1.34879,1.34885,6e-05,6,London,Friday
2026-01-23 09:22:33,ThinkMarkets ThinkZero,USDJPY,159.092,159.092,0.0,0,London,Friday
2026-01-23 09:22:33,ThinkMarkets ThinkZero,AUDUSD,0.68471,0.68474,3e-05,3,London,Friday
2026-01-23 09:22:36,ICMarkets Raw,XAUUSD,4956.79,4956.88,0.09,9,London,Friday
2026-01-23 09:22:37,ICMarkets Raw,EURUSD,1.1738,1.1738,0.0,0,London,Friday
2026-01-23 09:22:38,ICMarkets Raw,GBPUSD,1.34884,1.34885,1e-05,1,London,Friday
2026-01-23 09:22:39,ICMarkets Raw,USDJPY,159.1,159.102,0.002,2,London,Friday
2026-01-23 09:22:40,ICMarkets Raw,AUDUSD,0.68467,0.68468,1e-05,1,London,Friday
2026-01-23 09:22:43,VantageMarkets Raw,XAUUSD,4956.73,4956.81,0.08,8,London,Friday
2026-01-23 09:22:44,VantageMarkets Raw,EURUSD,1.17381,1.17382,1e-05,1,London,Friday
2026-01-23 09:22:45,VantageMarkets Raw,GBPUSD,1.34884,1.34885,1e-05,1,London,Friday
2026-01-23 09:22:45,VantageMarkets Raw,USDJPY,159.11,159.113,0.003,3,London,Friday
2026-01-23 09:22:46,VantageMarkets Raw,AUDUSD,0.68465,0.68469,4e-05,4,London,Friday
2026-01-23 09:22:50,FPMarkets Raw,XAUUSD,4956.77,4956.84,0.07,7,London,Friday
2026-01-23 09:22:51,FPMarkets Raw,EURUSD,1.17384,1.17385,1e-05,1,London,Friday
2026-01-23 09:22:52,FPMarkets Raw,GBPUSD,1.34887,1.3489,3e-05,3,London,Friday
2026-01-23 09:22:52,FPMarkets Raw,USDJPY,159.12,159.124,0.004,4,London,Friday
2026-01-23 09:22:53,FPMarkets Raw,AUDUSD,0.68463,0.68466,3e-05,3,London,Friday
2026-01-23 09:22:55,8Cap Raw,XAUUSD,4956.49,4956.65,0.16,16,London,Friday
2026-01-23 09:22:56,8Cap Raw,EURUSD,1.17389,1.17389,0.0,0,London,Friday
2026-01-23 09:22:56,8Cap Raw,GBPUSD,1.34886,1.34887,1e-05,1,London,Friday
2026-01-23 09:22:57,8Cap Raw,USDJPY,159.132,159.134,0.002,2,London,Friday
2026-01-23 09:22:58,8Cap Raw,AUDUSD,0.68463,0.68465,2e-05,2,London,Friday
2026-01-23 09:27:16,Pepperstone Razor,XAUUSD,4954.7,4954.93,0.23,23,London,Friday
2026-01-23 09:27:17,Pepperstone Razor,EURUSD,1.17367,1.17367,0.0,0,London,Friday
2026-01-23 09:27:18,Pepperstone Razor,GBPUSD,1.34898,1.349,2e-05,2,London,Friday
2026-01-23 09:27:19,Pepperstone Razor,USDJPY,159.168,159.171,0.003,3,London,Friday
2026-01-23 09:27:20,Pepperstone Razor,AUDUSD,0.68466,0.68469,3e-05,3,London,Friday
2026-01-23 09:27:23,FusionMarkets Zero,XAUUSD,4955.14,4955.26,0.12,12,London,Friday
2026-01-23 09:27:24,FusionMarkets Zero,EURUSD,1.17367,1.17367,0.0,0,London,Friday
2026-01-23 09:27:24,FusionMarkets Zero,GBPUSD,1.34901,1.34901,0.0,0,London,Friday
2026-01-23 09:27:25,FusionMarkets Zero,USDJPY,159.174,159.174,0.0,0,London,Friday
2026-01-23 09:27:26,FusionMarkets Zero,AUDUSD,0.68466,0.68466,0.0,0,London,Friday
2026-01-23 09:27:29,ThinkMarkets ThinkZero,XAUUSD,4955.23,4955.31,0.08,8,London,Friday
2026-01-23 09:27:30,ThinkMarkets ThinkZero,EURUSD,1.17368,1.17369,1e-05,1,London,Friday
2026-01-23 09:27:31,ThinkMarkets ThinkZero,GBPUSD,1.349,1.34904,4e-05,4,London,Friday
2026-01-23 09:27:32,ThinkMarkets ThinkZero,USDJPY,159.174,159.178,0.004,4,London,Friday
2026-01-23 09:27:33,ThinkMarkets ThinkZero,AUDUSD,0.68462,0.68466,4e-05,4,London,Friday
2026-01-23 09:27:36,ICMarkets Raw,XAUUSD,4955.38,4955.49,0.11,11,London,Friday
2026-01-23 09:27:37,ICMarkets Raw,EURUSD,1.17363,1.17364,1e-05,1,London,Friday
2026-01-23 09:27:38,ICMarkets Raw,GBPUSD,1.34893,1.34895,2e-05,2,London,Friday
2026-01-23 09:27:39,ICMarkets Raw,USDJPY,159.179,159.179,0.0,0,London,Friday
2026-01-23 09:27:39,ICMarkets Raw,AUDUSD,0.68461,0.68462,1e-05,1,London,Friday
2026-01-23 09:27:42,VantageMarkets Raw,XAUUSD,4954.79,4954.87,0.08,8,London,Friday
2026-01-23 09:27:43,VantageMarkets Raw,EURUSD,1.17361,1.17364,3e-05,3,London,Friday
2026-01-23 09:27:44,VantageMarkets Raw,GBPUSD,1.34894,1.34895,1e-05,1,London,Friday
2026-01-23 09:27:45,VantageMarkets Raw,USDJPY,159.181,159.183,0.002,2,London,Friday
2026-01-23 09:27:46,VantageMarkets Raw,AUDUSD,0.68463,0.68467,4e-05,4,London,Friday
2026-01-23 09:27:49,FPMarkets Raw,XAUUSD,4954.66,4954.73,0.07,7,London,Friday
2026-01-23 09:27:50,FPMarkets Raw,EURUSD,1.17362,1.17363,1e-05,1,London,Friday
2026-01-23 09:27:51,FPMarkets Raw,GBPUSD,1.34892,1.34895,3e-05,3,London,Friday
2026-01-23 09:27:52,FPMarkets Raw,USDJPY,159.175,159.178,0.003,3,London,Friday
2026-01-23 09:27:53,FPMarkets Raw,AUDUSD,0.68467,0.68469,2e-05,2,London,Friday
2026-01-23 09:27:55,8Cap Raw,XAUUSD,4954.32,4954.48,0.16,16,London,Friday
2026-01-23 09:27:56,8Cap Raw,EURUSD,1.17362,1.17362,0.0,0,London,Friday
2026-01-23 09:27:56,8Cap Raw,GBPUSD,1.34893,1.34894,1e-05,1,London,Friday
2026-01-23 09:27:57,8Cap Raw,USDJPY,159.18,159.181,0.001,1,London,Friday
2026-01-23 09:27:58,8Cap Raw,AUDUSD,0.68468,0.6847,2e-05,2,London,Friday
2026-01-23 09:32:17,Pepperstone Razor,XAUUSD,4956.32,4956.48,0.16,16,London,Friday
2026-01-23 09:32:17,Pepperstone Razor,EURUSD,1.17384,1.17384,0.0,0,London,Friday
2026-01-23 09:32:18,Pepperstone Razor,GBPUSD,1.34918,1.34921,3e-05,3,London,Friday
2026-01-23 09:32:19,Pepperstone Razor,USDJPY,159.164,159.168,0.004,4,London,Friday
2026-01-23 09:32:20,Pepperstone Razor,AUDUSD,0.68476,0.68477,1e-05,1,London,Friday
2026-01-23 09:32:24,FusionMarkets Zero,XAUUSD,4956.5,4956.58,0.08,8,London,Friday
2026-01-23 09:32:24,FusionMarkets Zero,EURUSD,1.17384,1.17384,0.0,0,London,Friday
2026-01-23 09:32:25,FusionMarkets Zero,GBPUSD,1.34927,1.34927,0.0,0,London,Friday
2026-01-23 09:32:26,FusionMarkets Zero,USDJPY,159.148,159.15,0.002,2,London,Friday
2026-01-23 09:32:27,FusionMarkets Zero,AUDUSD,0.68478,0.68478,0.0,0,London,Friday
2026-01-23 09:32:31,ThinkMarkets ThinkZero,XAUUSD,4956.13,4956.21,0.08,8,London,Friday
2026-01-23 09:32:32,ThinkMarkets ThinkZero,EURUSD,1.17382,1.17384,2e-05,2,London,Friday
2026-01-23 09:32:32,ThinkMarkets ThinkZero,GBPUSD,1.3492,1.34926,6e-05,6,London,Friday
2026-01-23 09:32:33,ThinkMarkets ThinkZero,USDJPY,159.163,159.169,0.006,6,London,Friday
2026-01-23 09:32:34,ThinkMarkets ThinkZero,AUDUSD,0.6847,0.68473,3e-05,3,London,Friday
2026-01-23 09:32:38,ICMarkets Raw,XAUUSD,4955.84,4955.93,0.09,9,London,Friday
2026-01-23 09:32:39,ICMarkets Raw,EURUSD,1.17379,1.17379,0.0,0,London,Friday
2026-01-23 09:32:40,ICMarkets Raw,GBPUSD,1.34919,1.3492,1e-05,1,London,Friday
2026-01-23 09:32:40,ICMarkets Raw,USDJPY,159.168,159.17,0.002,2,London,Friday
2026-01-23 09:32:41,ICMarkets Raw,AUDUSD,0.68472,0.68472,0.0,0,London,Friday
2026-01-23 09:32:44,VantageMarkets Raw,XAUUSD,4955.6,4955.68,0.08,8,London,Friday
2026-01-23 09:32:45,VantageMarkets Raw,EURUSD,1.17373,1.17375,2e-05,2,London,Friday
2026-01-23 09:32:46,VantageMarkets Raw,GBPUSD,1.34912,1.34913,1e-05,1,London,Friday
2026-01-23 09:32:47,VantageMarkets Raw,USDJPY,159.186,159.188,0.002,2,London,Friday
2026-01-23 09:32:48,VantageMarkets Raw,AUDUSD,0.68469,0.68472,3e-05,3,London,Friday
2026-01-23 09:32:51,FPMarkets Raw,XAUUSD,4955.46,4955.53,0.07,7,London,Friday
2026-01-23 09:32:52,FPMarkets Raw,EURUSD,1.17372,1.17373,1e-05,1,London,Friday
2026-01-23 09:32:53,FPMarkets Raw,GBPUSD,1.34902,1.34905,3e-05,3,London,Friday
2026-01-23 09:32:54,FPMarkets Raw,USDJPY,159.192,159.195,0.003,3,London,Friday
2026-01-23 09:32:55,FPMarkets Raw,AUDUSD,0.68466,0.68469,3e-05,3,London,Friday
2026-01-23 09:32:57,8Cap Raw,XAUUSD,4955.22,4955.38,0.16,16,London,Friday
2026-01-23 09:32:57,8Cap Raw,EURUSD,1.17373,1.17374,1e-05,1,London,Friday
2026-01-23 09:32:58,8Cap Raw,GBPUSD,1.34911,1.34913,2e-05,2,London,Friday
2026-01-23 09:32:59,8Cap Raw,USDJPY,159.203,159.204,0.001,1,London,Friday
2026-01-23 09:32:59,8Cap Raw,AUDUSD,0.68463,0.68465,2e-05,2,London,Friday
2026-01-23 09:37:17,Pepperstone Razor,XAUUSD,4953.71,4953.87,0.16,16,London,Friday
2026-01-23 09:37:17,Pepperstone Razor,EURUSD,1.1737,1.1737,0.0,0,London,Friday
2026-01-23 09:37:18,Pepperstone Razor,GBPUSD,1.34943,1.34943,0.0,0,London,Friday
2026-01-23 09:37:19,Pepperstone Razor,USDJPY,159.207,159.208,0.001,1,London,Friday
2026-01-23 09:37:20,Pepperstone Razor,AUDUSD,0.68455,0.68455,0.0,0,London,Friday
2026-01-23 09:37:25,FusionMarkets Zero,XAUUSD,4953.01,4953.13,0.12,12,London,Friday
2026-01-23 09:37:26,FusionMarkets Zero,EURUSD,1.17368,1.17368,0.0,0,London,Friday
2026-01-23 09:37:26,FusionMarkets Zero,GBPUSD,1.3494,1.3494,0.0,0,London,Friday
2026-01-23 09:37:27,FusionMarkets Zero,USDJPY,159.209,159.209,0.0,0,London,Friday
2026-01-23 09:37:28,FusionMarkets Zero,AUDUSD,0.68458,0.68458,0.0,0,London,Friday
2026-01-23 09:37:32,ThinkMarkets ThinkZero,XAUUSD,4954.19,4954.27,0.08,8,London,Friday
2026-01-23 09:37:33,ThinkMarkets ThinkZero,EURUSD,1.17367,1.17369,2e-05,2,London,Friday
2026-01-23 09:37:34,ThinkMarkets ThinkZero,GBPUSD,1.34944,1.34951,7e-05,7,London,Friday
2026-01-23 09:37:35,ThinkMarkets ThinkZero,USDJPY,159.206,159.211,0.005,5,London,Friday
2026-01-23 09:37:35,ThinkMarkets ThinkZero,AUDUSD,0.68456,0.68459,3e-05,3,London,Friday
2026-01-23 09:37:39,ICMarkets Raw,XAUUSD,4954.46,4954.57,0.11,11,London,Friday
2026-01-23 09:37:40,ICMarkets Raw,EURUSD,1.1737,1.1737,0.0,0,London,Friday
2026-01-23 09:37:41,ICMarkets Raw,GBPUSD,1.34947,1.34948,1e-05,1,London,Friday
2026-01-23 09:37:42,ICMarkets Raw,USDJPY,159.208,159.208,0.0,0,London,Friday
2026-01-23 09:37:43,ICMarkets Raw,AUDUSD,0.68462,0.68463,1e-05,1,London,Friday
2026-01-23 09:37:45,VantageMarkets Raw,XAUUSD,4954.75,4954.83,0.08,8,London,Friday
2026-01-23 09:37:46,VantageMarkets Raw,EURUSD,1.1737,1.17371,1e-05,1,London,Friday
2026-01-23 09:37:47,VantageMarkets Raw,GBPUSD,1.34947,1.34948,1e-05,1,London,Friday
2026-01-23 09:37:48,VantageMarkets Raw,USDJPY,159.209,159.212,0.003,3,London,Friday
2026-01-23 09:37:49,VantageMarkets Raw,AUDUSD,0.68461,0.68465,4e-05,4,London,Friday
2026-01-23 09:37:53,FPMarkets Raw,XAUUSD,4954.87,4954.94,0.07,7,London,Friday
2026-01-23 09:37:54,FPMarkets Raw,EURUSD,1.17365,1.17366,1e-05,1,London,Friday
2026-01-23 09:37:54,FPMarkets Raw,GBPUSD,1.34945,1.34948,3e-05,3,London,Friday
2026-01-23 09:37:55,FPMarkets Raw,USDJPY,159.206,159.209,0.003,3,London,Friday
2026-01-23 09:37:56,FPMarkets Raw,AUDUSD,0.68461,0.68463,2e-05,2,London,Friday
2026-01-23 09:37:58,8Cap Raw,XAUUSD,4954.79,4954.95,0.16,16,London,Friday
2026-01-23 09:37:59,8Cap Raw,EURUSD,1.17369,1.1737,1e-05,1,London,Friday
2026-01-23 09:38:00,8Cap Raw,GBPUSD,1.34947,1.34948,1e-05,1,London,Friday
2026-01-23 09:38:00,8Cap Raw,USDJPY,159.208,159.209,0.001,1,London,Friday
2026-01-23 09:38:01,8Cap Raw,AUDUSD,0.68461,0.68464,3e-05,3,London,Friday
2026-01-23 09:42:17,Pepperstone Razor,XAUUSD,4952.42,4952.6,0.18,18,London,Friday
2026-01-23 09:42:18,Pepperstone Razor,EURUSD,1.17386,1.17386,0.0,0,London,Friday
2026-01-23 09:42:19,Pepperstone Razor,GBPUSD,1.34947,1.3495,3e-05,3,London,Friday
2026-01-23 09:42:20,Pepperstone Razor,USDJPY,159.06,159.063,0.003,3,London,Friday
2026-01-23 09:42:21,Pepperstone Razor,AUDUSD,0.6845,0.68451,1e-05,1,London,Friday
2026-01-23 09:42:24,FusionMarkets Zero,XAUUSD,4952.61,4952.72,0.11,11,London,Friday
2026-01-23 09:42:25,FusionMarkets Zero,EURUSD,1.17385,1.17385,0.0,0,London,Friday
2026-01-23 09:42:26,FusionMarkets Zero,GBPUSD,1.34952,1.34952,0.0,0,London,Friday
2026-01-23 09:42:27,FusionMarkets Zero,USDJPY,159.056,159.058,0.002,2,London,Friday
2026-01-23 09:42:28,FusionMarkets Zero,AUDUSD,0.68449,0.68449,0.0,0,London,Friday
2026-01-23 09:42:31,ThinkMarkets ThinkZero,XAUUSD,4952.43,4952.51,0.08,8,London,Friday
2026-01-23 09:42:32,ThinkMarkets ThinkZero,EURUSD,1.17383,1.17385,2e-05,2,London,Friday
2026-01-23 09:42:33,ThinkMarkets ThinkZero,GBPUSD,1.3495,1.34956,6e-05,6,London,Friday
2026-01-23 09:42:34,ThinkMarkets ThinkZero,USDJPY,159.054,159.059,0.005,5,London,Friday
2026-01-23 09:42:34,ThinkMarkets ThinkZero,AUDUSD,0.68448,0.68451,3e-05,3,London,Friday
2026-01-23 09:42:38,ICMarkets Raw,XAUUSD,4952.73,4952.84,0.11,11,London,Friday
2026-01-23 09:42:39,ICMarkets Raw,EURUSD,1.17388,1.17388,0.0,0,London,Friday
2026-01-23 09:42:40,ICMarkets Raw,GBPUSD,1.34955,1.34956,1e-05,1,London,Friday
2026-01-23 09:42:41,ICMarkets Raw,USDJPY,159.033,159.034,0.001,1,London,Friday
2026-01-23 09:42:42,ICMarkets Raw,AUDUSD,0.68449,0.6845,1e-05,1,London,Friday
2026-01-23 09:42:45,VantageMarkets Raw,XAUUSD,4952.06,4952.14,0.08,8,London,Friday
2026-01-23 09:42:46,VantageMarkets Raw,EURUSD,1.17387,1.17388,1e-05,1,London,Friday
2026-01-23 09:42:46,VantageMarkets Raw,GBPUSD,1.34954,1.34955,1e-05,1,London,Friday
2026-01-23 09:42:47,VantageMarkets Raw,USDJPY,159.034,159.037,0.003,3,London,Friday
2026-01-23 09:42:48,VantageMarkets Raw,AUDUSD,0.68446,0.6845,4e-05,4,London,Friday
2026-01-23 09:42:53,FPMarkets Raw,XAUUSD,4951.88,4951.95,0.07,7,London,Friday
2026-01-23 09:42:54,FPMarkets Raw,EURUSD,1.17385,1.17387,2e-05,2,London,Friday
2026-01-23 09:42:56,FPMarkets Raw,GBPUSD,1.34954,1.34957,3e-05,3,London,Friday
2026-01-23 09:42:57,FPMarkets Raw,USDJPY,159.02,159.023,0.003,3,London,Friday
2026-01-23 09:42:58,FPMarkets Raw,AUDUSD,0.68443,0.68447,4e-05,4,London,Friday
2026-01-23 09:43:00,8Cap Raw,XAUUSD,4951.42,4951.58,0.16,16,London,Friday
2026-01-23 09:43:01,8Cap Raw,EURUSD,1.17387,1.17387,0.0,0,London,Friday
2026-01-23 09:43:02,8Cap Raw,GBPUSD,1.34956,1.34957,1e-05,1,London,Friday
2026-01-23 09:43:02,8Cap Raw,USDJPY,159.025,159.026,0.001,1,London,Friday
2026-01-23 09:43:03,8Cap Raw,AUDUSD,0.68441,0.68444,3e-05,3,London,Friday
2026-01-23 09:47:17,Pepperstone Razor,XAUUSD,4949.43,4949.64,0.21,21,London,Friday
2026-01-23 09:47:17,Pepperstone Razor,EURUSD,1.17434,1.17434,0.0,0,London,Friday
2026-01-23 09:47:18,Pepperstone Razor,GBPUSD,1.35018,1.3502,2e-05,2,London,Friday
2026-01-23 09:47:19,Pepperstone Razor,USDJPY,157.908,157.931,0.023,23,London,Friday
2026-01-23 09:47:20,Pepperstone Razor,AUDUSD,0.68445,0.68447,2e-05,2,London,Friday
2026-01-23 09:47:24,FusionMarkets Zero,XAUUSD,4948.42,4948.52,0.1,10,London,Friday
2026-01-23 09:47:25,FusionMarkets Zero,EURUSD,1.17426,1.17426,0.0,0,London,Friday
2026-01-23 09:47:26,FusionMarkets Zero,GBPUSD,1.34998,1.34998,0.0,0,London,Friday
2026-01-23 09:47:26,FusionMarkets Zero,USDJPY,158.024,158.066,0.042,42,London,Friday
2026-01-23 09:47:27,FusionMarkets Zero,AUDUSD,0.6844,0.6844,0.0,0,London,Friday
2026-01-23 09:47:31,ThinkMarkets ThinkZero,XAUUSD,4948.86,4948.94,0.08,8,London,Friday
2026-01-23 09:47:32,ThinkMarkets ThinkZero,EURUSD,1.17423,1.17425,2e-05,2,London,Friday
2026-01-23 09:47:33,ThinkMarkets ThinkZero,GBPUSD,1.34998,1.35002,4e-05,4,London,Friday
2026-01-23 09:47:34,ThinkMarkets ThinkZero,USDJPY,157.999,158.013,0.014,14,London,Friday
2026-01-23 09:47:34,ThinkMarkets ThinkZero,AUDUSD,0.68436,0.68439,3e-05,3,London,Friday
2026-01-23 09:47:38,ICMarkets Raw,XAUUSD,4948.33,4948.44,0.11,11,London,Friday
2026-01-23 09:47:39,ICMarkets Raw,EURUSD,1.17417,1.17417,0.0,0,London,Friday
2026-01-23 09:47:40,ICMarkets Raw,GBPUSD,1.34996,1.34998,2e-05,2,London,Friday
2026-01-23 09:47:41,ICMarkets Raw,USDJPY,158.054,158.09,0.036,36,London,Friday
2026-01-23 09:47:41,ICMarkets Raw,AUDUSD,0.68437,0.68438,1e-05,1,London,Friday
2026-01-23 09:47:45,VantageMarkets Raw,XAUUSD,4948.42,4948.5,0.08,8,London,Friday
2026-01-23 09:47:46,VantageMarkets Raw,EURUSD,1.17415,1.17417,2e-05,2,London,Friday
2026-01-23 09:47:46,VantageMarkets Raw,GBPUSD,1.34988,1.34989,1e-05,1,London,Friday
2026-01-23 09:47:47,VantageMarkets Raw,USDJPY,158.13,158.175,0.045,45,London,Friday
2026-01-23 09:47:48,VantageMarkets Raw,AUDUSD,0.68431,0.68435,4e-05,4,London,Friday
2026-01-23 09:47:52,FPMarkets Raw,XAUUSD,4947.91,4947.98,0.07,7,London,Friday
2026-01-23 09:47:53,FPMarkets Raw,EURUSD,1.17415,1.17416,1e-05,1,London,Friday
2026-01-23 09:47:54,FPMarkets Raw,GBPUSD,1.34987,1.3499,3e-05,3,London,Friday
2026-01-23 09:47:55,FPMarkets Raw,USDJPY,158.164,158.193,0.029,29,London,Friday
2026-01-23 09:47:56,FPMarkets Raw,AUDUSD,0.68435,0.68439,4e-05,4,London,Friday
2026-01-23 09:47:58,8Cap Raw,XAUUSD,4947.55,4947.71,0.16,16,London,Friday
2026-01-23 09:47:58,8Cap Raw,EURUSD,1.17411,1.17412,1e-05,1,London,Friday
2026-01-23 09:47:59,8Cap Raw,GBPUSD,1.34975,1.34976,1e-05,1,London,Friday
2026-01-23 09:48:00,8Cap Raw,USDJPY,158.248,158.253,0.005,5,London,Friday
2026-01-23 09:48:00,8Cap Raw,AUDUSD,0.68429,0.68432,3e-05,3,London,Friday
2026-01-23 09:52:18,Pepperstone Razor,XAUUSD,4949.09,4949.26,0.17,17,London,Friday
2026-01-23 09:52:18,Pepperstone Razor,EURUSD,1.17398,1.17398,0.0,0,London,Friday
2026-01-23 09:52:19,Pepperstone Razor,GBPUSD,1.34985,1.34989,4e-05,4,London,Friday
2026-01-23 09:52:20,Pepperstone Razor,USDJPY,158.163,158.17,0.007,7,London,Friday
2026-01-23 09:52:21,Pepperstone Razor,AUDUSD,0.68428,0.68428,0.0,0,London,Friday
2026-01-23 09:52:25,FusionMarkets Zero,XAUUSD,4948.88,4949.01,0.13,13,London,Friday
2026-01-23 09:52:26,FusionMarkets Zero,EURUSD,1.17394,1.17394,0.0,0,London,Friday
2026-01-23 09:52:27,FusionMarkets Zero,GBPUSD,1.34973,1.34973,0.0,0,London,Friday
2026-01-23 09:52:28,FusionMarkets Zero,USDJPY,158.173,158.241,0.068,68,London,Friday
2026-01-23 09:52:29,FusionMarkets Zero,AUDUSD,0.68425,0.68425,0.0,0,London,Friday
2026-01-23 09:52:33,ThinkMarkets ThinkZero,XAUUSD,4948.07,4948.15,0.08,8,London,Friday
2026-01-23 09:52:33,ThinkMarkets ThinkZero,EURUSD,1.1739,1.17392,2e-05,2,London,Friday
2026-01-23 09:52:34,ThinkMarkets ThinkZero,GBPUSD,1.3496,1.34966,6e-05,6,London,Friday
2026-01-23 09:52:35,ThinkMarkets ThinkZero,USDJPY,158.204,158.214,0.01,10,London,Friday
2026-01-23 09:52:36,ThinkMarkets ThinkZero,AUDUSD,0.68424,0.68426,2e-05,2,London,Friday
2026-01-23 09:52:40,ICMarkets Raw,XAUUSD,4948.23,4948.3,0.07,7,London,Friday
2026-01-23 09:52:40,ICMarkets Raw,EURUSD,1.17395,1.17395,0.0,0,London,Friday
2026-01-23 09:52:41,ICMarkets Raw,GBPUSD,1.34973,1.34974,1e-05,1,London,Friday
2026-01-23 09:52:42,ICMarkets Raw,USDJPY,158.155,158.219,0.064,64,London,Friday
2026-01-23 09:52:43,ICMarkets Raw,AUDUSD,0.68427,0.68427,0.0,0,London,Friday
2026-01-23 09:52:46,VantageMarkets Raw,XAUUSD,4947.83,4947.91,0.08,8,London,Friday
2026-01-23 09:52:47,VantageMarkets Raw,EURUSD,1.1739,1.17392,2e-05,2,London,Friday
2026-01-23 09:52:48,VantageMarkets Raw,GBPUSD,1.34973,1.34974,1e-05,1,London,Friday
2026-01-23 09:52:49,VantageMarkets Raw,USDJPY,158.159,158.162,0.003,3,London,Friday
2026-01-23 09:52:50,VantageMarkets Raw,AUDUSD,0.68424,0.68427,3e-05,3,London,Friday
2026-01-23 09:52:53,FPMarkets Raw,XAUUSD,4948.43,4948.5,0.07,7,London,Friday
2026-01-23 09:52:54,FPMarkets Raw,EURUSD,1.17392,1.17393,1e-05,1,London,Friday
2026-01-23 09:52:55,FPMarkets Raw,GBPUSD,1.34964,1.34968,4e-05,4,London,Friday
2026-01-23 09:52:56,FPMarkets Raw,USDJPY,158.166,158.179,0.013,13,London,Friday
2026-01-23 09:52:57,FPMarkets Raw,AUDUSD,0.68423,0.68426,3e-05,3,London,Friday
2026-01-23 09:52:59,8Cap Raw,XAUUSD,4948.58,4948.74,0.16,16,London,Friday
2026-01-23 09:53:00,8Cap Raw,EURUSD,1.17391,1.17392,1e-05,1,London,Friday
2026-01-23 09:53:01,8Cap Raw,GBPUSD,1.34968,1.34969,1e-05,1,London,Friday
2026-01-23 09:53:01,8Cap Raw,USDJPY,158.182,158.184,0.002,2,London,Friday
2026-01-23 09:53:02,8Cap Raw,AUDUSD,0.68423,0.68427,4e-05,4,London,Friday
2026-01-23 09:57:17,Pepperstone Razor,XAUUSD,4948.13,4948.29,0.16,16,London,Friday
2026-01-23 09:57:18,Pepperstone Razor,EURUSD,1.17388,1.17389,1e-05,1,London,Friday
2026-01-23 09:57:19,Pepperstone Razor,GBPUSD,1.34933,1.34939,6e-05,6,London,Friday
2026-01-23 09:57:20,Pepperstone Razor,USDJPY,158.395,158.402,0.007,7,London,Friday
2026-01-23 09:57:20,Pepperstone Razor,AUDUSD,0.68429,0.6843,1e-05,1,London,Friday
2026-01-23 09:57:24,FusionMarkets Zero,XAUUSD,4947.36,4947.44,0.08,8,London,Friday
2026-01-23 09:57:25,FusionMarkets Zero,EURUSD,1.17378,1.17378,0.0,0,London,Friday
2026-01-23 09:57:26,FusionMarkets Zero,GBPUSD,1.34932,1.34932,0.0,0,London,Friday
2026-01-23 09:57:27,FusionMarkets Zero,USDJPY,158.415,158.415,0.0,0,London,Friday
2026-01-23 09:57:28,FusionMarkets Zero,AUDUSD,0.6843,0.6843,0.0,0,London,Friday
2026-01-23 09:57:31,ThinkMarkets ThinkZero,XAUUSD,4947.04,4947.12,0.08,8,London,Friday
2026-01-23 09:57:32,ThinkMarkets ThinkZero,EURUSD,1.17374,1.17377,3e-05,3,London,Friday
2026-01-23 09:57:33,ThinkMarkets ThinkZero,GBPUSD,1.34922,1.3493,8e-05,8,London,Friday
2026-01-23 09:57:34,ThinkMarkets ThinkZero,USDJPY,158.431,158.438,0.007,7,London,Friday
2026-01-23 09:57:35,ThinkMarkets ThinkZero,AUDUSD,0.68431,0.68432,1e-05,1,London,Friday
2026-01-23 09:57:38,ICMarkets Raw,XAUUSD,4946.31,4946.37,0.06,6,London,Friday
2026-01-23 09:57:39,ICMarkets Raw,EURUSD,1.17363,1.17364,1e-05,1,London,Friday
2026-01-23 09:57:40,ICMarkets Raw,GBPUSD,1.34904,1.34906,2e-05,2,London,Friday
2026-01-23 09:57:41,ICMarkets Raw,USDJPY,158.402,158.402,0.0,0,London,Friday
2026-01-23 09:57:42,ICMarkets Raw,AUDUSD,0.68436,0.68438,2e-05,2,London,Friday
2026-01-23 09:57:45,VantageMarkets Raw,XAUUSD,4945.95,4946.03,0.08,8,London,Friday
2026-01-23 09:57:46,VantageMarkets Raw,EURUSD,1.17365,1.17366,1e-05,1,London,Friday
2026-01-23 09:57:47,VantageMarkets Raw,GBPUSD,1.34908,1.34909,1e-05,1,London,Friday
2026-01-23 09:57:48,VantageMarkets Raw,USDJPY,158.352,158.353,0.001,1,London,Friday
2026-01-23 09:57:49,VantageMarkets Raw,AUDUSD,0.68442,0.68445,3e-05,3,London,Friday
2026-01-23 09:57:53,FPMarkets Raw,XAUUSD,4946.1,4946.17,0.07,7,London,Friday
2026-01-23 09:57:54,FPMarkets Raw,EURUSD,1.17374,1.17375,1e-05,1,London,Friday
2026-01-23 09:57:56,FPMarkets Raw,GBPUSD,1.34918,1.34921,3e-05,3,London,Friday
2026-01-23 09:57:57,FPMarkets Raw,USDJPY,158.317,158.337,0.02,20,London,Friday
2026-01-23 09:57:58,FPMarkets Raw,AUDUSD,0.68444,0.68447,3e-05,3,London,Friday
2026-01-23 09:58:00,8Cap Raw,XAUUSD,4945.4,4945.56,0.16,16,London,Friday
2026-01-23 09:58:01,8Cap Raw,EURUSD,1.17366,1.17367,1e-05,1,London,Friday
2026-01-23 09:58:02,8Cap Raw,GBPUSD,1.34914,1.34915,1e-05,1,London,Friday
2026-01-23 09:58:02,8Cap Raw,USDJPY,158.353,158.354,0.001,1,London,Friday
2026-01-23 09:58:03,8Cap Raw,AUDUSD,0.68446,0.68448,2e-05,2,London,Friday
2026-01-23 10:02:16,Pepperstone Razor,XAUUSD,4944.97,4945.15,0.18,18,London,Friday
2026-01-23 10:02:17,Pepperstone Razor,EURUSD,1.17385,1.17385,0.0,0,London,Friday
2026-01-23 10:02:18,Pepperstone Razor,GBPUSD,1.34923,1.34924,1e-05,1,London,Friday
2026-01-23 10:02:19,Pepperstone Razor,USDJPY,158.254,158.26,0.006,6,London,Friday
2026-01-23 10:02:20,Pepperstone Razor,AUDUSD,0.68428,0.68429,1e-05,1,London,Friday
2026-01-23 10:02:23,FusionMarkets Zero,XAUUSD,4944.97,4945.08,0.11,11,London,Friday
2026-01-23 10:02:24,FusionMarkets Zero,EURUSD,1.17384,1.17384,0.0,0,London,Friday
2026-01-23 10:02:25,FusionMarkets Zero,GBPUSD,1.34926,1.34926,0.0,0,London,Friday
2026-01-23 10:02:26,FusionMarkets Zero,USDJPY,158.254,158.256,0.002,2,London,Friday
2026-01-23 10:02:27,FusionMarkets Zero,AUDUSD,0.68425,0.68425,0.0,0,London,Friday
2026-01-23 10:02:30,ThinkMarkets ThinkZero,XAUUSD,4944.7,4944.78,0.08,8,London,Friday
2026-01-23 10:02:31,ThinkMarkets ThinkZero,EURUSD,1.17378,1.1738,2e-05,2,London,Friday
2026-01-23 10:02:32,ThinkMarkets ThinkZero,GBPUSD,1.34912,1.34916,4e-05,4,London,Friday
2026-01-23 10:02:33,ThinkMarkets ThinkZero,USDJPY,158.302,158.315,0.013,13,London,Friday
2026-01-23 10:02:34,ThinkMarkets ThinkZero,AUDUSD,0.68419,0.68421,2e-05,2,London,Friday
2026-01-23 10:02:36,ICMarkets Raw,XAUUSD,4945.0,4945.11,0.11,11,London,Friday
2026-01-23 10:02:37,ICMarkets Raw,EURUSD,1.17383,1.17383,0.0,0,London,Friday
2026-01-23 10:02:38,ICMarkets Raw,GBPUSD,1.34916,1.34917,1e-05,1,London,Friday
2026-01-23 10:02:39,ICMarkets Raw,USDJPY,158.283,158.285,0.002,2,London,Friday
2026-01-23 10:02:40,ICMarkets Raw,AUDUSD,0.68419,0.68419,0.0,0,London,Friday
2026-01-23 10:02:43,VantageMarkets Raw,XAUUSD,4945.4,4945.48,0.08,8,London,Friday
2026-01-23 10:02:44,VantageMarkets Raw,EURUSD,1.17374,1.17376,2e-05,2,London,Friday
2026-01-23 10:02:45,VantageMarkets Raw,GBPUSD,1.34917,1.34918,1e-05,1,London,Friday
2026-01-23 10:02:45,VantageMarkets Raw,USDJPY,158.338,158.34,0.002,2,London,Friday
2026-01-23 10:02:46,VantageMarkets Raw,AUDUSD,0.68418,0.68421,3e-05,3,London,Friday
2026-01-23 10:02:49,FPMarkets Raw,XAUUSD,4946.17,4946.24,0.07,7,London,Friday
2026-01-23 10:02:50,FPMarkets Raw,EURUSD,1.17374,1.17376,2e-05,2,London,Friday
2026-01-23 10:03:05,FPMarkets Raw,GBPUSD,1.34916,1.34919,3e-05,3,London,Friday
2026-01-23 10:03:07,FPMarkets Raw,USDJPY,158.308,158.319,0.011,11,London,Friday
2026-01-23 10:03:08,FPMarkets Raw,AUDUSD,0.68425,0.68428,3e-05,3,London,Friday
2026-01-23 10:03:10,8Cap Raw,XAUUSD,4944.61,4944.77,0.16,16,London,Friday
2026-01-23 10:03:10,8Cap Raw,EURUSD,1.17373,1.17373,0.0,0,London,Friday
2026-01-23 10:03:11,8Cap Raw,GBPUSD,1.34917,1.34918,1e-05,1,London,Friday
2026-01-23 10:03:12,8Cap Raw,USDJPY,158.326,158.327,0.001,1,London,Friday
2026-01-23 10:03:12,8Cap Raw,AUDUSD,0.68425,0.68428,3e-05,3,London,Friday
2026-01-23 10:07:16,Pepperstone Razor,XAUUSD,4946.09,4946.27,0.18,18,London,Friday
2026-01-23 10:07:17,Pepperstone Razor,EURUSD,1.17356,1.17356,0.0,0,London,Friday
2026-01-23 10:07:17,Pepperstone Razor,GBPUSD,1.34895,1.34896,1e-05,1,London,Friday
2026-01-23 10:07:18,Pepperstone Razor,USDJPY,158.335,158.339,0.004,4,London,Friday
2026-01-23 10:07:19,Pepperstone Razor,AUDUSD,0.68407,0.68407,0.0,0,London,Friday
2026-01-23 10:07:22,FusionMarkets Zero,XAUUSD,4945.8,4945.88,0.08,8,London,Friday
2026-01-23 10:07:23,FusionMarkets Zero,EURUSD,1.17355,1.17355,0.0,0,London,Friday
2026-01-23 10:07:24,FusionMarkets Zero,GBPUSD,1.34898,1.34898,0.0,0,London,Friday
2026-01-23 10:07:25,FusionMarkets Zero,USDJPY,158.35,158.352,0.002,2,London,Friday
2026-01-23 10:07:25,FusionMarkets Zero,AUDUSD,0.6841,0.6841,0.0,0,London,Friday
2026-01-23 10:07:28,ThinkMarkets ThinkZero,XAUUSD,4946.23,4946.31,0.08,8,London,Friday
2026-01-23 10:07:29,ThinkMarkets ThinkZero,EURUSD,1.17358,1.1736,2e-05,2,London,Friday
2026-01-23 10:07:30,ThinkMarkets ThinkZero,GBPUSD,1.34895,1.34901,6e-05,6,London,Friday
2026-01-23 10:07:31,ThinkMarkets ThinkZero,USDJPY,158.348,158.354,0.006,6,London,Friday
2026-01-23 10:07:32,ThinkMarkets ThinkZero,AUDUSD,0.68408,0.6841,2e-05,2,London,Friday
2026-01-23 10:07:34,ICMarkets Raw,XAUUSD,4946.61,4946.67,0.06,6,London,Friday
2026-01-23 10:07:35,ICMarkets Raw,EURUSD,1.17363,1.17363,0.0,0,London,Friday
2026-01-23 10:07:36,ICMarkets Raw,GBPUSD,1.34901,1.34903,2e-05,2,London,Friday
2026-01-23 10:07:37,ICMarkets Raw,USDJPY,158.295,158.297,0.002,2,London,Friday
2026-01-23 10:07:38,ICMarkets Raw,AUDUSD,0.6841,0.6841,0.0,0,London,Friday
2026-01-23 10:07:40,VantageMarkets Raw,XAUUSD,4946.33,4946.41,0.08,8,London,Friday
2026-01-23 10:07:41,VantageMarkets Raw,EURUSD,1.17359,1.17361,2e-05,2,London,Friday
2026-01-23 10:07:42,VantageMarkets Raw,GBPUSD,1.34897,1.34898,1e-05,1,London,Friday
2026-01-23 10:07:43,VantageMarkets Raw,USDJPY,158.269,158.271,0.002,2,London,Friday
2026-01-23 10:07:44,VantageMarkets Raw,AUDUSD,0.6841,0.68413,3e-05,3,London,Friday
2026-01-23 10:07:47,FPMarkets Raw,XAUUSD,4946.43,4946.5,0.07,7,London,Friday
2026-01-23 10:07:48,FPMarkets Raw,EURUSD,1.17359,1.1736,1e-05,1,London,Friday
2026-01-23 10:07:49,FPMarkets Raw,GBPUSD,1.34897,1.349,3e-05,3,London,Friday
2026-01-23 10:07:49,FPMarkets Raw,USDJPY,158.265,158.283,0.018,18,London,Friday
2026-01-23 10:07:50,FPMarkets Raw,AUDUSD,0.68408,0.68411,3e-05,3,London,Friday
2026-01-23 10:07:52,8Cap Raw,XAUUSD,4946.37,4946.53,0.16,16,London,Friday
2026-01-23 10:07:53,8Cap Raw,EURUSD,1.17359,1.17359,0.0,0,London,Friday
2026-01-23 10:07:54,8Cap Raw,GBPUSD,1.34885,1.34886,1e-05,1,London,Friday
2026-01-23 10:07:54,8Cap Raw,USDJPY,158.302,158.303,0.001,1,London,Friday
2026-01-23 10:07:55,8Cap Raw,AUDUSD,0.68401,0.68405,4e-05,4,London,Friday
2026-01-23 10:12:16,Pepperstone Razor,XAUUSD,4941.41,4941.57,0.16,16,London,Friday
2026-01-23 10:12:17,Pepperstone Razor,EURUSD,1.17325,1.17325,0.0,0,London,Friday
2026-01-23 10:12:18,Pepperstone Razor,GBPUSD,1.34877,1.34879,2e-05,2,London,Friday
2026-01-23 10:12:19,Pepperstone Razor,USDJPY,158.374,158.375,0.001,1,London,Friday
2026-01-23 10:12:20,Pepperstone Razor,AUDUSD,0.68393,0.68395,2e-05,2,London,Friday
2026-01-23 10:12:23,FusionMarkets Zero,XAUUSD,4940.91,4940.96,0.05,5,London,Friday
2026-01-23 10:12:23,FusionMarkets Zero,EURUSD,1.17329,1.17329,0.0,0,London,Friday
2026-01-23 10:12:24,FusionMarkets Zero,GBPUSD,1.34886,1.34886,0.0,0,London,Friday
2026-01-23 10:12:25,FusionMarkets Zero,USDJPY,158.358,158.358,0.0,0,London,Friday
2026-01-23 10:12:26,FusionMarkets Zero,AUDUSD,0.68399,0.68399,0.0,0,London,Friday
2026-01-23 10:12:29,ThinkMarkets ThinkZero,XAUUSD,4941.49,4941.57,0.08,8,London,Friday
2026-01-23 10:12:30,ThinkMarkets ThinkZero,EURUSD,1.17332,1.17335,3e-05,3,London,Friday
2026-01-23 10:12:31,ThinkMarkets ThinkZero,GBPUSD,1.34883,1.34888,5e-05,5,London,Friday
2026-01-23 10:12:32,ThinkMarkets ThinkZero,USDJPY,158.32,158.325,0.005,5,London,Friday
2026-01-23 10:12:33,ThinkMarkets ThinkZero,AUDUSD,0.68397,0.684,3e-05,3,London,Friday
2026-01-23 10:12:36,ICMarkets Raw,XAUUSD,4941.0,4941.05,0.05,5,London,Friday
2026-01-23 10:12:37,ICMarkets Raw,EURUSD,1.17344,1.17345,1e-05,1,London,Friday
2026-01-23 10:12:38,ICMarkets Raw,GBPUSD,1.34892,1.34893,1e-05,1,London,Friday
2026-01-23 10:12:38,ICMarkets Raw,USDJPY,158.318,158.32,0.002,2,London,Friday
2026-01-23 10:12:39,ICMarkets Raw,AUDUSD,0.68404,0.68404,0.0,0,London,Friday
2026-01-23 10:12:42,VantageMarkets Raw,XAUUSD,4940.65,4940.73,0.08,8,London,Friday
2026-01-23 10:12:43,VantageMarkets Raw,EURUSD,1.17346,1.17348,2e-05,2,London,Friday
2026-01-23 10:12:44,VantageMarkets Raw,GBPUSD,1.3489,1.34891,1e-05,1,London,Friday
2026-01-23 10:12:45,VantageMarkets Raw,USDJPY,158.323,158.325,0.002,2,London,Friday
2026-01-23 10:12:46,VantageMarkets Raw,AUDUSD,0.68401,0.68404,3e-05,3,London,Friday
2026-01-23 10:12:48,FPMarkets Raw,XAUUSD,4941.16,4941.23,0.07,7,London,Friday
2026-01-23 10:12:49,FPMarkets Raw,EURUSD,1.17343,1.17344,1e-05,1,London,Friday
2026-01-23 10:12:50,FPMarkets Raw,GBPUSD,1.34887,1.34891,4e-05,4,London,Friday
2026-01-23 10:12:51,FPMarkets Raw,USDJPY,158.328,158.344,0.016,16,London,Friday
2026-01-23 10:12:52,FPMarkets Raw,AUDUSD,0.68404,0.68407,3e-05,3,London,Friday
2026-01-23 10:12:54,8Cap Raw,XAUUSD,4941.95,4942.11,0.16,16,London,Friday
2026-01-23 10:12:55,8Cap Raw,EURUSD,1.17346,1.17347,1e-05,1,London,Friday
2026-01-23 10:12:55,8Cap Raw,GBPUSD,1.3489,1.34891,1e-05,1,London,Friday
2026-01-23 10:12:56,8Cap Raw,USDJPY,158.34,158.341,0.001,1,London,Friday
2026-01-23 10:12:57,8Cap Raw,AUDUSD,0.68403,0.68406,3e-05,3,London,Friday
2026-01-23 10:17:16,Pepperstone Razor,XAUUSD,4942.17,4942.34,0.17,17,London,Friday
2026-01-23 10:17:17,Pepperstone Razor,EURUSD,1.17315,1.17315,0.0,0,London,Friday
2026-01-23 10:17:18,Pepperstone Razor,GBPUSD,1.34879,1.34879,0.0,0,London,Friday
2026-01-23 10:17:19,Pepperstone Razor,USDJPY,158.346,158.348,0.002,2,London,Friday
2026-01-23 10:17:20,Pepperstone Razor,AUDUSD,0.68401,0.68402,1e-05,1,London,Friday
2026-01-23 10:17:23,FusionMarkets Zero,XAUUSD,4942.13,4942.18,0.05,5,London,Friday
2026-01-23 10:17:24,FusionMarkets Zero,EURUSD,1.17317,1.17317,0.0,0,London,Friday
2026-01-23 10:17:24,FusionMarkets Zero,GBPUSD,1.34886,1.34886,0.0,0,London,Friday
2026-01-23 10:17:25,FusionMarkets Zero,USDJPY,158.33,158.332,0.002,2,London,Friday
2026-01-23 10:17:26,FusionMarkets Zero,AUDUSD,0.68399,0.68399,0.0,0,London,Friday
2026-01-23 10:17:29,ThinkMarkets ThinkZero,XAUUSD,4940.81,4940.89,0.08,8,London,Friday
2026-01-23 10:17:30,ThinkMarkets ThinkZero,EURUSD,1.17305,1.17308,3e-05,3,London,Friday
2026-01-23 10:17:31,ThinkMarkets ThinkZero,GBPUSD,1.34883,1.34888,5e-05,5,London,Friday
2026-01-23 10:17:32,ThinkMarkets ThinkZero,USDJPY,158.34,158.346,0.006,6,London,Friday
2026-01-23 10:17:33,ThinkMarkets ThinkZero,AUDUSD,0.68397,0.68399,2e-05,2,London,Friday
2026-01-23 10:17:36,ICMarkets Raw,XAUUSD,4940.69,4940.81,0.12,12,London,Friday
2026-01-23 10:17:37,ICMarkets Raw,EURUSD,1.17308,1.17308,0.0,0,London,Friday
2026-01-23 10:17:38,ICMarkets Raw,GBPUSD,1.34887,1.34888,1e-05,1,London,Friday
2026-01-23 10:17:39,ICMarkets Raw,USDJPY,158.322,158.324,0.002,2,London,Friday
2026-01-23 10:17:39,ICMarkets Raw,AUDUSD,0.684,0.68401,1e-05,1,London,Friday
2026-01-23 10:17:42,VantageMarkets Raw,XAUUSD,4939.6,4939.68,0.08,8,London,Friday
2026-01-23 10:17:43,VantageMarkets Raw,EURUSD,1.17308,1.1731,2e-05,2,London,Friday
2026-01-23 10:17:44,VantageMarkets Raw,GBPUSD,1.34886,1.34887,1e-05,1,London,Friday
2026-01-23 10:17:45,VantageMarkets Raw,USDJPY,158.338,158.339,0.001,1,London,Friday
2026-01-23 10:17:46,VantageMarkets Raw,AUDUSD,0.68399,0.68402,3e-05,3,London,Friday
2026-01-23 10:17:49,FPMarkets Raw,XAUUSD,4939.64,4939.71,0.07,7,London,Friday
2026-01-23 10:17:50,FPMarkets Raw,EURUSD,1.17309,1.1731,1e-05,1,London,Friday
2026-01-23 10:17:51,FPMarkets Raw,GBPUSD,1.34877,1.3488,3e-05,3,London,Friday
2026-01-23 10:17:52,FPMarkets Raw,USDJPY,158.347,158.351,0.004,4,London,Friday
2026-01-23 10:17:53,FPMarkets Raw,AUDUSD,0.68395,0.68398,3e-05,3,London,Friday
2026-01-23 10:17:55,8Cap Raw,XAUUSD,4939.51,4939.67,0.16,16,London,Friday
2026-01-23 10:17:55,8Cap Raw,EURUSD,1.17295,1.17296,1e-05,1,London,Friday
2026-01-23 10:17:56,8Cap Raw,GBPUSD,1.34869,1.3487,1e-05,1,London,Friday
2026-01-23 10:17:57,8Cap Raw,USDJPY,158.343,158.344,0.001,1,London,Friday
2026-01-23 10:17:57,8Cap Raw,AUDUSD,0.68395,0.68398,3e-05,3,London,Friday
2026-01-23 10:22:17,Pepperstone Razor,XAUUSD,4932.75,4932.93,0.18,18,London,Friday
2026-01-23 10:22:18,Pepperstone Razor,EURUSD,1.17306,1.17306,0.0,0,London,Friday
2026-01-23 10:22:18,Pepperstone Razor,GBPUSD,1.34878,1.3488,2e-05,2,London,Friday
2026-01-23 10:22:19,Pepperstone Razor,USDJPY,158.298,158.3,0.002,2,London,Friday
2026-01-23 10:22:20,Pepperstone Razor,AUDUSD,0.68403,0.68404,1e-05,1,London,Friday
2026-01-23 10:22:23,FusionMarkets Zero,XAUUSD,4931.53,4931.65,0.12,12,London,Friday
2026-01-23 10:22:24,FusionMarkets Zero,EURUSD,1.17308,1.17308,0.0,0,London,Friday
2026-01-23 10:22:25,FusionMarkets Zero,GBPUSD,1.34878,1.34878,0.0,0,London,Friday
2026-01-23 10:22:26,FusionMarkets Zero,USDJPY,158.284,158.286,0.002,2,London,Friday
2026-01-23 10:22:27,FusionMarkets Zero,AUDUSD,0.68405,0.68405,0.0,0,London,Friday
2026-01-23 10:22:30,ThinkMarkets ThinkZero,XAUUSD,4930.39,4930.47,0.08,8,London,Friday
2026-01-23 10:22:31,ThinkMarkets ThinkZero,EURUSD,1.17305,1.17307,2e-05,2,London,Friday
2026-01-23 10:22:32,ThinkMarkets ThinkZero,GBPUSD,1.3487,1.34877,7e-05,7,London,Friday
2026-01-23 10:22:33,ThinkMarkets ThinkZero,USDJPY,158.304,158.311,0.007,7,London,Friday
2026-01-23 10:22:33,ThinkMarkets ThinkZero,AUDUSD,0.68409,0.68412,3e-05,3,London,Friday
2026-01-23 10:22:37,ICMarkets Raw,XAUUSD,4930.28,4930.81,0.53,53,London,Friday
2026-01-23 10:22:37,ICMarkets Raw,EURUSD,1.17314,1.17315,1e-05,1,London,Friday
2026-01-23 10:22:38,ICMarkets Raw,GBPUSD,1.3488,1.34881,1e-05,1,London,Friday
2026-01-23 10:22:39,ICMarkets Raw,USDJPY,158.307,158.309,0.002,2,London,Friday
2026-01-23 10:22:40,ICMarkets Raw,AUDUSD,0.68411,0.68411,0.0,0,London,Friday
2026-01-23 10:22:43,VantageMarkets Raw,XAUUSD,4930.63,4930.71,0.08,8,London,Friday
2026-01-23 10:22:44,VantageMarkets Raw,EURUSD,1.17314,1.17315,1e-05,1,London,Friday
2026-01-23 10:22:45,VantageMarkets Raw,GBPUSD,1.3488,1.34881,1e-05,1,London,Friday
2026-01-23 10:22:46,VantageMarkets Raw,USDJPY,158.308,158.309,0.001,1,London,Friday
2026-01-23 10:22:46,VantageMarkets Raw,AUDUSD,0.68409,0.68412,3e-05,3,London,Friday
2026-01-23 10:22:49,FPMarkets Raw,XAUUSD,4929.66,4929.73,0.07,7,London,Friday
2026-01-23 10:22:50,FPMarkets Raw,EURUSD,1.17314,1.17316,2e-05,2,London,Friday
2026-01-23 10:22:51,FPMarkets Raw,GBPUSD,1.34878,1.34881,3e-05,3,London,Friday
2026-01-23 10:22:52,FPMarkets Raw,USDJPY,158.305,158.319,0.014,14,London,Friday
2026-01-23 10:22:53,FPMarkets Raw,AUDUSD,0.68409,0.68413,4e-05,4,London,Friday
2026-01-23 10:22:55,8Cap Raw,XAUUSD,4929.0,4929.16,0.16,16,London,Friday
2026-01-23 10:22:56,8Cap Raw,EURUSD,1.17318,1.17318,0.0,0,London,Friday
2026-01-23 10:22:57,8Cap Raw,GBPUSD,1.34878,1.34879,1e-05,1,London,Friday
2026-01-23 10:22:57,8Cap Raw,USDJPY,158.309,158.31,0.001,1,London,Friday
2026-01-23 10:22:58,8Cap Raw,AUDUSD,0.68409,0.68411,2e-05,2,London,Friday
2026-01-23 10:27:16,Pepperstone Razor,XAUUSD,4911.87,4912.13,0.26,26,London,Friday
2026-01-23 10:27:17,Pepperstone Razor,EURUSD,1.17303,1.17306,3e-05,3,London,Friday
2026-01-23 10:27:18,Pepperstone Razor,GBPUSD,1.34844,1.34849,5e-05,5,London,Friday
2026-01-23 10:27:19,Pepperstone Razor,USDJPY,158.381,158.386,0.005,5,London,Friday
2026-01-23 10:27:20,Pepperstone Razor,AUDUSD,0.68392,0.68395,3e-05,3,London,Friday
2026-01-23 10:27:23,FusionMarkets Zero,XAUUSD,4911.26,4911.39,0.13,13,London,Friday
2026-01-23 10:27:24,FusionMarkets Zero,EURUSD,1.17308,1.17308,0.0,0,London,Friday
2026-01-23 10:27:25,FusionMarkets Zero,GBPUSD,1.34856,1.34856,0.0,0,London,Friday
2026-01-23 10:27:26,FusionMarkets Zero,USDJPY,158.385,158.387,0.002,2,London,Friday
2026-01-23 10:27:27,FusionMarkets Zero,AUDUSD,0.68385,0.68385,0.0,0,London,Friday
2026-01-23 10:27:30,ThinkMarkets ThinkZero,XAUUSD,4908.85,4908.93,0.08,8,London,Friday
2026-01-23 10:27:31,ThinkMarkets ThinkZero,EURUSD,1.17302,1.17305,3e-05,3,London,Friday
2026-01-23 10:27:32,ThinkMarkets ThinkZero,GBPUSD,1.34845,1.34851,6e-05,6,London,Friday
2026-01-23 10:27:33,ThinkMarkets ThinkZero,USDJPY,158.395,158.401,0.006,6,London,Friday
2026-01-23 10:27:33,ThinkMarkets ThinkZero,AUDUSD,0.6838,0.68383,3e-05,3,London,Friday
2026-01-23 10:27:37,ICMarkets Raw,XAUUSD,4907.5,4908.2,0.7,70,London,Friday
2026-01-23 10:27:37,ICMarkets Raw,EURUSD,1.17304,1.17304,0.0,0,London,Friday
2026-01-23 10:27:38,ICMarkets Raw,GBPUSD,1.34846,1.34847,1e-05,1,London,Friday
2026-01-23 10:27:39,ICMarkets Raw,USDJPY,158.394,158.396,0.002,2,London,Friday
2026-01-23 10:27:40,ICMarkets Raw,AUDUSD,0.68381,0.68382,1e-05,1,London,Friday
2026-01-23 10:27:43,VantageMarkets Raw,XAUUSD,4909.89,4909.97,0.08,8,London,Friday
2026-01-23 10:27:44,VantageMarkets Raw,EURUSD,1.17307,1.17309,2e-05,2,London,Friday
2026-01-23 10:27:45,VantageMarkets Raw,GBPUSD,1.34847,1.34848,1e-05,1,London,Friday
2026-01-23 10:27:46,VantageMarkets Raw,USDJPY,158.375,158.377,0.002,2,London,Friday
2026-01-23 10:27:46,VantageMarkets Raw,AUDUSD,0.68383,0.68386,3e-05,3,London,Friday
2026-01-23 10:27:50,FPMarkets Raw,XAUUSD,4909.53,4909.6,0.07,7,London,Friday
2026-01-23 10:27:51,FPMarkets Raw,EURUSD,1.17306,1.17308,2e-05,2,London,Friday
2026-01-23 10:27:52,FPMarkets Raw,GBPUSD,1.34847,1.34851,4e-05,4,London,Friday
2026-01-23 10:27:53,FPMarkets Raw,USDJPY,158.389,158.393,0.004,4,London,Friday
2026-01-23 10:27:54,FPMarkets Raw,AUDUSD,0.68383,0.68387,4e-05,4,London,Friday
2026-01-23 10:27:56,8Cap Raw,XAUUSD,4907.27,4907.43,0.16,16,London,Friday
2026-01-23 10:27:56,8Cap Raw,EURUSD,1.17307,1.17307,0.0,0,London,Friday
2026-01-23 10:27:57,8Cap Raw,GBPUSD,1.34847,1.34848,1e-05,1,London,Friday
2026-01-23 10:27:58,8Cap Raw,USDJPY,158.388,158.389,0.001,1,London,Friday
2026-01-23 10:27:58,8Cap Raw,AUDUSD,0.68383,0.68386,3e-05,3,London,Friday
2026-01-23 10:32:17,Pepperstone Razor,XAUUSD,4912.46,4912.65,0.19,19,London,Friday
2026-01-23 10:32:18,Pepperstone Razor,EURUSD,1.17343,1.17344,1e-05,1,London,Friday
2026-01-23 10:32:19,Pepperstone Razor,GBPUSD,1.34857,1.34858,1e-05,1,London,Friday
2026-01-23 10:32:20,Pepperstone Razor,USDJPY,158.387,158.39,0.003,3,London,Friday
2026-01-23 10:32:20,Pepperstone Razor,AUDUSD,0.68405,0.68406,1e-05,1,London,Friday
2026-01-23 10:32:24,FusionMarkets Zero,XAUUSD,4913.42,4913.52,0.1,10,London,Friday
2026-01-23 10:32:25,FusionMarkets Zero,EURUSD,1.17356,1.17356,0.0,0,London,Friday
2026-01-23 10:32:26,FusionMarkets Zero,GBPUSD,1.3486,1.3486,0.0,0,London,Friday
2026-01-23 10:32:26,FusionMarkets Zero,USDJPY,158.424,158.429,0.005,5,London,Friday
2026-01-23 10:32:27,FusionMarkets Zero,AUDUSD,0.68412,0.68412,0.0,0,London,Friday
2026-01-23 10:32:32,ThinkMarkets ThinkZero,XAUUSD,4914.39,4914.47,0.08,8,London,Friday
2026-01-23 10:32:33,ThinkMarkets ThinkZero,EURUSD,1.1735,1.17354,4e-05,4,London,Friday
2026-01-23 10:32:34,ThinkMarkets ThinkZero,GBPUSD,1.34858,1.34865,7e-05,7,London,Friday
2026-01-23 10:32:35,ThinkMarkets ThinkZero,USDJPY,158.415,158.42,0.005,5,London,Friday
2026-01-23 10:32:36,ThinkMarkets ThinkZero,AUDUSD,0.68403,0.68406,3e-05,3,London,Friday
2026-01-23 10:32:40,ICMarkets Raw,XAUUSD,4913.53,4913.75,0.22,22,London,Friday
2026-01-23 10:32:41,ICMarkets Raw,EURUSD,1.17363,1.17363,0.0,0,London,Friday
2026-01-23 10:32:42,ICMarkets Raw,GBPUSD,1.34865,1.34866,1e-05,1,London,Friday
2026-01-23 10:32:43,ICMarkets Raw,USDJPY,158.428,158.43,0.002,2,London,Friday
2026-01-23 10:32:43,ICMarkets Raw,AUDUSD,0.68404,0.68404,0.0,0,London,Friday
2026-01-23 10:32:47,VantageMarkets Raw,XAUUSD,4914.25,4914.33,0.08,8,London,Friday
2026-01-23 10:32:48,VantageMarkets Raw,EURUSD,1.17359,1.17361,2e-05,2,London,Friday
2026-01-23 10:32:49,VantageMarkets Raw,GBPUSD,1.34858,1.34859,1e-05,1,London,Friday
2026-01-23 10:32:50,VantageMarkets Raw,USDJPY,158.419,158.421,0.002,2,London,Friday
2026-01-23 10:32:50,VantageMarkets Raw,AUDUSD,0.684,0.68403,3e-05,3,London,Friday
2026-01-23 10:32:53,FPMarkets Raw,XAUUSD,4914.34,4914.41,0.07,7,London,Friday
2026-01-23 10:32:54,FPMarkets Raw,EURUSD,1.17361,1.17362,1e-05,1,London,Friday
2026-01-23 10:32:55,FPMarkets Raw,GBPUSD,1.34847,1.34851,4e-05,4,London,Friday
2026-01-23 10:32:56,FPMarkets Raw,USDJPY,158.43,158.434,0.004,4,London,Friday
2026-01-23 10:32:57,FPMarkets Raw,AUDUSD,0.68394,0.68396,2e-05,2,London,Friday
2026-01-23 10:32:59,8Cap Raw,XAUUSD,4914.94,4915.1,0.16,16,London,Friday
2026-01-23 10:33:00,8Cap Raw,EURUSD,1.1736,1.1736,0.0,0,London,Friday
2026-01-23 10:33:00,8Cap Raw,GBPUSD,1.34848,1.3485,2e-05,2,London,Friday
2026-01-23 10:33:01,8Cap Raw,USDJPY,158.433,158.434,0.001,1,London,Friday
2026-01-23 10:33:02,8Cap Raw,AUDUSD,0.68394,0.68397,3e-05,3,London,Friday
2026-01-23 10:37:16,Pepperstone Razor,XAUUSD,4920.27,4920.46,0.19,19,London,Friday
2026-01-23 10:37:17,Pepperstone Razor,EURUSD,1.17379,1.17379,0.0,0,London,Friday
2026-01-23 10:37:18,Pepperstone Razor,GBPUSD,1.34877,1.34878,1e-05,1,London,Friday
2026-01-23 10:37:19,Pepperstone Razor,USDJPY,158.441,158.443,0.002,2,London,Friday
2026-01-23 10:37:20,Pepperstone Razor,AUDUSD,0.68453,0.68453,0.0,0,London,Friday
2026-01-23 10:37:23,FusionMarkets Zero,XAUUSD,4920.91,4920.99,0.08,8,London,Friday
2026-01-23 10:37:24,FusionMarkets Zero,EURUSD,1.17387,1.17387,0.0,0,London,Friday
2026-01-23 10:37:25,FusionMarkets Zero,GBPUSD,1.34888,1.34888,0.0,0,London,Friday
2026-01-23 10:37:26,FusionMarkets Zero,USDJPY,158.432,158.434,0.002,2,London,Friday
2026-01-23 10:37:27,FusionMarkets Zero,AUDUSD,0.68454,0.68454,0.0,0,London,Friday
2026-01-23 10:37:30,ThinkMarkets ThinkZero,XAUUSD,4921.94,4922.02,0.08,8,London,Friday
2026-01-23 10:37:31,ThinkMarkets ThinkZero,EURUSD,1.17385,1.17387,2e-05,2,London,Friday
2026-01-23 10:37:32,ThinkMarkets ThinkZero,GBPUSD,1.34883,1.34889,6e-05,6,London,Friday
2026-01-23 10:37:33,ThinkMarkets ThinkZero,USDJPY,158.424,158.429,0.005,5,London,Friday
2026-01-23 10:37:34,ThinkMarkets ThinkZero,AUDUSD,0.6845,0.68453,3e-05,3,London,Friday
2026-01-23 10:37:37,ICMarkets Raw,XAUUSD,4922.26,4922.43,0.17,17,London,Friday
2026-01-23 10:37:38,ICMarkets Raw,EURUSD,1.17389,1.17389,0.0,0,London,Friday
2026-01-23 10:37:38,ICMarkets Raw,GBPUSD,1.34889,1.3489,1e-05,1,London,Friday
2026-01-23 10:37:39,ICMarkets Raw,USDJPY,158.422,158.424,0.002,2,London,Friday
2026-01-23 10:37:40,ICMarkets Raw,AUDUSD,0.68452,0.68452,0.0,0,London,Friday
2026-01-23 10:37:43,VantageMarkets Raw,XAUUSD,4922.35,4922.43,0.08,8,London,Friday
2026-01-23 10:37:44,VantageMarkets Raw,EURUSD,1.17393,1.17395,2e-05,2,London,Friday
2026-01-23 10:37:45,VantageMarkets Raw,GBPUSD,1.34891,1.34892,1e-05,1,London,Friday
2026-01-23 10:37:46,VantageMarkets Raw,USDJPY,158.424,158.426,0.002,2,London,Friday
2026-01-23 10:37:47,VantageMarkets Raw,AUDUSD,0.68451,0.68453,2e-05,2,London,Friday
2026-01-23 10:37:50,FPMarkets Raw,XAUUSD,4922.83,4922.9,0.07,7,London,Friday
2026-01-23 10:37:51,FPMarkets Raw,EURUSD,1.17393,1.17394,1e-05,1,London,Friday
2026-01-23 10:37:52,FPMarkets Raw,GBPUSD,1.34891,1.34894,3e-05,3,London,Friday
2026-01-23 10:37:53,FPMarkets Raw,USDJPY,158.425,158.439,0.014,14,London,Friday
2026-01-23 10:37:53,FPMarkets Raw,AUDUSD,0.68458,0.68461,3e-05,3,London,Friday
2026-01-23 10:37:56,8Cap Raw,XAUUSD,4923.23,4923.39,0.16,16,London,Friday
2026-01-23 10:37:56,8Cap Raw,EURUSD,1.17396,1.17396,0.0,0,London,Friday
2026-01-23 10:37:57,8Cap Raw,GBPUSD,1.34896,1.34897,1e-05,1,London,Friday
2026-01-23 10:37:58,8Cap Raw,USDJPY,158.425,158.426,0.001,1,London,Friday
2026-01-23 10:37:58,8Cap Raw,AUDUSD,0.68457,0.68459,2e-05,2,London,Friday
2026-01-23 10:42:17,Pepperstone Razor,XAUUSD,4922.92,4923.05,0.13,13,London,Friday
2026-01-23 10:42:18,Pepperstone Razor,EURUSD,1.17426,1.17426,0.0,0,London,Friday
2026-01-23 10:42:19,Pepperstone Razor,GBPUSD,1.34939,1.3494,1e-05,1,London,Friday
2026-01-23 10:42:19,Pepperstone Razor,USDJPY,158.348,158.35,0.002,2,London,Friday
2026-01-23 10:42:20,Pepperstone Razor,AUDUSD,0.6848,0.6848,0.0,0,London,Friday
2026-01-23 10:42:24,FusionMarkets Zero,XAUUSD,4923.44,4923.51,0.07,7,London,Friday
2026-01-23 10:42:25,FusionMarkets Zero,EURUSD,1.17426,1.17426,0.0,0,London,Friday
2026-01-23 10:42:25,FusionMarkets Zero,GBPUSD,1.34938,1.34938,0.0,0,London,Friday
2026-01-23 10:42:26,FusionMarkets Zero,USDJPY,158.353,158.355,0.002,2,London,Friday
2026-01-23 10:42:27,FusionMarkets Zero,AUDUSD,0.68481,0.68481,0.0,0,London,Friday
2026-01-23 10:42:30,ThinkMarkets ThinkZero,XAUUSD,4922.79,4922.87,0.08,8,London,Friday
2026-01-23 10:42:31,ThinkMarkets ThinkZero,EURUSD,1.17423,1.17426,3e-05,3,London,Friday
2026-01-23 10:42:32,ThinkMarkets ThinkZero,GBPUSD,1.34935,1.3494,5e-05,5,London,Friday
2026-01-23 10:42:33,ThinkMarkets ThinkZero,USDJPY,158.353,158.357,0.004,4,London,Friday
2026-01-23 10:42:34,ThinkMarkets ThinkZero,AUDUSD,0.6848,0.68483,3e-05,3,London,Friday
2026-01-23 10:42:37,ICMarkets Raw,XAUUSD,4922.76,4922.82,0.06,6,London,Friday
2026-01-23 10:42:38,ICMarkets Raw,EURUSD,1.17425,1.17425,0.0,0,London,Friday
2026-01-23 10:42:39,ICMarkets Raw,GBPUSD,1.34939,1.3494,1e-05,1,London,Friday
2026-01-23 10:42:40,ICMarkets Raw,USDJPY,158.351,158.353,0.002,2,London,Friday
2026-01-23 10:42:41,ICMarkets Raw,AUDUSD,0.68483,0.68483,0.0,0,London,Friday
2026-01-23 10:42:43,VantageMarkets Raw,XAUUSD,4922.77,4922.85,0.08,8,London,Friday
2026-01-23 10:42:44,VantageMarkets Raw,EURUSD,1.17425,1.17427,2e-05,2,London,Friday
2026-01-23 10:42:45,VantageMarkets Raw,GBPUSD,1.34937,1.34938,1e-05,1,London,Friday
2026-01-23 10:42:46,VantageMarkets Raw,USDJPY,158.352,158.353,0.001,1,London,Friday
2026-01-23 10:42:47,VantageMarkets Raw,AUDUSD,0.68482,0.68485,3e-05,3,London,Friday
2026-01-23 10:42:50,FPMarkets Raw,XAUUSD,4923.23,4923.3,0.07,7,London,Friday
2026-01-23 10:42:51,FPMarkets Raw,EURUSD,1.17424,1.17425,1e-05,1,London,Friday
2026-01-23 10:42:52,FPMarkets Raw,GBPUSD,1.34935,1.34939,4e-05,4,London,Friday
2026-01-23 10:42:53,FPMarkets Raw,USDJPY,158.34,158.343,0.003,3,London,Friday
2026-01-23 10:42:54,FPMarkets Raw,AUDUSD,0.68484,0.68488,4e-05,4,London,Friday
2026-01-23 10:42:56,8Cap Raw,XAUUSD,4923.48,4923.64,0.16,16,London,Friday
2026-01-23 10:42:56,8Cap Raw,EURUSD,1.17425,1.17425,0.0,0,London,Friday
2026-01-23 10:42:57,8Cap Raw,GBPUSD,1.34949,1.3495,1e-05,1,London,Friday
2026-01-23 10:42:58,8Cap Raw,USDJPY,158.334,158.335,0.001,1,London,Friday
2026-01-23 10:42:58,8Cap Raw,AUDUSD,0.68485,0.68487,2e-05,2,London,Friday
2026-01-23 10:47:17,Pepperstone Razor,XAUUSD,4920.96,4921.17,0.21,21,London,Friday
2026-01-23 10:47:18,Pepperstone Razor,EURUSD,1.17418,1.1742,2e-05,2,London,Friday
2026-01-23 10:47:19,Pepperstone Razor,GBPUSD,1.34939,1.3494,1e-05,1,London,Friday
2026-01-23 10:47:19,Pepperstone Razor,USDJPY,158.259,158.261,0.002,2,London,Friday
2026-01-23 10:47:20,Pepperstone Razor,AUDUSD,0.68453,0.68453,0.0,0,London,Friday
2026-01-23 10:47:24,FusionMarkets Zero,XAUUSD,4920.18,4920.27,0.09,9,London,Friday
2026-01-23 10:47:25,FusionMarkets Zero,EURUSD,1.17417,1.17417,0.0,0,London,Friday
2026-01-23 10:47:25,FusionMarkets Zero,GBPUSD,1.34943,1.34943,0.0,0,London,Friday
2026-01-23 10:47:26,FusionMarkets Zero,USDJPY,158.264,158.266,0.002,2,London,Friday
2026-01-23 10:47:27,FusionMarkets Zero,AUDUSD,0.68455,0.68455,0.0,0,London,Friday
2026-01-23 10:47:31,ThinkMarkets ThinkZero,XAUUSD,4920.53,4920.61,0.08,8,London,Friday
2026-01-23 10:47:31,ThinkMarkets ThinkZero,EURUSD,1.17405,1.17406,1e-05,1,London,Friday
2026-01-23 10:47:32,ThinkMarkets ThinkZero,GBPUSD,1.34939,1.34943,4e-05,4,London,Friday
2026-01-23 10:47:33,ThinkMarkets ThinkZero,USDJPY,158.277,158.284,0.007,7,London,Friday
2026-01-23 10:47:34,ThinkMarkets ThinkZero,AUDUSD,0.68456,0.68459,3e-05,3,London,Friday
2026-01-23 10:47:37,ICMarkets Raw,XAUUSD,4920.49,4920.57,0.08,8,London,Friday
2026-01-23 10:47:38,ICMarkets Raw,EURUSD,1.17404,1.17404,0.0,0,London,Friday
2026-01-23 10:47:39,ICMarkets Raw,GBPUSD,1.34939,1.3494,1e-05,1,London,Friday
2026-01-23 10:47:40,ICMarkets Raw,USDJPY,158.274,158.276,0.002,2,London,Friday
2026-01-23 10:47:41,ICMarkets Raw,AUDUSD,0.68458,0.68458,0.0,0,London,Friday
2026-01-23 10:47:43,VantageMarkets Raw,XAUUSD,4920.51,4920.59,0.08,8,London,Friday
2026-01-23 10:47:44,VantageMarkets Raw,EURUSD,1.1741,1.17412,2e-05,2,London,Friday
2026-01-23 10:47:45,VantageMarkets Raw,GBPUSD,1.34942,1.34943,1e-05,1,London,Friday
2026-01-23 10:47:46,VantageMarkets Raw,USDJPY,158.266,158.268,0.002,2,London,Friday
2026-01-23 10:47:47,VantageMarkets Raw,AUDUSD,0.68455,0.68458,3e-05,3,London,Friday
2026-01-23 10:47:50,FPMarkets Raw,XAUUSD,4919.53,4919.6,0.07,7,London,Friday
2026-01-23 10:47:51,FPMarkets Raw,EURUSD,1.17406,1.17407,1e-05,1,London,Friday
2026-01-23 10:47:52,FPMarkets Raw,GBPUSD,1.34941,1.34944,3e-05,3,London,Friday
2026-01-23 10:47:53,FPMarkets Raw,USDJPY,158.267,158.27,0.003,3,London,Friday
2026-01-23 10:47:54,FPMarkets Raw,AUDUSD,0.6845,0.68452,2e-05,2,London,Friday
2026-01-23 10:47:56,8Cap Raw,XAUUSD,4919.08,4919.24,0.16,16,London,Friday
2026-01-23 10:47:56,8Cap Raw,EURUSD,1.17404,1.17405,1e-05,1,London,Friday
2026-01-23 10:47:57,8Cap Raw,GBPUSD,1.34942,1.34943,1e-05,1,London,Friday
2026-01-23 10:47:58,8Cap Raw,USDJPY,158.265,158.266,0.001,1,London,Friday
2026-01-23 10:47:58,8Cap Raw,AUDUSD,0.68452,0.68455,3e-05,3,London,Friday
2026-01-23 10:52:17,Pepperstone Razor,XAUUSD,4916.63,4916.92,0.29,29,London,Friday
2026-01-23 10:52:18,Pepperstone Razor,EURUSD,1.17414,1.17414,0.0,0,London,Friday
2026-01-23 10:52:18,Pepperstone Razor,GBPUSD,1.34949,1.3495,1e-05,1,London,Friday
2026-01-23 10:52:19,Pepperstone Razor,USDJPY,158.184,158.186,0.002,2,London,Friday
2026-01-23 10:52:20,Pepperstone Razor,AUDUSD,0.68461,0.68462,1e-05,1,London,Friday
2026-01-23 10:52:24,FusionMarkets Zero,XAUUSD,4916.09,4916.18,0.09,9,London,Friday
2026-01-23 10:52:25,FusionMarkets Zero,EURUSD,1.17414,1.17414,0.0,0,London,Friday
2026-01-23 10:52:26,FusionMarkets Zero,GBPUSD,1.34946,1.34946,0.0,0,London,Friday
2026-01-23 10:52:27,FusionMarkets Zero,USDJPY,158.191,158.193,0.002,2,London,Friday
2026-01-23 10:52:27,FusionMarkets Zero,AUDUSD,0.68455,0.68455,0.0,0,London,Friday
2026-01-23 10:52:31,ThinkMarkets ThinkZero,XAUUSD,4916.15,4916.23,0.08,8,London,Friday
2026-01-23 10:52:32,ThinkMarkets ThinkZero,EURUSD,1.17413,1.17415,2e-05,2,London,Friday
2026-01-23 10:52:32,ThinkMarkets ThinkZero,GBPUSD,1.34943,1.34946,3e-05,3,London,Friday
2026-01-23 10:52:33,ThinkMarkets ThinkZero,USDJPY,158.184,158.19,0.006,6,London,Friday
2026-01-23 10:52:34,ThinkMarkets ThinkZero,AUDUSD,0.68451,0.68454,3e-05,3,London,Friday
2026-01-23 10:52:37,ICMarkets Raw,XAUUSD,4915.16,4915.33,0.17,17,London,Friday
2026-01-23 10:52:38,ICMarkets Raw,EURUSD,1.17416,1.17416,0.0,0,London,Friday
2026-01-23 10:52:39,ICMarkets Raw,GBPUSD,1.34943,1.34944,1e-05,1,London,Friday
2026-01-23 10:52:40,ICMarkets Raw,USDJPY,158.166,158.168,0.002,2,London,Friday
2026-01-23 10:52:41,ICMarkets Raw,AUDUSD,0.6845,0.6845,0.0,0,London,Friday
2026-01-23 10:52:44,VantageMarkets Raw,XAUUSD,4914.89,4914.97,0.08,8,London,Friday
2026-01-23 10:52:45,VantageMarkets Raw,EURUSD,1.17417,1.1742,3e-05,3,London,Friday
2026-01-23 10:52:45,VantageMarkets Raw,GBPUSD,1.34938,1.34939,1e-05,1,London,Friday
2026-01-23 10:52:46,VantageMarkets Raw,USDJPY,158.156,158.158,0.002,2,London,Friday
2026-01-23 10:52:47,VantageMarkets Raw,AUDUSD,0.68448,0.6845,2e-05,2,London,Friday
2026-01-23 10:52:51,FPMarkets Raw,XAUUSD,4913.62,4913.69,0.07,7,London,Friday
2026-01-23 10:52:52,FPMarkets Raw,EURUSD,1.17414,1.17415,1e-05,1,London,Friday
2026-01-23 10:52:53,FPMarkets Raw,GBPUSD,1.34935,1.34938,3e-05,3,London,Friday
2026-01-23 10:52:54,FPMarkets Raw,USDJPY,158.18,158.183,0.003,3,London,Friday
2026-01-23 10:52:54,FPMarkets Raw,AUDUSD,0.68449,0.68452,3e-05,3,London,Friday
2026-01-23 10:52:56,8Cap Raw,XAUUSD,4912.39,4912.55,0.16,16,London,Friday
2026-01-23 10:52:57,8Cap Raw,EURUSD,1.17412,1.17413,1e-05,1,London,Friday
2026-01-23 10:52:58,8Cap Raw,GBPUSD,1.34942,1.34943,1e-05,1,London,Friday
2026-01-23 10:52:58,8Cap Raw,USDJPY,158.183,158.184,0.001,1,London,Friday
2026-01-23 10:52:59,8Cap Raw,AUDUSD,0.68448,0.68452,4e-05,4,London,Friday
2026-01-23 10:57:17,Pepperstone Razor,XAUUSD,4911.31,4911.52,0.21,21,London,Friday
2026-01-23 10:57:18,Pepperstone Razor,EURUSD,1.17404,1.17404,0.0,0,London,Friday
2026-01-23 10:57:19,Pepperstone Razor,GBPUSD,1.34985,1.34986,1e-05,1,London,Friday
2026-01-23 10:57:20,Pepperstone Razor,USDJPY,158.137,158.139,0.002,2,London,Friday
2026-01-23 10:57:21,Pepperstone Razor,AUDUSD,0.6847,0.68471,1e-05,1,London,Friday
2026-01-23 10:57:25,FusionMarkets Zero,XAUUSD,4910.06,4910.15,0.09,9,London,Friday
2026-01-23 10:57:26,FusionMarkets Zero,EURUSD,1.174,1.174,0.0,0,London,Friday
2026-01-23 10:57:27,FusionMarkets Zero,GBPUSD,1.34988,1.34988,0.0,0,London,Friday
2026-01-23 10:57:28,FusionMarkets Zero,USDJPY,158.143,158.143,0.0,0,London,Friday
2026-01-23 10:57:29,FusionMarkets Zero,AUDUSD,0.68475,0.68475,0.0,0,London,Friday
2026-01-23 10:57:33,ThinkMarkets ThinkZero,XAUUSD,4910.24,4910.32,0.08,8,London,Friday
2026-01-23 10:57:33,ThinkMarkets ThinkZero,EURUSD,1.17399,1.17401,2e-05,2,London,Friday
2026-01-23 10:57:35,ThinkMarkets ThinkZero,GBPUSD,1.34996,1.35001,5e-05,5,London,Friday
2026-01-23 10:57:36,ThinkMarkets ThinkZero,USDJPY,158.133,158.138,0.005,5,London,Friday
2026-01-23 10:57:38,ThinkMarkets ThinkZero,AUDUSD,0.68473,0.68476,3e-05,3,London,Friday
2026-01-23 10:57:41,ICMarkets Raw,XAUUSD,4909.99,4910.09,0.1,10,London,Friday
2026-01-23 10:57:41,ICMarkets Raw,EURUSD,1.17401,1.17401,0.0,0,London,Friday
2026-01-23 10:57:42,ICMarkets Raw,GBPUSD,1.34996,1.35,4e-05,4,London,Friday
2026-01-23 10:57:44,ICMarkets Raw,USDJPY,158.133,158.135,0.002,2,London,Friday
2026-01-23 10:57:45,ICMarkets Raw,AUDUSD,0.68478,0.68478,0.0,0,London,Friday
2026-01-23 10:57:48,VantageMarkets Raw,XAUUSD,4910.36,4910.44,0.08,8,London,Friday
2026-01-23 10:57:49,VantageMarkets Raw,EURUSD,1.17405,1.17406,1e-05,1,London,Friday
2026-01-23 10:57:51,VantageMarkets Raw,GBPUSD,1.35001,1.35004,3e-05,3,London,Friday
2026-01-23 10:57:52,VantageMarkets Raw,USDJPY,158.134,158.136,0.002,2,London,Friday
2026-01-23 10:57:53,VantageMarkets Raw,AUDUSD,0.68476,0.68479,3e-05,3,London,Friday
2026-01-23 10:57:57,FPMarkets Raw,XAUUSD,4911.43,4911.5,0.07,7,London,Friday
2026-01-23 10:57:58,FPMarkets Raw,EURUSD,1.17403,1.17405,2e-05,2,London,Friday
2026-01-23 10:57:59,FPMarkets Raw,GBPUSD,1.35005,1.35008,3e-05,3,London,Friday
2026-01-23 10:58:00,FPMarkets Raw,USDJPY,158.144,158.148,0.004,4,London,Friday
2026-01-23 10:58:01,FPMarkets Raw,AUDUSD,0.68476,0.68479,3e-05,3,London,Friday
2026-01-23 10:58:02,8Cap Raw,XAUUSD,4911.92,4912.08,0.16,16,London,Friday
2026-01-23 10:58:03,8Cap Raw,EURUSD,1.17405,1.17406,1e-05,1,London,Friday
2026-01-23 10:58:04,8Cap Raw,GBPUSD,1.35008,1.3501,2e-05,2,London,Friday
2026-01-23 10:58:04,8Cap Raw,USDJPY,158.139,158.14,0.001,1,London,Friday
2026-01-23 10:58:05,8Cap Raw,AUDUSD,0.68474,0.68478,4e-05,4,London,Friday
2026-01-23 11:02:16,Pepperstone Razor,XAUUSD,4915.93,4916.07,0.14,14,London,Friday
2026-01-23 11:02:17,Pepperstone Razor,EURUSD,1.17387,1.17387,0.0,0,London,Friday
2026-01-23 11:02:18,Pepperstone Razor,GBPUSD,1.35029,1.35029,0.0,0,London,Friday
2026-01-23 11:02:19,Pepperstone Razor,USDJPY,158.074,158.076,0.002,2,London,Friday
2026-01-23 11:02:20,Pepperstone Razor,AUDUSD,0.68492,0.68493,1e-05,1,London,Friday
2026-01-23 11:02:23,FusionMarkets Zero,XAUUSD,4915.41,4915.5,0.09,9,London,Friday
2026-01-23 11:02:24,FusionMarkets Zero,EURUSD,1.17383,1.17383,0.0,0,London,Friday
2026-01-23 11:02:25,FusionMarkets Zero,GBPUSD,1.35034,1.35034,0.0,0,London,Friday
2026-01-23 11:02:25,FusionMarkets Zero,USDJPY,158.052,158.056,0.004,4,London,Friday
2026-01-23 11:02:26,FusionMarkets Zero,AUDUSD,0.68496,0.68496,0.0,0,London,Friday
2026-01-23 11:02:29,ThinkMarkets ThinkZero,XAUUSD,4915.2,4915.28,0.08,8,London,Friday
2026-01-23 11:02:30,ThinkMarkets ThinkZero,EURUSD,1.17385,1.17387,2e-05,2,London,Friday
2026-01-23 11:02:31,ThinkMarkets ThinkZero,GBPUSD,1.35025,1.35032,7e-05,7,London,Friday
2026-01-23 11:02:32,ThinkMarkets ThinkZero,USDJPY,158.074,158.079,0.005,5,London,Friday
2026-01-23 11:02:33,ThinkMarkets ThinkZero,AUDUSD,0.68496,0.68499,3e-05,3,London,Friday
2026-01-23 11:02:36,ICMarkets Raw,XAUUSD,4915.5,4915.6,0.1,10,London,Friday
2026-01-23 11:02:37,ICMarkets Raw,EURUSD,1.17384,1.17384,0.0,0,London,Friday
2026-01-23 11:02:38,ICMarkets Raw,GBPUSD,1.35029,1.3503,1e-05,1,London,Friday
2026-01-23 11:02:39,ICMarkets Raw,USDJPY,158.073,158.075,0.002,2,London,Friday
2026-01-23 11:02:39,ICMarkets Raw,AUDUSD,0.685,0.685,0.0,0,London,Friday
2026-01-23 11:02:42,VantageMarkets Raw,XAUUSD,4916.16,4916.24,0.08,8,London,Friday
2026-01-23 11:02:43,VantageMarkets Raw,EURUSD,1.17385,1.17386,1e-05,1,London,Friday
2026-01-23 11:02:44,VantageMarkets Raw,GBPUSD,1.35027,1.35028,1e-05,1,London,Friday
2026-01-23 11:02:45,VantageMarkets Raw,USDJPY,158.074,158.075,0.001,1,London,Friday
2026-01-23 11:02:46,VantageMarkets Raw,AUDUSD,0.68499,0.68502,3e-05,3,London,Friday
2026-01-23 11:02:49,FPMarkets Raw,XAUUSD,4917.32,4917.39,0.07,7,London,Friday
2026-01-23 11:02:50,FPMarkets Raw,EURUSD,1.17381,1.17383,2e-05,2,London,Friday
2026-01-23 11:02:51,FPMarkets Raw,GBPUSD,1.35026,1.35029,3e-05,3,London,Friday
2026-01-23 11:02:52,FPMarkets Raw,USDJPY,158.075,158.077,0.002,2,London,Friday
2026-01-23 11:02:53,FPMarkets Raw,AUDUSD,0.685,0.68502,2e-05,2,London,Friday
2026-01-23 11:02:54,8Cap Raw,XAUUSD,4916.93,4917.09,0.16,16,London,Friday
2026-01-23 11:02:55,8Cap Raw,EURUSD,1.17388,1.17389,1e-05,1,London,Friday
2026-01-23 11:02:56,8Cap Raw,GBPUSD,1.35029,1.3503,1e-05,1,London,Friday
2026-01-23 11:02:56,8Cap Raw,USDJPY,158.062,158.063,0.001,1,London,Friday
2026-01-23 11:02:57,8Cap Raw,AUDUSD,0.68497,0.685,3e-05,3,London,Friday
2026-01-23 11:07:16,Pepperstone Razor,XAUUSD,4912.81,4913.0,0.19,19,London,Friday
2026-01-23 11:07:17,Pepperstone Razor,EURUSD,1.17417,1.17418,1e-05,1,London,Friday
2026-01-23 11:07:18,Pepperstone Razor,GBPUSD,1.35046,1.35046,0.0,0,London,Friday
2026-01-23 11:07:19,Pepperstone Razor,USDJPY,157.973,157.977,0.004,4,London,Friday
2026-01-23 11:07:20,Pepperstone Razor,AUDUSD,0.68487,0.68488,1e-05,1,London,Friday
2026-01-23 11:07:23,FusionMarkets Zero,XAUUSD,4911.92,4912.01,0.09,9,London,Friday
2026-01-23 11:07:24,FusionMarkets Zero,EURUSD,1.17409,1.17409,0.0,0,London,Friday
2026-01-23 11:07:25,FusionMarkets Zero,GBPUSD,1.35043,1.35043,0.0,0,London,Friday
2026-01-23 11:07:25,FusionMarkets Zero,USDJPY,157.983,157.989,0.006,6,London,Friday
2026-01-23 11:07:26,FusionMarkets Zero,AUDUSD,0.6849,0.6849,0.0,0,London,Friday
2026-01-23 11:07:29,ThinkMarkets ThinkZero,XAUUSD,4911.99,4912.07,0.08,8,London,Friday
2026-01-23 11:07:30,ThinkMarkets ThinkZero,EURUSD,1.1741,1.17412,2e-05,2,London,Friday
2026-01-23 11:07:31,ThinkMarkets ThinkZero,GBPUSD,1.35041,1.35049,8e-05,8,London,Friday
2026-01-23 11:07:32,ThinkMarkets ThinkZero,USDJPY,158.008,158.011,0.003,3,London,Friday
2026-01-23 11:07:33,ThinkMarkets ThinkZero,AUDUSD,0.68485,0.68486,1e-05,1,London,Friday
2026-01-23 11:07:36,ICMarkets Raw,XAUUSD,4912.94,4913.04,0.1,10,London,Friday
2026-01-23 11:07:37,ICMarkets Raw,EURUSD,1.17414,1.17415,1e-05,1,London,Friday
2026-01-23 11:07:37,ICMarkets Raw,GBPUSD,1.35046,1.35047,1e-05,1,London,Friday
2026-01-23 11:07:38,ICMarkets Raw,USDJPY,157.984,157.988,0.004,4,London,Friday
2026-01-23 11:07:39,ICMarkets Raw,AUDUSD,0.6849,0.6849,0.0,0,London,Friday
2026-01-23 11:07:42,VantageMarkets Raw,XAUUSD,4912.73,4912.81,0.08,8,London,Friday
2026-01-23 11:07:43,VantageMarkets Raw,EURUSD,1.17415,1.17416,1e-05,1,London,Friday
2026-01-23 11:07:43,VantageMarkets Raw,GBPUSD,1.35045,1.35046,1e-05,1,London,Friday
2026-01-23 11:07:44,VantageMarkets Raw,USDJPY,157.988,157.991,0.003,3,London,Friday
2026-01-23 11:07:45,VantageMarkets Raw,AUDUSD,0.68487,0.6849,3e-05,3,London,Friday
2026-01-23 11:07:48,FPMarkets Raw,XAUUSD,4912.74,4912.81,0.07,7,London,Friday
2026-01-23 11:07:49,FPMarkets Raw,EURUSD,1.17408,1.1741,2e-05,2,London,Friday
2026-01-23 11:07:50,FPMarkets Raw,GBPUSD,1.35044,1.35048,4e-05,4,London,Friday
2026-01-23 11:07:51,FPMarkets Raw,USDJPY,158.005,158.009,0.004,4,London,Friday
2026-01-23 11:07:52,FPMarkets Raw,AUDUSD,0.68488,0.68491,3e-05,3,London,Friday
2026-01-23 11:07:54,8Cap Raw,XAUUSD,4913.01,4913.17,0.16,16,London,Friday
2026-01-23 11:07:54,8Cap Raw,EURUSD,1.17411,1.17411,0.0,0,London,Friday
2026-01-23 11:07:55,8Cap Raw,GBPUSD,1.35047,1.35048,1e-05,1,London,Friday
2026-01-23 11:07:56,8Cap Raw,USDJPY,157.998,157.999,0.001,1,London,Friday
2026-01-23 11:07:57,8Cap Raw,AUDUSD,0.68489,0.68493,4e-05,4,London,Friday
2026-01-23 11:12:16,Pepperstone Razor,XAUUSD,4910.82,4910.96,0.14,14,London,Friday
2026-01-23 11:12:17,Pepperstone Razor,EURUSD,1.17401,1.17401,0.0,0,London,Friday
2026-01-23 11:12:18,Pepperstone Razor,GBPUSD,1.35032,1.35035,3e-05,3,London,Friday
2026-01-23 11:12:19,Pepperstone Razor,USDJPY,157.985,157.988,0.003,3,London,Friday
2026-01-23 11:12:20,Pepperstone Razor,AUDUSD,0.68506,0.68508,2e-05,2,London,Friday
2026-01-23 11:12:23,FusionMarkets Zero,XAUUSD,4911.49,4911.54,0.05,5,London,Friday
2026-01-23 11:12:23,FusionMarkets Zero,EURUSD,1.17395,1.17395,0.0,0,London,Friday
2026-01-23 11:12:24,FusionMarkets Zero,GBPUSD,1.35036,1.35036,0.0,0,London,Friday
2026-01-23 11:12:25,FusionMarkets Zero,USDJPY,158.005,158.011,0.006,6,London,Friday
2026-01-23 11:12:26,FusionMarkets Zero,AUDUSD,0.68507,0.68507,0.0,0,London,Friday
2026-01-23 11:12:29,ThinkMarkets ThinkZero,XAUUSD,4911.01,4911.09,0.08,8,London,Friday
2026-01-23 11:12:30,ThinkMarkets ThinkZero,EURUSD,1.17394,1.17396,2e-05,2,London,Friday
2026-01-23 11:12:31,ThinkMarkets ThinkZero,GBPUSD,1.35028,1.35033,5e-05,5,London,Friday
2026-01-23 11:12:32,ThinkMarkets ThinkZero,USDJPY,158.021,158.028,0.007,7,London,Friday
2026-01-23 11:12:33,ThinkMarkets ThinkZero,AUDUSD,0.68503,0.68505,2e-05,2,London,Friday
2026-01-23 11:12:36,ICMarkets Raw,XAUUSD,4910.24,4910.29,0.05,5,London,Friday
2026-01-23 11:12:37,ICMarkets Raw,EURUSD,1.17391,1.17391,0.0,0,London,Friday
2026-01-23 11:12:37,ICMarkets Raw,GBPUSD,1.35027,1.35028,1e-05,1,London,Friday
2026-01-23 11:12:38,ICMarkets Raw,USDJPY,158.022,158.024,0.002,2,London,Friday
2026-01-23 11:12:39,ICMarkets Raw,AUDUSD,0.68506,0.68506,0.0,0,London,Friday
2026-01-23 11:12:42,VantageMarkets Raw,XAUUSD,4910.03,4910.11,0.08,8,London,Friday
2026-01-23 11:12:43,VantageMarkets Raw,EURUSD,1.17389,1.17391,2e-05,2,London,Friday
2026-01-23 11:12:43,VantageMarkets Raw,GBPUSD,1.35028,1.35029,1e-05,1,London,Friday
2026-01-23 11:12:44,VantageMarkets Raw,USDJPY,157.999,158.004,0.005,5,London,Friday
2026-01-23 11:12:45,VantageMarkets Raw,AUDUSD,0.68505,0.68508,3e-05,3,London,Friday
2026-01-23 11:12:48,FPMarkets Raw,XAUUSD,4910.65,4910.72,0.07,7,London,Friday
2026-01-23 11:12:49,FPMarkets Raw,EURUSD,1.1739,1.17392,2e-05,2,London,Friday
2026-01-23 11:12:50,FPMarkets Raw,GBPUSD,1.35024,1.35027,3e-05,3,London,Friday
2026-01-23 11:12:51,FPMarkets Raw,USDJPY,158.02,158.023,0.003,3,London,Friday
2026-01-23 11:12:52,FPMarkets Raw,AUDUSD,0.68508,0.68511,3e-05,3,London,Friday
2026-01-23 11:12:54,8Cap Raw,XAUUSD,4911.48,4911.64,0.16,16,London,Friday
2026-01-23 11:12:54,8Cap Raw,EURUSD,1.1739,1.1739,0.0,0,London,Friday
2026-01-23 11:12:55,8Cap Raw,GBPUSD,1.35027,1.35028,1e-05,1,London,Friday
2026-01-23 11:12:56,8Cap Raw,USDJPY,158.035,158.036,0.001,1,London,Friday
2026-01-23 11:12:56,8Cap Raw,AUDUSD,0.68506,0.68508,2e-05,2,London,Friday
2026-01-23 11:17:16,Pepperstone Razor,XAUUSD,4914.05,4914.28,0.23,23,London,Friday
2026-01-23 11:17:17,Pepperstone Razor,EURUSD,1.17379,1.17379,0.0,0,London,Friday
2026-01-23 11:17:18,Pepperstone Razor,GBPUSD,1.35021,1.35023,2e-05,2,London,Friday
2026-01-23 11:17:19,Pepperstone Razor,USDJPY,158.047,158.05,0.003,3,London,Friday
2026-01-23 11:17:20,Pepperstone Razor,AUDUSD,0.68487,0.68488,1e-05,1,London,Friday
2026-01-23 11:17:23,FusionMarkets Zero,XAUUSD,4914.31,4914.37,0.06,6,London,Friday
2026-01-23 11:17:23,FusionMarkets Zero,EURUSD,1.17378,1.17378,0.0,0,London,Friday
2026-01-23 11:17:24,FusionMarkets Zero,GBPUSD,1.35024,1.35024,0.0,0,London,Friday
2026-01-23 11:17:25,FusionMarkets Zero,USDJPY,158.047,158.047,0.0,0,London,Friday
2026-01-23 11:17:26,FusionMarkets Zero,AUDUSD,0.68488,0.68488,0.0,0,London,Friday
2026-01-23 11:17:29,ThinkMarkets ThinkZero,XAUUSD,4913.57,4913.65,0.08,8,London,Friday
2026-01-23 11:17:30,ThinkMarkets ThinkZero,EURUSD,1.17375,1.17377,2e-05,2,London,Friday
2026-01-23 11:17:31,ThinkMarkets ThinkZero,GBPUSD,1.35019,1.35026,7e-05,7,London,Friday
2026-01-23 11:17:32,ThinkMarkets ThinkZero,USDJPY,158.05,158.055,0.005,5,London,Friday
2026-01-23 11:17:33,ThinkMarkets ThinkZero,AUDUSD,0.68484,0.68486,2e-05,2,London,Friday
2026-01-23 11:17:36,ICMarkets Raw,XAUUSD,4913.69,4913.74,0.05,5,London,Friday
2026-01-23 11:17:37,ICMarkets Raw,EURUSD,1.17385,1.17386,1e-05,1,London,Friday
2026-01-23 11:17:37,ICMarkets Raw,GBPUSD,1.35027,1.3503,3e-05,3,London,Friday
2026-01-23 11:17:38,ICMarkets Raw,USDJPY,158.048,158.048,0.0,0,London,Friday
2026-01-23 11:17:39,ICMarkets Raw,AUDUSD,0.68487,0.68487,0.0,0,London,Friday
2026-01-23 11:17:42,VantageMarkets Raw,XAUUSD,4914.29,4914.37,0.08,8,London,Friday
2026-01-23 11:17:43,VantageMarkets Raw,EURUSD,1.17386,1.17389,3e-05,3,London,Friday
2026-01-23 11:17:43,VantageMarkets Raw,GBPUSD,1.35031,1.35032,1e-05,1,London,Friday
2026-01-23 11:17:44,VantageMarkets Raw,USDJPY,158.062,158.063,0.001,1,London,Friday
2026-01-23 11:17:45,VantageMarkets Raw,AUDUSD,0.68483,0.68486,3e-05,3,London,Friday
2026-01-23 11:17:48,FPMarkets Raw,XAUUSD,4913.31,4913.38,0.07,7,London,Friday
2026-01-23 11:17:49,FPMarkets Raw,EURUSD,1.1739,1.17391,1e-05,1,London,Friday
2026-01-23 11:17:50,FPMarkets Raw,GBPUSD,1.35021,1.35025,4e-05,4,London,Friday
2026-01-23 11:17:51,FPMarkets Raw,USDJPY,158.035,158.039,0.004,4,London,Friday
2026-01-23 11:17:52,FPMarkets Raw,AUDUSD,0.68483,0.68485,2e-05,2,London,Friday
2026-01-23 11:17:54,8Cap Raw,XAUUSD,4912.55,4912.71,0.16,16,London,Friday
2026-01-23 11:17:55,8Cap Raw,EURUSD,1.17384,1.17385,1e-05,1,London,Friday
2026-01-23 11:17:56,8Cap Raw,GBPUSD,1.35024,1.35027,3e-05,3,London,Friday
2026-01-23 11:17:56,8Cap Raw,USDJPY,158.045,158.046,0.001,1,London,Friday
2026-01-23 11:17:57,8Cap Raw,AUDUSD,0.68483,0.68485,2e-05,2,London,Friday
2026-01-23 11:22:17,Pepperstone Razor,XAUUSD,4913.45,4913.71,0.26,26,London,Friday
2026-01-23 11:22:17,Pepperstone Razor,EURUSD,1.17401,1.17403,2e-05,2,London,Friday
2026-01-23 11:22:18,Pepperstone Razor,GBPUSD,1.3506,1.35064,4e-05,4,London,Friday
2026-01-23 11:22:19,Pepperstone Razor,USDJPY,157.969,157.972,0.003,3,London,Friday
2026-01-23 11:22:20,Pepperstone Razor,AUDUSD,0.68506,0.68507,1e-05,1,London,Friday
2026-01-23 11:22:23,FusionMarkets Zero,XAUUSD,4914.2,4914.3,0.1,10,London,Friday
2026-01-23 11:22:24,FusionMarkets Zero,EURUSD,1.174,1.174,0.0,0,London,Friday
2026-01-23 11:22:25,FusionMarkets Zero,GBPUSD,1.35057,1.35057,0.0,0,London,Friday
2026-01-23 11:22:26,FusionMarkets Zero,USDJPY,157.971,157.971,0.0,0,London,Friday
2026-01-23 11:22:27,FusionMarkets Zero,AUDUSD,0.68505,0.68505,0.0,0,London,Friday
2026-01-23 11:22:30,ThinkMarkets ThinkZero,XAUUSD,4914.62,4914.7,0.08,8,London,Friday
2026-01-23 11:22:31,ThinkMarkets ThinkZero,EURUSD,1.17395,1.17397,2e-05,2,London,Friday
2026-01-23 11:22:32,ThinkMarkets ThinkZero,GBPUSD,1.35049,1.35054,5e-05,5,London,Friday
2026-01-23 11:22:33,ThinkMarkets ThinkZero,USDJPY,157.984,157.986,0.002,2,London,Friday
2026-01-23 11:22:34,ThinkMarkets ThinkZero,AUDUSD,0.68498,0.68499,1e-05,1,London,Friday
2026-01-23 11:22:36,ICMarkets Raw,XAUUSD,4914.74,4914.82,0.08,8,London,Friday
2026-01-23 11:22:37,ICMarkets Raw,EURUSD,1.17396,1.17396,0.0,0,London,Friday
2026-01-23 11:22:38,ICMarkets Raw,GBPUSD,1.35056,1.35057,1e-05,1,London,Friday
2026-01-23 11:22:39,ICMarkets Raw,USDJPY,157.983,157.983,0.0,0,London,Friday
2026-01-23 11:22:40,ICMarkets Raw,AUDUSD,0.685,0.685,0.0,0,London,Friday
2026-01-23 11:22:43,VantageMarkets Raw,XAUUSD,4912.08,4912.16,0.08,8,London,Friday
2026-01-23 11:22:44,VantageMarkets Raw,EURUSD,1.17398,1.17399,1e-05,1,London,Friday
2026-01-23 11:22:44,VantageMarkets Raw,GBPUSD,1.35053,1.35054,1e-05,1,London,Friday
2026-01-23 11:22:45,VantageMarkets Raw,USDJPY,157.983,157.985,0.002,2,London,Friday
2026-01-23 11:22:46,VantageMarkets Raw,AUDUSD,0.68499,0.68501,2e-05,2,London,Friday
2026-01-23 11:22:49,FPMarkets Raw,XAUUSD,4912.73,4912.8,0.07,7,London,Friday
2026-01-23 11:22:50,FPMarkets Raw,EURUSD,1.174,1.17402,2e-05,2,London,Friday
2026-01-23 11:22:51,FPMarkets Raw,GBPUSD,1.35055,1.35055,0.0,0,London,Friday
2026-01-23 11:22:52,FPMarkets Raw,USDJPY,157.972,157.975,0.003,3,London,Friday
2026-01-23 11:22:53,FPMarkets Raw,AUDUSD,0.68497,0.685,3e-05,3,London,Friday
2026-01-23 11:22:55,8Cap Raw,XAUUSD,4913.74,4913.9,0.16,16,London,Friday
2026-01-23 11:22:55,8Cap Raw,EURUSD,1.17401,1.17401,0.0,0,London,Friday
2026-01-23 11:22:56,8Cap Raw,GBPUSD,1.35056,1.35057,1e-05,1,London,Friday
2026-01-23 11:22:57,8Cap Raw,USDJPY,157.971,157.972,0.001,1,London,Friday
2026-01-23 11:22:57,8Cap Raw,AUDUSD,0.68498,0.68501,3e-05,3,London,Friday
2026-01-23 11:27:16,Pepperstone Razor,XAUUSD,4908.32,4908.52,0.2,20,London,Friday
2026-01-23 11:27:17,Pepperstone Razor,EURUSD,1.17434,1.17434,0.0,0,London,Friday
2026-01-23 11:27:18,Pepperstone Razor,GBPUSD,1.35067,1.35068,1e-05,1,London,Friday
2026-01-23 11:27:19,Pepperstone Razor,USDJPY,157.904,157.911,0.007,7,London,Friday
2026-01-23 11:27:20,Pepperstone Razor,AUDUSD,0.68486,0.68487,1e-05,1,London,Friday
2026-01-23 11:27:23,FusionMarkets Zero,XAUUSD,4910.15,4910.24,0.09,9,London,Friday
2026-01-23 11:27:24,FusionMarkets Zero,EURUSD,1.17439,1.17439,0.0,0,London,Friday
2026-01-23 11:27:25,FusionMarkets Zero,GBPUSD,1.35077,1.35077,0.0,0,London,Friday
2026-01-23 11:27:26,FusionMarkets Zero,USDJPY,157.875,157.878,0.003,3,London,Friday
2026-01-23 11:27:27,FusionMarkets Zero,AUDUSD,0.68486,0.68486,0.0,0,London,Friday
2026-01-23 11:27:30,ThinkMarkets ThinkZero,XAUUSD,4911.39,4911.47,0.08,8,London,Friday
2026-01-23 11:27:31,ThinkMarkets ThinkZero,EURUSD,1.17434,1.17435,1e-05,1,London,Friday
2026-01-23 11:27:31,ThinkMarkets ThinkZero,GBPUSD,1.35065,1.35071,6e-05,6,London,Friday
2026-01-23 11:27:32,ThinkMarkets ThinkZero,USDJPY,157.891,157.897,0.006,6,London,Friday
2026-01-23 11:27:33,ThinkMarkets ThinkZero,AUDUSD,0.6848,0.68484,4e-05,4,London,Friday
2026-01-23 11:27:36,ICMarkets Raw,XAUUSD,4910.59,4910.66,0.07,7,London,Friday
2026-01-23 11:27:37,ICMarkets Raw,EURUSD,1.17425,1.17426,1e-05,1,London,Friday
2026-01-23 11:27:38,ICMarkets Raw,GBPUSD,1.3507,1.35071,1e-05,1,London,Friday
2026-01-23 11:27:39,ICMarkets Raw,USDJPY,157.931,157.935,0.004,4,London,Friday
2026-01-23 11:27:40,ICMarkets Raw,AUDUSD,0.68485,0.68485,0.0,0,London,Friday
2026-01-23 11:27:43,VantageMarkets Raw,XAUUSD,4910.88,4910.96,0.08,8,London,Friday
2026-01-23 11:27:44,VantageMarkets Raw,EURUSD,1.17423,1.17425,2e-05,2,London,Friday
2026-01-23 11:27:44,VantageMarkets Raw,GBPUSD,1.35072,1.35073,1e-05,1,London,Friday
2026-01-23 11:27:45,VantageMarkets Raw,USDJPY,157.946,157.947,0.001,1,London,Friday
2026-01-23 11:27:46,VantageMarkets Raw,AUDUSD,0.68484,0.68486,2e-05,2,London,Friday
2026-01-23 11:27:49,FPMarkets Raw,XAUUSD,4909.45,4909.52,0.07,7,London,Friday
2026-01-23 11:27:50,FPMarkets Raw,EURUSD,1.17423,1.17425,2e-05,2,London,Friday
2026-01-23 11:27:51,FPMarkets Raw,GBPUSD,1.3507,1.35073,3e-05,3,London,Friday
2026-01-23 11:27:52,FPMarkets Raw,USDJPY,157.923,157.926,0.003,3,London,Friday
2026-01-23 11:27:53,FPMarkets Raw,AUDUSD,0.68481,0.68484,3e-05,3,London,Friday
2026-01-23 11:27:55,8Cap Raw,XAUUSD,4907.52,4907.68,0.16,16,London,Friday
2026-01-23 11:27:56,8Cap Raw,EURUSD,1.1742,1.1742,0.0,0,London,Friday
2026-01-23 11:27:57,8Cap Raw,GBPUSD,1.35072,1.35073,1e-05,1,London,Friday
2026-01-23 11:27:57,8Cap Raw,USDJPY,157.918,157.919,0.001,1,London,Friday
2026-01-23 11:27:58,8Cap Raw,AUDUSD,0.68484,0.68486,2e-05,2,London,Friday
2026-01-23 11:32:16,Pepperstone Razor,XAUUSD,4907.84,4908.05,0.21,21,London,Friday
2026-01-23 11:32:17,Pepperstone Razor,EURUSD,1.17397,1.17397,0.0,0,London,Friday
2026-01-23 11:32:18,Pepperstone Razor,GBPUSD,1.35146,1.35149,3e-05,3,London,Friday
2026-01-23 11:32:19,Pepperstone Razor,USDJPY,158.007,158.009,0.002,2,London,Friday
2026-01-23 11:32:20,Pepperstone Razor,AUDUSD,0.68464,0.68465,1e-05,1,London,Friday
2026-01-23 11:32:23,FusionMarkets Zero,XAUUSD,4907.83,4907.93,0.1,10,London,Friday
2026-01-23 11:32:24,FusionMarkets Zero,EURUSD,1.17395,1.17395,0.0,0,London,Friday
2026-01-23 11:32:25,FusionMarkets Zero,GBPUSD,1.3514,1.3514,0.0,0,London,Friday
2026-01-23 11:32:26,FusionMarkets Zero,USDJPY,158.013,158.015,0.002,2,London,Friday
2026-01-23 11:32:27,FusionMarkets Zero,AUDUSD,0.68466,0.68466,0.0,0,London,Friday
2026-01-23 11:32:30,ThinkMarkets ThinkZero,XAUUSD,4908.35,4908.43,0.08,8,London,Friday
2026-01-23 11:32:31,ThinkMarkets ThinkZero,EURUSD,1.1739,1.17392,2e-05,2,London,Friday
2026-01-23 11:32:32,ThinkMarkets ThinkZero,GBPUSD,1.35125,1.35129,4e-05,4,London,Friday
2026-01-23 11:32:32,ThinkMarkets ThinkZero,USDJPY,158.011,158.017,0.006,6,London,Friday
2026-01-23 11:32:33,ThinkMarkets ThinkZero,AUDUSD,0.68464,0.68466,2e-05,2,London,Friday
2026-01-23 11:32:36,ICMarkets Raw,XAUUSD,4908.38,4908.46,0.08,8,London,Friday
2026-01-23 11:32:37,ICMarkets Raw,EURUSD,1.17393,1.17393,0.0,0,London,Friday
2026-01-23 11:32:38,ICMarkets Raw,GBPUSD,1.35127,1.35128,1e-05,1,London,Friday
2026-01-23 11:32:39,ICMarkets Raw,USDJPY,158.02,158.022,0.002,2,London,Friday
2026-01-23 11:32:40,ICMarkets Raw,AUDUSD,0.68467,0.68468,1e-05,1,London,Friday
2026-01-23 11:32:43,VantageMarkets Raw,XAUUSD,4909.86,4909.94,0.08,8,London,Friday
2026-01-23 11:32:44,VantageMarkets Raw,EURUSD,1.17393,1.17395,2e-05,2,London,Friday
2026-01-23 11:32:44,VantageMarkets Raw,GBPUSD,1.35135,1.35136,1e-05,1,London,Friday
2026-01-23 11:32:45,VantageMarkets Raw,USDJPY,158.024,158.025,0.001,1,London,Friday
2026-01-23 11:32:46,VantageMarkets Raw,AUDUSD,0.68467,0.68471,4e-05,4,London,Friday
2026-01-23 11:32:49,FPMarkets Raw,XAUUSD,4910.57,4910.64,0.07,7,London,Friday
2026-01-23 11:32:50,FPMarkets Raw,EURUSD,1.17399,1.17401,2e-05,2,London,Friday
2026-01-23 11:32:51,FPMarkets Raw,GBPUSD,1.35153,1.35157,4e-05,4,London,Friday
2026-01-23 11:32:52,FPMarkets Raw,USDJPY,158.009,158.013,0.004,4,London,Friday
2026-01-23 11:32:53,FPMarkets Raw,AUDUSD,0.68468,0.6847,2e-05,2,London,Friday
2026-01-23 11:32:55,8Cap Raw,XAUUSD,4912.19,4912.35,0.16,16,London,Friday
2026-01-23 11:32:56,8Cap Raw,EURUSD,1.17399,1.174,1e-05,1,London,Friday
2026-01-23 11:32:57,8Cap Raw,GBPUSD,1.35153,1.35154,1e-05,1,London,Friday
2026-01-23 11:32:57,8Cap Raw,USDJPY,158.012,158.013,0.001,1,London,Friday
2026-01-23 11:32:58,8Cap Raw,AUDUSD,0.68467,0.6847,3e-05,3,London,Friday
2026-01-23 11:37:17,Pepperstone Razor,XAUUSD,4909.53,4909.73,0.2,20,London,Friday
2026-01-23 11:37:18,Pepperstone Razor,EURUSD,1.17419,1.17419,0.0,0,London,Friday
2026-01-23 11:37:19,Pepperstone Razor,GBPUSD,1.35131,1.35137,6e-05,6,London,Friday
2026-01-23 11:37:19,Pepperstone Razor,USDJPY,158.024,158.029,0.005,5,London,Friday
2026-01-23 11:37:20,Pepperstone Razor,AUDUSD,0.68446,0.68448,2e-05,2,London,Friday
2026-01-23 11:37:23,FusionMarkets Zero,XAUUSD,4910.05,4910.12,0.07,7,London,Friday
2026-01-23 11:37:24,FusionMarkets Zero,EURUSD,1.17419,1.17419,0.0,0,London,Friday
2026-01-23 11:37:25,FusionMarkets Zero,GBPUSD,1.35136,1.35136,0.0,0,London,Friday
2026-01-23 11:37:26,FusionMarkets Zero,USDJPY,158.025,158.025,0.0,0,London,Friday
2026-01-23 11:37:27,FusionMarkets Zero,AUDUSD,0.68449,0.68449,0.0,0,London,Friday
2026-01-23 11:37:30,ThinkMarkets ThinkZero,XAUUSD,4909.85,4909.93,0.08,8,London,Friday
2026-01-23 11:37:31,ThinkMarkets ThinkZero,EURUSD,1.17417,1.1742,3e-05,3,London,Friday
2026-01-23 11:37:32,ThinkMarkets ThinkZero,GBPUSD,1.35133,1.35137,4e-05,4,London,Friday
2026-01-23 11:37:33,ThinkMarkets ThinkZero,USDJPY,158.015,158.017,0.002,2,London,Friday
2026-01-23 11:37:34,ThinkMarkets ThinkZero,AUDUSD,0.68446,0.68448,2e-05,2,London,Friday
2026-01-23 11:37:37,ICMarkets Raw,XAUUSD,4908.71,4908.78,0.07,7,London,Friday
2026-01-23 11:37:37,ICMarkets Raw,EURUSD,1.17419,1.1742,1e-05,1,London,Friday
2026-01-23 11:37:38,ICMarkets Raw,GBPUSD,1.35134,1.35135,1e-05,1,London,Friday
2026-01-23 11:37:39,ICMarkets Raw,USDJPY,158.009,158.009,0.0,0,London,Friday
2026-01-23 11:37:40,ICMarkets Raw,AUDUSD,0.68449,0.68449,0.0,0,London,Friday
2026-01-23 11:37:43,VantageMarkets Raw,XAUUSD,4908.87,4908.95,0.08,8,London,Friday
2026-01-23 11:37:44,VantageMarkets Raw,EURUSD,1.1741,1.17412,2e-05,2,London,Friday
2026-01-23 11:37:45,VantageMarkets Raw,GBPUSD,1.35118,1.35119,1e-05,1,London,Friday
2026-01-23 11:37:46,VantageMarkets Raw,USDJPY,158.012,158.014,0.002,2,London,Friday
2026-01-23 11:37:47,VantageMarkets Raw,AUDUSD,0.68441,0.68444,3e-05,3,London,Friday
2026-01-23 11:37:50,FPMarkets Raw,XAUUSD,4908.69,4908.76,0.07,7,London,Friday
2026-01-23 11:37:51,FPMarkets Raw,EURUSD,1.1741,1.17411,1e-05,1,London,Friday
2026-01-23 11:37:52,FPMarkets Raw,GBPUSD,1.35117,1.3512,3e-05,3,London,Friday
2026-01-23 11:37:53,FPMarkets Raw,USDJPY,158.022,158.025,0.003,3,London,Friday
2026-01-23 11:37:54,FPMarkets Raw,AUDUSD,0.68439,0.68443,4e-05,4,London,Friday
2026-01-23 11:37:55,8Cap Raw,XAUUSD,4909.11,4909.27,0.16,16,London,Friday
2026-01-23 11:37:56,8Cap Raw,EURUSD,1.17409,1.17409,0.0,0,London,Friday
2026-01-23 11:37:57,8Cap Raw,GBPUSD,1.35115,1.35116,1e-05,1,London,Friday
2026-01-23 11:37:57,8Cap Raw,USDJPY,158.037,158.038,0.001,1,London,Friday
2026-01-23 11:37:58,8Cap Raw,AUDUSD,0.6844,0.68443,3e-05,3,London,Friday
2026-01-23 11:42:17,Pepperstone Razor,XAUUSD,4915.57,4915.72,0.15,15,London,Friday
2026-01-23 11:42:18,Pepperstone Razor,EURUSD,1.17426,1.17426,0.0,0,London,Friday
2026-01-23 11:42:19,Pepperstone Razor,GBPUSD,1.3522,1.35223,3e-05,3,London,Friday
2026-01-23 11:42:19,Pepperstone Razor,USDJPY,157.942,157.944,0.002,2,London,Friday
2026-01-23 11:42:20,Pepperstone Razor,AUDUSD,0.68438,0.68438,0.0,0,London,Friday
2026-01-23 11:42:24,FusionMarkets Zero,XAUUSD,4915.19,4915.24,0.05,5,London,Friday
2026-01-23 11:42:24,FusionMarkets Zero,EURUSD,1.17422,1.17422,0.0,0,London,Friday
2026-01-23 11:42:25,FusionMarkets Zero,GBPUSD,1.35206,1.35206,0.0,0,London,Friday
2026-01-23 11:42:26,FusionMarkets Zero,USDJPY,157.952,157.956,0.004,4,London,Friday
2026-01-23 11:42:27,FusionMarkets Zero,AUDUSD,0.68439,0.68439,0.0,0,London,Friday
2026-01-23 11:42:31,ThinkMarkets ThinkZero,XAUUSD,4914.42,4914.5,0.08,8,London,Friday
2026-01-23 11:42:32,ThinkMarkets ThinkZero,EURUSD,1.17415,1.17418,3e-05,3,London,Friday
2026-01-23 11:42:33,ThinkMarkets ThinkZero,GBPUSD,1.35193,1.352,7e-05,7,London,Friday
2026-01-23 11:42:33,ThinkMarkets ThinkZero,USDJPY,157.976,157.983,0.007,7,London,Friday
2026-01-23 11:42:34,ThinkMarkets ThinkZero,AUDUSD,0.68442,0.68444,2e-05,2,London,Friday
2026-01-23 11:42:38,ICMarkets Raw,XAUUSD,4915.08,4915.16,0.08,8,London,Friday
2026-01-23 11:42:39,ICMarkets Raw,EURUSD,1.17417,1.17417,0.0,0,London,Friday
2026-01-23 11:42:40,ICMarkets Raw,GBPUSD,1.35204,1.35208,4e-05,4,London,Friday
2026-01-23 11:42:41,ICMarkets Raw,USDJPY,157.971,157.973,0.002,2,London,Friday
2026-01-23 11:42:41,ICMarkets Raw,AUDUSD,0.68443,0.68443,0.0,0,London,Friday
2026-01-23 11:42:44,VantageMarkets Raw,XAUUSD,4914.37,4914.45,0.08,8,London,Friday
2026-01-23 11:42:45,VantageMarkets Raw,EURUSD,1.17415,1.17417,2e-05,2,London,Friday
2026-01-23 11:42:46,VantageMarkets Raw,GBPUSD,1.35202,1.35203,1e-05,1,London,Friday
2026-01-23 11:42:47,VantageMarkets Raw,USDJPY,157.973,157.975,0.002,2,London,Friday
2026-01-23 11:42:48,VantageMarkets Raw,AUDUSD,0.68443,0.68446,3e-05,3,London,Friday
2026-01-23 11:42:51,FPMarkets Raw,XAUUSD,4915.32,4915.39,0.07,7,London,Friday
2026-01-23 11:42:52,FPMarkets Raw,EURUSD,1.17415,1.17416,1e-05,1,London,Friday
2026-01-23 11:42:53,FPMarkets Raw,GBPUSD,1.35196,1.35199,3e-05,3,London,Friday
2026-01-23 11:42:54,FPMarkets Raw,USDJPY,157.971,157.975,0.004,4,London,Friday
2026-01-23 11:42:55,FPMarkets Raw,AUDUSD,0.68443,0.68445,2e-05,2,London,Friday
2026-01-23 11:42:57,8Cap Raw,XAUUSD,4914.76,4914.92,0.16,16,London,Friday
2026-01-23 11:42:57,8Cap Raw,EURUSD,1.17414,1.17415,1e-05,1,London,Friday
2026-01-23 11:42:58,8Cap Raw,GBPUSD,1.35196,1.35197,1e-05,1,London,Friday
2026-01-23 11:42:59,8Cap Raw,USDJPY,157.975,157.976,0.001,1,London,Friday
2026-01-23 11:43:00,8Cap Raw,AUDUSD,0.68439,0.68441,2e-05,2,London,Friday
2026-01-23 11:47:17,Pepperstone Razor,XAUUSD,4916.63,4916.78,0.15,15,London,Friday
2026-01-23 11:47:18,Pepperstone Razor,EURUSD,1.17395,1.17395,0.0,0,London,Friday
2026-01-23 11:47:19,Pepperstone Razor,GBPUSD,1.35298,1.35298,0.0,0,London,Friday
2026-01-23 11:47:20,Pepperstone Razor,USDJPY,157.97,157.971,0.001,1,London,Friday
2026-01-23 11:47:20,Pepperstone Razor,AUDUSD,0.68454,0.68455,1e-05,1,London,Friday
2026-01-23 11:47:24,FusionMarkets Zero,XAUUSD,4916.12,4916.17,0.05,5,London,Friday
2026-01-23 11:47:25,FusionMarkets Zero,EURUSD,1.17394,1.17394,0.0,0,London,Friday
2026-01-23 11:47:25,FusionMarkets Zero,GBPUSD,1.35287,1.35287,0.0,0,London,Friday
2026-01-23 11:47:26,FusionMarkets Zero,USDJPY,157.953,157.955,0.002,2,London,Friday
2026-01-23 11:47:27,FusionMarkets Zero,AUDUSD,0.68455,0.68455,0.0,0,London,Friday
2026-01-23 11:47:31,ThinkMarkets ThinkZero,XAUUSD,4914.89,4914.97,0.08,8,London,Friday
2026-01-23 11:47:32,ThinkMarkets ThinkZero,EURUSD,1.17385,1.17388,3e-05,3,London,Friday
2026-01-23 11:47:33,ThinkMarkets ThinkZero,GBPUSD,1.35273,1.35279,6e-05,6,London,Friday
2026-01-23 11:47:33,ThinkMarkets ThinkZero,USDJPY,157.957,157.962,0.005,5,London,Friday
2026-01-23 11:47:34,ThinkMarkets ThinkZero,AUDUSD,0.68444,0.68447,3e-05,3,London,Friday
2026-01-23 11:47:38,ICMarkets Raw,XAUUSD,4915.15,4915.23,0.08,8,London,Friday
2026-01-23 11:47:39,ICMarkets Raw,EURUSD,1.17384,1.17385,1e-05,1,London,Friday
2026-01-23 11:47:40,ICMarkets Raw,GBPUSD,1.35274,1.35275,1e-05,1,London,Friday
2026-01-23 11:47:41,ICMarkets Raw,USDJPY,157.967,157.969,0.002,2,London,Friday
2026-01-23 11:47:41,ICMarkets Raw,AUDUSD,0.68445,0.68445,0.0,0,London,Friday
2026-01-23 11:47:44,VantageMarkets Raw,XAUUSD,4915.08,4915.16,0.08,8,London,Friday
2026-01-23 11:47:45,VantageMarkets Raw,EURUSD,1.17386,1.17388,2e-05,2,London,Friday
2026-01-23 11:47:46,VantageMarkets Raw,GBPUSD,1.35273,1.35274,1e-05,1,London,Friday
2026-01-23 11:47:47,VantageMarkets Raw,USDJPY,157.982,157.984,0.002,2,London,Friday
2026-01-23 11:47:48,VantageMarkets Raw,AUDUSD,0.68443,0.68446,3e-05,3,London,Friday
2026-01-23 11:47:51,FPMarkets Raw,XAUUSD,4915.09,4915.16,0.07,7,London,Friday
2026-01-23 11:47:52,FPMarkets Raw,EURUSD,1.17389,1.17391,2e-05,2,London,Friday
2026-01-23 11:47:53,FPMarkets Raw,GBPUSD,1.35281,1.35285,4e-05,4,London,Friday
2026-01-23 11:47:54,FPMarkets Raw,USDJPY,157.974,157.979,0.005,5,London,Friday
2026-01-23 11:47:55,FPMarkets Raw,AUDUSD,0.6844,0.68443,3e-05,3,London,Friday
2026-01-23 11:47:57,8Cap Raw,XAUUSD,4915.19,4915.35,0.16,16,London,Friday
2026-01-23 11:47:57,8Cap Raw,EURUSD,1.17389,1.1739,1e-05,1,London,Friday
2026-01-23 11:47:58,8Cap Raw,GBPUSD,1.3528,1.35281,1e-05,1,London,Friday
2026-01-23 11:47:59,8Cap Raw,USDJPY,157.989,157.99,0.001,1,London,Friday
2026-01-23 11:47:59,8Cap Raw,AUDUSD,0.6844,0.68442,2e-05,2,London,Friday
2026-01-23 11:52:17,Pepperstone Razor,XAUUSD,4919.13,4919.28,0.15,15,London,Friday
2026-01-23 11:52:18,Pepperstone Razor,EURUSD,1.17388,1.17388,0.0,0,London,Friday
2026-01-23 11:52:19,Pepperstone Razor,GBPUSD,1.35281,1.35284,3e-05,3,London,Friday
2026-01-23 11:52:20,Pepperstone Razor,USDJPY,158.046,158.049,0.003,3,London,Friday
2026-01-23 11:52:20,Pepperstone Razor,AUDUSD,0.68415,0.68416,1e-05,1,London,Friday
2026-01-23 11:52:24,FusionMarkets Zero,XAUUSD,4919.0,4919.06,0.06,6,London,Friday
2026-01-23 11:52:25,FusionMarkets Zero,EURUSD,1.17393,1.17393,0.0,0,London,Friday
2026-01-23 11:52:26,FusionMarkets Zero,GBPUSD,1.35305,1.35305,0.0,0,London,Friday
2026-01-23 11:52:26,FusionMarkets Zero,USDJPY,158.041,158.041,0.0,0,London,Friday
2026-01-23 11:52:27,FusionMarkets Zero,AUDUSD,0.68417,0.68417,0.0,0,London,Friday
2026-01-23 11:52:31,ThinkMarkets ThinkZero,XAUUSD,4918.09,4918.17,0.08,8,London,Friday
2026-01-23 11:52:32,ThinkMarkets ThinkZero,EURUSD,1.17389,1.17392,3e-05,3,London,Friday
2026-01-23 11:52:33,ThinkMarkets ThinkZero,GBPUSD,1.35299,1.35307,8e-05,8,London,Friday
2026-01-23 11:52:34,ThinkMarkets ThinkZero,USDJPY,158.04,158.045,0.005,5,London,Friday
2026-01-23 11:52:34,ThinkMarkets ThinkZero,AUDUSD,0.68415,0.68418,3e-05,3,London,Friday
2026-01-23 11:52:38,ICMarkets Raw,XAUUSD,4917.79,4917.87,0.08,8,London,Friday
2026-01-23 11:52:39,ICMarkets Raw,EURUSD,1.17391,1.17391,0.0,0,London,Friday
2026-01-23 11:52:40,ICMarkets Raw,GBPUSD,1.35312,1.35313,1e-05,1,London,Friday
2026-01-23 11:52:40,ICMarkets Raw,USDJPY,158.035,158.035,0.0,0,London,Friday
2026-01-23 11:52:41,ICMarkets Raw,AUDUSD,0.68415,0.68416,1e-05,1,London,Friday
2026-01-23 11:52:44,VantageMarkets Raw,XAUUSD,4918.01,4918.09,0.08,8,London,Friday
2026-01-23 11:52:45,VantageMarkets Raw,EURUSD,1.17391,1.17393,2e-05,2,London,Friday
2026-01-23 11:52:46,VantageMarkets Raw,GBPUSD,1.3531,1.35311,1e-05,1,London,Friday
2026-01-23 11:52:47,VantageMarkets Raw,USDJPY,158.031,158.032,0.001,1,London,Friday
2026-01-23 11:52:48,VantageMarkets Raw,AUDUSD,0.68413,0.68417,4e-05,4,London,Friday
2026-01-23 11:52:51,FPMarkets Raw,XAUUSD,4917.87,4917.94,0.07,7,London,Friday
2026-01-23 11:52:52,FPMarkets Raw,EURUSD,1.1739,1.17392,2e-05,2,London,Friday
2026-01-23 11:52:53,FPMarkets Raw,GBPUSD,1.35297,1.35301,4e-05,4,London,Friday
2026-01-23 11:52:54,FPMarkets Raw,USDJPY,158.029,158.033,0.004,4,London,Friday
2026-01-23 11:52:55,FPMarkets Raw,AUDUSD,0.68411,0.68415,4e-05,4,London,Friday
2026-01-23 11:52:56,8Cap Raw,XAUUSD,4917.82,4917.98,0.16,16,London,Friday
2026-01-23 11:52:57,8Cap Raw,EURUSD,1.17392,1.17392,0.0,0,London,Friday
2026-01-23 11:52:58,8Cap Raw,GBPUSD,1.35296,1.35297,1e-05,1,London,Friday
2026-01-23 11:52:58,8Cap Raw,USDJPY,158.024,158.025,0.001,1,London,Friday
2026-01-23 11:52:59,8Cap Raw,AUDUSD,0.68412,0.68414,2e-05,2,London,Friday
2026-01-23 11:57:17,Pepperstone Razor,XAUUSD,4918.56,4918.75,0.19,19,London,Friday
2026-01-23 11:57:18,Pepperstone Razor,EURUSD,1.17373,1.17373,0.0,0,London,Friday
2026-01-23 11:57:19,Pepperstone Razor,GBPUSD,1.35337,1.35337,0.0,0,London,Friday
2026-01-23 11:57:19,Pepperstone Razor,USDJPY,158.004,158.006,0.002,2,London,Friday
2026-01-23 11:57:20,Pepperstone Razor,AUDUSD,0.6841,0.6841,0.0,0,London,Friday
2026-01-23 11:57:24,FusionMarkets Zero,XAUUSD,4919.13,4919.21,0.08,8,London,Friday
2026-01-23 11:57:25,FusionMarkets Zero,EURUSD,1.17378,1.17378,0.0,0,London,Friday
2026-01-23 11:57:26,FusionMarkets Zero,GBPUSD,1.35329,1.35329,0.0,0,London,Friday
2026-01-23 11:57:27,FusionMarkets Zero,USDJPY,158.013,158.013,0.0,0,London,Friday
2026-01-23 11:57:28,FusionMarkets Zero,AUDUSD,0.68405,0.68405,0.0,0,London,Friday
2026-01-23 11:57:31,ThinkMarkets ThinkZero,XAUUSD,4918.91,4918.99,0.08,8,London,Friday
2026-01-23 11:57:32,ThinkMarkets ThinkZero,EURUSD,1.17368,1.1737,2e-05,2,London,Friday
2026-01-23 11:57:33,ThinkMarkets ThinkZero,GBPUSD,1.35324,1.3533,6e-05,6,London,Friday
2026-01-23 11:57:34,ThinkMarkets ThinkZero,USDJPY,158.016,158.021,0.005,5,London,Friday
2026-01-23 11:57:35,ThinkMarkets ThinkZero,AUDUSD,0.68402,0.68404,2e-05,2,London,Friday
2026-01-23 11:57:38,ICMarkets Raw,XAUUSD,4919.27,4919.35,0.08,8,London,Friday
2026-01-23 11:57:39,ICMarkets Raw,EURUSD,1.17368,1.17368,0.0,0,London,Friday
2026-01-23 11:57:40,ICMarkets Raw,GBPUSD,1.35326,1.35327,1e-05,1,London,Friday
2026-01-23 11:57:41,ICMarkets Raw,USDJPY,158.015,158.015,0.0,0,London,Friday
2026-01-23 11:57:42,ICMarkets Raw,AUDUSD,0.68404,0.68404,0.0,0,London,Friday
2026-01-23 11:57:44,VantageMarkets Raw,XAUUSD,4918.63,4918.71,0.08,8,London,Friday
2026-01-23 11:57:45,VantageMarkets Raw,EURUSD,1.17366,1.17368,2e-05,2,London,Friday
2026-01-23 11:57:46,VantageMarkets Raw,GBPUSD,1.35329,1.3533,1e-05,1,London,Friday
2026-01-23 11:57:47,VantageMarkets Raw,USDJPY,158.015,158.017,0.002,2,London,Friday
2026-01-23 11:57:48,VantageMarkets Raw,AUDUSD,0.68403,0.68405,2e-05,2,London,Friday
2026-01-23 11:57:51,FPMarkets Raw,XAUUSD,4918.95,4919.02,0.07,7,London,Friday
2026-01-23 11:57:52,FPMarkets Raw,EURUSD,1.17366,1.17368,2e-05,2,London,Friday
2026-01-23 11:57:52,FPMarkets Raw,GBPUSD,1.35326,1.35329,3e-05,3,London,Friday
2026-01-23 11:57:53,FPMarkets Raw,USDJPY,158.008,158.011,0.003,3,London,Friday
2026-01-23 11:57:54,FPMarkets Raw,AUDUSD,0.68402,0.68404,2e-05,2,London,Friday
2026-01-23 11:57:57,8Cap Raw,XAUUSD,4918.28,4918.44,0.16,16,London,Friday
2026-01-23 11:57:57,8Cap Raw,EURUSD,1.17368,1.17369,1e-05,1,London,Friday
2026-01-23 11:57:58,8Cap Raw,GBPUSD,1.35326,1.35327,1e-05,1,London,Friday
2026-01-23 11:57:59,8Cap Raw,USDJPY,158.008,158.009,0.001,1,London,Friday
2026-01-23 11:57:59,8Cap Raw,AUDUSD,0.68402,0.68405,3e-05,3,London,Friday
2026-01-23 12:02:16,Pepperstone Razor,XAUUSD,4921.99,4922.11,0.12,12,Overlap,Friday
2026-01-23 12:02:17,Pepperstone Razor,EURUSD,1.17358,1.17358,0.0,0,Overlap,Friday
2026-01-23 12:02:18,Pepperstone Razor,GBPUSD,1.35276,1.35278,2e-05,2,Overlap,Friday
2026-01-23 12:02:19,Pepperstone Razor,USDJPY,158.065,158.068,0.003,3,Overlap,Friday
2026-01-23 12:02:20,Pepperstone Razor,AUDUSD,0.68392,0.68393,1e-05,1,Overlap,Friday
2026-01-23 12:02:23,FusionMarkets Zero,XAUUSD,4922.14,4922.21,0.07,7,Overlap,Friday
2026-01-23 12:02:23,FusionMarkets Zero,EURUSD,1.17355,1.17355,0.0,0,Overlap,Friday
2026-01-23 12:02:24,FusionMarkets Zero,GBPUSD,1.3528,1.3528,0.0,0,Overlap,Friday
2026-01-23 12:02:25,FusionMarkets Zero,USDJPY,158.052,158.058,0.006,6,Overlap,Friday
2026-01-23 12:02:26,FusionMarkets Zero,AUDUSD,0.68388,0.68388,0.0,0,Overlap,Friday
2026-01-23 12:02:29,ThinkMarkets ThinkZero,XAUUSD,4921.47,4921.55,0.08,8,Overlap,Friday
2026-01-23 12:02:30,ThinkMarkets ThinkZero,EURUSD,1.17356,1.17359,3e-05,3,Overlap,Friday
2026-01-23 12:02:31,ThinkMarkets ThinkZero,GBPUSD,1.35273,1.3528,7e-05,7,Overlap,Friday
2026-01-23 12:02:32,ThinkMarkets ThinkZero,USDJPY,158.055,158.059,0.004,4,Overlap,Friday
2026-01-23 12:02:33,ThinkMarkets ThinkZero,AUDUSD,0.68383,0.68385,2e-05,2,Overlap,Friday
2026-01-23 12:02:36,ICMarkets Raw,XAUUSD,4922.22,4922.29,0.07,7,Overlap,Friday
2026-01-23 12:02:37,ICMarkets Raw,EURUSD,1.17358,1.17358,0.0,0,Overlap,Friday
2026-01-23 12:02:38,ICMarkets Raw,GBPUSD,1.3528,1.35281,1e-05,1,Overlap,Friday
2026-01-23 12:02:38,ICMarkets Raw,USDJPY,158.057,158.059,0.002,2,Overlap,Friday
2026-01-23 12:02:39,ICMarkets Raw,AUDUSD,0.68384,0.68384,0.0,0,Overlap,Friday
2026-01-23 12:02:42,VantageMarkets Raw,XAUUSD,4922.38,4922.46,0.08,8,Overlap,Friday
2026-01-23 12:02:43,VantageMarkets Raw,EURUSD,1.17359,1.1736,1e-05,1,Overlap,Friday
2026-01-23 12:02:44,VantageMarkets Raw,GBPUSD,1.35277,1.35278,1e-05,1,Overlap,Friday
2026-01-23 12:02:45,VantageMarkets Raw,USDJPY,158.06,158.062,0.002,2,Overlap,Friday
2026-01-23 12:02:46,VantageMarkets Raw,AUDUSD,0.68379,0.68381,2e-05,2,Overlap,Friday
2026-01-23 12:02:49,FPMarkets Raw,XAUUSD,4922.21,4922.28,0.07,7,Overlap,Friday
2026-01-23 12:02:50,FPMarkets Raw,EURUSD,1.17357,1.17358,1e-05,1,Overlap,Friday
2026-01-23 12:02:51,FPMarkets Raw,GBPUSD,1.35278,1.35282,4e-05,4,Overlap,Friday
2026-01-23 12:02:52,FPMarkets Raw,USDJPY,158.055,158.058,0.003,3,Overlap,Friday
2026-01-23 12:02:53,FPMarkets Raw,AUDUSD,0.68376,0.6838,4e-05,4,Overlap,Friday
2026-01-23 12:02:55,8Cap Raw,XAUUSD,4922.37,4922.53,0.16,16,Overlap,Friday
2026-01-23 12:02:55,8Cap Raw,EURUSD,1.17353,1.17354,1e-05,1,Overlap,Friday
2026-01-23 12:02:56,8Cap Raw,GBPUSD,1.35275,1.35276,1e-05,1,Overlap,Friday
2026-01-23 12:02:57,8Cap Raw,USDJPY,158.047,158.048,0.001,1,Overlap,Friday
2026-01-23 12:02:57,8Cap Raw,AUDUSD,0.68378,0.6838,2e-05,2,Overlap,Friday
2026-01-23 12:07:16,Pepperstone Razor,XAUUSD,4916.65,4916.84,0.19,19,Overlap,Friday
2026-01-23 12:07:17,Pepperstone Razor,EURUSD,1.17332,1.17332,0.0,0,Overlap,Friday
2026-01-23 12:07:18,Pepperstone Razor,GBPUSD,1.35318,1.35321,3e-05,3,Overlap,Friday
2026-01-23 12:07:19,Pepperstone Razor,USDJPY,158.095,158.097,0.002,2,Overlap,Friday
2026-01-23 12:07:20,Pepperstone Razor,AUDUSD,0.68365,0.68365,0.0,0,Overlap,Friday
2026-01-23 12:07:23,FusionMarkets Zero,XAUUSD,4916.0,4916.09,0.09,9,Overlap,Friday
2026-01-23 12:07:24,FusionMarkets Zero,EURUSD,1.17332,1.17332,0.0,0,Overlap,Friday
2026-01-23 12:07:25,FusionMarkets Zero,GBPUSD,1.35317,1.35317,0.0,0,Overlap,Friday
2026-01-23 12:07:25,FusionMarkets Zero,USDJPY,158.094,158.094,0.0,0,Overlap,Friday
2026-01-23 12:07:26,FusionMarkets Zero,AUDUSD,0.68364,0.68364,0.0,0,Overlap,Friday
2026-01-23 12:07:29,ThinkMarkets ThinkZero,XAUUSD,4916.39,4916.47,0.08,8,Overlap,Friday
2026-01-23 12:07:30,ThinkMarkets ThinkZero,EURUSD,1.17331,1.17334,3e-05,3,Overlap,Friday
2026-01-23 12:07:31,ThinkMarkets ThinkZero,GBPUSD,1.35315,1.35321,6e-05,6,Overlap,Friday
2026-01-23 12:07:32,ThinkMarkets ThinkZero,USDJPY,158.106,158.111,0.005,5,Overlap,Friday
2026-01-23 12:07:33,ThinkMarkets ThinkZero,AUDUSD,0.68361,0.68366,5e-05,5,Overlap,Friday
2026-01-23 12:07:36,ICMarkets Raw,XAUUSD,4915.79,4915.88,0.09,9,Overlap,Friday
2026-01-23 12:07:37,ICMarkets Raw,EURUSD,1.17329,1.17329,0.0,0,Overlap,Friday
2026-01-23 12:07:38,ICMarkets Raw,GBPUSD,1.35319,1.3532,1e-05,1,Overlap,Friday
2026-01-23 12:07:38,ICMarkets Raw,USDJPY,158.095,158.097,0.002,2,Overlap,Friday
2026-01-23 12:07:39,ICMarkets Raw,AUDUSD,0.68362,0.68364,2e-05,2,Overlap,Friday
2026-01-23 12:07:42,VantageMarkets Raw,XAUUSD,4915.78,4915.86,0.08,8,Overlap,Friday
2026-01-23 12:07:43,VantageMarkets Raw,EURUSD,1.17329,1.1733,1e-05,1,Overlap,Friday
2026-01-23 12:07:43,VantageMarkets Raw,GBPUSD,1.35319,1.3532,1e-05,1,Overlap,Friday
2026-01-23 12:07:44,VantageMarkets Raw,USDJPY,158.102,158.105,0.003,3,Overlap,Friday
2026-01-23 12:07:45,VantageMarkets Raw,AUDUSD,0.68362,0.68366,4e-05,4,Overlap,Friday
2026-01-23 12:07:48,FPMarkets Raw,XAUUSD,4915.91,4915.98,0.07,7,Overlap,Friday
2026-01-23 12:07:49,FPMarkets Raw,EURUSD,1.17334,1.17335,1e-05,1,Overlap,Friday
2026-01-23 12:07:50,FPMarkets Raw,GBPUSD,1.35337,1.3534,3e-05,3,Overlap,Friday
2026-01-23 12:07:51,FPMarkets Raw,USDJPY,158.103,158.105,0.002,2,Overlap,Friday
2026-01-23 12:07:52,FPMarkets Raw,AUDUSD,0.68364,0.68367,3e-05,3,Overlap,Friday
2026-01-23 12:07:54,8Cap Raw,XAUUSD,4915.93,4916.09,0.16,16,Overlap,Friday
2026-01-23 12:07:54,8Cap Raw,EURUSD,1.17338,1.17338,0.0,0,Overlap,Friday
2026-01-23 12:07:55,8Cap Raw,GBPUSD,1.35337,1.35338,1e-05,1,Overlap,Friday
2026-01-23 12:07:56,8Cap Raw,USDJPY,158.106,158.108,0.002,2,Overlap,Friday
2026-01-23 12:07:56,8Cap Raw,AUDUSD,0.68364,0.68366,2e-05,2,Overlap,Friday
2026-01-23 12:12:16,Pepperstone Razor,XAUUSD,4921.18,4921.37,0.19,19,Overlap,Friday
2026-01-23 12:12:17,Pepperstone Razor,EURUSD,1.17339,1.17339,0.0,0,Overlap,Friday
2026-01-23 12:12:18,Pepperstone Razor,GBPUSD,1.35319,1.3532,1e-05,1,Overlap,Friday
2026-01-23 12:12:19,Pepperstone Razor,USDJPY,158.107,158.108,0.001,1,Overlap,Friday
2026-01-23 12:12:20,Pepperstone Razor,AUDUSD,0.6837,0.6837,0.0,0,Overlap,Friday
2026-01-23 12:12:22,FusionMarkets Zero,XAUUSD,4921.63,4921.74,0.11,11,Overlap,Friday
2026-01-23 12:12:23,FusionMarkets Zero,EURUSD,1.17339,1.17339,0.0,0,Overlap,Friday
2026-01-23 12:12:24,FusionMarkets Zero,GBPUSD,1.3532,1.3532,0.0,0,Overlap,Friday
2026-01-23 12:12:25,FusionMarkets Zero,USDJPY,158.104,158.104,0.0,0,Overlap,Friday
2026-01-23 12:12:26,FusionMarkets Zero,AUDUSD,0.6837,0.6837,0.0,0,Overlap,Friday
2026-01-23 12:12:29,ThinkMarkets ThinkZero,XAUUSD,4920.59,4920.67,0.08,8,Overlap,Friday
2026-01-23 12:12:30,ThinkMarkets ThinkZero,EURUSD,1.17337,1.17339,2e-05,2,Overlap,Friday
2026-01-23 12:12:31,ThinkMarkets ThinkZero,GBPUSD,1.35315,1.35319,4e-05,4,Overlap,Friday
2026-01-23 12:12:32,ThinkMarkets ThinkZero,USDJPY,158.1,158.104,0.004,4,Overlap,Friday
2026-01-23 12:12:33,ThinkMarkets ThinkZero,AUDUSD,0.68367,0.6837,3e-05,3,Overlap,Friday
2026-01-23 12:12:36,ICMarkets Raw,XAUUSD,4920.61,4920.7,0.09,9,Overlap,Friday
2026-01-23 12:12:36,ICMarkets Raw,EURUSD,1.17343,1.17343,0.0,0,Overlap,Friday
2026-01-23 12:12:37,ICMarkets Raw,GBPUSD,1.35318,1.35319,1e-05,1,Overlap,Friday
2026-01-23 12:12:38,ICMarkets Raw,USDJPY,158.101,158.101,0.0,0,Overlap,Friday
2026-01-23 12:12:39,ICMarkets Raw,AUDUSD,0.68369,0.68371,2e-05,2,Overlap,Friday
2026-01-23 12:12:42,VantageMarkets Raw,XAUUSD,4920.63,4920.71,0.08,8,Overlap,Friday
2026-01-23 12:12:42,VantageMarkets Raw,EURUSD,1.17335,1.17338,3e-05,3,Overlap,Friday
2026-01-23 12:12:43,VantageMarkets Raw,GBPUSD,1.35322,1.35323,1e-05,1,Overlap,Friday
2026-01-23 12:12:44,VantageMarkets Raw,USDJPY,158.088,158.09,0.002,2,Overlap,Friday
2026-01-23 12:12:45,VantageMarkets Raw,AUDUSD,0.68368,0.68372,4e-05,4,Overlap,Friday
2026-01-23 12:12:48,FPMarkets Raw,XAUUSD,4920.64,4920.71,0.07,7,Overlap,Friday
2026-01-23 12:12:49,FPMarkets Raw,EURUSD,1.17335,1.17336,1e-05,1,Overlap,Friday
2026-01-23 12:12:50,FPMarkets Raw,GBPUSD,1.35321,1.35324,3e-05,3,Overlap,Friday
2026-01-23 12:12:51,FPMarkets Raw,USDJPY,158.082,158.085,0.003,3,Overlap,Friday
2026-01-23 12:12:52,FPMarkets Raw,AUDUSD,0.68372,0.68375,3e-05,3,Overlap,Friday
2026-01-23 12:12:53,8Cap Raw,XAUUSD,4920.76,4920.92,0.16,16,Overlap,Friday
2026-01-23 12:12:54,8Cap Raw,EURUSD,1.17338,1.17339,1e-05,1,Overlap,Friday
2026-01-23 12:12:55,8Cap Raw,GBPUSD,1.35327,1.35328,1e-05,1,Overlap,Friday
2026-01-23 12:12:55,8Cap Raw,USDJPY,158.093,158.094,0.001,1,Overlap,Friday
2026-01-23 12:12:56,8Cap Raw,AUDUSD,0.68366,0.68369,3e-05,3,Overlap,Friday
2026-01-23 12:17:16,Pepperstone Razor,XAUUSD,4924.08,4924.31,0.23,23,Overlap,Friday
2026-01-23 12:17:17,Pepperstone Razor,EURUSD,1.17309,1.17309,0.0,0,Overlap,Friday
2026-01-23 12:17:18,Pepperstone Razor,GBPUSD,1.35257,1.35259,2e-05,2,Overlap,Friday
2026-01-23 12:17:19,Pepperstone Razor,USDJPY,158.191,158.193,0.002,2,Overlap,Friday
2026-01-23 12:17:20,Pepperstone Razor,AUDUSD,0.68365,0.68365,0.0,0,Overlap,Friday
2026-01-23 12:17:23,FusionMarkets Zero,XAUUSD,4924.23,4924.3,0.07,7,Overlap,Friday
2026-01-23 12:17:24,FusionMarkets Zero,EURUSD,1.17309,1.17309,0.0,0,Overlap,Friday
2026-01-23 12:17:25,FusionMarkets Zero,GBPUSD,1.35256,1.35256,0.0,0,Overlap,Friday
2026-01-23 12:17:25,FusionMarkets Zero,USDJPY,158.19,158.192,0.002,2,Overlap,Friday
2026-01-23 12:17:26,FusionMarkets Zero,AUDUSD,0.68364,0.68364,0.0,0,Overlap,Friday
2026-01-23 12:17:29,ThinkMarkets ThinkZero,XAUUSD,4923.72,4923.8,0.08,8,Overlap,Friday
2026-01-23 12:17:30,ThinkMarkets ThinkZero,EURUSD,1.17308,1.17311,3e-05,3,Overlap,Friday
2026-01-23 12:17:31,ThinkMarkets ThinkZero,GBPUSD,1.35256,1.3526,4e-05,4,Overlap,Friday
2026-01-23 12:17:32,ThinkMarkets ThinkZero,USDJPY,158.181,158.186,0.005,5,Overlap,Friday
2026-01-23 12:17:33,ThinkMarkets ThinkZero,AUDUSD,0.68362,0.68365,3e-05,3,Overlap,Friday
2026-01-23 12:17:36,ICMarkets Raw,XAUUSD,4924.1,4924.21,0.11,11,Overlap,Friday
2026-01-23 12:17:37,ICMarkets Raw,EURUSD,1.17313,1.17313,0.0,0,Overlap,Friday
2026-01-23 12:17:38,ICMarkets Raw,GBPUSD,1.35256,1.35258,2e-05,2,Overlap,Friday
2026-01-23 12:17:39,ICMarkets Raw,USDJPY,158.19,158.192,0.002,2,Overlap,Friday
2026-01-23 12:17:39,ICMarkets Raw,AUDUSD,0.68366,0.68366,0.0,0,Overlap,Friday
2026-01-23 12:17:42,VantageMarkets Raw,XAUUSD,4924.07,4924.15,0.08,8,Overlap,Friday
2026-01-23 12:17:43,VantageMarkets Raw,EURUSD,1.17313,1.17315,2e-05,2,Overlap,Friday
2026-01-23 12:17:44,VantageMarkets Raw,GBPUSD,1.35259,1.3526,1e-05,1,Overlap,Friday
2026-01-23 12:17:45,VantageMarkets Raw,USDJPY,158.198,158.199,0.001,1,Overlap,Friday
2026-01-23 12:17:46,VantageMarkets Raw,AUDUSD,0.68364,0.68366,2e-05,2,Overlap,Friday
2026-01-23 12:17:49,FPMarkets Raw,XAUUSD,4924.34,4924.41,0.07,7,Overlap,Friday
2026-01-23 12:17:50,FPMarkets Raw,EURUSD,1.17312,1.17314,2e-05,2,Overlap,Friday
2026-01-23 12:17:51,FPMarkets Raw,GBPUSD,1.35256,1.35259,3e-05,3,Overlap,Friday
2026-01-23 12:17:52,FPMarkets Raw,USDJPY,158.194,158.196,0.002,2,Overlap,Friday
2026-01-23 12:17:53,FPMarkets Raw,AUDUSD,0.68363,0.68366,3e-05,3,Overlap,Friday
2026-01-23 12:17:54,8Cap Raw,XAUUSD,4924.62,4924.78,0.16,16,Overlap,Friday
2026-01-23 12:17:55,8Cap Raw,EURUSD,1.17313,1.17314,1e-05,1,Overlap,Friday
2026-01-23 12:17:56,8Cap Raw,GBPUSD,1.35257,1.35258,1e-05,1,Overlap,Friday
2026-01-23 12:17:56,8Cap Raw,USDJPY,158.193,158.194,0.001,1,Overlap,Friday
2026-01-23 12:17:57,8Cap Raw,AUDUSD,0.68363,0.68366,3e-05,3,Overlap,Friday
2026-01-23 12:22:17,Pepperstone Razor,XAUUSD,4923.59,4923.8,0.21,21,Overlap,Friday
2026-01-23 12:22:17,Pepperstone Razor,EURUSD,1.1733,1.1733,0.0,0,Overlap,Friday
2026-01-23 12:22:18,Pepperstone Razor,GBPUSD,1.35322,1.35325,3e-05,3,Overlap,Friday
2026-01-23 12:22:19,Pepperstone Razor,USDJPY,158.131,158.134,0.003,3,Overlap,Friday
2026-01-23 12:22:20,Pepperstone Razor,AUDUSD,0.68382,0.68383,1e-05,1,Overlap,Friday
2026-01-23 12:22:23,FusionMarkets Zero,XAUUSD,4923.67,4923.78,0.11,11,Overlap,Friday
2026-01-23 12:22:24,FusionMarkets Zero,EURUSD,1.17315,1.17315,0.0,0,Overlap,Friday
2026-01-23 12:22:25,FusionMarkets Zero,GBPUSD,1.35326,1.35326,0.0,0,Overlap,Friday
2026-01-23 12:22:25,FusionMarkets Zero,USDJPY,158.12,158.126,0.006,6,Overlap,Friday
2026-01-23 12:22:26,FusionMarkets Zero,AUDUSD,0.68385,0.68385,0.0,0,Overlap,Friday
2026-01-23 12:22:30,ThinkMarkets ThinkZero,XAUUSD,4923.24,4923.32,0.08,8,Overlap,Friday
2026-01-23 12:22:30,ThinkMarkets ThinkZero,EURUSD,1.17314,1.17317,3e-05,3,Overlap,Friday
2026-01-23 12:22:31,ThinkMarkets ThinkZero,GBPUSD,1.35321,1.35329,8e-05,8,Overlap,Friday
2026-01-23 12:22:32,ThinkMarkets ThinkZero,USDJPY,158.123,158.128,0.005,5,Overlap,Friday
2026-01-23 12:22:33,ThinkMarkets ThinkZero,AUDUSD,0.68382,0.68386,4e-05,4,Overlap,Friday
2026-01-23 12:22:36,ICMarkets Raw,XAUUSD,4923.62,4923.71,0.09,9,Overlap,Friday
2026-01-23 12:22:37,ICMarkets Raw,EURUSD,1.17318,1.17318,0.0,0,Overlap,Friday
2026-01-23 12:22:38,ICMarkets Raw,GBPUSD,1.35327,1.35328,1e-05,1,Overlap,Friday
2026-01-23 12:22:39,ICMarkets Raw,USDJPY,158.132,158.136,0.004,4,Overlap,Friday
2026-01-23 12:22:40,ICMarkets Raw,AUDUSD,0.68393,0.68393,0.0,0,Overlap,Friday
2026-01-23 12:22:42,VantageMarkets Raw,XAUUSD,4923.67,4923.75,0.08,8,Overlap,Friday
2026-01-23 12:22:43,VantageMarkets Raw,EURUSD,1.17316,1.17318,2e-05,2,Overlap,Friday
2026-01-23 12:22:44,VantageMarkets Raw,GBPUSD,1.35325,1.35327,2e-05,2,Overlap,Friday
2026-01-23 12:22:45,VantageMarkets Raw,USDJPY,158.127,158.129,0.002,2,Overlap,Friday
2026-01-23 12:22:46,VantageMarkets Raw,AUDUSD,0.6839,0.68393,3e-05,3,Overlap,Friday
2026-01-23 12:22:49,FPMarkets Raw,XAUUSD,4924.3,4924.37,0.07,7,Overlap,Friday
2026-01-23 12:22:50,FPMarkets Raw,EURUSD,1.17314,1.17315,1e-05,1,Overlap,Friday
2026-01-23 12:22:51,FPMarkets Raw,GBPUSD,1.3532,1.35324,4e-05,4,Overlap,Friday
2026-01-23 12:22:52,FPMarkets Raw,USDJPY,158.119,158.122,0.003,3,Overlap,Friday
2026-01-23 12:22:53,FPMarkets Raw,AUDUSD,0.68397,0.684,3e-05,3,Overlap,Friday
2026-01-23 12:22:54,8Cap Raw,XAUUSD,4923.98,4924.14,0.16,16,Overlap,Friday
2026-01-23 12:22:55,8Cap Raw,EURUSD,1.17318,1.17319,1e-05,1,Overlap,Friday
2026-01-23 12:22:56,8Cap Raw,GBPUSD,1.35321,1.35325,4e-05,4,Overlap,Friday
2026-01-23 12:22:56,8Cap Raw,USDJPY,158.117,158.118,0.001,1,Overlap,Friday
2026-01-23 12:22:57,8Cap Raw,AUDUSD,0.68399,0.68403,4e-05,4,Overlap,Friday
2026-01-23 12:27:16,Pepperstone Razor,XAUUSD,4930.85,4931.04,0.19,19,Overlap,Friday
2026-01-23 12:27:17,Pepperstone Razor,EURUSD,1.17305,1.17305,0.0,0,Overlap,Friday
2026-01-23 12:27:18,Pepperstone Razor,GBPUSD,1.35325,1.35326,1e-05,1,Overlap,Friday
2026-01-23 12:27:19,Pepperstone Razor,USDJPY,158.097,158.097,0.0,0,Overlap,Friday
2026-01-23 12:27:20,Pepperstone Razor,AUDUSD,0.68398,0.68398,0.0,0,Overlap,Friday
2026-01-23 12:27:23,FusionMarkets Zero,XAUUSD,4930.81,4930.91,0.1,10,Overlap,Friday
2026-01-23 12:27:24,FusionMarkets Zero,EURUSD,1.17307,1.17307,0.0,0,Overlap,Friday
2026-01-23 12:27:25,FusionMarkets Zero,GBPUSD,1.35325,1.35325,0.0,0,Overlap,Friday
2026-01-23 12:27:26,FusionMarkets Zero,USDJPY,158.096,158.096,0.0,0,Overlap,Friday
2026-01-23 12:27:27,FusionMarkets Zero,AUDUSD,0.684,0.684,0.0,0,Overlap,Friday
2026-01-23 12:27:30,ThinkMarkets ThinkZero,XAUUSD,4932.01,4932.09,0.08,8,Overlap,Friday
2026-01-23 12:27:31,ThinkMarkets ThinkZero,EURUSD,1.17306,1.17309,3e-05,3,Overlap,Friday
2026-01-23 12:27:32,ThinkMarkets ThinkZero,GBPUSD,1.35322,1.35329,7e-05,7,Overlap,Friday
2026-01-23 12:27:32,ThinkMarkets ThinkZero,USDJPY,158.094,158.098,0.004,4,Overlap,Friday
2026-01-23 12:27:33,ThinkMarkets ThinkZero,AUDUSD,0.68398,0.68401,3e-05,3,Overlap,Friday
2026-01-23 12:27:36,ICMarkets Raw,XAUUSD,4932.5,4932.61,0.11,11,Overlap,Friday
2026-01-23 12:27:37,ICMarkets Raw,EURUSD,1.17309,1.1731,1e-05,1,Overlap,Friday
2026-01-23 12:27:38,ICMarkets Raw,GBPUSD,1.35324,1.35325,1e-05,1,Overlap,Friday
2026-01-23 12:27:39,ICMarkets Raw,USDJPY,158.097,158.097,0.0,0,Overlap,Friday
2026-01-23 12:27:40,ICMarkets Raw,AUDUSD,0.68402,0.68402,0.0,0,Overlap,Friday
2026-01-23 12:27:43,VantageMarkets Raw,XAUUSD,4932.32,4932.4,0.08,8,Overlap,Friday
2026-01-23 12:27:44,VantageMarkets Raw,EURUSD,1.17305,1.17307,2e-05,2,Overlap,Friday
2026-01-23 12:27:44,VantageMarkets Raw,GBPUSD,1.35318,1.35319,1e-05,1,Overlap,Friday
2026-01-23 12:27:45,VantageMarkets Raw,USDJPY,158.098,158.1,0.002,2,Overlap,Friday
2026-01-23 12:27:46,VantageMarkets Raw,AUDUSD,0.68399,0.68402,3e-05,3,Overlap,Friday
2026-01-23 12:27:49,FPMarkets Raw,XAUUSD,4932.19,4932.26,0.07,7,Overlap,Friday
2026-01-23 12:27:50,FPMarkets Raw,EURUSD,1.17305,1.17306,1e-05,1,Overlap,Friday
2026-01-23 12:27:51,FPMarkets Raw,GBPUSD,1.35327,1.35331,4e-05,4,Overlap,Friday
2026-01-23 12:27:52,FPMarkets Raw,USDJPY,158.092,158.095,0.003,3,Overlap,Friday
2026-01-23 12:27:53,FPMarkets Raw,AUDUSD,0.68398,0.68401,3e-05,3,Overlap,Friday
2026-01-23 12:27:55,8Cap Raw,XAUUSD,4931.02,4931.18,0.16,16,Overlap,Friday
2026-01-23 12:27:56,8Cap Raw,EURUSD,1.17301,1.17302,1e-05,1,Overlap,Friday
2026-01-23 12:27:56,8Cap Raw,GBPUSD,1.3533,1.35333,3e-05,3,Overlap,Friday
2026-01-23 12:27:57,8Cap Raw,USDJPY,158.096,158.097,0.001,1,Overlap,Friday
2026-01-23 12:27:58,8Cap Raw,AUDUSD,0.68399,0.68401,2e-05,2,Overlap,Friday
2026-01-23 12:32:17,Pepperstone Razor,XAUUSD,4928.58,4928.73,0.15,15,Overlap,Friday
2026-01-23 12:32:18,Pepperstone Razor,EURUSD,1.17347,1.17348,1e-05,1,Overlap,Friday
2026-01-23 12:32:18,Pepperstone Razor,GBPUSD,1.35341,1.35342,1e-05,1,Overlap,Friday
2026-01-23 12:32:19,Pepperstone Razor,USDJPY,158.146,158.149,0.003,3,Overlap,Friday
2026-01-23 12:32:20,Pepperstone Razor,AUDUSD,0.68419,0.6842,1e-05,1,Overlap,Friday
2026-01-23 12:32:24,FusionMarkets Zero,XAUUSD,4926.8,4926.92,0.12,12,Overlap,Friday
2026-01-23 12:32:24,FusionMarkets Zero,EURUSD,1.17347,1.17347,0.0,0,Overlap,Friday
2026-01-23 12:32:25,FusionMarkets Zero,GBPUSD,1.35337,1.35337,0.0,0,Overlap,Friday
2026-01-23 12:32:26,FusionMarkets Zero,USDJPY,158.146,158.15,0.004,4,Overlap,Friday
2026-01-23 12:32:27,FusionMarkets Zero,AUDUSD,0.68417,0.68417,0.0,0,Overlap,Friday
2026-01-23 12:32:30,ThinkMarkets ThinkZero,XAUUSD,4927.22,4927.3,0.08,8,Overlap,Friday
2026-01-23 12:32:31,ThinkMarkets ThinkZero,EURUSD,1.17344,1.17345,1e-05,1,Overlap,Friday
2026-01-23 12:32:32,ThinkMarkets ThinkZero,GBPUSD,1.35332,1.35339,7e-05,7,Overlap,Friday
2026-01-23 12:32:33,ThinkMarkets ThinkZero,USDJPY,158.156,158.16,0.004,4,Overlap,Friday
2026-01-23 12:32:34,ThinkMarkets ThinkZero,AUDUSD,0.68418,0.68422,4e-05,4,Overlap,Friday
2026-01-23 12:32:36,ICMarkets Raw,XAUUSD,4927.0,4927.11,0.11,11,Overlap,Friday
2026-01-23 12:32:37,ICMarkets Raw,EURUSD,1.1734,1.17342,2e-05,2,Overlap,Friday
2026-01-23 12:32:38,ICMarkets Raw,GBPUSD,1.35331,1.35332,1e-05,1,Overlap,Friday
2026-01-23 12:32:39,ICMarkets Raw,USDJPY,158.164,158.166,0.002,2,Overlap,Friday
2026-01-23 12:32:40,ICMarkets Raw,AUDUSD,0.68416,0.68416,0.0,0,Overlap,Friday
2026-01-23 12:32:43,VantageMarkets Raw,XAUUSD,4926.86,4926.94,0.08,8,Overlap,Friday
2026-01-23 12:32:44,VantageMarkets Raw,EURUSD,1.17342,1.17343,1e-05,1,Overlap,Friday
2026-01-23 12:32:45,VantageMarkets Raw,GBPUSD,1.35331,1.35332,1e-05,1,Overlap,Friday
2026-01-23 12:32:46,VantageMarkets Raw,USDJPY,158.157,158.159,0.002,2,Overlap,Friday
2026-01-23 12:32:46,VantageMarkets Raw,AUDUSD,0.68415,0.68417,2e-05,2,Overlap,Friday
2026-01-23 12:32:50,FPMarkets Raw,XAUUSD,4927.02,4927.09,0.07,7,Overlap,Friday
2026-01-23 12:32:51,FPMarkets Raw,EURUSD,1.17341,1.17343,2e-05,2,Overlap,Friday
2026-01-23 12:32:52,FPMarkets Raw,GBPUSD,1.35333,1.35336,3e-05,3,Overlap,Friday
2026-01-23 12:32:53,FPMarkets Raw,USDJPY,158.153,158.156,0.003,3,Overlap,Friday
2026-01-23 12:32:53,FPMarkets Raw,AUDUSD,0.6841,0.68412,2e-05,2,Overlap,Friday
2026-01-23 12:32:55,8Cap Raw,XAUUSD,4926.74,4926.9,0.16,16,Overlap,Friday
2026-01-23 12:32:56,8Cap Raw,EURUSD,1.17342,1.17342,0.0,0,Overlap,Friday
2026-01-23 12:32:57,8Cap Raw,GBPUSD,1.35334,1.35335,1e-05,1,Overlap,Friday
2026-01-23 12:32:57,8Cap Raw,USDJPY,158.154,158.155,0.001,1,Overlap,Friday
2026-01-23 12:32:58,8Cap Raw,AUDUSD,0.6841,0.68412,2e-05,2,Overlap,Friday
2026-01-23 12:37:16,Pepperstone Razor,XAUUSD,4926.44,4926.6,0.16,16,Overlap,Friday
2026-01-23 12:37:17,Pepperstone Razor,EURUSD,1.17329,1.17329,0.0,0,Overlap,Friday
2026-01-23 12:37:18,Pepperstone Razor,GBPUSD,1.35343,1.35344,1e-05,1,Overlap,Friday
2026-01-23 12:37:19,Pepperstone Razor,USDJPY,158.183,158.186,0.003,3,Overlap,Friday
2026-01-23 12:37:20,Pepperstone Razor,AUDUSD,0.68414,0.68415,1e-05,1,Overlap,Friday
2026-01-23 12:37:23,FusionMarkets Zero,XAUUSD,4926.43,4926.54,0.11,11,Overlap,Friday
2026-01-23 12:37:24,FusionMarkets Zero,EURUSD,1.17323,1.17323,0.0,0,Overlap,Friday
2026-01-23 12:37:25,FusionMarkets Zero,GBPUSD,1.35325,1.35325,0.0,0,Overlap,Friday
2026-01-23 12:37:26,FusionMarkets Zero,USDJPY,158.187,158.187,0.0,0,Overlap,Friday
2026-01-23 12:37:27,FusionMarkets Zero,AUDUSD,0.68416,0.68416,0.0,0,Overlap,Friday
2026-01-23 12:37:31,ThinkMarkets ThinkZero,XAUUSD,4926.5,4926.58,0.08,8,Overlap,Friday
2026-01-23 12:37:31,ThinkMarkets ThinkZero,EURUSD,1.17322,1.17324,2e-05,2,Overlap,Friday
2026-01-23 12:37:32,ThinkMarkets ThinkZero,GBPUSD,1.35312,1.35318,6e-05,6,Overlap,Friday
2026-01-23 12:37:33,ThinkMarkets ThinkZero,USDJPY,158.183,158.188,0.005,5,Overlap,Friday
2026-01-23 12:37:34,ThinkMarkets ThinkZero,AUDUSD,0.68414,0.68416,2e-05,2,Overlap,Friday
2026-01-23 12:37:37,ICMarkets Raw,XAUUSD,4926.79,4926.9,0.11,11,Overlap,Friday
2026-01-23 12:37:38,ICMarkets Raw,EURUSD,1.17324,1.17324,0.0,0,Overlap,Friday
2026-01-23 12:37:39,ICMarkets Raw,GBPUSD,1.35315,1.35316,1e-05,1,Overlap,Friday
2026-01-23 12:37:40,ICMarkets Raw,USDJPY,158.185,158.185,0.0,0,Overlap,Friday
2026-01-23 12:37:41,ICMarkets Raw,AUDUSD,0.68415,0.68416,1e-05,1,Overlap,Friday
2026-01-23 12:37:44,VantageMarkets Raw,XAUUSD,4925.95,4926.03,0.08,8,Overlap,Friday
2026-01-23 12:37:45,VantageMarkets Raw,EURUSD,1.17322,1.17324,2e-05,2,Overlap,Friday
2026-01-23 12:37:45,VantageMarkets Raw,GBPUSD,1.35325,1.35328,3e-05,3,Overlap,Friday
2026-01-23 12:37:46,VantageMarkets Raw,USDJPY,158.191,158.193,0.002,2,Overlap,Friday
2026-01-23 12:37:47,VantageMarkets Raw,AUDUSD,0.68414,0.68416,2e-05,2,Overlap,Friday
2026-01-23 12:37:51,FPMarkets Raw,XAUUSD,4926.4,4926.47,0.07,7,Overlap,Friday
2026-01-23 12:37:52,FPMarkets Raw,EURUSD,1.17324,1.17325,1e-05,1,Overlap,Friday
2026-01-23 12:37:52,FPMarkets Raw,GBPUSD,1.3532,1.35323,3e-05,3,Overlap,Friday
2026-01-23 12:37:53,FPMarkets Raw,USDJPY,158.191,158.194,0.003,3,Overlap,Friday
2026-01-23 12:37:54,FPMarkets Raw,AUDUSD,0.68411,0.68415,4e-05,4,Overlap,Friday
2026-01-23 12:37:56,8Cap Raw,XAUUSD,4926.44,4926.6,0.16,16,Overlap,Friday
2026-01-23 12:37:57,8Cap Raw,EURUSD,1.17324,1.17324,0.0,0,Overlap,Friday
2026-01-23 12:37:57,8Cap Raw,GBPUSD,1.3532,1.35323,3e-05,3,Overlap,Friday
2026-01-23 12:37:58,8Cap Raw,USDJPY,158.193,158.194,0.001,1,Overlap,Friday
2026-01-23 12:37:59,8Cap Raw,AUDUSD,0.68413,0.68415,2e-05,2,Overlap,Friday
2026-01-23 12:42:17,Pepperstone Razor,XAUUSD,4928.23,4928.38,0.15,15,Overlap,Friday
2026-01-23 12:42:17,Pepperstone Razor,EURUSD,1.17322,1.17322,0.0,0,Overlap,Friday
2026-01-23 12:42:18,Pepperstone Razor,GBPUSD,1.35299,1.35299,0.0,0,Overlap,Friday
2026-01-23 12:42:19,Pepperstone Razor,USDJPY,158.216,158.219,0.003,3,Overlap,Friday
2026-01-23 12:42:20,Pepperstone Razor,AUDUSD,0.68413,0.68413,0.0,0,Overlap,Friday
2026-01-23 12:42:23,FusionMarkets Zero,XAUUSD,4928.27,4928.33,0.06,6,Overlap,Friday
2026-01-23 12:42:24,FusionMarkets Zero,EURUSD,1.17326,1.17326,0.0,0,Overlap,Friday
2026-01-23 12:42:25,FusionMarkets Zero,GBPUSD,1.35303,1.35303,0.0,0,Overlap,Friday
2026-01-23 12:42:26,FusionMarkets Zero,USDJPY,158.218,158.218,0.0,0,Overlap,Friday
2026-01-23 12:42:27,FusionMarkets Zero,AUDUSD,0.68414,0.68414,0.0,0,Overlap,Friday
2026-01-23 12:42:30,ThinkMarkets ThinkZero,XAUUSD,4927.94,4928.02,0.08,8,Overlap,Friday
2026-01-23 12:42:31,ThinkMarkets ThinkZero,EURUSD,1.17325,1.17327,2e-05,2,Overlap,Friday
2026-01-23 12:42:32,ThinkMarkets ThinkZero,GBPUSD,1.35302,1.35309,7e-05,7,Overlap,Friday
2026-01-23 12:42:33,ThinkMarkets ThinkZero,USDJPY,158.215,158.218,0.003,3,Overlap,Friday
2026-01-23 12:42:34,ThinkMarkets ThinkZero,AUDUSD,0.68412,0.68414,2e-05,2,Overlap,Friday
2026-01-23 12:42:37,ICMarkets Raw,XAUUSD,4927.99,4928.06,0.07,7,Overlap,Friday
2026-01-23 12:42:38,ICMarkets Raw,EURUSD,1.17325,1.17325,0.0,0,Overlap,Friday
2026-01-23 12:42:39,ICMarkets Raw,GBPUSD,1.35306,1.35307,1e-05,1,Overlap,Friday
2026-01-23 12:42:40,ICMarkets Raw,USDJPY,158.219,158.219,0.0,0,Overlap,Friday
2026-01-23 12:42:41,ICMarkets Raw,AUDUSD,0.68413,0.68413,0.0,0,Overlap,Friday
2026-01-23 12:42:43,VantageMarkets Raw,XAUUSD,4927.93,4928.01,0.08,8,Overlap,Friday
2026-01-23 12:42:44,VantageMarkets Raw,EURUSD,1.17324,1.17326,2e-05,2,Overlap,Friday
2026-01-23 12:42:45,VantageMarkets Raw,GBPUSD,1.35307,1.35308,1e-05,1,Overlap,Friday
2026-01-23 12:42:46,VantageMarkets Raw,USDJPY,158.216,158.218,0.002,2,Overlap,Friday
2026-01-23 12:42:47,VantageMarkets Raw,AUDUSD,0.68413,0.68416,3e-05,3,Overlap,Friday
2026-01-23 12:42:50,FPMarkets Raw,XAUUSD,4927.71,4927.78,0.07,7,Overlap,Friday
2026-01-23 12:42:51,FPMarkets Raw,EURUSD,1.17327,1.17328,1e-05,1,Overlap,Friday
2026-01-23 12:42:52,FPMarkets Raw,GBPUSD,1.35304,1.35307,3e-05,3,Overlap,Friday
2026-01-23 12:42:53,FPMarkets Raw,USDJPY,158.213,158.215,0.002,2,Overlap,Friday
2026-01-23 12:42:54,FPMarkets Raw,AUDUSD,0.68414,0.68417,3e-05,3,Overlap,Friday
2026-01-23 12:42:56,8Cap Raw,XAUUSD,4927.67,4927.83,0.16,16,Overlap,Friday
2026-01-23 12:42:56,8Cap Raw,EURUSD,1.17328,1.17328,0.0,0,Overlap,Friday
2026-01-23 12:42:57,8Cap Raw,GBPUSD,1.35304,1.35305,1e-05,1,Overlap,Friday
2026-01-23 12:42:58,8Cap Raw,USDJPY,158.208,158.209,0.001,1,Overlap,Friday
2026-01-23 12:42:58,8Cap Raw,AUDUSD,0.68414,0.68416,2e-05,2,Overlap,Friday
2026-01-23 12:47:16,Pepperstone Razor,XAUUSD,4925.61,4925.76,0.15,15,Overlap,Friday
2026-01-23 12:47:17,Pepperstone Razor,EURUSD,1.1732,1.1732,0.0,0,Overlap,Friday
2026-01-23 12:47:18,Pepperstone Razor,GBPUSD,1.35277,1.3528,3e-05,3,Overlap,Friday
2026-01-23 12:47:19,Pepperstone Razor,USDJPY,158.239,158.24,0.001,1,Overlap,Friday
2026-01-23 12:47:20,Pepperstone Razor,AUDUSD,0.68413,0.68413,0.0,0,Overlap,Friday
2026-01-23 12:47:23,FusionMarkets Zero,XAUUSD,4925.49,4925.56,0.07,7,Overlap,Friday
2026-01-23 12:47:24,FusionMarkets Zero,EURUSD,1.1732,1.1732,0.0,0,Overlap,Friday
2026-01-23 12:47:25,FusionMarkets Zero,GBPUSD,1.35279,1.35279,0.0,0,Overlap,Friday
2026-01-23 12:47:26,FusionMarkets Zero,USDJPY,158.242,158.242,0.0,0,Overlap,Friday
2026-01-23 12:47:27,FusionMarkets Zero,AUDUSD,0.68412,0.68412,0.0,0,Overlap,Friday
2026-01-23 12:47:31,ThinkMarkets ThinkZero,XAUUSD,4924.9,4924.98,0.08,8,Overlap,Friday
2026-01-23 12:47:32,ThinkMarkets ThinkZero,EURUSD,1.17318,1.1732,2e-05,2,Overlap,Friday
2026-01-23 12:47:33,ThinkMarkets ThinkZero,GBPUSD,1.35276,1.35283,7e-05,7,Overlap,Friday
2026-01-23 12:47:34,ThinkMarkets ThinkZero,USDJPY,158.223,158.227,0.004,4,Overlap,Friday
2026-01-23 12:47:35,ThinkMarkets ThinkZero,AUDUSD,0.68409,0.68412,3e-05,3,Overlap,Friday
2026-01-23 12:47:38,ICMarkets Raw,XAUUSD,4924.99,4925.05,0.06,6,Overlap,Friday
2026-01-23 12:47:39,ICMarkets Raw,EURUSD,1.17319,1.17319,0.0,0,Overlap,Friday
2026-01-23 12:47:40,ICMarkets Raw,GBPUSD,1.35276,1.35277,1e-05,1,Overlap,Friday
2026-01-23 12:47:41,ICMarkets Raw,USDJPY,158.226,158.228,0.002,2,Overlap,Friday
2026-01-23 12:47:42,ICMarkets Raw,AUDUSD,0.68413,0.68413,0.0,0,Overlap,Friday
2026-01-23 12:47:44,VantageMarkets Raw,XAUUSD,4924.71,4924.79,0.08,8,Overlap,Friday
2026-01-23 12:47:45,VantageMarkets Raw,EURUSD,1.1732,1.17321,1e-05,1,Overlap,Friday
2026-01-23 12:47:46,VantageMarkets Raw,GBPUSD,1.35276,1.35277,1e-05,1,Overlap,Friday
2026-01-23 12:47:47,VantageMarkets Raw,USDJPY,158.227,158.229,0.002,2,Overlap,Friday
2026-01-23 12:47:48,VantageMarkets Raw,AUDUSD,0.68411,0.68413,2e-05,2,Overlap,Friday
2026-01-23 12:47:51,FPMarkets Raw,XAUUSD,4924.77,4924.84,0.07,7,Overlap,Friday
2026-01-23 12:47:52,FPMarkets Raw,EURUSD,1.17319,1.17321,2e-05,2,Overlap,Friday
2026-01-23 12:47:53,FPMarkets Raw,GBPUSD,1.35277,1.3528,3e-05,3,Overlap,Friday
2026-01-23 12:47:54,FPMarkets Raw,USDJPY,158.225,158.228,0.003,3,Overlap,Friday
2026-01-23 12:47:55,FPMarkets Raw,AUDUSD,0.68416,0.68419,3e-05,3,Overlap,Friday
2026-01-23 12:47:57,8Cap Raw,XAUUSD,4924.87,4925.03,0.16,16,Overlap,Friday
2026-01-23 12:47:58,8Cap Raw,EURUSD,1.17328,1.1733,2e-05,2,Overlap,Friday
2026-01-23 12:47:58,8Cap Raw,GBPUSD,1.35286,1.35288,2e-05,2,Overlap,Friday
2026-01-23 12:47:59,8Cap Raw,USDJPY,158.206,158.207,0.001,1,Overlap,Friday
2026-01-23 12:48:00,8Cap Raw,AUDUSD,0.68416,0.6842,4e-05,4,Overlap,Friday
2026-01-23 12:52:17,Pepperstone Razor,XAUUSD,4928.34,4928.49,0.15,15,Overlap,Friday
2026-01-23 12:52:18,Pepperstone Razor,EURUSD,1.17357,1.17357,0.0,0,Overlap,Friday
2026-01-23 12:52:19,Pepperstone Razor,GBPUSD,1.35297,1.353,3e-05,3,Overlap,Friday
2026-01-23 12:52:19,Pepperstone Razor,USDJPY,158.154,158.156,0.002,2,Overlap,Friday
2026-01-23 12:52:20,Pepperstone Razor,AUDUSD,0.68434,0.68435,1e-05,1,Overlap,Friday
2026-01-23 12:52:24,FusionMarkets Zero,XAUUSD,4927.97,4928.03,0.06,6,Overlap,Friday
2026-01-23 12:52:25,FusionMarkets Zero,EURUSD,1.17355,1.17355,0.0,0,Overlap,Friday
2026-01-23 12:52:26,FusionMarkets Zero,GBPUSD,1.35291,1.35291,0.0,0,Overlap,Friday
2026-01-23 12:52:26,FusionMarkets Zero,USDJPY,158.167,158.173,0.006,6,Overlap,Friday
2026-01-23 12:52:27,FusionMarkets Zero,AUDUSD,0.68435,0.68435,0.0,0,Overlap,Friday
2026-01-23 12:52:31,ThinkMarkets ThinkZero,XAUUSD,4928.29,4928.37,0.08,8,Overlap,Friday
2026-01-23 12:52:32,ThinkMarkets ThinkZero,EURUSD,1.17353,1.17355,2e-05,2,Overlap,Friday
2026-01-23 12:52:33,ThinkMarkets ThinkZero,GBPUSD,1.35286,1.35293,7e-05,7,Overlap,Friday
2026-01-23 12:52:34,ThinkMarkets ThinkZero,USDJPY,158.167,158.172,0.005,5,Overlap,Friday
2026-01-23 12:52:34,ThinkMarkets ThinkZero,AUDUSD,0.68434,0.68436,2e-05,2,Overlap,Friday
2026-01-23 12:52:37,ICMarkets Raw,XAUUSD,4928.53,4928.58,0.05,5,Overlap,Friday
2026-01-23 12:52:38,ICMarkets Raw,EURUSD,1.17354,1.17354,0.0,0,Overlap,Friday
2026-01-23 12:52:39,ICMarkets Raw,GBPUSD,1.3529,1.35291,1e-05,1,Overlap,Friday
2026-01-23 12:52:40,ICMarkets Raw,USDJPY,158.17,158.174,0.004,4,Overlap,Friday
2026-01-23 12:52:41,ICMarkets Raw,AUDUSD,0.68436,0.68437,1e-05,1,Overlap,Friday
2026-01-23 12:52:44,VantageMarkets Raw,XAUUSD,4928.59,4928.67,0.08,8,Overlap,Friday
2026-01-23 12:52:45,VantageMarkets Raw,EURUSD,1.17354,1.17355,1e-05,1,Overlap,Friday
2026-01-23 12:52:46,VantageMarkets Raw,GBPUSD,1.35297,1.35298,1e-05,1,Overlap,Friday
2026-01-23 12:52:47,VantageMarkets Raw,USDJPY,158.162,158.171,0.009,9,Overlap,Friday
2026-01-23 12:52:48,VantageMarkets Raw,AUDUSD,0.68435,0.68438,3e-05,3,Overlap,Friday
2026-01-23 12:52:51,FPMarkets Raw,XAUUSD,4928.26,4928.33,0.07,7,Overlap,Friday
2026-01-23 12:52:52,FPMarkets Raw,EURUSD,1.17356,1.17358,2e-05,2,Overlap,Friday
2026-01-23 12:52:53,FPMarkets Raw,GBPUSD,1.35289,1.35293,4e-05,4,Overlap,Friday
2026-01-23 12:52:54,FPMarkets Raw,USDJPY,158.164,158.167,0.003,3,Overlap,Friday
2026-01-23 12:52:55,FPMarkets Raw,AUDUSD,0.68435,0.68438,3e-05,3,Overlap,Friday
2026-01-23 12:52:56,8Cap Raw,XAUUSD,4928.56,4928.72,0.16,16,Overlap,Friday
2026-01-23 12:52:57,8Cap Raw,EURUSD,1.17355,1.17355,0.0,0,Overlap,Friday
2026-01-23 12:52:58,8Cap Raw,GBPUSD,1.35289,1.3529,1e-05,1,Overlap,Friday
2026-01-23 12:52:59,8Cap Raw,USDJPY,158.165,158.168,0.003,3,Overlap,Friday
2026-01-23 12:52:59,8Cap Raw,AUDUSD,0.68435,0.68437,2e-05,2,Overlap,Friday
2026-01-23 12:57:17,Pepperstone Razor,XAUUSD,4927.92,4928.09,0.17,17,Overlap,Friday
2026-01-23 12:57:18,Pepperstone Razor,EURUSD,1.17327,1.17327,0.0,0,Overlap,Friday
2026-01-23 12:57:19,Pepperstone Razor,GBPUSD,1.3524,1.35242,2e-05,2,Overlap,Friday
2026-01-23 12:57:19,Pepperstone Razor,USDJPY,158.202,158.204,0.002,2,Overlap,Friday
2026-01-23 12:57:20,Pepperstone Razor,AUDUSD,0.68445,0.68445,0.0,0,Overlap,Friday
2026-01-23 12:57:23,FusionMarkets Zero,XAUUSD,4927.93,4928.03,0.1,10,Overlap,Friday
2026-01-23 12:57:24,FusionMarkets Zero,EURUSD,1.17325,1.17325,0.0,0,Overlap,Friday
2026-01-23 12:57:25,FusionMarkets Zero,GBPUSD,1.3524,1.3524,0.0,0,Overlap,Friday
2026-01-23 12:57:26,FusionMarkets Zero,USDJPY,158.208,158.214,0.006,6,Overlap,Friday
2026-01-23 12:57:27,FusionMarkets Zero,AUDUSD,0.68446,0.68446,0.0,0,Overlap,Friday
2026-01-23 12:57:31,ThinkMarkets ThinkZero,XAUUSD,4928.06,4928.14,0.08,8,Overlap,Friday
2026-01-23 12:57:31,ThinkMarkets ThinkZero,EURUSD,1.17323,1.17323,0.0,0,Overlap,Friday
2026-01-23 12:57:32,ThinkMarkets ThinkZero,GBPUSD,1.35244,1.35249,5e-05,5,Overlap,Friday
2026-01-23 12:57:33,ThinkMarkets ThinkZero,USDJPY,158.215,158.221,0.006,6,Overlap,Friday
2026-01-23 12:57:34,ThinkMarkets ThinkZero,AUDUSD,0.68439,0.68441,2e-05,2,Overlap,Friday
2026-01-23 12:57:46,ICMarkets Raw,XAUUSD,4927.57,4927.66,0.09,9,Overlap,Friday
2026-01-23 12:57:48,ICMarkets Raw,EURUSD,1.17335,1.17335,0.0,0,Overlap,Friday
2026-01-23 12:57:49,ICMarkets Raw,GBPUSD,1.35261,1.35262,1e-05,1,Overlap,Friday
2026-01-23 12:57:50,ICMarkets Raw,USDJPY,158.191,158.195,0.004,4,Overlap,Friday
2026-01-23 12:57:50,ICMarkets Raw,AUDUSD,0.68449,0.68449,0.0,0,Overlap,Friday
2026-01-23 12:57:54,VantageMarkets Raw,XAUUSD,4928.09,4928.17,0.08,8,Overlap,Friday
2026-01-23 12:57:54,VantageMarkets Raw,EURUSD,1.17341,1.17343,2e-05,2,Overlap,Friday
2026-01-23 12:57:55,VantageMarkets Raw,GBPUSD,1.3526,1.35263,3e-05,3,Overlap,Friday
2026-01-23 12:57:56,VantageMarkets Raw,USDJPY,158.193,158.204,0.011,11,Overlap,Friday
2026-01-23 12:57:57,VantageMarkets Raw,AUDUSD,0.68448,0.68451,3e-05,3,Overlap,Friday
2026-01-23 12:58:01,FPMarkets Raw,XAUUSD,4928.27,4928.34,0.07,7,Overlap,Friday
2026-01-23 12:58:01,FPMarkets Raw,EURUSD,1.17341,1.17343,2e-05,2,Overlap,Friday
2026-01-23 12:58:02,FPMarkets Raw,GBPUSD,1.35259,1.35263,4e-05,4,Overlap,Friday
2026-01-23 12:58:03,FPMarkets Raw,USDJPY,158.203,158.206,0.003,3,Overlap,Friday
2026-01-23 12:58:04,FPMarkets Raw,AUDUSD,0.68449,0.68451,2e-05,2,Overlap,Friday
2026-01-23 12:58:06,8Cap Raw,XAUUSD,4928.22,4928.38,0.16,16,Overlap,Friday
2026-01-23 12:58:07,8Cap Raw,EURUSD,1.1734,1.1734,0.0,0,Overlap,Friday
2026-01-23 12:58:07,8Cap Raw,GBPUSD,1.35262,1.35264,2e-05,2,Overlap,Friday
2026-01-23 12:58:08,8Cap Raw,USDJPY,158.202,158.206,0.004,4,Overlap,Friday
2026-01-23 12:58:09,8Cap Raw,AUDUSD,0.68447,0.6845,3e-05,3,Overlap,Friday
2026-01-23 13:02:16,Pepperstone Razor,XAUUSD,4922.63,4922.76,0.13,13,Overlap,Friday
2026-01-23 13:02:17,Pepperstone Razor,EURUSD,1.17344,1.17344,0.0,0,Overlap,Friday
2026-01-23 13:02:18,Pepperstone Razor,GBPUSD,1.35253,1.35255,2e-05,2,Overlap,Friday
2026-01-23 13:02:19,Pepperstone Razor,USDJPY,158.175,158.177,0.002,2,Overlap,Friday
2026-01-23 13:02:20,Pepperstone Razor,AUDUSD,0.68451,0.68452,1e-05,1,Overlap,Friday
2026-01-23 13:02:23,FusionMarkets Zero,XAUUSD,4922.47,4922.59,0.12,12,Overlap,Friday
2026-01-23 13:02:24,FusionMarkets Zero,EURUSD,1.17336,1.17336,0.0,0,Overlap,Friday
2026-01-23 13:02:25,FusionMarkets Zero,GBPUSD,1.35256,1.35256,0.0,0,Overlap,Friday
2026-01-23 13:02:25,FusionMarkets Zero,USDJPY,158.17,158.174,0.004,4,Overlap,Friday
2026-01-23 13:02:26,FusionMarkets Zero,AUDUSD,0.68454,0.68454,0.0,0,Overlap,Friday
2026-01-23 13:02:29,ThinkMarkets ThinkZero,XAUUSD,4922.45,4922.53,0.08,8,Overlap,Friday
2026-01-23 13:02:30,ThinkMarkets ThinkZero,EURUSD,1.17332,1.17334,2e-05,2,Overlap,Friday
2026-01-23 13:02:31,ThinkMarkets ThinkZero,GBPUSD,1.35261,1.35268,7e-05,7,Overlap,Friday
2026-01-23 13:02:32,ThinkMarkets ThinkZero,USDJPY,158.172,158.177,0.005,5,Overlap,Friday
2026-01-23 13:02:33,ThinkMarkets ThinkZero,AUDUSD,0.68451,0.68453,2e-05,2,Overlap,Friday
2026-01-23 13:02:36,ICMarkets Raw,XAUUSD,4921.9,4922.01,0.11,11,Overlap,Friday
2026-01-23 13:02:37,ICMarkets Raw,EURUSD,1.17343,1.17343,0.0,0,Overlap,Friday
2026-01-23 13:02:38,ICMarkets Raw,GBPUSD,1.35262,1.35263,1e-05,1,Overlap,Friday
2026-01-23 13:02:38,ICMarkets Raw,USDJPY,158.161,158.163,0.002,2,Overlap,Friday
2026-01-23 13:02:39,ICMarkets Raw,AUDUSD,0.68452,0.68452,0.0,0,Overlap,Friday
2026-01-23 13:02:42,VantageMarkets Raw,XAUUSD,4921.76,4921.84,0.08,8,Overlap,Friday
2026-01-23 13:02:43,VantageMarkets Raw,EURUSD,1.17338,1.17341,3e-05,3,Overlap,Friday
2026-01-23 13:02:44,VantageMarkets Raw,GBPUSD,1.35258,1.35259,1e-05,1,Overlap,Friday
2026-01-23 13:02:44,VantageMarkets Raw,USDJPY,158.174,158.185,0.011,11,Overlap,Friday
2026-01-23 13:02:45,VantageMarkets Raw,AUDUSD,0.68447,0.6845,3e-05,3,Overlap,Friday
2026-01-23 13:02:48,FPMarkets Raw,XAUUSD,4922.61,4922.68,0.07,7,Overlap,Friday
2026-01-23 13:02:49,FPMarkets Raw,EURUSD,1.17333,1.17335,2e-05,2,Overlap,Friday
2026-01-23 13:02:50,FPMarkets Raw,GBPUSD,1.3525,1.35253,3e-05,3,Overlap,Friday
2026-01-23 13:02:51,FPMarkets Raw,USDJPY,158.183,158.186,0.003,3,Overlap,Friday
2026-01-23 13:02:52,FPMarkets Raw,AUDUSD,0.68446,0.68449,3e-05,3,Overlap,Friday
2026-01-23 13:02:54,8Cap Raw,XAUUSD,4922.69,4922.85,0.16,16,Overlap,Friday
2026-01-23 13:02:55,8Cap Raw,EURUSD,1.17333,1.17334,1e-05,1,Overlap,Friday
2026-01-23 13:02:55,8Cap Raw,GBPUSD,1.35249,1.3525,1e-05,1,Overlap,Friday
2026-01-23 13:02:56,8Cap Raw,USDJPY,158.18,158.186,0.006,6,Overlap,Friday
2026-01-23 13:02:57,8Cap Raw,AUDUSD,0.68447,0.68449,2e-05,2,Overlap,Friday
2026-01-23 13:07:16,Pepperstone Razor,XAUUSD,4917.56,4917.73,0.17,17,Overlap,Friday
2026-01-23 13:07:17,Pepperstone Razor,EURUSD,1.17324,1.17324,0.0,0,Overlap,Friday
2026-01-23 13:07:18,Pepperstone Razor,GBPUSD,1.35256,1.35259,3e-05,3,Overlap,Friday
2026-01-23 13:07:18,Pepperstone Razor,USDJPY,158.216,158.22,0.004,4,Overlap,Friday
2026-01-23 13:07:19,Pepperstone Razor,AUDUSD,0.68455,0.68456,1e-05,1,Overlap,Friday
2026-01-23 13:07:22,FusionMarkets Zero,XAUUSD,4917.08,4917.21,0.13,13,Overlap,Friday
2026-01-23 13:07:23,FusionMarkets Zero,EURUSD,1.17324,1.17324,0.0,0,Overlap,Friday
2026-01-23 13:07:24,FusionMarkets Zero,GBPUSD,1.3526,1.3526,0.0,0,Overlap,Friday
2026-01-23 13:07:25,FusionMarkets Zero,USDJPY,158.216,158.216,0.0,0,Overlap,Friday
2026-01-23 13:07:26,FusionMarkets Zero,AUDUSD,0.6846,0.6846,0.0,0,Overlap,Friday
2026-01-23 13:07:28,ThinkMarkets ThinkZero,XAUUSD,4917.0,4917.08,0.08,8,Overlap,Friday
2026-01-23 13:07:29,ThinkMarkets ThinkZero,EURUSD,1.17329,1.17331,2e-05,2,Overlap,Friday
2026-01-23 13:07:30,ThinkMarkets ThinkZero,GBPUSD,1.35264,1.3527,6e-05,6,Overlap,Friday
2026-01-23 13:07:31,ThinkMarkets ThinkZero,USDJPY,158.215,158.221,0.006,6,Overlap,Friday
2026-01-23 13:07:32,ThinkMarkets ThinkZero,AUDUSD,0.68455,0.68457,2e-05,2,Overlap,Friday
2026-01-23 13:07:35,ICMarkets Raw,XAUUSD,4916.6,4916.71,0.11,11,Overlap,Friday
2026-01-23 13:07:36,ICMarkets Raw,EURUSD,1.1733,1.1733,0.0,0,Overlap,Friday
2026-01-23 13:07:37,ICMarkets Raw,GBPUSD,1.35266,1.35267,1e-05,1,Overlap,Friday
2026-01-23 13:07:38,ICMarkets Raw,USDJPY,158.216,158.216,0.0,0,Overlap,Friday
2026-01-23 13:07:38,ICMarkets Raw,AUDUSD,0.68454,0.68455,1e-05,1,Overlap,Friday
2026-01-23 13:07:41,VantageMarkets Raw,XAUUSD,4916.9,4916.98,0.08,8,Overlap,Friday
2026-01-23 13:07:42,VantageMarkets Raw,EURUSD,1.17331,1.17333,2e-05,2,Overlap,Friday
2026-01-23 13:07:43,VantageMarkets Raw,GBPUSD,1.35266,1.35267,1e-05,1,Overlap,Friday
2026-01-23 13:07:44,VantageMarkets Raw,USDJPY,158.209,158.222,0.013,13,Overlap,Friday
2026-01-23 13:07:44,VantageMarkets Raw,AUDUSD,0.68454,0.68458,4e-05,4,Overlap,Friday
2026-01-23 13:07:47,FPMarkets Raw,XAUUSD,4916.88,4916.95,0.07,7,Overlap,Friday
2026-01-23 13:07:48,FPMarkets Raw,EURUSD,1.17335,1.17337,2e-05,2,Overlap,Friday
2026-01-23 13:07:49,FPMarkets Raw,GBPUSD,1.35272,1.35273,1e-05,1,Overlap,Friday
2026-01-23 13:07:50,FPMarkets Raw,USDJPY,158.214,158.218,0.004,4,Overlap,Friday
2026-01-23 13:07:51,FPMarkets Raw,AUDUSD,0.68457,0.6846,3e-05,3,Overlap,Friday
2026-01-23 13:07:53,8Cap Raw,XAUUSD,4917.22,4917.38,0.16,16,Overlap,Friday
2026-01-23 13:07:54,8Cap Raw,EURUSD,1.17336,1.17337,1e-05,1,Overlap,Friday
2026-01-23 13:07:55,8Cap Raw,GBPUSD,1.3527,1.35271,1e-05,1,Overlap,Friday
2026-01-23 13:07:56,8Cap Raw,USDJPY,158.215,158.216,0.001,1,Overlap,Friday
2026-01-23 13:07:57,8Cap Raw,AUDUSD,0.68457,0.68459,2e-05,2,Overlap,Friday
2026-01-23 13:12:16,Pepperstone Razor,XAUUSD,4919.77,4919.97,0.2,20,Overlap,Friday
2026-01-23 13:12:17,Pepperstone Razor,EURUSD,1.17352,1.17352,0.0,0,Overlap,Friday
2026-01-23 13:12:18,Pepperstone Razor,GBPUSD,1.35281,1.35284,3e-05,3,Overlap,Friday
2026-01-23 13:12:19,Pepperstone Razor,USDJPY,158.227,158.232,0.005,5,Overlap,Friday
2026-01-23 13:12:20,Pepperstone Razor,AUDUSD,0.68453,0.68453,0.0,0,Overlap,Friday
2026-01-23 13:12:23,FusionMarkets Zero,XAUUSD,4920.87,4920.96,0.09,9,Overlap,Friday
2026-01-23 13:12:23,FusionMarkets Zero,EURUSD,1.17352,1.17352,0.0,0,Overlap,Friday
2026-01-23 13:12:24,FusionMarkets Zero,GBPUSD,1.35287,1.35287,0.0,0,Overlap,Friday
2026-01-23 13:12:25,FusionMarkets Zero,USDJPY,158.231,158.231,0.0,0,Overlap,Friday
2026-01-23 13:12:26,FusionMarkets Zero,AUDUSD,0.68457,0.68457,0.0,0,Overlap,Friday
2026-01-23 13:12:29,ThinkMarkets ThinkZero,XAUUSD,4921.1,4921.18,0.08,8,Overlap,Friday
2026-01-23 13:12:30,ThinkMarkets ThinkZero,EURUSD,1.1735,1.17352,2e-05,2,Overlap,Friday
2026-01-23 13:12:31,ThinkMarkets ThinkZero,GBPUSD,1.35285,1.35291,6e-05,6,Overlap,Friday
2026-01-23 13:12:32,ThinkMarkets ThinkZero,USDJPY,158.229,158.234,0.005,5,Overlap,Friday
2026-01-23 13:12:32,ThinkMarkets ThinkZero,AUDUSD,0.68453,0.68456,3e-05,3,Overlap,Friday
2026-01-23 13:12:35,ICMarkets Raw,XAUUSD,4920.8,4920.88,0.08,8,Overlap,Friday
2026-01-23 13:12:36,ICMarkets Raw,EURUSD,1.17349,1.17349,0.0,0,Overlap,Friday
2026-01-23 13:12:37,ICMarkets Raw,GBPUSD,1.35286,1.35287,1e-05,1,Overlap,Friday
2026-01-23 13:12:38,ICMarkets Raw,USDJPY,158.235,158.235,0.0,0,Overlap,Friday
2026-01-23 13:12:39,ICMarkets Raw,AUDUSD,0.6845,0.6845,0.0,0,Overlap,Friday
2026-01-23 13:12:42,VantageMarkets Raw,XAUUSD,4920.54,4920.62,0.08,8,Overlap,Friday
2026-01-23 13:12:42,VantageMarkets Raw,EURUSD,1.1735,1.17352,2e-05,2,Overlap,Friday
2026-01-23 13:12:43,VantageMarkets Raw,GBPUSD,1.35288,1.35289,1e-05,1,Overlap,Friday
2026-01-23 13:12:44,VantageMarkets Raw,USDJPY,158.232,158.234,0.002,2,Overlap,Friday
2026-01-23 13:12:45,VantageMarkets Raw,AUDUSD,0.68448,0.68451,3e-05,3,Overlap,Friday
2026-01-23 13:12:48,FPMarkets Raw,XAUUSD,4920.92,4920.99,0.07,7,Overlap,Friday
2026-01-23 13:12:49,FPMarkets Raw,EURUSD,1.17347,1.17349,2e-05,2,Overlap,Friday
2026-01-23 13:12:50,FPMarkets Raw,GBPUSD,1.35287,1.3529,3e-05,3,Overlap,Friday
2026-01-23 13:12:51,FPMarkets Raw,USDJPY,158.23,158.233,0.003,3,Overlap,Friday
2026-01-23 13:12:52,FPMarkets Raw,AUDUSD,0.68446,0.68448,2e-05,2,Overlap,Friday
2026-01-23 13:12:54,8Cap Raw,XAUUSD,4920.79,4920.95,0.16,16,Overlap,Friday
2026-01-23 13:12:54,8Cap Raw,EURUSD,1.17342,1.17342,0.0,0,Overlap,Friday
2026-01-23 13:12:55,8Cap Raw,GBPUSD,1.35274,1.35275,1e-05,1,Overlap,Friday
2026-01-23 13:12:56,8Cap Raw,USDJPY,158.243,158.244,0.001,1,Overlap,Friday
2026-01-23 13:12:56,8Cap Raw,AUDUSD,0.68444,0.68447,3e-05,3,Overlap,Friday
2026-01-23 13:17:17,Pepperstone Razor,XAUUSD,4912.95,4913.09,0.14,14,Overlap,Friday
2026-01-23 13:17:18,Pepperstone Razor,EURUSD,1.1734,1.1734,0.0,0,Overlap,Friday
2026-01-23 13:17:18,Pepperstone Razor,GBPUSD,1.35266,1.35266,0.0,0,Overlap,Friday
2026-01-23 13:17:19,Pepperstone Razor,USDJPY,158.279,158.28,0.001,1,Overlap,Friday
2026-01-23 13:17:20,Pepperstone Razor,AUDUSD,0.68452,0.68454,2e-05,2,Overlap,Friday
2026-01-23 13:17:23,FusionMarkets Zero,XAUUSD,4912.92,4913.01,0.09,9,Overlap,Friday
2026-01-23 13:17:24,FusionMarkets Zero,EURUSD,1.17334,1.17334,0.0,0,Overlap,Friday
2026-01-23 13:17:25,FusionMarkets Zero,GBPUSD,1.35268,1.35268,0.0,0,Overlap,Friday
2026-01-23 13:17:26,FusionMarkets Zero,USDJPY,158.281,158.281,0.0,0,Overlap,Friday
2026-01-23 13:17:27,FusionMarkets Zero,AUDUSD,0.68456,0.68456,0.0,0,Overlap,Friday
2026-01-23 13:17:30,ThinkMarkets ThinkZero,XAUUSD,4912.73,4912.81,0.08,8,Overlap,Friday
2026-01-23 13:17:31,ThinkMarkets ThinkZero,EURUSD,1.17337,1.1734,3e-05,3,Overlap,Friday
2026-01-23 13:17:32,ThinkMarkets ThinkZero,GBPUSD,1.35265,1.3527,5e-05,5,Overlap,Friday
2026-01-23 13:17:33,ThinkMarkets ThinkZero,USDJPY,158.267,158.272,0.005,5,Overlap,Friday
2026-01-23 13:17:34,ThinkMarkets ThinkZero,AUDUSD,0.68454,0.68455,1e-05,1,Overlap,Friday
2026-01-23 13:17:37,ICMarkets Raw,XAUUSD,4913.16,4913.27,0.11,11,Overlap,Friday
2026-01-23 13:17:38,ICMarkets Raw,EURUSD,1.17341,1.17341,0.0,0,Overlap,Friday
2026-01-23 13:17:38,ICMarkets Raw,GBPUSD,1.35267,1.35269,2e-05,2,Overlap,Friday
2026-01-23 13:17:39,ICMarkets Raw,USDJPY,158.269,158.269,0.0,0,Overlap,Friday
2026-01-23 13:17:40,ICMarkets Raw,AUDUSD,0.68454,0.68454,0.0,0,Overlap,Friday
2026-01-23 13:17:43,VantageMarkets Raw,XAUUSD,4914.18,4914.26,0.08,8,Overlap,Friday
2026-01-23 13:17:44,VantageMarkets Raw,EURUSD,1.1734,1.17341,1e-05,1,Overlap,Friday
2026-01-23 13:17:45,VantageMarkets Raw,GBPUSD,1.35267,1.35268,1e-05,1,Overlap,Friday
2026-01-23 13:17:46,VantageMarkets Raw,USDJPY,158.266,158.268,0.002,2,Overlap,Friday
2026-01-23 13:17:47,VantageMarkets Raw,AUDUSD,0.68454,0.68456,2e-05,2,Overlap,Friday
2026-01-23 13:17:49,FPMarkets Raw,XAUUSD,4914.58,4914.65,0.07,7,Overlap,Friday
2026-01-23 13:17:50,FPMarkets Raw,EURUSD,1.17343,1.17344,1e-05,1,Overlap,Friday
2026-01-23 13:17:51,FPMarkets Raw,GBPUSD,1.35266,1.35269,3e-05,3,Overlap,Friday
2026-01-23 13:17:52,FPMarkets Raw,USDJPY,158.265,158.268,0.003,3,Overlap,Friday
2026-01-23 13:17:53,FPMarkets Raw,AUDUSD,0.68457,0.6846,3e-05,3,Overlap,Friday
2026-01-23 13:17:55,8Cap Raw,XAUUSD,4913.17,4913.33,0.16,16,Overlap,Friday
2026-01-23 13:17:56,8Cap Raw,EURUSD,1.17346,1.17346,0.0,0,Overlap,Friday
2026-01-23 13:17:56,8Cap Raw,GBPUSD,1.35263,1.35264,1e-05,1,Overlap,Friday
2026-01-23 13:17:57,8Cap Raw,USDJPY,158.267,158.268,0.001,1,Overlap,Friday
2026-01-23 13:17:58,8Cap Raw,AUDUSD,0.68453,0.68457,4e-05,4,Overlap,Friday
2026-01-23 13:22:17,Pepperstone Razor,XAUUSD,4914.4,4914.54,0.14,14,Overlap,Friday
2026-01-23 13:22:17,Pepperstone Razor,EURUSD,1.17383,1.17383,0.0,0,Overlap,Friday
2026-01-23 13:22:18,Pepperstone Razor,GBPUSD,1.35258,1.35259,1e-05,1,Overlap,Friday
2026-01-23 13:22:19,Pepperstone Razor,USDJPY,158.279,158.284,0.005,5,Overlap,Friday
2026-01-23 13:22:20,Pepperstone Razor,AUDUSD,0.68481,0.68482,1e-05,1,Overlap,Friday
2026-01-23 13:22:23,FusionMarkets Zero,XAUUSD,4914.47,4914.52,0.05,5,Overlap,Friday
2026-01-23 13:22:24,FusionMarkets Zero,EURUSD,1.1738,1.1738,0.0,0,Overlap,Friday
2026-01-23 13:22:25,FusionMarkets Zero,GBPUSD,1.35254,1.35254,0.0,0,Overlap,Friday
2026-01-23 13:22:26,FusionMarkets Zero,USDJPY,158.284,158.284,0.0,0,Overlap,Friday
2026-01-23 13:22:27,FusionMarkets Zero,AUDUSD,0.68483,0.68483,0.0,0,Overlap,Friday
2026-01-23 13:22:30,ThinkMarkets ThinkZero,XAUUSD,4914.34,4914.42,0.08,8,Overlap,Friday
2026-01-23 13:22:31,ThinkMarkets ThinkZero,EURUSD,1.17377,1.17379,2e-05,2,Overlap,Friday
2026-01-23 13:22:32,ThinkMarkets ThinkZero,GBPUSD,1.35253,1.3526,7e-05,7,Overlap,Friday
2026-01-23 13:22:33,ThinkMarkets ThinkZero,USDJPY,158.282,158.287,0.005,5,Overlap,Friday
2026-01-23 13:22:33,ThinkMarkets ThinkZero,AUDUSD,0.68478,0.68482,4e-05,4,Overlap,Friday
2026-01-23 13:22:36,ICMarkets Raw,XAUUSD,4914.27,4914.32,0.05,5,Overlap,Friday
2026-01-23 13:22:37,ICMarkets Raw,EURUSD,1.17377,1.17378,1e-05,1,Overlap,Friday
2026-01-23 13:22:38,ICMarkets Raw,GBPUSD,1.35259,1.35261,2e-05,2,Overlap,Friday
2026-01-23 13:22:39,ICMarkets Raw,USDJPY,158.283,158.283,0.0,0,Overlap,Friday
2026-01-23 13:22:40,ICMarkets Raw,AUDUSD,0.68482,0.68482,0.0,0,Overlap,Friday
2026-01-23 13:22:43,VantageMarkets Raw,XAUUSD,4914.14,4914.22,0.08,8,Overlap,Friday
2026-01-23 13:22:44,VantageMarkets Raw,EURUSD,1.1738,1.17381,1e-05,1,Overlap,Friday
2026-01-23 13:22:45,VantageMarkets Raw,GBPUSD,1.35258,1.35259,1e-05,1,Overlap,Friday
2026-01-23 13:22:45,VantageMarkets Raw,USDJPY,158.278,158.28,0.002,2,Overlap,Friday
2026-01-23 13:22:46,VantageMarkets Raw,AUDUSD,0.68479,0.68482,3e-05,3,Overlap,Friday
2026-01-23 13:22:50,FPMarkets Raw,XAUUSD,4914.43,4914.5,0.07,7,Overlap,Friday
2026-01-23 13:22:51,FPMarkets Raw,EURUSD,1.17375,1.17376,1e-05,1,Overlap,Friday
2026-01-23 13:22:51,FPMarkets Raw,GBPUSD,1.35237,1.35241,4e-05,4,Overlap,Friday
2026-01-23 13:22:52,FPMarkets Raw,USDJPY,158.28,158.283,0.003,3,Overlap,Friday
2026-01-23 13:22:53,FPMarkets Raw,AUDUSD,0.6848,0.68483,3e-05,3,Overlap,Friday
2026-01-23 13:22:55,8Cap Raw,XAUUSD,4914.99,4915.15,0.16,16,Overlap,Friday
2026-01-23 13:22:56,8Cap Raw,EURUSD,1.17379,1.17379,0.0,0,Overlap,Friday
2026-01-23 13:22:56,8Cap Raw,GBPUSD,1.35243,1.35244,1e-05,1,Overlap,Friday
2026-01-23 13:22:57,8Cap Raw,USDJPY,158.277,158.278,0.001,1,Overlap,Friday
2026-01-23 13:22:58,8Cap Raw,AUDUSD,0.68481,0.68483,2e-05,2,Overlap,Friday
2026-01-23 13:27:17,Pepperstone Razor,XAUUSD,4920.92,4921.08,0.16,16,Overlap,Friday
2026-01-23 13:27:18,Pepperstone Razor,EURUSD,1.17373,1.17373,0.0,0,Overlap,Friday
2026-01-23 13:27:19,Pepperstone Razor,GBPUSD,1.35222,1.35224,2e-05,2,Overlap,Friday
2026-01-23 13:27:19,Pepperstone Razor,USDJPY,158.31,158.312,0.002,2,Overlap,Friday
2026-01-23 13:27:20,Pepperstone Razor,AUDUSD,0.68478,0.68478,0.0,0,Overlap,Friday
2026-01-23 13:27:24,FusionMarkets Zero,XAUUSD,4921.44,4921.5,0.06,6,Overlap,Friday
2026-01-23 13:27:25,FusionMarkets Zero,EURUSD,1.17374,1.17374,0.0,0,Overlap,Friday
2026-01-23 13:27:26,FusionMarkets Zero,GBPUSD,1.35226,1.35226,0.0,0,Overlap,Friday
2026-01-23 13:27:27,FusionMarkets Zero,USDJPY,158.308,158.31,0.002,2,Overlap,Friday
2026-01-23 13:27:27,FusionMarkets Zero,AUDUSD,0.68482,0.68482,0.0,0,Overlap,Friday
2026-01-23 13:27:31,ThinkMarkets ThinkZero,XAUUSD,4920.8,4920.88,0.08,8,Overlap,Friday
2026-01-23 13:27:32,ThinkMarkets ThinkZero,EURUSD,1.17373,1.17375,2e-05,2,Overlap,Friday
2026-01-23 13:27:33,ThinkMarkets ThinkZero,GBPUSD,1.3524,1.35245,5e-05,5,Overlap,Friday
2026-01-23 13:27:33,ThinkMarkets ThinkZero,USDJPY,158.309,158.314,0.005,5,Overlap,Friday
2026-01-23 13:27:34,ThinkMarkets ThinkZero,AUDUSD,0.68477,0.6848,3e-05,3,Overlap,Friday
2026-01-23 13:27:37,ICMarkets Raw,XAUUSD,4921.18,4921.25,0.07,7,Overlap,Friday
2026-01-23 13:27:38,ICMarkets Raw,EURUSD,1.17372,1.17372,0.0,0,Overlap,Friday
2026-01-23 13:27:39,ICMarkets Raw,GBPUSD,1.35241,1.35242,1e-05,1,Overlap,Friday
2026-01-23 13:27:40,ICMarkets Raw,USDJPY,158.307,158.309,0.002,2,Overlap,Friday
2026-01-23 13:27:41,ICMarkets Raw,AUDUSD,0.68482,0.68482,0.0,0,Overlap,Friday
2026-01-23 13:27:44,VantageMarkets Raw,XAUUSD,4921.21,4921.29,0.08,8,Overlap,Friday
2026-01-23 13:27:45,VantageMarkets Raw,EURUSD,1.17381,1.17383,2e-05,2,Overlap,Friday
2026-01-23 13:27:45,VantageMarkets Raw,GBPUSD,1.35251,1.35252,1e-05,1,Overlap,Friday
2026-01-23 13:27:46,VantageMarkets Raw,USDJPY,158.302,158.303,0.001,1,Overlap,Friday
2026-01-23 13:27:47,VantageMarkets Raw,AUDUSD,0.68484,0.68487,3e-05,3,Overlap,Friday
2026-01-23 13:27:51,FPMarkets Raw,XAUUSD,4921.57,4921.64,0.07,7,Overlap,Friday
2026-01-23 13:27:52,FPMarkets Raw,EURUSD,1.17385,1.17386,1e-05,1,Overlap,Friday
2026-01-23 13:27:53,FPMarkets Raw,GBPUSD,1.35252,1.35256,4e-05,4,Overlap,Friday
2026-01-23 13:27:54,FPMarkets Raw,USDJPY,158.293,158.296,0.003,3,Overlap,Friday
2026-01-23 13:27:55,FPMarkets Raw,AUDUSD,0.68491,0.68494,3e-05,3,Overlap,Friday
2026-01-23 13:27:57,8Cap Raw,XAUUSD,4921.55,4921.71,0.16,16,Overlap,Friday
2026-01-23 13:27:57,8Cap Raw,EURUSD,1.17385,1.17386,1e-05,1,Overlap,Friday
2026-01-23 13:27:58,8Cap Raw,GBPUSD,1.35256,1.35257,1e-05,1,Overlap,Friday
2026-01-23 13:27:59,8Cap Raw,USDJPY,158.289,158.29,0.001,1,Overlap,Friday
2026-01-23 13:27:59,8Cap Raw,AUDUSD,0.6849,0.68493,3e-05,3,Overlap,Friday
2026-01-23 13:32:17,Pepperstone Razor,XAUUSD,4920.68,4920.83,0.15,15,Overlap,Friday
2026-01-23 13:32:17,Pepperstone Razor,EURUSD,1.17368,1.17368,0.0,0,Overlap,Friday
2026-01-23 13:32:18,Pepperstone Razor,GBPUSD,1.35265,1.35266,1e-05,1,Overlap,Friday
2026-01-23 13:32:19,Pepperstone Razor,USDJPY,158.295,158.298,0.003,3,Overlap,Friday
2026-01-23 13:32:20,Pepperstone Razor,AUDUSD,0.6849,0.6849,0.0,0,Overlap,Friday
2026-01-23 13:32:23,FusionMarkets Zero,XAUUSD,4920.81,4920.93,0.12,12,Overlap,Friday
2026-01-23 13:32:24,FusionMarkets Zero,EURUSD,1.17369,1.17369,0.0,0,Overlap,Friday
2026-01-23 13:32:25,FusionMarkets Zero,GBPUSD,1.35267,1.35267,0.0,0,Overlap,Friday
2026-01-23 13:32:26,FusionMarkets Zero,USDJPY,158.293,158.297,0.004,4,Overlap,Friday
2026-01-23 13:32:27,FusionMarkets Zero,AUDUSD,0.6849,0.6849,0.0,0,Overlap,Friday
2026-01-23 13:32:30,ThinkMarkets ThinkZero,XAUUSD,4921.23,4921.31,0.08,8,Overlap,Friday
2026-01-23 13:32:31,ThinkMarkets ThinkZero,EURUSD,1.17364,1.17367,3e-05,3,Overlap,Friday
2026-01-23 13:32:32,ThinkMarkets ThinkZero,GBPUSD,1.35274,1.35278,4e-05,4,Overlap,Friday
2026-01-23 13:32:33,ThinkMarkets ThinkZero,USDJPY,158.294,158.299,0.005,5,Overlap,Friday
2026-01-23 13:32:34,ThinkMarkets ThinkZero,AUDUSD,0.68485,0.68488,3e-05,3,Overlap,Friday
2026-01-23 13:32:37,ICMarkets Raw,XAUUSD,4921.11,4921.21,0.1,10,Overlap,Friday
2026-01-23 13:32:38,ICMarkets Raw,EURUSD,1.17367,1.17367,0.0,0,Overlap,Friday
2026-01-23 13:32:39,ICMarkets Raw,GBPUSD,1.35278,1.35279,1e-05,1,Overlap,Friday
2026-01-23 13:32:40,ICMarkets Raw,USDJPY,158.298,158.3,0.002,2,Overlap,Friday
2026-01-23 13:32:41,ICMarkets Raw,AUDUSD,0.68487,0.68487,0.0,0,Overlap,Friday
2026-01-23 13:32:43,VantageMarkets Raw,XAUUSD,4921.04,4921.12,0.08,8,Overlap,Friday
2026-01-23 13:32:44,VantageMarkets Raw,EURUSD,1.17366,1.17368,2e-05,2,Overlap,Friday
2026-01-23 13:32:45,VantageMarkets Raw,GBPUSD,1.35272,1.35273,1e-05,1,Overlap,Friday
2026-01-23 13:32:46,VantageMarkets Raw,USDJPY,158.307,158.309,0.002,2,Overlap,Friday
2026-01-23 13:32:47,VantageMarkets Raw,AUDUSD,0.68485,0.68487,2e-05,2,Overlap,Friday
2026-01-23 13:32:50,FPMarkets Raw,XAUUSD,4921.66,4921.73,0.07,7,Overlap,Friday
2026-01-23 13:32:51,FPMarkets Raw,EURUSD,1.17365,1.17366,1e-05,1,Overlap,Friday
2026-01-23 13:32:52,FPMarkets Raw,GBPUSD,1.35267,1.3527,3e-05,3,Overlap,Friday
2026-01-23 13:32:53,FPMarkets Raw,USDJPY,158.305,158.308,0.003,3,Overlap,Friday
2026-01-23 13:32:54,FPMarkets Raw,AUDUSD,0.68484,0.68486,2e-05,2,Overlap,Friday
2026-01-23 13:32:56,8Cap Raw,XAUUSD,4921.6,4921.76,0.16,16,Overlap,Friday
2026-01-23 13:32:57,8Cap Raw,EURUSD,1.17369,1.17369,0.0,0,Overlap,Friday
2026-01-23 13:32:57,8Cap Raw,GBPUSD,1.35268,1.35269,1e-05,1,Overlap,Friday
2026-01-23 13:32:58,8Cap Raw,USDJPY,158.299,158.3,0.001,1,Overlap,Friday
2026-01-23 13:32:59,8Cap Raw,AUDUSD,0.68483,0.68486,3e-05,3,Overlap,Friday
2026-01-23 13:37:17,Pepperstone Razor,XAUUSD,4924.3,4924.46,0.16,16,Overlap,Friday
2026-01-23 13:37:18,Pepperstone Razor,EURUSD,1.17387,1.17387,0.0,0,Overlap,Friday
2026-01-23 13:37:19,Pepperstone Razor,GBPUSD,1.35324,1.35325,1e-05,1,Overlap,Friday
2026-01-23 13:37:19,Pepperstone Razor,USDJPY,158.266,158.271,0.005,5,Overlap,Friday
2026-01-23 13:37:20,Pepperstone Razor,AUDUSD,0.68497,0.68499,2e-05,2,Overlap,Friday
2026-01-23 13:37:24,FusionMarkets Zero,XAUUSD,4924.28,4924.33,0.05,5,Overlap,Friday
2026-01-23 13:37:24,FusionMarkets Zero,EURUSD,1.17383,1.17383,0.0,0,Overlap,Friday
2026-01-23 13:37:25,FusionMarkets Zero,GBPUSD,1.35313,1.35313,0.0,0,Overlap,Friday
2026-01-23 13:37:26,FusionMarkets Zero,USDJPY,158.266,158.268,0.002,2,Overlap,Friday
2026-01-23 13:37:27,FusionMarkets Zero,AUDUSD,0.68502,0.68502,0.0,0,Overlap,Friday
2026-01-23 13:37:31,ThinkMarkets ThinkZero,XAUUSD,4923.73,4923.81,0.08,8,Overlap,Friday
2026-01-23 13:37:32,ThinkMarkets ThinkZero,EURUSD,1.17378,1.17379,1e-05,1,Overlap,Friday
2026-01-23 13:37:32,ThinkMarkets ThinkZero,GBPUSD,1.35308,1.35312,4e-05,4,Overlap,Friday
2026-01-23 13:37:33,ThinkMarkets ThinkZero,USDJPY,158.274,158.279,0.005,5,Overlap,Friday
2026-01-23 13:37:34,ThinkMarkets ThinkZero,AUDUSD,0.68498,0.685,2e-05,2,Overlap,Friday
2026-01-23 13:37:38,ICMarkets Raw,XAUUSD,4924.0,4924.06,0.06,6,Overlap,Friday
2026-01-23 13:37:38,ICMarkets Raw,EURUSD,1.17379,1.17379,0.0,0,Overlap,Friday
2026-01-23 13:37:39,ICMarkets Raw,GBPUSD,1.3531,1.35311,1e-05,1,Overlap,Friday
2026-01-23 13:37:40,ICMarkets Raw,USDJPY,158.273,158.275,0.002,2,Overlap,Friday
2026-01-23 13:37:41,ICMarkets Raw,AUDUSD,0.68501,0.68501,0.0,0,Overlap,Friday
2026-01-23 13:37:44,VantageMarkets Raw,XAUUSD,4923.58,4923.66,0.08,8,Overlap,Friday
2026-01-23 13:37:45,VantageMarkets Raw,EURUSD,1.17375,1.17376,1e-05,1,Overlap,Friday
2026-01-23 13:37:46,VantageMarkets Raw,GBPUSD,1.35309,1.3531,1e-05,1,Overlap,Friday
2026-01-23 13:37:47,VantageMarkets Raw,USDJPY,158.271,158.273,0.002,2,Overlap,Friday
2026-01-23 13:37:48,VantageMarkets Raw,AUDUSD,0.685,0.68502,2e-05,2,Overlap,Friday
2026-01-23 13:37:51,FPMarkets Raw,XAUUSD,4923.55,4923.62,0.07,7,Overlap,Friday
2026-01-23 13:37:52,FPMarkets Raw,EURUSD,1.17374,1.17375,1e-05,1,Overlap,Friday
2026-01-23 13:37:53,FPMarkets Raw,GBPUSD,1.35307,1.3531,3e-05,3,Overlap,Friday
2026-01-23 13:37:54,FPMarkets Raw,USDJPY,158.269,158.272,0.003,3,Overlap,Friday
2026-01-23 13:37:55,FPMarkets Raw,AUDUSD,0.68501,0.68503,2e-05,2,Overlap,Friday
2026-01-23 13:37:57,8Cap Raw,XAUUSD,4923.68,4923.84,0.16,16,Overlap,Friday
2026-01-23 13:37:57,8Cap Raw,EURUSD,1.17373,1.17374,1e-05,1,Overlap,Friday
2026-01-23 13:37:58,8Cap Raw,GBPUSD,1.3531,1.35311,1e-05,1,Overlap,Friday
2026-01-23 13:37:59,8Cap Raw,USDJPY,158.27,158.271,0.001,1,Overlap,Friday
2026-01-23 13:37:59,8Cap Raw,AUDUSD,0.685,0.68503,3e-05,3,Overlap,Friday
2026-01-23 13:42:17,Pepperstone Razor,XAUUSD,4923.87,4924.02,0.15,15,Overlap,Friday
2026-01-23 13:42:18,Pepperstone Razor,EURUSD,1.17365,1.17365,0.0,0,Overlap,Friday
2026-01-23 13:42:19,Pepperstone Razor,GBPUSD,1.3527,1.35273,3e-05,3,Overlap,Friday
2026-01-23 13:42:20,Pepperstone Razor,USDJPY,158.284,158.286,0.002,2,Overlap,Friday
2026-01-23 13:42:21,Pepperstone Razor,AUDUSD,0.68505,0.68505,0.0,0,Overlap,Friday
2026-01-23 13:42:24,FusionMarkets Zero,XAUUSD,4924.03,4924.08,0.05,5,Overlap,Friday
2026-01-23 13:42:25,FusionMarkets Zero,EURUSD,1.17364,1.17364,0.0,0,Overlap,Friday
2026-01-23 13:42:26,FusionMarkets Zero,GBPUSD,1.35276,1.35276,0.0,0,Overlap,Friday
2026-01-23 13:42:27,FusionMarkets Zero,USDJPY,158.284,158.286,0.002,2,Overlap,Friday
2026-01-23 13:42:28,FusionMarkets Zero,AUDUSD,0.68503,0.68503,0.0,0,Overlap,Friday
2026-01-23 13:42:32,ThinkMarkets ThinkZero,XAUUSD,4923.77,4923.85,0.08,8,Overlap,Friday
2026-01-23 13:42:32,ThinkMarkets ThinkZero,EURUSD,1.17363,1.17366,3e-05,3,Overlap,Friday
2026-01-23 13:42:33,ThinkMarkets ThinkZero,GBPUSD,1.35271,1.35278,7e-05,7,Overlap,Friday
2026-01-23 13:42:34,ThinkMarkets ThinkZero,USDJPY,158.267,158.271,0.004,4,Overlap,Friday
2026-01-23 13:42:35,ThinkMarkets ThinkZero,AUDUSD,0.68501,0.68504,3e-05,3,Overlap,Friday
2026-01-23 13:42:38,ICMarkets Raw,XAUUSD,4924.21,4924.26,0.05,5,Overlap,Friday
2026-01-23 13:42:39,ICMarkets Raw,EURUSD,1.17361,1.17361,0.0,0,Overlap,Friday
2026-01-23 13:42:40,ICMarkets Raw,GBPUSD,1.35274,1.35275,1e-05,1,Overlap,Friday
2026-01-23 13:42:41,ICMarkets Raw,USDJPY,158.269,158.271,0.002,2,Overlap,Friday
2026-01-23 13:42:42,ICMarkets Raw,AUDUSD,0.68504,0.68504,0.0,0,Overlap,Friday
2026-01-23 13:42:45,VantageMarkets Raw,XAUUSD,4924.51,4924.59,0.08,8,Overlap,Friday
2026-01-23 13:42:46,VantageMarkets Raw,EURUSD,1.17358,1.17361,3e-05,3,Overlap,Friday
2026-01-23 13:42:47,VantageMarkets Raw,GBPUSD,1.35265,1.35266,1e-05,1,Overlap,Friday
2026-01-23 13:42:48,VantageMarkets Raw,USDJPY,158.272,158.274,0.002,2,Overlap,Friday
2026-01-23 13:42:49,VantageMarkets Raw,AUDUSD,0.68504,0.68506,2e-05,2,Overlap,Friday
2026-01-23 13:42:52,FPMarkets Raw,XAUUSD,4924.83,4924.9,0.07,7,Overlap,Friday
2026-01-23 13:42:53,FPMarkets Raw,EURUSD,1.17363,1.17364,1e-05,1,Overlap,Friday
2026-01-23 13:42:54,FPMarkets Raw,GBPUSD,1.35263,1.35266,3e-05,3,Overlap,Friday
2026-01-23 13:42:55,FPMarkets Raw,USDJPY,158.269,158.271,0.002,2,Overlap,Friday
2026-01-23 13:42:56,FPMarkets Raw,AUDUSD,0.68503,0.68505,2e-05,2,Overlap,Friday
2026-01-23 13:42:58,8Cap Raw,XAUUSD,4924.82,4924.98,0.16,16,Overlap,Friday
2026-01-23 13:42:59,8Cap Raw,EURUSD,1.17363,1.17364,1e-05,1,Overlap,Friday
2026-01-23 13:42:59,8Cap Raw,GBPUSD,1.35265,1.35267,2e-05,2,Overlap,Friday
2026-01-23 13:43:00,8Cap Raw,USDJPY,158.269,158.27,0.001,1,Overlap,Friday
2026-01-23 13:43:01,8Cap Raw,AUDUSD,0.68503,0.68505,2e-05,2,Overlap,Friday
2026-01-23 13:47:17,Pepperstone Razor,XAUUSD,4923.21,4923.4,0.19,19,Overlap,Friday
2026-01-23 13:47:18,Pepperstone Razor,EURUSD,1.17391,1.17393,2e-05,2,Overlap,Friday
2026-01-23 13:47:19,Pepperstone Razor,GBPUSD,1.35276,1.35279,3e-05,3,Overlap,Friday
2026-01-23 13:47:20,Pepperstone Razor,USDJPY,158.199,158.206,0.007,7,Overlap,Friday
2026-01-23 13:47:21,Pepperstone Razor,AUDUSD,0.68537,0.68537,0.0,0,Overlap,Friday
2026-01-23 13:47:24,FusionMarkets Zero,XAUUSD,4923.54,4923.64,0.1,10,Overlap,Friday
2026-01-23 13:47:25,FusionMarkets Zero,EURUSD,1.17384,1.17384,0.0,0,Overlap,Friday
2026-01-23 13:47:26,FusionMarkets Zero,GBPUSD,1.35277,1.35277,0.0,0,Overlap,Friday
2026-01-23 13:47:27,FusionMarkets Zero,USDJPY,158.204,158.21,0.006,6,Overlap,Friday
2026-01-23 13:47:28,FusionMarkets Zero,AUDUSD,0.68537,0.68537,0.0,0,Overlap,Friday
2026-01-23 13:47:31,ThinkMarkets ThinkZero,XAUUSD,4922.53,4922.61,0.08,8,Overlap,Friday
2026-01-23 13:47:32,ThinkMarkets ThinkZero,EURUSD,1.17383,1.17385,2e-05,2,Overlap,Friday
2026-01-23 13:47:33,ThinkMarkets ThinkZero,GBPUSD,1.35279,1.35284,5e-05,5,Overlap,Friday
2026-01-23 13:47:34,ThinkMarkets ThinkZero,USDJPY,158.205,158.209,0.004,4,Overlap,Friday
2026-01-23 13:47:35,ThinkMarkets ThinkZero,AUDUSD,0.68535,0.68536,1e-05,1,Overlap,Friday
2026-01-23 13:47:38,ICMarkets Raw,XAUUSD,4922.95,4923.05,0.1,10,Overlap,Friday
2026-01-23 13:47:39,ICMarkets Raw,EURUSD,1.17388,1.17388,0.0,0,Overlap,Friday
2026-01-23 13:47:40,ICMarkets Raw,GBPUSD,1.35287,1.35288,1e-05,1,Overlap,Friday
2026-01-23 13:47:41,ICMarkets Raw,USDJPY,158.188,158.192,0.004,4,Overlap,Friday
2026-01-23 13:47:42,ICMarkets Raw,AUDUSD,0.68535,0.68536,1e-05,1,Overlap,Friday
2026-01-23 13:47:46,VantageMarkets Raw,XAUUSD,4922.84,4922.92,0.08,8,Overlap,Friday
2026-01-23 13:47:47,VantageMarkets Raw,EURUSD,1.17383,1.17385,2e-05,2,Overlap,Friday
2026-01-23 13:47:48,VantageMarkets Raw,GBPUSD,1.35281,1.35282,1e-05,1,Overlap,Friday
2026-01-23 13:47:49,VantageMarkets Raw,USDJPY,158.21,158.225,0.015,15,Overlap,Friday
2026-01-23 13:47:50,VantageMarkets Raw,AUDUSD,0.68529,0.68532,3e-05,3,Overlap,Friday
2026-01-23 13:47:53,FPMarkets Raw,XAUUSD,4922.92,4922.99,0.07,7,Overlap,Friday
2026-01-23 13:47:54,FPMarkets Raw,EURUSD,1.17386,1.17388,2e-05,2,Overlap,Friday
2026-01-23 13:47:55,FPMarkets Raw,GBPUSD,1.35286,1.35289,3e-05,3,Overlap,Friday
2026-01-23 13:47:56,FPMarkets Raw,USDJPY,158.214,158.217,0.003,3,Overlap,Friday
2026-01-23 13:47:57,FPMarkets Raw,AUDUSD,0.68531,0.68534,3e-05,3,Overlap,Friday
2026-01-23 13:47:59,8Cap Raw,XAUUSD,4922.82,4922.98,0.16,16,Overlap,Friday
2026-01-23 13:48:00,8Cap Raw,EURUSD,1.17387,1.17387,0.0,0,Overlap,Friday
2026-01-23 13:48:00,8Cap Raw,GBPUSD,1.35288,1.35289,1e-05,1,Overlap,Friday
2026-01-23 13:48:01,8Cap Raw,USDJPY,158.228,158.229,0.001,1,Overlap,Friday
2026-01-23 13:48:02,8Cap Raw,AUDUSD,0.68527,0.6853,3e-05,3,Overlap,Friday
2026-01-23 13:52:17,Pepperstone Razor,XAUUSD,4925.35,4925.48,0.13,13,Overlap,Friday
2026-01-23 13:52:18,Pepperstone Razor,EURUSD,1.17384,1.17384,0.0,0,Overlap,Friday
2026-01-23 13:52:19,Pepperstone Razor,GBPUSD,1.35279,1.35282,3e-05,3,Overlap,Friday
2026-01-23 13:52:19,Pepperstone Razor,USDJPY,158.202,158.205,0.003,3,Overlap,Friday
2026-01-23 13:52:20,Pepperstone Razor,AUDUSD,0.68541,0.68541,0.0,0,Overlap,Friday
2026-01-23 13:52:24,FusionMarkets Zero,XAUUSD,4925.17,4925.27,0.1,10,Overlap,Friday
2026-01-23 13:52:25,FusionMarkets Zero,EURUSD,1.17384,1.17384,0.0,0,Overlap,Friday
2026-01-23 13:52:26,FusionMarkets Zero,GBPUSD,1.35285,1.35285,0.0,0,Overlap,Friday
2026-01-23 13:52:27,FusionMarkets Zero,USDJPY,158.196,158.196,0.0,0,Overlap,Friday
2026-01-23 13:52:28,FusionMarkets Zero,AUDUSD,0.6854,0.6854,0.0,0,Overlap,Friday
2026-01-23 13:52:31,ThinkMarkets ThinkZero,XAUUSD,4923.8,4923.88,0.08,8,Overlap,Friday
2026-01-23 13:52:32,ThinkMarkets ThinkZero,EURUSD,1.17383,1.17386,3e-05,3,Overlap,Friday
2026-01-23 13:52:33,ThinkMarkets ThinkZero,GBPUSD,1.35277,1.35284,7e-05,7,Overlap,Friday
2026-01-23 13:52:34,ThinkMarkets ThinkZero,USDJPY,158.194,158.199,0.005,5,Overlap,Friday
2026-01-23 13:52:35,ThinkMarkets ThinkZero,AUDUSD,0.68536,0.68539,3e-05,3,Overlap,Friday
2026-01-23 13:52:38,ICMarkets Raw,XAUUSD,4923.68,4923.79,0.11,11,Overlap,Friday
2026-01-23 13:52:39,ICMarkets Raw,EURUSD,1.17379,1.1738,1e-05,1,Overlap,Friday
2026-01-23 13:52:40,ICMarkets Raw,GBPUSD,1.35258,1.35262,4e-05,4,Overlap,Friday
2026-01-23 13:52:41,ICMarkets Raw,USDJPY,158.207,158.207,0.0,0,Overlap,Friday
2026-01-23 13:52:42,ICMarkets Raw,AUDUSD,0.68539,0.68539,0.0,0,Overlap,Friday
2026-01-23 13:52:45,VantageMarkets Raw,XAUUSD,4924.33,4924.41,0.08,8,Overlap,Friday
2026-01-23 13:52:46,VantageMarkets Raw,EURUSD,1.1737,1.17372,2e-05,2,Overlap,Friday
2026-01-23 13:52:47,VantageMarkets Raw,GBPUSD,1.35253,1.35256,3e-05,3,Overlap,Friday
2026-01-23 13:52:48,VantageMarkets Raw,USDJPY,158.204,158.211,0.007,7,Overlap,Friday
2026-01-23 13:52:49,VantageMarkets Raw,AUDUSD,0.68537,0.6854,3e-05,3,Overlap,Friday
2026-01-23 13:52:52,FPMarkets Raw,XAUUSD,4924.12,4924.19,0.07,7,Overlap,Friday
2026-01-23 13:52:53,FPMarkets Raw,EURUSD,1.17368,1.1737,2e-05,2,Overlap,Friday
2026-01-23 13:52:54,FPMarkets Raw,GBPUSD,1.35238,1.35242,4e-05,4,Overlap,Friday
2026-01-23 13:52:55,FPMarkets Raw,USDJPY,158.214,158.216,0.002,2,Overlap,Friday
2026-01-23 13:52:56,FPMarkets Raw,AUDUSD,0.68538,0.68541,3e-05,3,Overlap,Friday
2026-01-23 13:52:58,8Cap Raw,XAUUSD,4924.27,4924.43,0.16,16,Overlap,Friday
2026-01-23 13:52:58,8Cap Raw,EURUSD,1.17369,1.1737,1e-05,1,Overlap,Friday
2026-01-23 13:52:59,8Cap Raw,GBPUSD,1.35243,1.35246,3e-05,3,Overlap,Friday
2026-01-23 13:53:00,8Cap Raw,USDJPY,158.215,158.216,0.001,1,Overlap,Friday
2026-01-23 13:53:01,8Cap Raw,AUDUSD,0.68537,0.6854,3e-05,3,Overlap,Friday
2026-01-23 13:57:17,Pepperstone Razor,XAUUSD,4925.03,4925.22,0.19,19,Overlap,Friday
2026-01-23 13:57:18,Pepperstone Razor,EURUSD,1.1738,1.1738,0.0,0,Overlap,Friday
2026-01-23 13:57:18,Pepperstone Razor,GBPUSD,1.35228,1.35228,0.0,0,Overlap,Friday
2026-01-23 13:57:19,Pepperstone Razor,USDJPY,158.156,158.157,0.001,1,Overlap,Friday
2026-01-23 13:57:20,Pepperstone Razor,AUDUSD,0.68526,0.68526,0.0,0,Overlap,Friday
2026-01-23 13:57:24,FusionMarkets Zero,XAUUSD,4925.23,4925.39,0.16,16,Overlap,Friday
2026-01-23 13:57:25,FusionMarkets Zero,EURUSD,1.17381,1.17381,0.0,0,Overlap,Friday
2026-01-23 13:57:26,FusionMarkets Zero,GBPUSD,1.35225,1.35225,0.0,0,Overlap,Friday
2026-01-23 13:57:27,FusionMarkets Zero,USDJPY,158.156,158.156,0.0,0,Overlap,Friday
2026-01-23 13:57:28,FusionMarkets Zero,AUDUSD,0.68526,0.68526,0.0,0,Overlap,Friday
2026-01-23 13:57:31,ThinkMarkets ThinkZero,XAUUSD,4925.57,4925.65,0.08,8,Overlap,Friday
2026-01-23 13:57:32,ThinkMarkets ThinkZero,EURUSD,1.17378,1.1738,2e-05,2,Overlap,Friday
2026-01-23 13:57:33,ThinkMarkets ThinkZero,GBPUSD,1.35215,1.35221,6e-05,6,Overlap,Friday
2026-01-23 13:57:34,ThinkMarkets ThinkZero,USDJPY,158.164,158.169,0.005,5,Overlap,Friday
2026-01-23 13:57:35,ThinkMarkets ThinkZero,AUDUSD,0.68522,0.68523,1e-05,1,Overlap,Friday
2026-01-23 13:57:39,ICMarkets Raw,XAUUSD,4926.07,4926.18,0.11,11,Overlap,Friday
2026-01-23 13:57:40,ICMarkets Raw,EURUSD,1.17374,1.17374,0.0,0,Overlap,Friday
2026-01-23 13:57:41,ICMarkets Raw,GBPUSD,1.35185,1.3519,5e-05,5,Overlap,Friday
2026-01-23 13:57:42,ICMarkets Raw,USDJPY,158.165,158.165,0.0,0,Overlap,Friday
2026-01-23 13:57:43,ICMarkets Raw,AUDUSD,0.68521,0.68521,0.0,0,Overlap,Friday
2026-01-23 13:57:46,VantageMarkets Raw,XAUUSD,4925.99,4926.07,0.08,8,Overlap,Friday
2026-01-23 13:57:47,VantageMarkets Raw,EURUSD,1.17375,1.17377,2e-05,2,Overlap,Friday
2026-01-23 13:57:48,VantageMarkets Raw,GBPUSD,1.35176,1.35178,2e-05,2,Overlap,Friday
2026-01-23 13:57:49,VantageMarkets Raw,USDJPY,158.166,158.167,0.001,1,Overlap,Friday
2026-01-23 13:57:50,VantageMarkets Raw,AUDUSD,0.68518,0.68521,3e-05,3,Overlap,Friday
2026-01-23 13:57:53,FPMarkets Raw,XAUUSD,4925.46,4925.53,0.07,7,Overlap,Friday
2026-01-23 13:57:54,FPMarkets Raw,EURUSD,1.17373,1.17375,2e-05,2,Overlap,Friday
2026-01-23 13:57:55,FPMarkets Raw,GBPUSD,1.35163,1.35167,4e-05,4,Overlap,Friday
2026-01-23 13:57:56,FPMarkets Raw,USDJPY,158.183,158.187,0.004,4,Overlap,Friday
2026-01-23 13:57:57,FPMarkets Raw,AUDUSD,0.68518,0.6852,2e-05,2,Overlap,Friday
2026-01-23 13:57:59,8Cap Raw,XAUUSD,4924.68,4924.84,0.16,16,Overlap,Friday
2026-01-23 13:57:59,8Cap Raw,EURUSD,1.17375,1.17375,0.0,0,Overlap,Friday
2026-01-23 13:58:00,8Cap Raw,GBPUSD,1.35167,1.35168,1e-05,1,Overlap,Friday
2026-01-23 13:58:01,8Cap Raw,USDJPY,158.173,158.174,0.001,1,Overlap,Friday
2026-01-23 13:58:01,8Cap Raw,AUDUSD,0.68517,0.6852,3e-05,3,Overlap,Friday
2026-01-23 14:02:16,Pepperstone Razor,XAUUSD,4928.53,4928.7,0.17,17,Overlap,Friday
2026-01-23 14:02:17,Pepperstone Razor,EURUSD,1.17385,1.17385,0.0,0,Overlap,Friday
2026-01-23 14:02:18,Pepperstone Razor,GBPUSD,1.35234,1.35235,1e-05,1,Overlap,Friday
2026-01-23 14:02:19,Pepperstone Razor,USDJPY,158.101,158.107,0.006,6,Overlap,Friday
2026-01-23 14:02:20,Pepperstone Razor,AUDUSD,0.6853,0.68531,1e-05,1,Overlap,Friday
2026-01-23 14:02:23,FusionMarkets Zero,XAUUSD,4928.79,4928.91,0.12,12,Overlap,Friday
2026-01-23 14:02:24,FusionMarkets Zero,EURUSD,1.17385,1.17385,0.0,0,Overlap,Friday
2026-01-23 14:02:24,FusionMarkets Zero,GBPUSD,1.35226,1.35226,0.0,0,Overlap,Friday
2026-01-23 14:02:25,FusionMarkets Zero,USDJPY,158.097,158.101,0.004,4,Overlap,Friday
2026-01-23 14:02:26,FusionMarkets Zero,AUDUSD,0.68531,0.68531,0.0,0,Overlap,Friday
2026-01-23 14:02:29,ThinkMarkets ThinkZero,XAUUSD,4929.21,4929.29,0.08,8,Overlap,Friday
2026-01-23 14:02:30,ThinkMarkets ThinkZero,EURUSD,1.17384,1.17386,2e-05,2,Overlap,Friday
2026-01-23 14:02:31,ThinkMarkets ThinkZero,GBPUSD,1.35223,1.35227,4e-05,4,Overlap,Friday
2026-01-23 14:02:32,ThinkMarkets ThinkZero,USDJPY,158.106,158.112,0.006,6,Overlap,Friday
2026-01-23 14:02:33,ThinkMarkets ThinkZero,AUDUSD,0.6853,0.68533,3e-05,3,Overlap,Friday
2026-01-23 14:02:36,ICMarkets Raw,XAUUSD,4929.76,4929.86,0.1,10,Overlap,Friday
2026-01-23 14:02:37,ICMarkets Raw,EURUSD,1.17385,1.17385,0.0,0,Overlap,Friday
2026-01-23 14:02:38,ICMarkets Raw,GBPUSD,1.35231,1.35233,2e-05,2,Overlap,Friday
2026-01-23 14:02:38,ICMarkets Raw,USDJPY,158.109,158.111,0.002,2,Overlap,Friday
2026-01-23 14:02:39,ICMarkets Raw,AUDUSD,0.68531,0.68531,0.0,0,Overlap,Friday
2026-01-23 14:02:42,VantageMarkets Raw,XAUUSD,4929.91,4929.99,0.08,8,Overlap,Friday
2026-01-23 14:02:43,VantageMarkets Raw,EURUSD,1.17385,1.17386,1e-05,1,Overlap,Friday
2026-01-23 14:02:44,VantageMarkets Raw,GBPUSD,1.35229,1.3523,1e-05,1,Overlap,Friday
2026-01-23 14:02:45,VantageMarkets Raw,USDJPY,158.108,158.111,0.003,3,Overlap,Friday
2026-01-23 14:02:46,VantageMarkets Raw,AUDUSD,0.68524,0.68527,3e-05,3,Overlap,Friday
2026-01-23 14:02:48,FPMarkets Raw,XAUUSD,4930.24,4930.31,0.07,7,Overlap,Friday
2026-01-23 14:02:49,FPMarkets Raw,EURUSD,1.1738,1.17382,2e-05,2,Overlap,Friday
2026-01-23 14:02:50,FPMarkets Raw,GBPUSD,1.35216,1.35219,3e-05,3,Overlap,Friday
2026-01-23 14:02:51,FPMarkets Raw,USDJPY,158.119,158.121,0.002,2,Overlap,Friday
2026-01-23 14:02:52,FPMarkets Raw,AUDUSD,0.68526,0.68528,2e-05,2,Overlap,Friday
2026-01-23 14:02:54,8Cap Raw,XAUUSD,4930.44,4930.6,0.16,16,Overlap,Friday
2026-01-23 14:02:55,8Cap Raw,EURUSD,1.17383,1.17383,0.0,0,Overlap,Friday
2026-01-23 14:02:55,8Cap Raw,GBPUSD,1.35218,1.35219,1e-05,1,Overlap,Friday
2026-01-23 14:02:56,8Cap Raw,USDJPY,158.11,158.112,0.002,2,Overlap,Friday
2026-01-23 14:02:57,8Cap Raw,AUDUSD,0.68525,0.68528,3e-05,3,Overlap,Friday
2026-01-23 14:07:16,Pepperstone Razor,XAUUSD,4933.74,4933.98,0.24,24,Overlap,Friday
2026-01-23 14:07:17,Pepperstone Razor,EURUSD,1.17384,1.17384,0.0,0,Overlap,Friday
2026-01-23 14:07:18,Pepperstone Razor,GBPUSD,1.35216,1.35218,2e-05,2,Overlap,Friday
2026-01-23 14:07:19,Pepperstone Razor,USDJPY,158.107,158.109,0.002,2,Overlap,Friday
2026-01-23 14:07:19,Pepperstone Razor,AUDUSD,0.68536,0.68536,0.0,0,Overlap,Friday
2026-01-23 14:07:22,FusionMarkets Zero,XAUUSD,4933.77,4933.84,0.07,7,Overlap,Friday
2026-01-23 14:07:23,FusionMarkets Zero,EURUSD,1.17385,1.17385,0.0,0,Overlap,Friday
2026-01-23 14:07:24,FusionMarkets Zero,GBPUSD,1.35219,1.35219,0.0,0,Overlap,Friday
2026-01-23 14:07:25,FusionMarkets Zero,USDJPY,158.12,158.12,0.0,0,Overlap,Friday
2026-01-23 14:07:26,FusionMarkets Zero,AUDUSD,0.68536,0.68536,0.0,0,Overlap,Friday
2026-01-23 14:07:28,ThinkMarkets ThinkZero,XAUUSD,4933.21,4933.29,0.08,8,Overlap,Friday
2026-01-23 14:07:29,ThinkMarkets ThinkZero,EURUSD,1.17382,1.17384,2e-05,2,Overlap,Friday
2026-01-23 14:07:30,ThinkMarkets ThinkZero,GBPUSD,1.35218,1.35222,4e-05,4,Overlap,Friday
2026-01-23 14:07:31,ThinkMarkets ThinkZero,USDJPY,158.129,158.135,0.006,6,Overlap,Friday
2026-01-23 14:07:32,ThinkMarkets ThinkZero,AUDUSD,0.68534,0.68536,2e-05,2,Overlap,Friday
2026-01-23 14:07:35,ICMarkets Raw,XAUUSD,4933.22,4933.32,0.1,10,Overlap,Friday
2026-01-23 14:07:36,ICMarkets Raw,EURUSD,1.1738,1.1738,0.0,0,Overlap,Friday
2026-01-23 14:07:36,ICMarkets Raw,GBPUSD,1.35215,1.35217,2e-05,2,Overlap,Friday
2026-01-23 14:07:37,ICMarkets Raw,USDJPY,158.133,158.133,0.0,0,Overlap,Friday
2026-01-23 14:07:38,ICMarkets Raw,AUDUSD,0.68535,0.68535,0.0,0,Overlap,Friday
2026-01-23 14:07:41,VantageMarkets Raw,XAUUSD,4932.21,4932.29,0.08,8,Overlap,Friday
2026-01-23 14:07:42,VantageMarkets Raw,EURUSD,1.1738,1.17382,2e-05,2,Overlap,Friday
2026-01-23 14:07:42,VantageMarkets Raw,GBPUSD,1.35217,1.35218,1e-05,1,Overlap,Friday
2026-01-23 14:07:43,VantageMarkets Raw,USDJPY,158.132,158.134,0.002,2,Overlap,Friday
2026-01-23 14:07:44,VantageMarkets Raw,AUDUSD,0.68537,0.68539,2e-05,2,Overlap,Friday
2026-01-23 14:07:47,FPMarkets Raw,XAUUSD,4932.93,4933.0,0.07,7,Overlap,Friday
2026-01-23 14:07:48,FPMarkets Raw,EURUSD,1.17379,1.17381,2e-05,2,Overlap,Friday
2026-01-23 14:07:49,FPMarkets Raw,GBPUSD,1.35219,1.35222,3e-05,3,Overlap,Friday
2026-01-23 14:07:50,FPMarkets Raw,USDJPY,158.132,158.135,0.003,3,Overlap,Friday
2026-01-23 14:07:51,FPMarkets Raw,AUDUSD,0.68539,0.68542,3e-05,3,Overlap,Friday
2026-01-23 14:07:52,8Cap Raw,XAUUSD,4932.37,4932.53,0.16,16,Overlap,Friday
2026-01-23 14:07:53,8Cap Raw,EURUSD,1.1738,1.1738,0.0,0,Overlap,Friday
2026-01-23 14:07:54,8Cap Raw,GBPUSD,1.3522,1.35221,1e-05,1,Overlap,Friday
2026-01-23 14:07:54,8Cap Raw,USDJPY,158.134,158.135,0.001,1,Overlap,Friday
2026-01-23 14:07:55,8Cap Raw,AUDUSD,0.68538,0.68541,3e-05,3,Overlap,Friday
2026-01-23 14:12:16,Pepperstone Razor,XAUUSD,4933.09,4933.24,0.15,15,Overlap,Friday
2026-01-23 14:12:17,Pepperstone Razor,EURUSD,1.17377,1.17377,0.0,0,Overlap,Friday
2026-01-23 14:12:18,Pepperstone Razor,GBPUSD,1.35204,1.35207,3e-05,3,Overlap,Friday
2026-01-23 14:12:19,Pepperstone Razor,USDJPY,158.172,158.174,0.002,2,Overlap,Friday
2026-01-23 14:12:20,Pepperstone Razor,AUDUSD,0.68554,0.68555,1e-05,1,Overlap,Friday
2026-01-23 14:12:23,FusionMarkets Zero,XAUUSD,4932.59,4932.65,0.06,6,Overlap,Friday
2026-01-23 14:12:24,FusionMarkets Zero,EURUSD,1.1738,1.1738,0.0,0,Overlap,Friday
2026-01-23 14:12:25,FusionMarkets Zero,GBPUSD,1.35209,1.35209,0.0,0,Overlap,Friday
2026-01-23 14:12:26,FusionMarkets Zero,USDJPY,158.167,158.169,0.002,2,Overlap,Friday
2026-01-23 14:12:27,FusionMarkets Zero,AUDUSD,0.68558,0.68558,0.0,0,Overlap,Friday
2026-01-23 14:12:29,ThinkMarkets ThinkZero,XAUUSD,4932.78,4932.86,0.08,8,Overlap,Friday
2026-01-23 14:12:30,ThinkMarkets ThinkZero,EURUSD,1.1738,1.17381,1e-05,1,Overlap,Friday
2026-01-23 14:12:31,ThinkMarkets ThinkZero,GBPUSD,1.35212,1.35217,5e-05,5,Overlap,Friday
2026-01-23 14:12:32,ThinkMarkets ThinkZero,USDJPY,158.156,158.162,0.006,6,Overlap,Friday
2026-01-23 14:12:33,ThinkMarkets ThinkZero,AUDUSD,0.68558,0.6856,2e-05,2,Overlap,Friday
2026-01-23 14:12:36,ICMarkets Raw,XAUUSD,4933.16,4933.22,0.06,6,Overlap,Friday
2026-01-23 14:12:37,ICMarkets Raw,EURUSD,1.17385,1.17385,0.0,0,Overlap,Friday
2026-01-23 14:12:38,ICMarkets Raw,GBPUSD,1.35219,1.35221,2e-05,2,Overlap,Friday
2026-01-23 14:12:39,ICMarkets Raw,USDJPY,158.16,158.162,0.002,2,Overlap,Friday
2026-01-23 14:12:39,ICMarkets Raw,AUDUSD,0.68559,0.6856,1e-05,1,Overlap,Friday
2026-01-23 14:12:42,VantageMarkets Raw,XAUUSD,4933.66,4933.74,0.08,8,Overlap,Friday
2026-01-23 14:12:43,VantageMarkets Raw,EURUSD,1.17384,1.17386,2e-05,2,Overlap,Friday
2026-01-23 14:12:44,VantageMarkets Raw,GBPUSD,1.35217,1.35218,1e-05,1,Overlap,Friday
2026-01-23 14:12:45,VantageMarkets Raw,USDJPY,158.16,158.161,0.001,1,Overlap,Friday
2026-01-23 14:12:46,VantageMarkets Raw,AUDUSD,0.68558,0.68562,4e-05,4,Overlap,Friday
2026-01-23 14:12:49,FPMarkets Raw,XAUUSD,4933.71,4933.78,0.07,7,Overlap,Friday
2026-01-23 14:12:50,FPMarkets Raw,EURUSD,1.17387,1.17388,1e-05,1,Overlap,Friday
2026-01-23 14:12:51,FPMarkets Raw,GBPUSD,1.35217,1.3522,3e-05,3,Overlap,Friday
2026-01-23 14:12:52,FPMarkets Raw,USDJPY,158.161,158.164,0.003,3,Overlap,Friday
2026-01-23 14:12:53,FPMarkets Raw,AUDUSD,0.6856,0.68562,2e-05,2,Overlap,Friday
2026-01-23 14:12:54,8Cap Raw,XAUUSD,4933.72,4933.88,0.16,16,Overlap,Friday
2026-01-23 14:12:55,8Cap Raw,EURUSD,1.17387,1.17388,1e-05,1,Overlap,Friday
2026-01-23 14:12:56,8Cap Raw,GBPUSD,1.35228,1.35229,1e-05,1,Overlap,Friday
2026-01-23 14:12:56,8Cap Raw,USDJPY,158.159,158.16,0.001,1,Overlap,Friday
2026-01-23 14:12:57,8Cap Raw,AUDUSD,0.68559,0.68562,3e-05,3,Overlap,Friday
2026-01-23 14:17:16,Pepperstone Razor,XAUUSD,4934.4,4934.65,0.25,25,Overlap,Friday
2026-01-23 14:17:17,Pepperstone Razor,EURUSD,1.17387,1.17387,0.0,0,Overlap,Friday
2026-01-23 14:17:18,Pepperstone Razor,GBPUSD,1.35242,1.35242,0.0,0,Overlap,Friday
2026-01-23 14:17:19,Pepperstone Razor,USDJPY,158.168,158.171,0.003,3,Overlap,Friday
2026-01-23 14:17:20,Pepperstone Razor,AUDUSD,0.68549,0.68549,0.0,0,Overlap,Friday
2026-01-23 14:17:23,FusionMarkets Zero,XAUUSD,4934.45,4934.5,0.05,5,Overlap,Friday
2026-01-23 14:17:23,FusionMarkets Zero,EURUSD,1.1739,1.1739,0.0,0,Overlap,Friday
2026-01-23 14:17:24,FusionMarkets Zero,GBPUSD,1.35247,1.35247,0.0,0,Overlap,Friday
2026-01-23 14:17:25,FusionMarkets Zero,USDJPY,158.168,158.168,0.0,0,Overlap,Friday
2026-01-23 14:17:26,FusionMarkets Zero,AUDUSD,0.68548,0.68548,0.0,0,Overlap,Friday
2026-01-23 14:17:29,ThinkMarkets ThinkZero,XAUUSD,4934.5,4934.58,0.08,8,Overlap,Friday
2026-01-23 14:17:30,ThinkMarkets ThinkZero,EURUSD,1.17389,1.17391,2e-05,2,Overlap,Friday
2026-01-23 14:17:31,ThinkMarkets ThinkZero,GBPUSD,1.35251,1.35255,4e-05,4,Overlap,Friday
2026-01-23 14:17:32,ThinkMarkets ThinkZero,USDJPY,158.166,158.17,0.004,4,Overlap,Friday
2026-01-23 14:17:33,ThinkMarkets ThinkZero,AUDUSD,0.68545,0.68547,2e-05,2,Overlap,Friday
2026-01-23 14:17:36,ICMarkets Raw,XAUUSD,4934.86,4934.95,0.09,9,Overlap,Friday
2026-01-23 14:17:37,ICMarkets Raw,EURUSD,1.17391,1.17391,0.0,0,Overlap,Friday
2026-01-23 14:17:38,ICMarkets Raw,GBPUSD,1.35254,1.35255,1e-05,1,Overlap,Friday
2026-01-23 14:17:38,ICMarkets Raw,USDJPY,158.166,158.166,0.0,0,Overlap,Friday
2026-01-23 14:17:39,ICMarkets Raw,AUDUSD,0.68545,0.68546,1e-05,1,Overlap,Friday
2026-01-23 14:17:42,VantageMarkets Raw,XAUUSD,4935.05,4935.13,0.08,8,Overlap,Friday
2026-01-23 14:17:43,VantageMarkets Raw,EURUSD,1.1739,1.17392,2e-05,2,Overlap,Friday
2026-01-23 14:17:44,VantageMarkets Raw,GBPUSD,1.35252,1.35253,1e-05,1,Overlap,Friday
2026-01-23 14:17:45,VantageMarkets Raw,USDJPY,158.167,158.169,0.002,2,Overlap,Friday
2026-01-23 14:17:45,VantageMarkets Raw,AUDUSD,0.68542,0.68546,4e-05,4,Overlap,Friday
2026-01-23 14:17:48,FPMarkets Raw,XAUUSD,4934.78,4934.85,0.07,7,Overlap,Friday
2026-01-23 14:17:49,FPMarkets Raw,EURUSD,1.17389,1.1739,1e-05,1,Overlap,Friday
2026-01-23 14:17:50,FPMarkets Raw,GBPUSD,1.35251,1.35254,3e-05,3,Overlap,Friday
2026-01-23 14:17:51,FPMarkets Raw,USDJPY,158.17,158.173,0.003,3,Overlap,Friday
2026-01-23 14:17:52,FPMarkets Raw,AUDUSD,0.68534,0.68537,3e-05,3,Overlap,Friday
2026-01-23 14:17:54,8Cap Raw,XAUUSD,4932.97,4933.13,0.16,16,Overlap,Friday
2026-01-23 14:17:54,8Cap Raw,EURUSD,1.17389,1.17389,0.0,0,Overlap,Friday
2026-01-23 14:17:55,8Cap Raw,GBPUSD,1.35253,1.35254,1e-05,1,Overlap,Friday
2026-01-23 14:17:56,8Cap Raw,USDJPY,158.17,158.171,0.001,1,Overlap,Friday
2026-01-23 14:17:57,8Cap Raw,AUDUSD,0.68534,0.68537,3e-05,3,Overlap,Friday
2026-01-23 14:22:16,Pepperstone Razor,XAUUSD,4934.58,4934.87,0.29,29,Overlap,Friday
2026-01-23 14:22:17,Pepperstone Razor,EURUSD,1.17386,1.17386,0.0,0,Overlap,Friday
2026-01-23 14:22:18,Pepperstone Razor,GBPUSD,1.35246,1.35247,1e-05,1,Overlap,Friday
2026-01-23 14:22:19,Pepperstone Razor,USDJPY,158.182,158.186,0.004,4,Overlap,Friday
2026-01-23 14:22:20,Pepperstone Razor,AUDUSD,0.68529,0.68529,0.0,0,Overlap,Friday
2026-01-23 14:22:23,FusionMarkets Zero,XAUUSD,4934.03,4934.15,0.12,12,Overlap,Friday
2026-01-23 14:22:24,FusionMarkets Zero,EURUSD,1.17386,1.17386,0.0,0,Overlap,Friday
2026-01-23 14:22:25,FusionMarkets Zero,GBPUSD,1.35251,1.35251,0.0,0,Overlap,Friday
2026-01-23 14:22:26,FusionMarkets Zero,USDJPY,158.182,158.184,0.002,2,Overlap,Friday
2026-01-23 14:22:27,FusionMarkets Zero,AUDUSD,0.6853,0.6853,0.0,0,Overlap,Friday
2026-01-23 14:22:30,ThinkMarkets ThinkZero,XAUUSD,4934.21,4934.29,0.08,8,Overlap,Friday
2026-01-23 14:22:30,ThinkMarkets ThinkZero,EURUSD,1.17384,1.17387,3e-05,3,Overlap,Friday
2026-01-23 14:22:31,ThinkMarkets ThinkZero,GBPUSD,1.3525,1.35255,5e-05,5,Overlap,Friday
2026-01-23 14:22:32,ThinkMarkets ThinkZero,USDJPY,158.181,158.185,0.004,4,Overlap,Friday
2026-01-23 14:22:33,ThinkMarkets ThinkZero,AUDUSD,0.68528,0.68531,3e-05,3,Overlap,Friday
2026-01-23 14:22:36,ICMarkets Raw,XAUUSD,4934.66,4934.76,0.1,10,Overlap,Friday
2026-01-23 14:22:37,ICMarkets Raw,EURUSD,1.17387,1.17387,0.0,0,Overlap,Friday
2026-01-23 14:22:38,ICMarkets Raw,GBPUSD,1.35253,1.35254,1e-05,1,Overlap,Friday
2026-01-23 14:22:39,ICMarkets Raw,USDJPY,158.182,158.182,0.0,0,Overlap,Friday
2026-01-23 14:22:40,ICMarkets Raw,AUDUSD,0.6853,0.6853,0.0,0,Overlap,Friday
2026-01-23 14:22:43,VantageMarkets Raw,XAUUSD,4934.51,4934.59,0.08,8,Overlap,Friday
2026-01-23 14:22:44,VantageMarkets Raw,EURUSD,1.17387,1.17389,2e-05,2,Overlap,Friday
2026-01-23 14:22:44,VantageMarkets Raw,GBPUSD,1.35257,1.35258,1e-05,1,Overlap,Friday
2026-01-23 14:22:45,VantageMarkets Raw,USDJPY,158.183,158.184,0.001,1,Overlap,Friday
2026-01-23 14:22:46,VantageMarkets Raw,AUDUSD,0.68528,0.68531,3e-05,3,Overlap,Friday
2026-01-23 14:22:49,FPMarkets Raw,XAUUSD,4934.45,4934.52,0.07,7,Overlap,Friday
2026-01-23 14:22:50,FPMarkets Raw,EURUSD,1.17389,1.1739,1e-05,1,Overlap,Friday
2026-01-23 14:22:51,FPMarkets Raw,GBPUSD,1.35259,1.35259,0.0,0,Overlap,Friday
2026-01-23 14:22:52,FPMarkets Raw,USDJPY,158.175,158.18,0.005,5,Overlap,Friday
2026-01-23 14:22:53,FPMarkets Raw,AUDUSD,0.68529,0.68532,3e-05,3,Overlap,Friday
2026-01-23 14:22:55,8Cap Raw,XAUUSD,4934.65,4934.81,0.16,16,Overlap,Friday
2026-01-23 14:22:56,8Cap Raw,EURUSD,1.17391,1.17391,0.0,0,Overlap,Friday
2026-01-23 14:22:56,8Cap Raw,GBPUSD,1.35259,1.3526,1e-05,1,Overlap,Friday
2026-01-23 14:22:57,8Cap Raw,USDJPY,158.176,158.177,0.001,1,Overlap,Friday
2026-01-23 14:22:58,8Cap Raw,AUDUSD,0.68529,0.68532,3e-05,3,Overlap,Friday
2026-01-23 14:27:16,Pepperstone Razor,XAUUSD,4934.67,4934.82,0.15,15,Overlap,Friday
2026-01-23 14:27:17,Pepperstone Razor,EURUSD,1.17382,1.17382,0.0,0,Overlap,Friday
2026-01-23 14:27:18,Pepperstone Razor,GBPUSD,1.35234,1.35235,1e-05,1,Overlap,Friday
2026-01-23 14:27:19,Pepperstone Razor,USDJPY,158.194,158.196,0.002,2,Overlap,Friday
2026-01-23 14:27:20,Pepperstone Razor,AUDUSD,0.68525,0.68525,0.0,0,Overlap,Friday
2026-01-23 14:27:23,FusionMarkets Zero,XAUUSD,4934.57,4934.62,0.05,5,Overlap,Friday
2026-01-23 14:27:24,FusionMarkets Zero,EURUSD,1.17387,1.17387,0.0,0,Overlap,Friday
2026-01-23 14:27:25,FusionMarkets Zero,GBPUSD,1.35239,1.35239,0.0,0,Overlap,Friday
2026-01-23 14:27:26,FusionMarkets Zero,USDJPY,158.183,158.187,0.004,4,Overlap,Friday
2026-01-23 14:27:26,FusionMarkets Zero,AUDUSD,0.6853,0.6853,0.0,0,Overlap,Friday
2026-01-23 14:27:30,ThinkMarkets ThinkZero,XAUUSD,4935.15,4935.23,0.08,8,Overlap,Friday
2026-01-23 14:27:31,ThinkMarkets ThinkZero,EURUSD,1.17386,1.17387,1e-05,1,Overlap,Friday
2026-01-23 14:27:32,ThinkMarkets ThinkZero,GBPUSD,1.35237,1.35244,7e-05,7,Overlap,Friday
2026-01-23 14:27:33,ThinkMarkets ThinkZero,USDJPY,158.191,158.194,0.003,3,Overlap,Friday
2026-01-23 14:27:33,ThinkMarkets ThinkZero,AUDUSD,0.68529,0.68531,2e-05,2,Overlap,Friday
2026-01-23 14:27:36,ICMarkets Raw,XAUUSD,4935.92,4936.02,0.1,10,Overlap,Friday
2026-01-23 14:27:37,ICMarkets Raw,EURUSD,1.17387,1.17387,0.0,0,Overlap,Friday
2026-01-23 14:27:38,ICMarkets Raw,GBPUSD,1.35243,1.35244,1e-05,1,Overlap,Friday
2026-01-23 14:27:39,ICMarkets Raw,USDJPY,158.193,158.195,0.002,2,Overlap,Friday
2026-01-23 14:27:40,ICMarkets Raw,AUDUSD,0.68532,0.68532,0.0,0,Overlap,Friday
2026-01-23 14:27:43,VantageMarkets Raw,XAUUSD,4935.64,4935.72,0.08,8,Overlap,Friday
2026-01-23 14:27:44,VantageMarkets Raw,EURUSD,1.17387,1.17389,2e-05,2,Overlap,Friday
2026-01-23 14:27:45,VantageMarkets Raw,GBPUSD,1.35249,1.3525,1e-05,1,Overlap,Friday
2026-01-23 14:27:45,VantageMarkets Raw,USDJPY,158.192,158.197,0.005,5,Overlap,Friday
2026-01-23 14:27:46,VantageMarkets Raw,AUDUSD,0.68529,0.68531,2e-05,2,Overlap,Friday
2026-01-23 14:27:50,FPMarkets Raw,XAUUSD,4935.97,4936.04,0.07,7,Overlap,Friday
2026-01-23 14:27:51,FPMarkets Raw,EURUSD,1.17387,1.17389,2e-05,2,Overlap,Friday
2026-01-23 14:27:51,FPMarkets Raw,GBPUSD,1.35249,1.35252,3e-05,3,Overlap,Friday
2026-01-23 14:27:52,FPMarkets Raw,USDJPY,158.191,158.194,0.003,3,Overlap,Friday
2026-01-23 14:27:53,FPMarkets Raw,AUDUSD,0.68527,0.6853,3e-05,3,Overlap,Friday
2026-01-23 14:27:55,8Cap Raw,XAUUSD,4935.78,4935.94,0.16,16,Overlap,Friday
2026-01-23 14:27:56,8Cap Raw,EURUSD,1.17389,1.17389,0.0,0,Overlap,Friday
2026-01-23 14:27:56,8Cap Raw,GBPUSD,1.35249,1.3525,1e-05,1,Overlap,Friday
2026-01-23 14:27:57,8Cap Raw,USDJPY,158.193,158.194,0.001,1,Overlap,Friday
2026-01-23 14:27:58,8Cap Raw,AUDUSD,0.68529,0.68532,3e-05,3,Overlap,Friday
2026-01-23 14:32:17,Pepperstone Razor,XAUUSD,4935.3,4935.45,0.15,15,Overlap,Friday
2026-01-23 14:32:17,Pepperstone Razor,EURUSD,1.17393,1.17393,0.0,0,Overlap,Friday
2026-01-23 14:32:18,Pepperstone Razor,GBPUSD,1.35241,1.35242,1e-05,1,Overlap,Friday
2026-01-23 14:32:19,Pepperstone Razor,USDJPY,158.197,158.2,0.003,3,Overlap,Friday
2026-01-23 14:32:20,Pepperstone Razor,AUDUSD,0.68546,0.68547,1e-05,1,Overlap,Friday
2026-01-23 14:32:23,FusionMarkets Zero,XAUUSD,4934.58,4934.63,0.05,5,Overlap,Friday
2026-01-23 14:32:24,FusionMarkets Zero,EURUSD,1.17396,1.17396,0.0,0,Overlap,Friday
2026-01-23 14:32:25,FusionMarkets Zero,GBPUSD,1.35239,1.35239,0.0,0,Overlap,Friday
2026-01-23 14:32:26,FusionMarkets Zero,USDJPY,158.203,158.209,0.006,6,Overlap,Friday
2026-01-23 14:32:27,FusionMarkets Zero,AUDUSD,0.68542,0.68542,0.0,0,Overlap,Friday
2026-01-23 14:32:30,ThinkMarkets ThinkZero,XAUUSD,4933.93,4934.01,0.08,8,Overlap,Friday
2026-01-23 14:32:31,ThinkMarkets ThinkZero,EURUSD,1.17397,1.17398,1e-05,1,Overlap,Friday
2026-01-23 14:32:32,ThinkMarkets ThinkZero,GBPUSD,1.35235,1.35242,7e-05,7,Overlap,Friday
2026-01-23 14:32:33,ThinkMarkets ThinkZero,USDJPY,158.204,158.207,0.003,3,Overlap,Friday
2026-01-23 14:32:34,ThinkMarkets ThinkZero,AUDUSD,0.68539,0.68541,2e-05,2,Overlap,Friday
2026-01-23 14:32:37,ICMarkets Raw,XAUUSD,4934.24,4934.3,0.06,6,Overlap,Friday
2026-01-23 14:32:38,ICMarkets Raw,EURUSD,1.17405,1.17405,0.0,0,Overlap,Friday
2026-01-23 14:32:39,ICMarkets Raw,GBPUSD,1.35252,1.35253,1e-05,1,Overlap,Friday
2026-01-23 14:32:40,ICMarkets Raw,USDJPY,158.205,158.207,0.002,2,Overlap,Friday
2026-01-23 14:32:41,ICMarkets Raw,AUDUSD,0.68542,0.68542,0.0,0,Overlap,Friday
2026-01-23 14:32:44,VantageMarkets Raw,XAUUSD,4934.18,4934.26,0.08,8,Overlap,Friday
2026-01-23 14:32:45,VantageMarkets Raw,EURUSD,1.17403,1.17405,2e-05,2,Overlap,Friday
2026-01-23 14:32:46,VantageMarkets Raw,GBPUSD,1.35255,1.35258,3e-05,3,Overlap,Friday
2026-01-23 14:32:47,VantageMarkets Raw,USDJPY,158.205,158.208,0.003,3,Overlap,Friday
2026-01-23 14:32:47,VantageMarkets Raw,AUDUSD,0.68541,0.68544,3e-05,3,Overlap,Friday
2026-01-23 14:32:51,FPMarkets Raw,XAUUSD,4934.51,4934.58,0.07,7,Overlap,Friday
2026-01-23 14:32:52,FPMarkets Raw,EURUSD,1.17398,1.17399,1e-05,1,Overlap,Friday
2026-01-23 14:32:53,FPMarkets Raw,GBPUSD,1.35248,1.35251,3e-05,3,Overlap,Friday
2026-01-23 14:32:54,FPMarkets Raw,USDJPY,158.205,158.208,0.003,3,Overlap,Friday
2026-01-23 14:32:55,FPMarkets Raw,AUDUSD,0.6854,0.68543,3e-05,3,Overlap,Friday
2026-01-23 14:32:57,8Cap Raw,XAUUSD,4935.14,4935.3,0.16,16,Overlap,Friday
2026-01-23 14:32:58,8Cap Raw,EURUSD,1.17398,1.17399,1e-05,1,Overlap,Friday
2026-01-23 14:32:58,8Cap Raw,GBPUSD,1.35248,1.35251,3e-05,3,Overlap,Friday
2026-01-23 14:32:59,8Cap Raw,USDJPY,158.207,158.208,0.001,1,Overlap,Friday
2026-01-23 14:33:00,8Cap Raw,AUDUSD,0.6854,0.68543,3e-05,3,Overlap,Friday
2026-01-23 14:37:17,Pepperstone Razor,XAUUSD,4937.01,4937.16,0.15,15,Overlap,Friday
2026-01-23 14:37:18,Pepperstone Razor,EURUSD,1.17413,1.17413,0.0,0,Overlap,Friday
2026-01-23 14:37:19,Pepperstone Razor,GBPUSD,1.35267,1.35267,0.0,0,Overlap,Friday
2026-01-23 14:37:20,Pepperstone Razor,USDJPY,158.181,158.182,0.001,1,Overlap,Friday
2026-01-23 14:37:20,Pepperstone Razor,AUDUSD,0.68576,0.68576,0.0,0,Overlap,Friday
2026-01-23 14:37:24,FusionMarkets Zero,XAUUSD,4937.22,4937.27,0.05,5,Overlap,Friday
2026-01-23 14:37:25,FusionMarkets Zero,EURUSD,1.17413,1.17413,0.0,0,Overlap,Friday
2026-01-23 14:37:26,FusionMarkets Zero,GBPUSD,1.35267,1.35267,0.0,0,Overlap,Friday
2026-01-23 14:37:26,FusionMarkets Zero,USDJPY,158.183,158.183,0.0,0,Overlap,Friday
2026-01-23 14:37:27,FusionMarkets Zero,AUDUSD,0.68576,0.68576,0.0,0,Overlap,Friday
2026-01-23 14:37:31,ThinkMarkets ThinkZero,XAUUSD,4937.04,4937.12,0.08,8,Overlap,Friday
2026-01-23 14:37:32,ThinkMarkets ThinkZero,EURUSD,1.17415,1.17417,2e-05,2,Overlap,Friday
2026-01-23 14:37:33,ThinkMarkets ThinkZero,GBPUSD,1.35272,1.35278,6e-05,6,Overlap,Friday
2026-01-23 14:37:33,ThinkMarkets ThinkZero,USDJPY,158.182,158.186,0.004,4,Overlap,Friday
2026-01-23 14:37:34,ThinkMarkets ThinkZero,AUDUSD,0.68576,0.68578,2e-05,2,Overlap,Friday
2026-01-23 14:37:37,ICMarkets Raw,XAUUSD,4936.6,4936.67,0.07,7,Overlap,Friday
2026-01-23 14:37:38,ICMarkets Raw,EURUSD,1.17417,1.17418,1e-05,1,Overlap,Friday
2026-01-23 14:37:39,ICMarkets Raw,GBPUSD,1.35278,1.35279,1e-05,1,Overlap,Friday
2026-01-23 14:37:40,ICMarkets Raw,USDJPY,158.182,158.182,0.0,0,Overlap,Friday
2026-01-23 14:37:41,ICMarkets Raw,AUDUSD,0.68579,0.68579,0.0,0,Overlap,Friday
2026-01-23 14:37:44,VantageMarkets Raw,XAUUSD,4936.27,4936.35,0.08,8,Overlap,Friday
2026-01-23 14:37:45,VantageMarkets Raw,EURUSD,1.17417,1.17418,1e-05,1,Overlap,Friday
2026-01-23 14:37:45,VantageMarkets Raw,GBPUSD,1.35276,1.35277,1e-05,1,Overlap,Friday
2026-01-23 14:37:46,VantageMarkets Raw,USDJPY,158.182,158.184,0.002,2,Overlap,Friday
2026-01-23 14:37:47,VantageMarkets Raw,AUDUSD,0.68576,0.68579,3e-05,3,Overlap,Friday
2026-01-23 14:37:51,FPMarkets Raw,XAUUSD,4935.98,4936.05,0.07,7,Overlap,Friday
2026-01-23 14:37:52,FPMarkets Raw,EURUSD,1.17417,1.17418,1e-05,1,Overlap,Friday
2026-01-23 14:37:53,FPMarkets Raw,GBPUSD,1.35277,1.35278,1e-05,1,Overlap,Friday
2026-01-23 14:37:53,FPMarkets Raw,USDJPY,158.198,158.202,0.004,4,Overlap,Friday
2026-01-23 14:37:54,FPMarkets Raw,AUDUSD,0.68576,0.68579,3e-05,3,Overlap,Friday
2026-01-23 14:37:56,8Cap Raw,XAUUSD,4936.92,4937.08,0.16,16,Overlap,Friday
2026-01-23 14:37:57,8Cap Raw,EURUSD,1.1742,1.1742,0.0,0,Overlap,Friday
2026-01-23 14:37:58,8Cap Raw,GBPUSD,1.35277,1.35278,1e-05,1,Overlap,Friday
2026-01-23 14:37:58,8Cap Raw,USDJPY,158.196,158.199,0.003,3,Overlap,Friday
2026-01-23 14:37:59,8Cap Raw,AUDUSD,0.68576,0.68579,3e-05,3,Overlap,Friday
2026-01-23 14:42:17,Pepperstone Razor,XAUUSD,4932.66,4932.9,0.24,24,Overlap,Friday
2026-01-23 14:42:18,Pepperstone Razor,EURUSD,1.17421,1.17421,0.0,0,Overlap,Friday
2026-01-23 14:42:18,Pepperstone Razor,GBPUSD,1.35289,1.3529,1e-05,1,Overlap,Friday
2026-01-23 14:42:19,Pepperstone Razor,USDJPY,158.209,158.209,0.0,0,Overlap,Friday
2026-01-23 14:42:20,Pepperstone Razor,AUDUSD,0.68578,0.68578,0.0,0,Overlap,Friday
2026-01-23 14:42:23,FusionMarkets Zero,XAUUSD,4932.47,4932.57,0.1,10,Overlap,Friday
2026-01-23 14:42:24,FusionMarkets Zero,EURUSD,1.17419,1.17419,0.0,0,Overlap,Friday
2026-01-23 14:42:25,FusionMarkets Zero,GBPUSD,1.35292,1.35292,0.0,0,Overlap,Friday
2026-01-23 14:42:26,FusionMarkets Zero,USDJPY,158.208,158.208,0.0,0,Overlap,Friday
2026-01-23 14:42:27,FusionMarkets Zero,AUDUSD,0.68581,0.68581,0.0,0,Overlap,Friday
2026-01-23 14:42:31,ThinkMarkets ThinkZero,XAUUSD,4933.81,4933.89,0.08,8,Overlap,Friday
2026-01-23 14:42:32,ThinkMarkets ThinkZero,EURUSD,1.17419,1.1742,1e-05,1,Overlap,Friday
2026-01-23 14:42:32,ThinkMarkets ThinkZero,GBPUSD,1.3529,1.35294,4e-05,4,Overlap,Friday
2026-01-23 14:42:33,ThinkMarkets ThinkZero,USDJPY,158.205,158.209,0.004,4,Overlap,Friday
2026-01-23 14:42:34,ThinkMarkets ThinkZero,AUDUSD,0.68579,0.68581,2e-05,2,Overlap,Friday
2026-01-23 14:42:38,ICMarkets Raw,XAUUSD,4933.86,4933.96,0.1,10,Overlap,Friday
2026-01-23 14:42:38,ICMarkets Raw,EURUSD,1.17419,1.17419,0.0,0,Overlap,Friday
2026-01-23 14:42:39,ICMarkets Raw,GBPUSD,1.35294,1.35295,1e-05,1,Overlap,Friday
2026-01-23 14:42:40,ICMarkets Raw,USDJPY,158.209,158.209,0.0,0,Overlap,Friday
2026-01-23 14:42:41,ICMarkets Raw,AUDUSD,0.68579,0.6858,1e-05,1,Overlap,Friday
2026-01-23 14:42:44,VantageMarkets Raw,XAUUSD,4934.69,4934.77,0.08,8,Overlap,Friday
2026-01-23 14:42:45,VantageMarkets Raw,EURUSD,1.17422,1.17424,2e-05,2,Overlap,Friday
2026-01-23 14:42:46,VantageMarkets Raw,GBPUSD,1.35296,1.35297,1e-05,1,Overlap,Friday
2026-01-23 14:42:47,VantageMarkets Raw,USDJPY,158.205,158.207,0.002,2,Overlap,Friday
2026-01-23 14:42:47,VantageMarkets Raw,AUDUSD,0.68584,0.68586,2e-05,2,Overlap,Friday
2026-01-23 14:42:51,FPMarkets Raw,XAUUSD,4934.88,4934.95,0.07,7,Overlap,Friday
2026-01-23 14:42:52,FPMarkets Raw,EURUSD,1.17419,1.1742,1e-05,1,Overlap,Friday
2026-01-23 14:42:53,FPMarkets Raw,GBPUSD,1.35293,1.35296,3e-05,3,Overlap,Friday
2026-01-23 14:42:54,FPMarkets Raw,USDJPY,158.206,158.209,0.003,3,Overlap,Friday
2026-01-23 14:42:55,FPMarkets Raw,AUDUSD,0.68583,0.68586,3e-05,3,Overlap,Friday
2026-01-23 14:42:57,8Cap Raw,XAUUSD,4934.67,4934.83,0.16,16,Overlap,Friday
2026-01-23 14:42:57,8Cap Raw,EURUSD,1.17419,1.1742,1e-05,1,Overlap,Friday
2026-01-23 14:42:58,8Cap Raw,GBPUSD,1.35295,1.35296,1e-05,1,Overlap,Friday
2026-01-23 14:42:59,8Cap Raw,USDJPY,158.208,158.209,0.001,1,Overlap,Friday
2026-01-23 14:42:59,8Cap Raw,AUDUSD,0.68584,0.68586,2e-05,2,Overlap,Friday
2026-01-23 14:47:17,Pepperstone Razor,XAUUSD,4937.67,4937.82,0.15,15,Overlap,Friday
2026-01-23 14:47:18,Pepperstone Razor,EURUSD,1.1743,1.1743,0.0,0,Overlap,Friday
2026-01-23 14:47:19,Pepperstone Razor,GBPUSD,1.35304,1.35304,0.0,0,Overlap,Friday
2026-01-23 14:47:19,Pepperstone Razor,USDJPY,158.229,158.231,0.002,2,Overlap,Friday
2026-01-23 14:47:20,Pepperstone Razor,AUDUSD,0.68604,0.68604,0.0,0,Overlap,Friday
2026-01-23 14:47:38,FusionMarkets Zero,XAUUSD,4937.94,4938.02,0.08,8,Overlap,Friday
2026-01-23 14:47:39,FusionMarkets Zero,EURUSD,1.17431,1.17431,0.0,0,Overlap,Friday
2026-01-23 14:47:40,FusionMarkets Zero,GBPUSD,1.353,1.353,0.0,0,Overlap,Friday
2026-01-23 14:47:41,FusionMarkets Zero,USDJPY,158.217,158.223,0.006,6,Overlap,Friday
2026-01-23 14:47:43,FusionMarkets Zero,AUDUSD,0.68615,0.68615,0.0,0,Overlap,Friday
2026-01-23 14:47:46,ThinkMarkets ThinkZero,XAUUSD,4938.18,4938.26,0.08,8,Overlap,Friday
2026-01-23 14:47:47,ThinkMarkets ThinkZero,EURUSD,1.17432,1.17434,2e-05,2,Overlap,Friday
2026-01-23 14:47:48,ThinkMarkets ThinkZero,GBPUSD,1.353,1.35306,6e-05,6,Overlap,Friday
2026-01-23 14:47:49,ThinkMarkets ThinkZero,USDJPY,158.217,158.221,0.004,4,Overlap,Friday
2026-01-23 14:47:50,ThinkMarkets ThinkZero,AUDUSD,0.68614,0.68615,1e-05,1,Overlap,Friday
2026-01-23 14:47:53,ICMarkets Raw,XAUUSD,4938.09,4938.14,0.05,5,Overlap,Friday
2026-01-23 14:47:54,ICMarkets Raw,EURUSD,1.17436,1.17438,2e-05,2,Overlap,Friday
2026-01-23 14:47:55,ICMarkets Raw,GBPUSD,1.35305,1.35306,1e-05,1,Overlap,Friday
2026-01-23 14:47:56,ICMarkets Raw,USDJPY,158.22,158.224,0.004,4,Overlap,Friday
2026-01-23 14:47:56,ICMarkets Raw,AUDUSD,0.68615,0.68616,1e-05,1,Overlap,Friday
2026-01-23 14:47:59,VantageMarkets Raw,XAUUSD,4938.19,4938.27,0.08,8,Overlap,Friday
2026-01-23 14:48:00,VantageMarkets Raw,EURUSD,1.17438,1.17441,3e-05,3,Overlap,Friday
2026-01-23 14:48:01,VantageMarkets Raw,GBPUSD,1.35306,1.35307,1e-05,1,Overlap,Friday
2026-01-23 14:48:02,VantageMarkets Raw,USDJPY,158.221,158.226,0.005,5,Overlap,Friday
2026-01-23 14:48:03,VantageMarkets Raw,AUDUSD,0.68611,0.68615,4e-05,4,Overlap,Friday
2026-01-23 14:48:07,FPMarkets Raw,XAUUSD,4937.96,4938.03,0.07,7,Overlap,Friday
2026-01-23 14:48:08,FPMarkets Raw,EURUSD,1.17436,1.17438,2e-05,2,Overlap,Friday
2026-01-23 14:48:09,FPMarkets Raw,GBPUSD,1.35306,1.35309,3e-05,3,Overlap,Friday
2026-01-23 14:48:10,FPMarkets Raw,USDJPY,158.218,158.221,0.003,3,Overlap,Friday
2026-01-23 14:48:11,FPMarkets Raw,AUDUSD,0.68608,0.68611,3e-05,3,Overlap,Friday
2026-01-23 14:48:13,8Cap Raw,XAUUSD,4938.44,4938.6,0.16,16,Overlap,Friday
2026-01-23 14:48:14,8Cap Raw,EURUSD,1.17437,1.17438,1e-05,1,Overlap,Friday
2026-01-23 14:48:14,8Cap Raw,GBPUSD,1.35308,1.35309,1e-05,1,Overlap,Friday
2026-01-23 14:48:15,8Cap Raw,USDJPY,158.217,158.222,0.005,5,Overlap,Friday
2026-01-23 14:48:16,8Cap Raw,AUDUSD,0.68609,0.68611,2e-05,2,Overlap,Friday
2026-01-23 14:52:17,Pepperstone Razor,XAUUSD,4941.86,4942.01,0.15,15,Overlap,Friday
2026-01-23 14:52:18,Pepperstone Razor,EURUSD,1.17435,1.17435,0.0,0,Overlap,Friday
2026-01-23 14:52:19,Pepperstone Razor,GBPUSD,1.35291,1.35291,0.0,0,Overlap,Friday
2026-01-23 14:52:20,Pepperstone Razor,USDJPY,158.187,158.188,0.001,1,Overlap,Friday
2026-01-23 14:52:21,Pepperstone Razor,AUDUSD,0.6862,0.6862,0.0,0,Overlap,Friday
2026-01-23 14:52:24,FusionMarkets Zero,XAUUSD,4941.34,4941.46,0.12,12,Overlap,Friday
2026-01-23 14:52:25,FusionMarkets Zero,EURUSD,1.17435,1.17435,0.0,0,Overlap,Friday
2026-01-23 14:52:26,FusionMarkets Zero,GBPUSD,1.35286,1.35286,0.0,0,Overlap,Friday
2026-01-23 14:52:27,FusionMarkets Zero,USDJPY,158.192,158.198,0.006,6,Overlap,Friday
2026-01-23 14:52:28,FusionMarkets Zero,AUDUSD,0.68621,0.68621,0.0,0,Overlap,Friday
2026-01-23 14:52:31,ThinkMarkets ThinkZero,XAUUSD,4941.61,4941.69,0.08,8,Overlap,Friday
2026-01-23 14:52:32,ThinkMarkets ThinkZero,EURUSD,1.17435,1.17436,1e-05,1,Overlap,Friday
2026-01-23 14:52:33,ThinkMarkets ThinkZero,GBPUSD,1.35278,1.35284,6e-05,6,Overlap,Friday
2026-01-23 14:52:34,ThinkMarkets ThinkZero,USDJPY,158.194,158.198,0.004,4,Overlap,Friday
2026-01-23 14:52:35,ThinkMarkets ThinkZero,AUDUSD,0.6862,0.68623,3e-05,3,Overlap,Friday
2026-01-23 14:52:38,ICMarkets Raw,XAUUSD,4941.4,4941.5,0.1,10,Overlap,Friday
2026-01-23 14:52:39,ICMarkets Raw,EURUSD,1.17434,1.17435,1e-05,1,Overlap,Friday
2026-01-23 14:52:40,ICMarkets Raw,GBPUSD,1.3528,1.35281,1e-05,1,Overlap,Friday
2026-01-23 14:52:41,ICMarkets Raw,USDJPY,158.195,158.197,0.002,2,Overlap,Friday
2026-01-23 14:52:41,ICMarkets Raw,AUDUSD,0.6862,0.6862,0.0,0,Overlap,Friday
2026-01-23 14:52:45,VantageMarkets Raw,XAUUSD,4941.3,4941.38,0.08,8,Overlap,Friday
2026-01-23 14:52:46,VantageMarkets Raw,EURUSD,1.17432,1.17434,2e-05,2,Overlap,Friday
2026-01-23 14:52:47,VantageMarkets Raw,GBPUSD,1.35279,1.3528,1e-05,1,Overlap,Friday
2026-01-23 14:52:47,VantageMarkets Raw,USDJPY,158.196,158.198,0.002,2,Overlap,Friday
2026-01-23 14:52:48,VantageMarkets Raw,AUDUSD,0.6862,0.68624,4e-05,4,Overlap,Friday
2026-01-23 14:52:52,FPMarkets Raw,XAUUSD,4941.29,4941.36,0.07,7,Overlap,Friday
2026-01-23 14:52:53,FPMarkets Raw,EURUSD,1.17431,1.17432,1e-05,1,Overlap,Friday
2026-01-23 14:52:53,FPMarkets Raw,GBPUSD,1.35277,1.3528,3e-05,3,Overlap,Friday
2026-01-23 14:52:54,FPMarkets Raw,USDJPY,158.194,158.197,0.003,3,Overlap,Friday
2026-01-23 14:52:55,FPMarkets Raw,AUDUSD,0.68622,0.68624,2e-05,2,Overlap,Friday
2026-01-23 14:52:57,8Cap Raw,XAUUSD,4941.42,4941.58,0.16,16,Overlap,Friday
2026-01-23 14:52:58,8Cap Raw,EURUSD,1.17433,1.17434,1e-05,1,Overlap,Friday
2026-01-23 14:52:59,8Cap Raw,GBPUSD,1.35283,1.35284,1e-05,1,Overlap,Friday
2026-01-23 14:52:59,8Cap Raw,USDJPY,158.195,158.196,0.001,1,Overlap,Friday
2026-01-23 14:53:00,8Cap Raw,AUDUSD,0.68625,0.68628,3e-05,3,Overlap,Friday
2026-01-23 14:57:17,Pepperstone Razor,XAUUSD,4940.17,4940.37,0.2,20,Overlap,Friday
2026-01-23 14:57:18,Pepperstone Razor,EURUSD,1.17416,1.17416,0.0,0,Overlap,Friday
2026-01-23 14:57:19,Pepperstone Razor,GBPUSD,1.35278,1.35279,1e-05,1,Overlap,Friday
2026-01-23 14:57:20,Pepperstone Razor,USDJPY,158.192,158.194,0.002,2,Overlap,Friday
2026-01-23 14:57:21,Pepperstone Razor,AUDUSD,0.68643,0.68643,0.0,0,Overlap,Friday
2026-01-23 14:57:24,FusionMarkets Zero,XAUUSD,4940.31,4940.41,0.1,10,Overlap,Friday
2026-01-23 14:57:25,FusionMarkets Zero,EURUSD,1.17415,1.17415,0.0,0,Overlap,Friday
2026-01-23 14:57:26,FusionMarkets Zero,GBPUSD,1.35274,1.35274,0.0,0,Overlap,Friday
2026-01-23 14:57:27,FusionMarkets Zero,USDJPY,158.195,158.195,0.0,0,Overlap,Friday
2026-01-23 14:57:28,FusionMarkets Zero,AUDUSD,0.68643,0.68643,0.0,0,Overlap,Friday
2026-01-23 14:57:31,ThinkMarkets ThinkZero,XAUUSD,4939.67,4939.75,0.08,8,Overlap,Friday
2026-01-23 14:57:32,ThinkMarkets ThinkZero,EURUSD,1.17414,1.17415,1e-05,1,Overlap,Friday
2026-01-23 14:57:33,ThinkMarkets ThinkZero,GBPUSD,1.35269,1.35275,6e-05,6,Overlap,Friday
2026-01-23 14:57:34,ThinkMarkets ThinkZero,USDJPY,158.194,158.199,0.005,5,Overlap,Friday
2026-01-23 14:57:35,ThinkMarkets ThinkZero,AUDUSD,0.68644,0.68645,1e-05,1,Overlap,Friday
2026-01-23 14:57:38,ICMarkets Raw,XAUUSD,4940.13,4940.21,0.08,8,Overlap,Friday
2026-01-23 14:57:39,ICMarkets Raw,EURUSD,1.17414,1.17414,0.0,0,Overlap,Friday
2026-01-23 14:57:40,ICMarkets Raw,GBPUSD,1.35274,1.35275,1e-05,1,Overlap,Friday
2026-01-23 14:57:41,ICMarkets Raw,USDJPY,158.195,158.195,0.0,0,Overlap,Friday
2026-01-23 14:57:42,ICMarkets Raw,AUDUSD,0.68645,0.68646,1e-05,1,Overlap,Friday
2026-01-23 14:57:45,VantageMarkets Raw,XAUUSD,4939.9,4939.98,0.08,8,Overlap,Friday
2026-01-23 14:57:46,VantageMarkets Raw,EURUSD,1.17414,1.17415,1e-05,1,Overlap,Friday
2026-01-23 14:57:47,VantageMarkets Raw,GBPUSD,1.3528,1.35281,1e-05,1,Overlap,Friday
2026-01-23 14:57:48,VantageMarkets Raw,USDJPY,158.195,158.197,0.002,2,Overlap,Friday
2026-01-23 14:57:49,VantageMarkets Raw,AUDUSD,0.68644,0.68648,4e-05,4,Overlap,Friday
2026-01-23 14:57:52,FPMarkets Raw,XAUUSD,4939.65,4939.72,0.07,7,Overlap,Friday
2026-01-23 14:57:53,FPMarkets Raw,EURUSD,1.17414,1.17416,2e-05,2,Overlap,Friday
2026-01-23 14:57:54,FPMarkets Raw,GBPUSD,1.35271,1.35275,4e-05,4,Overlap,Friday
2026-01-23 14:57:55,FPMarkets Raw,USDJPY,158.194,158.197,0.003,3,Overlap,Friday
2026-01-23 14:57:56,FPMarkets Raw,AUDUSD,0.68644,0.68646,2e-05,2,Overlap,Friday
2026-01-23 14:57:58,8Cap Raw,XAUUSD,4940.32,4940.48,0.16,16,Overlap,Friday
2026-01-23 14:57:58,8Cap Raw,EURUSD,1.17416,1.17416,0.0,0,Overlap,Friday
2026-01-23 14:57:59,8Cap Raw,GBPUSD,1.35284,1.35286,2e-05,2,Overlap,Friday
2026-01-23 14:58:00,8Cap Raw,USDJPY,158.194,158.195,0.001,1,Overlap,Friday
2026-01-23 14:58:00,8Cap Raw,AUDUSD,0.68645,0.68647,2e-05,2,Overlap,Friday
2026-01-23 15:02:17,Pepperstone Razor,XAUUSD,4935.98,4936.22,0.24,24,Overlap,Friday
2026-01-23 15:02:17,Pepperstone Razor,EURUSD,1.17435,1.17435,0.0,0,Overlap,Friday
2026-01-23 15:02:18,Pepperstone Razor,GBPUSD,1.35305,1.35306,1e-05,1,Overlap,Friday
2026-01-23 15:02:19,Pepperstone Razor,USDJPY,158.151,158.153,0.002,2,Overlap,Friday
2026-01-23 15:02:20,Pepperstone Razor,AUDUSD,0.6866,0.68661,1e-05,1,Overlap,Friday
2026-01-23 15:02:23,FusionMarkets Zero,XAUUSD,4936.79,4936.91,0.12,12,Overlap,Friday
2026-01-23 15:02:24,FusionMarkets Zero,EURUSD,1.17431,1.17431,0.0,0,Overlap,Friday
2026-01-23 15:02:25,FusionMarkets Zero,GBPUSD,1.35308,1.35308,0.0,0,Overlap,Friday
2026-01-23 15:02:26,FusionMarkets Zero,USDJPY,158.152,158.158,0.006,6,Overlap,Friday
2026-01-23 15:02:26,FusionMarkets Zero,AUDUSD,0.68662,0.68662,0.0,0,Overlap,Friday
2026-01-23 15:02:30,ThinkMarkets ThinkZero,XAUUSD,4938.54,4938.62,0.08,8,Overlap,Friday
2026-01-23 15:02:30,ThinkMarkets ThinkZero,EURUSD,1.1743,1.17432,2e-05,2,Overlap,Friday
2026-01-23 15:02:31,ThinkMarkets ThinkZero,GBPUSD,1.35305,1.35309,4e-05,4,Overlap,Friday
2026-01-23 15:02:32,ThinkMarkets ThinkZero,USDJPY,158.152,158.156,0.004,4,Overlap,Friday
2026-01-23 15:02:33,ThinkMarkets ThinkZero,AUDUSD,0.68656,0.6866,4e-05,4,Overlap,Friday
2026-01-23 15:02:36,ICMarkets Raw,XAUUSD,4938.94,4939.04,0.1,10,Overlap,Friday
2026-01-23 15:02:37,ICMarkets Raw,EURUSD,1.17424,1.17425,1e-05,1,Overlap,Friday
2026-01-23 15:02:38,ICMarkets Raw,GBPUSD,1.35305,1.35306,1e-05,1,Overlap,Friday
2026-01-23 15:02:39,ICMarkets Raw,USDJPY,158.155,158.157,0.002,2,Overlap,Friday
2026-01-23 15:02:40,ICMarkets Raw,AUDUSD,0.68656,0.68656,0.0,0,Overlap,Friday
2026-01-23 15:02:43,VantageMarkets Raw,XAUUSD,4939.43,4939.51,0.08,8,Overlap,Friday
2026-01-23 15:02:43,VantageMarkets Raw,EURUSD,1.17425,1.17427,2e-05,2,Overlap,Friday
2026-01-23 15:02:44,VantageMarkets Raw,GBPUSD,1.35306,1.35307,1e-05,1,Overlap,Friday
2026-01-23 15:02:45,VantageMarkets Raw,USDJPY,158.151,158.16,0.009,9,Overlap,Friday
2026-01-23 15:02:46,VantageMarkets Raw,AUDUSD,0.68658,0.68661,3e-05,3,Overlap,Friday
2026-01-23 15:02:49,FPMarkets Raw,XAUUSD,4939.88,4939.95,0.07,7,Overlap,Friday
2026-01-23 15:02:50,FPMarkets Raw,EURUSD,1.17427,1.17427,0.0,0,Overlap,Friday
2026-01-23 15:02:51,FPMarkets Raw,GBPUSD,1.35304,1.35307,3e-05,3,Overlap,Friday
2026-01-23 15:02:52,FPMarkets Raw,USDJPY,158.155,158.158,0.003,3,Overlap,Friday
2026-01-23 15:02:53,FPMarkets Raw,AUDUSD,0.68658,0.6866,2e-05,2,Overlap,Friday
2026-01-23 15:02:55,8Cap Raw,XAUUSD,4939.51,4939.67,0.16,16,Overlap,Friday
2026-01-23 15:02:55,8Cap Raw,EURUSD,1.17426,1.17426,0.0,0,Overlap,Friday
2026-01-23 15:02:56,8Cap Raw,GBPUSD,1.35305,1.35306,1e-05,1,Overlap,Friday
2026-01-23 15:02:57,8Cap Raw,USDJPY,158.155,158.157,0.002,2,Overlap,Friday
2026-01-23 15:02:57,8Cap Raw,AUDUSD,0.68659,0.68662,3e-05,3,Overlap,Friday
2026-01-23 15:07:16,Pepperstone Razor,XAUUSD,4946.4,4946.6,0.2,20,Overlap,Friday
2026-01-23 15:07:17,Pepperstone Razor,EURUSD,1.17433,1.17436,3e-05,3,Overlap,Friday
2026-01-23 15:07:18,Pepperstone Razor,GBPUSD,1.35305,1.35306,1e-05,1,Overlap,Friday
2026-01-23 15:07:19,Pepperstone Razor,USDJPY,158.18,158.181,0.001,1,Overlap,Friday
2026-01-23 15:07:20,Pepperstone Razor,AUDUSD,0.68673,0.68674,1e-05,1,Overlap,Friday
2026-01-23 15:07:23,FusionMarkets Zero,XAUUSD,4947.28,4947.41,0.13,13,Overlap,Friday
2026-01-23 15:07:24,FusionMarkets Zero,EURUSD,1.17433,1.17433,0.0,0,Overlap,Friday
2026-01-23 15:07:25,FusionMarkets Zero,GBPUSD,1.35299,1.35299,0.0,0,Overlap,Friday
2026-01-23 15:07:26,FusionMarkets Zero,USDJPY,158.183,158.183,0.0,0,Overlap,Friday
2026-01-23 15:07:26,FusionMarkets Zero,AUDUSD,0.6867,0.6867,0.0,0,Overlap,Friday
2026-01-23 15:07:29,ThinkMarkets ThinkZero,XAUUSD,4947.82,4947.9,0.08,8,Overlap,Friday
2026-01-23 15:07:30,ThinkMarkets ThinkZero,EURUSD,1.17429,1.17432,3e-05,3,Overlap,Friday
2026-01-23 15:07:31,ThinkMarkets ThinkZero,GBPUSD,1.35293,1.35298,5e-05,5,Overlap,Friday
2026-01-23 15:07:32,ThinkMarkets ThinkZero,USDJPY,158.182,158.186,0.004,4,Overlap,Friday
2026-01-23 15:07:33,ThinkMarkets ThinkZero,AUDUSD,0.68668,0.6867,2e-05,2,Overlap,Friday
2026-01-23 15:07:36,ICMarkets Raw,XAUUSD,4945.72,4945.82,0.1,10,Overlap,Friday
2026-01-23 15:07:37,ICMarkets Raw,EURUSD,1.17431,1.17432,1e-05,1,Overlap,Friday
2026-01-23 15:07:38,ICMarkets Raw,GBPUSD,1.35298,1.35299,1e-05,1,Overlap,Friday
2026-01-23 15:07:39,ICMarkets Raw,USDJPY,158.18,158.18,0.0,0,Overlap,Friday
2026-01-23 15:07:40,ICMarkets Raw,AUDUSD,0.68664,0.68665,1e-05,1,Overlap,Friday
2026-01-23 15:07:42,VantageMarkets Raw,XAUUSD,4946.28,4946.36,0.08,8,Overlap,Friday
2026-01-23 15:07:43,VantageMarkets Raw,EURUSD,1.17432,1.17434,2e-05,2,Overlap,Friday
2026-01-23 15:07:44,VantageMarkets Raw,GBPUSD,1.35305,1.35306,1e-05,1,Overlap,Friday
2026-01-23 15:07:45,VantageMarkets Raw,USDJPY,158.18,158.181,0.001,1,Overlap,Friday
2026-01-23 15:07:46,VantageMarkets Raw,AUDUSD,0.68655,0.68658,3e-05,3,Overlap,Friday
2026-01-23 15:07:49,FPMarkets Raw,XAUUSD,4945.69,4945.76,0.07,7,Overlap,Friday
2026-01-23 15:07:50,FPMarkets Raw,EURUSD,1.17432,1.17434,2e-05,2,Overlap,Friday
2026-01-23 15:07:51,FPMarkets Raw,GBPUSD,1.35295,1.35299,4e-05,4,Overlap,Friday
2026-01-23 15:07:51,FPMarkets Raw,USDJPY,158.191,158.194,0.003,3,Overlap,Friday
2026-01-23 15:07:52,FPMarkets Raw,AUDUSD,0.68652,0.68655,3e-05,3,Overlap,Friday
2026-01-23 15:07:54,8Cap Raw,XAUUSD,4944.95,4945.11,0.16,16,Overlap,Friday
2026-01-23 15:07:55,8Cap Raw,EURUSD,1.17427,1.17428,1e-05,1,Overlap,Friday
2026-01-23 15:07:56,8Cap Raw,GBPUSD,1.35287,1.35288,1e-05,1,Overlap,Friday
2026-01-23 15:07:56,8Cap Raw,USDJPY,158.194,158.195,0.001,1,Overlap,Friday
2026-01-23 15:07:57,8Cap Raw,AUDUSD,0.6865,0.68652,2e-05,2,Overlap,Friday
2026-01-23 15:12:16,Pepperstone Razor,XAUUSD,4940.44,4940.59,0.15,15,Overlap,Friday
2026-01-23 15:12:17,Pepperstone Razor,EURUSD,1.17428,1.17428,0.0,0,Overlap,Friday
2026-01-23 15:12:18,Pepperstone Razor,GBPUSD,1.35274,1.35276,2e-05,2,Overlap,Friday
2026-01-23 15:12:19,Pepperstone Razor,USDJPY,158.159,158.165,0.006,6,Overlap,Friday
2026-01-23 15:12:20,Pepperstone Razor,AUDUSD,0.68645,0.68648,3e-05,3,Overlap,Friday
2026-01-23 15:12:24,FusionMarkets Zero,XAUUSD,4940.19,4940.24,0.05,5,Overlap,Friday
2026-01-23 15:12:25,FusionMarkets Zero,EURUSD,1.17424,1.17424,0.0,0,Overlap,Friday
2026-01-23 15:12:25,FusionMarkets Zero,GBPUSD,1.3528,1.3528,0.0,0,Overlap,Friday
2026-01-23 15:12:26,FusionMarkets Zero,USDJPY,158.165,158.169,0.004,4,Overlap,Friday
2026-01-23 15:12:27,FusionMarkets Zero,AUDUSD,0.68646,0.68646,0.0,0,Overlap,Friday
2026-01-23 15:12:30,ThinkMarkets ThinkZero,XAUUSD,4940.34,4940.42,0.08,8,Overlap,Friday
2026-01-23 15:12:31,ThinkMarkets ThinkZero,EURUSD,1.17427,1.17429,2e-05,2,Overlap,Friday
2026-01-23 15:12:32,ThinkMarkets ThinkZero,GBPUSD,1.35277,1.35283,6e-05,6,Overlap,Friday
2026-01-23 15:12:33,ThinkMarkets ThinkZero,USDJPY,158.166,158.17,0.004,4,Overlap,Friday
2026-01-23 15:12:34,ThinkMarkets ThinkZero,AUDUSD,0.68645,0.68647,2e-05,2,Overlap,Friday
2026-01-23 15:12:37,ICMarkets Raw,XAUUSD,4940.45,4940.52,0.07,7,Overlap,Friday
2026-01-23 15:12:38,ICMarkets Raw,EURUSD,1.17432,1.17432,0.0,0,Overlap,Friday
2026-01-23 15:12:39,ICMarkets Raw,GBPUSD,1.35294,1.35295,1e-05,1,Overlap,Friday
2026-01-23 15:12:39,ICMarkets Raw,USDJPY,158.154,158.158,0.004,4,Overlap,Friday
2026-01-23 15:12:40,ICMarkets Raw,AUDUSD,0.68647,0.68647,0.0,0,Overlap,Friday
2026-01-23 15:12:43,VantageMarkets Raw,XAUUSD,4938.76,4938.84,0.08,8,Overlap,Friday
2026-01-23 15:12:44,VantageMarkets Raw,EURUSD,1.1743,1.17432,2e-05,2,Overlap,Friday
2026-01-23 15:12:45,VantageMarkets Raw,GBPUSD,1.35293,1.35294,1e-05,1,Overlap,Friday
2026-01-23 15:12:46,VantageMarkets Raw,USDJPY,158.154,158.161,0.007,7,Overlap,Friday
2026-01-23 15:12:47,VantageMarkets Raw,AUDUSD,0.68639,0.68642,3e-05,3,Overlap,Friday
2026-01-23 15:12:50,FPMarkets Raw,XAUUSD,4939.1,4939.17,0.07,7,Overlap,Friday
2026-01-23 15:12:50,FPMarkets Raw,EURUSD,1.17429,1.1743,1e-05,1,Overlap,Friday
2026-01-23 15:12:51,FPMarkets Raw,GBPUSD,1.3529,1.35293,3e-05,3,Overlap,Friday
2026-01-23 15:12:52,FPMarkets Raw,USDJPY,158.163,158.166,0.003,3,Overlap,Friday
2026-01-23 15:12:53,FPMarkets Raw,AUDUSD,0.68638,0.68642,4e-05,4,Overlap,Friday
2026-01-23 15:12:55,8Cap Raw,XAUUSD,4938.91,4939.07,0.16,16,Overlap,Friday
2026-01-23 15:12:56,8Cap Raw,EURUSD,1.17429,1.1743,1e-05,1,Overlap,Friday
2026-01-23 15:12:57,8Cap Raw,GBPUSD,1.35295,1.35296,1e-05,1,Overlap,Friday
2026-01-23 15:12:57,8Cap Raw,USDJPY,158.165,158.169,0.004,4,Overlap,Friday
2026-01-23 15:12:58,8Cap Raw,AUDUSD,0.6864,0.68643,3e-05,3,Overlap,Friday
2026-01-23 15:17:16,Pepperstone Razor,XAUUSD,4939.93,4940.16,0.23,23,Overlap,Friday
2026-01-23 15:17:17,Pepperstone Razor,EURUSD,1.1746,1.1746,0.0,0,Overlap,Friday
2026-01-23 15:17:18,Pepperstone Razor,GBPUSD,1.35319,1.35322,3e-05,3,Overlap,Friday
2026-01-23 15:17:19,Pepperstone Razor,USDJPY,158.157,158.159,0.002,2,Overlap,Friday
2026-01-23 15:17:20,Pepperstone Razor,AUDUSD,0.68641,0.68642,1e-05,1,Overlap,Friday
2026-01-23 15:17:23,FusionMarkets Zero,XAUUSD,4939.87,4939.97,0.1,10,Overlap,Friday
2026-01-23 15:17:24,FusionMarkets Zero,EURUSD,1.17461,1.17461,0.0,0,Overlap,Friday
2026-01-23 15:17:24,FusionMarkets Zero,GBPUSD,1.3532,1.3532,0.0,0,Overlap,Friday
2026-01-23 15:17:25,FusionMarkets Zero,USDJPY,158.161,158.162,0.001,1,Overlap,Friday
2026-01-23 15:17:26,FusionMarkets Zero,AUDUSD,0.68641,0.68641,0.0,0,Overlap,Friday
2026-01-23 15:17:29,ThinkMarkets ThinkZero,XAUUSD,4939.71,4939.79,0.08,8,Overlap,Friday
2026-01-23 15:17:30,ThinkMarkets ThinkZero,EURUSD,1.17466,1.17469,3e-05,3,Overlap,Friday
2026-01-23 15:17:31,ThinkMarkets ThinkZero,GBPUSD,1.35322,1.3533,8e-05,8,Overlap,Friday
2026-01-23 15:17:32,ThinkMarkets ThinkZero,USDJPY,158.151,158.154,0.003,3,Overlap,Friday
2026-01-23 15:17:33,ThinkMarkets ThinkZero,AUDUSD,0.68639,0.68641,2e-05,2,Overlap,Friday
2026-01-23 15:17:36,ICMarkets Raw,XAUUSD,4939.29,4939.46,0.17,17,Overlap,Friday
2026-01-23 15:17:37,ICMarkets Raw,EURUSD,1.17464,1.17466,2e-05,2,Overlap,Friday
2026-01-23 15:17:38,ICMarkets Raw,GBPUSD,1.35327,1.35328,1e-05,1,Overlap,Friday
2026-01-23 15:17:38,ICMarkets Raw,USDJPY,158.153,158.155,0.002,2,Overlap,Friday
2026-01-23 15:17:39,ICMarkets Raw,AUDUSD,0.68639,0.6864,1e-05,1,Overlap,Friday
2026-01-23 15:17:42,VantageMarkets Raw,XAUUSD,4939.35,4939.43,0.08,8,Overlap,Friday
2026-01-23 15:17:43,VantageMarkets Raw,EURUSD,1.17467,1.1747,3e-05,3,Overlap,Friday
2026-01-23 15:17:44,VantageMarkets Raw,GBPUSD,1.35337,1.35338,1e-05,1,Overlap,Friday
2026-01-23 15:17:45,VantageMarkets Raw,USDJPY,158.154,158.163,0.009,9,Overlap,Friday
2026-01-23 15:17:46,VantageMarkets Raw,AUDUSD,0.68639,0.68641,2e-05,2,Overlap,Friday
2026-01-23 15:17:50,FPMarkets Raw,XAUUSD,4938.71,4938.78,0.07,7,Overlap,Friday
2026-01-23 15:17:51,FPMarkets Raw,EURUSD,1.17466,1.17468,2e-05,2,Overlap,Friday
2026-01-23 15:17:52,FPMarkets Raw,GBPUSD,1.35333,1.35337,4e-05,4,Overlap,Friday
2026-01-23 15:17:53,FPMarkets Raw,USDJPY,158.155,158.158,0.003,3,Overlap,Friday
2026-01-23 15:17:54,FPMarkets Raw,AUDUSD,0.68639,0.68642,3e-05,3,Overlap,Friday
2026-01-23 15:17:56,8Cap Raw,XAUUSD,4939.16,4939.32,0.16,16,Overlap,Friday
2026-01-23 15:17:57,8Cap Raw,EURUSD,1.17468,1.17468,0.0,0,Overlap,Friday
2026-01-23 15:17:57,8Cap Raw,GBPUSD,1.35338,1.35339,1e-05,1,Overlap,Friday
2026-01-23 15:17:58,8Cap Raw,USDJPY,158.153,158.156,0.003,3,Overlap,Friday
2026-01-23 15:17:59,8Cap Raw,AUDUSD,0.6864,0.68642,2e-05,2,Overlap,Friday
2026-01-23 15:22:17,Pepperstone Razor,XAUUSD,4930.15,4930.35,0.2,20,Overlap,Friday
2026-01-23 15:22:18,Pepperstone Razor,EURUSD,1.1745,1.1745,0.0,0,Overlap,Friday
2026-01-23 15:22:18,Pepperstone Razor,GBPUSD,1.35323,1.35324,1e-05,1,Overlap,Friday
2026-01-23 15:22:19,Pepperstone Razor,USDJPY,158.131,158.132,0.001,1,Overlap,Friday
2026-01-23 15:22:20,Pepperstone Razor,AUDUSD,0.68645,0.68645,0.0,0,Overlap,Friday
2026-01-23 15:22:24,FusionMarkets Zero,XAUUSD,4930.21,4930.33,0.12,12,Overlap,Friday
2026-01-23 15:22:24,FusionMarkets Zero,EURUSD,1.17456,1.17456,0.0,0,Overlap,Friday
2026-01-23 15:22:25,FusionMarkets Zero,GBPUSD,1.35333,1.35333,0.0,0,Overlap,Friday
2026-01-23 15:22:26,FusionMarkets Zero,USDJPY,158.119,158.122,0.003,3,Overlap,Friday
2026-01-23 15:22:27,FusionMarkets Zero,AUDUSD,0.68651,0.68651,0.0,0,Overlap,Friday
2026-01-23 15:22:31,ThinkMarkets ThinkZero,XAUUSD,4930.46,4930.54,0.08,8,Overlap,Friday
2026-01-23 15:22:32,ThinkMarkets ThinkZero,EURUSD,1.17453,1.17456,3e-05,3,Overlap,Friday
2026-01-23 15:22:32,ThinkMarkets ThinkZero,GBPUSD,1.35328,1.35334,6e-05,6,Overlap,Friday
2026-01-23 15:22:33,ThinkMarkets ThinkZero,USDJPY,158.118,158.123,0.005,5,Overlap,Friday
2026-01-23 15:22:34,ThinkMarkets ThinkZero,AUDUSD,0.68649,0.68651,2e-05,2,Overlap,Friday
2026-01-23 15:22:37,ICMarkets Raw,XAUUSD,4929.82,4929.95,0.13,13,Overlap,Friday
2026-01-23 15:22:38,ICMarkets Raw,EURUSD,1.17456,1.17456,0.0,0,Overlap,Friday
2026-01-23 15:22:39,ICMarkets Raw,GBPUSD,1.35331,1.35332,1e-05,1,Overlap,Friday
2026-01-23 15:22:40,ICMarkets Raw,USDJPY,158.12,158.12,0.0,0,Overlap,Friday
2026-01-23 15:22:41,ICMarkets Raw,AUDUSD,0.68651,0.68651,0.0,0,Overlap,Friday
2026-01-23 15:22:43,VantageMarkets Raw,XAUUSD,4931.32,4931.4,0.08,8,Overlap,Friday
2026-01-23 15:22:44,VantageMarkets Raw,EURUSD,1.17454,1.17457,3e-05,3,Overlap,Friday
2026-01-23 15:22:45,VantageMarkets Raw,GBPUSD,1.35333,1.35334,1e-05,1,Overlap,Friday
2026-01-23 15:22:46,VantageMarkets Raw,USDJPY,158.122,158.123,0.001,1,Overlap,Friday
2026-01-23 15:22:47,VantageMarkets Raw,AUDUSD,0.6865,0.68653,3e-05,3,Overlap,Friday
2026-01-23 15:22:50,FPMarkets Raw,XAUUSD,4930.85,4930.92,0.07,7,Overlap,Friday
2026-01-23 15:22:51,FPMarkets Raw,EURUSD,1.17452,1.17454,2e-05,2,Overlap,Friday
2026-01-23 15:22:52,FPMarkets Raw,GBPUSD,1.35325,1.35328,3e-05,3,Overlap,Friday
2026-01-23 15:22:53,FPMarkets Raw,USDJPY,158.12,158.123,0.003,3,Overlap,Friday
2026-01-23 15:22:54,FPMarkets Raw,AUDUSD,0.68648,0.68651,3e-05,3,Overlap,Friday
2026-01-23 15:22:56,8Cap Raw,XAUUSD,4929.85,4930.01,0.16,16,Overlap,Friday
2026-01-23 15:22:56,8Cap Raw,EURUSD,1.17451,1.17451,0.0,0,Overlap,Friday
2026-01-23 15:22:57,8Cap Raw,GBPUSD,1.35325,1.35326,1e-05,1,Overlap,Friday
2026-01-23 15:22:58,8Cap Raw,USDJPY,158.129,158.13,0.001,1,Overlap,Friday
2026-01-23 15:22:58,8Cap Raw,AUDUSD,0.68644,0.68647,3e-05,3,Overlap,Friday
2026-01-23 15:27:16,Pepperstone Razor,XAUUSD,4932.09,4932.31,0.22,22,Overlap,Friday
2026-01-23 15:27:17,Pepperstone Razor,EURUSD,1.17424,1.17424,0.0,0,Overlap,Friday
2026-01-23 15:27:18,Pepperstone Razor,GBPUSD,1.35313,1.35313,0.0,0,Overlap,Friday
2026-01-23 15:27:19,Pepperstone Razor,USDJPY,158.126,158.128,0.002,2,Overlap,Friday
2026-01-23 15:27:20,Pepperstone Razor,AUDUSD,0.6862,0.6862,0.0,0,Overlap,Friday
2026-01-23 15:27:23,FusionMarkets Zero,XAUUSD,4932.79,4932.89,0.1,10,Overlap,Friday
2026-01-23 15:27:24,FusionMarkets Zero,EURUSD,1.17425,1.17425,0.0,0,Overlap,Friday
2026-01-23 15:27:25,FusionMarkets Zero,GBPUSD,1.35321,1.35321,0.0,0,Overlap,Friday
2026-01-23 15:27:26,FusionMarkets Zero,USDJPY,158.117,158.12,0.003,3,Overlap,Friday
2026-01-23 15:27:27,FusionMarkets Zero,AUDUSD,0.68624,0.68624,0.0,0,Overlap,Friday
2026-01-23 15:27:30,ThinkMarkets ThinkZero,XAUUSD,4932.37,4932.45,0.08,8,Overlap,Friday
2026-01-23 15:27:31,ThinkMarkets ThinkZero,EURUSD,1.17422,1.17425,3e-05,3,Overlap,Friday
2026-01-23 15:27:32,ThinkMarkets ThinkZero,GBPUSD,1.35318,1.35323,5e-05,5,Overlap,Friday
2026-01-23 15:27:33,ThinkMarkets ThinkZero,USDJPY,158.119,158.122,0.003,3,Overlap,Friday
2026-01-23 15:27:34,ThinkMarkets ThinkZero,AUDUSD,0.68623,0.68625,2e-05,2,Overlap,Friday
2026-01-23 15:27:37,ICMarkets Raw,XAUUSD,4932.72,4932.8,0.08,8,Overlap,Friday
2026-01-23 15:27:38,ICMarkets Raw,EURUSD,1.17427,1.17427,0.0,0,Overlap,Friday
2026-01-23 15:27:39,ICMarkets Raw,GBPUSD,1.35326,1.35327,1e-05,1,Overlap,Friday
2026-01-23 15:27:39,ICMarkets Raw,USDJPY,158.116,158.118,0.002,2,Overlap,Friday
2026-01-23 15:27:40,ICMarkets Raw,AUDUSD,0.6862,0.68621,1e-05,1,Overlap,Friday
2026-01-23 15:27:43,VantageMarkets Raw,XAUUSD,4932.22,4932.3,0.08,8,Overlap,Friday
2026-01-23 15:27:44,VantageMarkets Raw,EURUSD,1.17433,1.17435,2e-05,2,Overlap,Friday
2026-01-23 15:27:45,VantageMarkets Raw,GBPUSD,1.35325,1.35326,1e-05,1,Overlap,Friday
2026-01-23 15:27:46,VantageMarkets Raw,USDJPY,158.118,158.119,0.001,1,Overlap,Friday
2026-01-23 15:27:47,VantageMarkets Raw,AUDUSD,0.68616,0.6862,4e-05,4,Overlap,Friday
2026-01-23 15:27:50,FPMarkets Raw,XAUUSD,4932.68,4932.75,0.07,7,Overlap,Friday
2026-01-23 15:27:51,FPMarkets Raw,EURUSD,1.17433,1.17434,1e-05,1,Overlap,Friday
2026-01-23 15:27:52,FPMarkets Raw,GBPUSD,1.35322,1.35325,3e-05,3,Overlap,Friday
2026-01-23 15:27:53,FPMarkets Raw,USDJPY,158.118,158.121,0.003,3,Overlap,Friday
2026-01-23 15:27:54,FPMarkets Raw,AUDUSD,0.68616,0.68619,3e-05,3,Overlap,Friday
2026-01-23 15:27:55,8Cap Raw,XAUUSD,4933.78,4933.94,0.16,16,Overlap,Friday
2026-01-23 15:27:56,8Cap Raw,EURUSD,1.17433,1.17434,1e-05,1,Overlap,Friday
2026-01-23 15:27:57,8Cap Raw,GBPUSD,1.35325,1.35326,1e-05,1,Overlap,Friday
2026-01-23 15:27:57,8Cap Raw,USDJPY,158.112,158.113,0.001,1,Overlap,Friday
2026-01-23 15:27:58,8Cap Raw,AUDUSD,0.68617,0.6862,3e-05,3,Overlap,Friday
2026-01-23 15:32:16,Pepperstone Razor,XAUUSD,4935.04,4935.27,0.23,23,Overlap,Friday
2026-01-23 15:32:17,Pepperstone Razor,EURUSD,1.17419,1.17419,0.0,0,Overlap,Friday
2026-01-23 15:32:18,Pepperstone Razor,GBPUSD,1.35333,1.35336,3e-05,3,Overlap,Friday
2026-01-23 15:32:19,Pepperstone Razor,USDJPY,158.129,158.131,0.002,2,Overlap,Friday
2026-01-23 15:32:20,Pepperstone Razor,AUDUSD,0.68604,0.68604,0.0,0,Overlap,Friday
2026-01-23 15:32:23,FusionMarkets Zero,XAUUSD,4935.28,4935.4,0.12,12,Overlap,Friday
2026-01-23 15:32:24,FusionMarkets Zero,EURUSD,1.17418,1.17418,0.0,0,Overlap,Friday
2026-01-23 15:32:25,FusionMarkets Zero,GBPUSD,1.35333,1.35333,0.0,0,Overlap,Friday
2026-01-23 15:32:26,FusionMarkets Zero,USDJPY,158.123,158.127,0.004,4,Overlap,Friday
2026-01-23 15:32:27,FusionMarkets Zero,AUDUSD,0.68599,0.68599,0.0,0,Overlap,Friday
2026-01-23 15:32:31,ThinkMarkets ThinkZero,XAUUSD,4935.08,4935.16,0.08,8,Overlap,Friday
2026-01-23 15:32:31,ThinkMarkets ThinkZero,EURUSD,1.17417,1.1742,3e-05,3,Overlap,Friday
2026-01-23 15:32:32,ThinkMarkets ThinkZero,GBPUSD,1.35331,1.35338,7e-05,7,Overlap,Friday
2026-01-23 15:32:33,ThinkMarkets ThinkZero,USDJPY,158.121,158.126,0.005,5,Overlap,Friday
2026-01-23 15:32:34,ThinkMarkets ThinkZero,AUDUSD,0.68599,0.68602,3e-05,3,Overlap,Friday
2026-01-23 15:32:38,ICMarkets Raw,XAUUSD,4935.13,4935.23,0.1,10,Overlap,Friday
2026-01-23 15:32:39,ICMarkets Raw,EURUSD,1.1742,1.17421,1e-05,1,Overlap,Friday
2026-01-23 15:32:39,ICMarkets Raw,GBPUSD,1.35335,1.35336,1e-05,1,Overlap,Friday
2026-01-23 15:32:40,ICMarkets Raw,USDJPY,158.124,158.127,0.003,3,Overlap,Friday
2026-01-23 15:32:41,ICMarkets Raw,AUDUSD,0.68601,0.68601,0.0,0,Overlap,Friday
2026-01-23 15:32:44,VantageMarkets Raw,XAUUSD,4937.24,4937.32,0.08,8,Overlap,Friday
2026-01-23 15:32:45,VantageMarkets Raw,EURUSD,1.17419,1.17421,2e-05,2,Overlap,Friday
2026-01-23 15:32:46,VantageMarkets Raw,GBPUSD,1.35333,1.35334,1e-05,1,Overlap,Friday
2026-01-23 15:32:47,VantageMarkets Raw,USDJPY,158.125,158.131,0.006,6,Overlap,Friday
2026-01-23 15:32:48,VantageMarkets Raw,AUDUSD,0.68595,0.68598,3e-05,3,Overlap,Friday
2026-01-23 15:32:51,FPMarkets Raw,XAUUSD,4937.19,4937.26,0.07,7,Overlap,Friday
2026-01-23 15:32:52,FPMarkets Raw,EURUSD,1.17419,1.1742,1e-05,1,Overlap,Friday
2026-01-23 15:32:53,FPMarkets Raw,GBPUSD,1.3533,1.35333,3e-05,3,Overlap,Friday
2026-01-23 15:32:54,FPMarkets Raw,USDJPY,158.128,158.131,0.003,3,Overlap,Friday
2026-01-23 15:32:55,FPMarkets Raw,AUDUSD,0.68592,0.68594,2e-05,2,Overlap,Friday
2026-01-23 15:32:57,8Cap Raw,XAUUSD,4938.11,4938.27,0.16,16,Overlap,Friday
2026-01-23 15:32:57,8Cap Raw,EURUSD,1.17419,1.1742,1e-05,1,Overlap,Friday
2026-01-23 15:32:58,8Cap Raw,GBPUSD,1.35332,1.35333,1e-05,1,Overlap,Friday
2026-01-23 15:32:59,8Cap Raw,USDJPY,158.133,158.134,0.001,1,Overlap,Friday
2026-01-23 15:32:59,8Cap Raw,AUDUSD,0.68593,0.68596,3e-05,3,Overlap,Friday
2026-01-23 15:37:17,Pepperstone Razor,XAUUSD,4927.98,4928.25,0.27,27,Overlap,Friday
2026-01-23 15:37:18,Pepperstone Razor,EURUSD,1.17413,1.17413,0.0,0,Overlap,Friday
2026-01-23 15:37:18,Pepperstone Razor,GBPUSD,1.35299,1.353,1e-05,1,Overlap,Friday
2026-01-23 15:37:19,Pepperstone Razor,USDJPY,158.151,158.154,0.003,3,Overlap,Friday
2026-01-23 15:37:20,Pepperstone Razor,AUDUSD,0.68602,0.68603,1e-05,1,Overlap,Friday
2026-01-23 15:37:24,FusionMarkets Zero,XAUUSD,4929.72,4929.82,0.1,10,Overlap,Friday
2026-01-23 15:37:24,FusionMarkets Zero,EURUSD,1.17416,1.17416,0.0,0,Overlap,Friday
2026-01-23 15:37:25,FusionMarkets Zero,GBPUSD,1.3531,1.3531,0.0,0,Overlap,Friday
2026-01-23 15:37:26,FusionMarkets Zero,USDJPY,158.152,158.152,0.0,0,Overlap,Friday
2026-01-23 15:37:27,FusionMarkets Zero,AUDUSD,0.68607,0.68607,0.0,0,Overlap,Friday
2026-01-23 15:37:31,ThinkMarkets ThinkZero,XAUUSD,4931.34,4931.42,0.08,8,Overlap,Friday
2026-01-23 15:37:31,ThinkMarkets ThinkZero,EURUSD,1.17413,1.17416,3e-05,3,Overlap,Friday
2026-01-23 15:37:32,ThinkMarkets ThinkZero,GBPUSD,1.35307,1.3531,3e-05,3,Overlap,Friday
2026-01-23 15:37:33,ThinkMarkets ThinkZero,USDJPY,158.155,158.16,0.005,5,Overlap,Friday
2026-01-23 15:37:34,ThinkMarkets ThinkZero,AUDUSD,0.68605,0.68606,1e-05,1,Overlap,Friday
2026-01-23 15:37:37,ICMarkets Raw,XAUUSD,4931.84,4931.94,0.1,10,Overlap,Friday
2026-01-23 15:37:38,ICMarkets Raw,EURUSD,1.17414,1.17414,0.0,0,Overlap,Friday
2026-01-23 15:37:39,ICMarkets Raw,GBPUSD,1.35307,1.35308,1e-05,1,Overlap,Friday
2026-01-23 15:37:40,ICMarkets Raw,USDJPY,158.169,158.169,0.0,0,Overlap,Friday
2026-01-23 15:37:41,ICMarkets Raw,AUDUSD,0.68607,0.68607,0.0,0,Overlap,Friday
2026-01-23 15:37:43,VantageMarkets Raw,XAUUSD,4931.43,4931.51,0.08,8,Overlap,Friday
2026-01-23 15:37:44,VantageMarkets Raw,EURUSD,1.17414,1.17416,2e-05,2,Overlap,Friday
2026-01-23 15:37:45,VantageMarkets Raw,GBPUSD,1.35304,1.35305,1e-05,1,Overlap,Friday
2026-01-23 15:37:46,VantageMarkets Raw,USDJPY,158.172,158.173,0.001,1,Overlap,Friday
2026-01-23 15:37:47,VantageMarkets Raw,AUDUSD,0.68603,0.68607,4e-05,4,Overlap,Friday
2026-01-23 15:37:50,FPMarkets Raw,XAUUSD,4931.89,4931.96,0.07,7,Overlap,Friday
2026-01-23 15:37:51,FPMarkets Raw,EURUSD,1.17403,1.17405,2e-05,2,Overlap,Friday
2026-01-23 15:37:52,FPMarkets Raw,GBPUSD,1.35299,1.35302,3e-05,3,Overlap,Friday
2026-01-23 15:37:53,FPMarkets Raw,USDJPY,158.168,158.171,0.003,3,Overlap,Friday
2026-01-23 15:37:54,FPMarkets Raw,AUDUSD,0.68604,0.68607,3e-05,3,Overlap,Friday
2026-01-23 15:37:55,8Cap Raw,XAUUSD,4931.65,4931.81,0.16,16,Overlap,Friday
2026-01-23 15:37:56,8Cap Raw,EURUSD,1.17403,1.17403,0.0,0,Overlap,Friday
2026-01-23 15:37:57,8Cap Raw,GBPUSD,1.35303,1.35304,1e-05,1,Overlap,Friday
2026-01-23 15:37:58,8Cap Raw,USDJPY,158.168,158.169,0.001,1,Overlap,Friday
2026-01-23 15:37:58,8Cap Raw,AUDUSD,0.68604,0.68607,3e-05,3,Overlap,Friday
2026-01-23 15:42:17,Pepperstone Razor,XAUUSD,4931.79,4932.0,0.21,21,Overlap,Friday
2026-01-23 15:42:17,Pepperstone Razor,EURUSD,1.17398,1.17398,0.0,0,Overlap,Friday
2026-01-23 15:42:18,Pepperstone Razor,GBPUSD,1.35291,1.35292,1e-05,1,Overlap,Friday
2026-01-23 15:42:19,Pepperstone Razor,USDJPY,158.197,158.198,0.001,1,Overlap,Friday
2026-01-23 15:42:20,Pepperstone Razor,AUDUSD,0.68585,0.68586,1e-05,1,Overlap,Friday
2026-01-23 15:42:24,FusionMarkets Zero,XAUUSD,4931.65,4931.76,0.11,11,Overlap,Friday
2026-01-23 15:42:24,FusionMarkets Zero,EURUSD,1.17402,1.17402,0.0,0,Overlap,Friday
2026-01-23 15:42:25,FusionMarkets Zero,GBPUSD,1.35303,1.35303,0.0,0,Overlap,Friday
2026-01-23 15:42:26,FusionMarkets Zero,USDJPY,158.195,158.195,0.0,0,Overlap,Friday
2026-01-23 15:42:27,FusionMarkets Zero,AUDUSD,0.68589,0.68589,0.0,0,Overlap,Friday
2026-01-23 15:42:31,ThinkMarkets ThinkZero,XAUUSD,4932.28,4932.36,0.08,8,Overlap,Friday
2026-01-23 15:42:31,ThinkMarkets ThinkZero,EURUSD,1.17405,1.17406,1e-05,1,Overlap,Friday
2026-01-23 15:42:32,ThinkMarkets ThinkZero,GBPUSD,1.353,1.35305,5e-05,5,Overlap,Friday
2026-01-23 15:42:33,ThinkMarkets ThinkZero,USDJPY,158.193,158.197,0.004,4,Overlap,Friday
2026-01-23 15:42:34,ThinkMarkets ThinkZero,AUDUSD,0.68586,0.68588,2e-05,2,Overlap,Friday
2026-01-23 15:42:37,ICMarkets Raw,XAUUSD,4932.26,4932.41,0.15,15,Overlap,Friday
2026-01-23 15:42:38,ICMarkets Raw,EURUSD,1.17406,1.17406,0.0,0,Overlap,Friday
2026-01-23 15:42:39,ICMarkets Raw,GBPUSD,1.35306,1.35307,1e-05,1,Overlap,Friday
2026-01-23 15:42:40,ICMarkets Raw,USDJPY,158.195,158.195,0.0,0,Overlap,Friday
2026-01-23 15:42:41,ICMarkets Raw,AUDUSD,0.68585,0.68586,1e-05,1,Overlap,Friday
2026-01-23 15:42:44,VantageMarkets Raw,XAUUSD,4932.28,4932.36,0.08,8,Overlap,Friday
2026-01-23 15:42:45,VantageMarkets Raw,EURUSD,1.17399,1.17401,2e-05,2,Overlap,Friday
2026-01-23 15:42:46,VantageMarkets Raw,GBPUSD,1.35294,1.35295,1e-05,1,Overlap,Friday
2026-01-23 15:42:47,VantageMarkets Raw,USDJPY,158.195,158.197,0.002,2,Overlap,Friday
2026-01-23 15:42:47,VantageMarkets Raw,AUDUSD,0.68583,0.68586,3e-05,3,Overlap,Friday
2026-01-23 15:42:51,FPMarkets Raw,XAUUSD,4932.77,4932.84,0.07,7,Overlap,Friday
2026-01-23 15:42:52,FPMarkets Raw,EURUSD,1.17398,1.17399,1e-05,1,Overlap,Friday
2026-01-23 15:42:53,FPMarkets Raw,GBPUSD,1.35291,1.35295,4e-05,4,Overlap,Friday
2026-01-23 15:42:53,FPMarkets Raw,USDJPY,158.194,158.197,0.003,3,Overlap,Friday
2026-01-23 15:42:54,FPMarkets Raw,AUDUSD,0.68584,0.68587,3e-05,3,Overlap,Friday
2026-01-23 15:42:57,8Cap Raw,XAUUSD,4932.79,4932.95,0.16,16,Overlap,Friday
2026-01-23 15:42:57,8Cap Raw,EURUSD,1.17399,1.174,1e-05,1,Overlap,Friday
2026-01-23 15:42:58,8Cap Raw,GBPUSD,1.35297,1.35298,1e-05,1,Overlap,Friday
2026-01-23 15:42:59,8Cap Raw,USDJPY,158.196,158.197,0.001,1,Overlap,Friday
2026-01-23 15:42:59,8Cap Raw,AUDUSD,0.68583,0.68585,2e-05,2,Overlap,Friday
2026-01-23 15:47:17,Pepperstone Razor,XAUUSD,4937.01,4937.17,0.16,16,Overlap,Friday
2026-01-23 15:47:18,Pepperstone Razor,EURUSD,1.17411,1.17411,0.0,0,Overlap,Friday
2026-01-23 15:47:19,Pepperstone Razor,GBPUSD,1.35303,1.35303,0.0,0,Overlap,Friday
2026-01-23 15:47:20,Pepperstone Razor,USDJPY,158.195,158.197,0.002,2,Overlap,Friday
2026-01-23 15:47:20,Pepperstone Razor,AUDUSD,0.68586,0.68588,2e-05,2,Overlap,Friday
2026-01-23 15:47:24,FusionMarkets Zero,XAUUSD,4936.86,4936.91,0.05,5,Overlap,Friday
2026-01-23 15:47:25,FusionMarkets Zero,EURUSD,1.17412,1.17412,0.0,0,Overlap,Friday
2026-01-23 15:47:26,FusionMarkets Zero,GBPUSD,1.35305,1.35305,0.0,0,Overlap,Friday
2026-01-23 15:47:27,FusionMarkets Zero,USDJPY,158.194,158.197,0.003,3,Overlap,Friday
2026-01-23 15:47:28,FusionMarkets Zero,AUDUSD,0.68586,0.68586,0.0,0,Overlap,Friday
2026-01-23 15:47:31,ThinkMarkets ThinkZero,XAUUSD,4936.55,4936.63,0.08,8,Overlap,Friday
2026-01-23 15:47:32,ThinkMarkets ThinkZero,EURUSD,1.17411,1.17412,1e-05,1,Overlap,Friday
2026-01-23 15:47:33,ThinkMarkets ThinkZero,GBPUSD,1.35303,1.35308,5e-05,5,Overlap,Friday
2026-01-23 15:47:34,ThinkMarkets ThinkZero,USDJPY,158.191,158.195,0.004,4,Overlap,Friday
2026-01-23 15:47:35,ThinkMarkets ThinkZero,AUDUSD,0.68583,0.68586,3e-05,3,Overlap,Friday
2026-01-23 15:47:38,ICMarkets Raw,XAUUSD,4937.16,4937.21,0.05,5,Overlap,Friday
2026-01-23 15:47:39,ICMarkets Raw,EURUSD,1.1741,1.1741,0.0,0,Overlap,Friday
2026-01-23 15:47:40,ICMarkets Raw,GBPUSD,1.35303,1.35304,1e-05,1,Overlap,Friday
2026-01-23 15:47:41,ICMarkets Raw,USDJPY,158.191,158.193,0.002,2,Overlap,Friday
2026-01-23 15:47:42,ICMarkets Raw,AUDUSD,0.68578,0.68579,1e-05,1,Overlap,Friday
2026-01-23 15:47:48,VantageMarkets Raw,XAUUSD,4937.29,4937.37,0.08,8,Overlap,Friday
2026-01-23 15:47:49,VantageMarkets Raw,EURUSD,1.17404,1.17407,3e-05,3,Overlap,Friday
2026-01-23 15:47:49,VantageMarkets Raw,GBPUSD,1.35303,1.35304,1e-05,1,Overlap,Friday
2026-01-23 15:47:50,VantageMarkets Raw,USDJPY,158.191,158.197,0.006,6,Overlap,Friday
2026-01-23 15:47:51,VantageMarkets Raw,AUDUSD,0.68579,0.68581,2e-05,2,Overlap,Friday
2026-01-23 15:47:54,FPMarkets Raw,XAUUSD,4937.08,4937.15,0.07,7,Overlap,Friday
2026-01-23 15:47:55,FPMarkets Raw,EURUSD,1.17394,1.17395,1e-05,1,Overlap,Friday
2026-01-23 15:47:56,FPMarkets Raw,GBPUSD,1.35294,1.35297,3e-05,3,Overlap,Friday
2026-01-23 15:47:57,FPMarkets Raw,USDJPY,158.193,158.196,0.003,3,Overlap,Friday
2026-01-23 15:47:58,FPMarkets Raw,AUDUSD,0.68578,0.6858,2e-05,2,Overlap,Friday
2026-01-23 15:48:00,8Cap Raw,XAUUSD,4937.77,4937.93,0.16,16,Overlap,Friday
2026-01-23 15:48:01,8Cap Raw,EURUSD,1.17394,1.17395,1e-05,1,Overlap,Friday
2026-01-23 15:48:02,8Cap Raw,GBPUSD,1.35297,1.35298,1e-05,1,Overlap,Friday
2026-01-23 15:48:02,8Cap Raw,USDJPY,158.194,158.196,0.002,2,Overlap,Friday
2026-01-23 15:48:03,8Cap Raw,AUDUSD,0.68575,0.68578,3e-05,3,Overlap,Friday
2026-01-23 15:52:17,Pepperstone Razor,XAUUSD,4938.25,4938.49,0.24,24,Overlap,Friday
2026-01-23 15:52:18,Pepperstone Razor,EURUSD,1.1737,1.1737,0.0,0,Overlap,Friday
2026-01-23 15:52:19,Pepperstone Razor,GBPUSD,1.35306,1.35306,0.0,0,Overlap,Friday
2026-01-23 15:52:19,Pepperstone Razor,USDJPY,158.22,158.221,0.001,1,Overlap,Friday
2026-01-23 15:52:20,Pepperstone Razor,AUDUSD,0.68558,0.68558,0.0,0,Overlap,Friday
2026-01-23 15:52:24,FusionMarkets Zero,XAUUSD,4937.82,4937.9,0.08,8,Overlap,Friday
2026-01-23 15:52:25,FusionMarkets Zero,EURUSD,1.17372,1.17372,0.0,0,Overlap,Friday
2026-01-23 15:52:26,FusionMarkets Zero,GBPUSD,1.35278,1.35278,0.0,0,Overlap,Friday
2026-01-23 15:52:27,FusionMarkets Zero,USDJPY,158.233,158.236,0.003,3,Overlap,Friday
2026-01-23 15:52:28,FusionMarkets Zero,AUDUSD,0.68555,0.68555,0.0,0,Overlap,Friday
2026-01-23 15:52:31,ThinkMarkets ThinkZero,XAUUSD,4937.14,4937.22,0.08,8,Overlap,Friday
2026-01-23 15:52:32,ThinkMarkets ThinkZero,EURUSD,1.17362,1.17364,2e-05,2,Overlap,Friday
2026-01-23 15:52:33,ThinkMarkets ThinkZero,GBPUSD,1.35269,1.35273,4e-05,4,Overlap,Friday
2026-01-23 15:52:34,ThinkMarkets ThinkZero,USDJPY,158.233,158.237,0.004,4,Overlap,Friday
2026-01-23 15:52:35,ThinkMarkets ThinkZero,AUDUSD,0.68553,0.68556,3e-05,3,Overlap,Friday
2026-01-23 15:52:38,ICMarkets Raw,XAUUSD,4937.12,4937.2,0.08,8,Overlap,Friday
2026-01-23 15:52:39,ICMarkets Raw,EURUSD,1.17363,1.17363,0.0,0,Overlap,Friday
2026-01-23 15:52:40,ICMarkets Raw,GBPUSD,1.35272,1.35276,4e-05,4,Overlap,Friday
2026-01-23 15:52:41,ICMarkets Raw,USDJPY,158.231,158.233,0.002,2,Overlap,Friday
2026-01-23 15:52:42,ICMarkets Raw,AUDUSD,0.68551,0.68552,1e-05,1,Overlap,Friday
2026-01-23 15:52:45,VantageMarkets Raw,XAUUSD,4937.99,4938.07,0.08,8,Overlap,Friday
2026-01-23 15:52:46,VantageMarkets Raw,EURUSD,1.17359,1.17361,2e-05,2,Overlap,Friday
2026-01-23 15:52:47,VantageMarkets Raw,GBPUSD,1.35265,1.35268,3e-05,3,Overlap,Friday
2026-01-23 15:52:48,VantageMarkets Raw,USDJPY,158.242,158.248,0.006,6,Overlap,Friday
2026-01-23 15:52:49,VantageMarkets Raw,AUDUSD,0.68547,0.6855,3e-05,3,Overlap,Friday
2026-01-23 15:52:52,FPMarkets Raw,XAUUSD,4937.83,4937.9,0.07,7,Overlap,Friday
2026-01-23 15:52:53,FPMarkets Raw,EURUSD,1.17359,1.1736,1e-05,1,Overlap,Friday
2026-01-23 15:52:54,FPMarkets Raw,GBPUSD,1.35264,1.35267,3e-05,3,Overlap,Friday
2026-01-23 15:52:55,FPMarkets Raw,USDJPY,158.244,158.247,0.003,3,Overlap,Friday
2026-01-23 15:52:56,FPMarkets Raw,AUDUSD,0.68547,0.6855,3e-05,3,Overlap,Friday
2026-01-23 15:52:58,8Cap Raw,XAUUSD,4938.02,4938.18,0.16,16,Overlap,Friday
2026-01-23 15:52:59,8Cap Raw,EURUSD,1.17357,1.17357,0.0,0,Overlap,Friday
2026-01-23 15:52:59,8Cap Raw,GBPUSD,1.35264,1.35267,3e-05,3,Overlap,Friday
2026-01-23 15:53:00,8Cap Raw,USDJPY,158.243,158.244,0.001,1,Overlap,Friday
2026-01-23 15:53:01,8Cap Raw,AUDUSD,0.68548,0.6855,2e-05,2,Overlap,Friday
2026-01-23 15:57:17,Pepperstone Razor,XAUUSD,4936.06,4936.22,0.16,16,Overlap,Friday
2026-01-23 15:57:18,Pepperstone Razor,EURUSD,1.17338,1.17339,1e-05,1,Overlap,Friday
2026-01-23 15:57:18,Pepperstone Razor,GBPUSD,1.3526,1.3526,0.0,0,Overlap,Friday
2026-01-23 15:57:19,Pepperstone Razor,USDJPY,158.252,158.254,0.002,2,Overlap,Friday
2026-01-23 15:57:20,Pepperstone Razor,AUDUSD,0.68504,0.68505,1e-05,1,Overlap,Friday
2026-01-23 15:57:24,FusionMarkets Zero,XAUUSD,4937.09,4937.29,0.2,20,Overlap,Friday
2026-01-23 15:57:25,FusionMarkets Zero,EURUSD,1.17337,1.17337,0.0,0,Overlap,Friday
2026-01-23 15:57:26,FusionMarkets Zero,GBPUSD,1.35259,1.35259,0.0,0,Overlap,Friday
2026-01-23 15:57:27,FusionMarkets Zero,USDJPY,158.255,158.255,0.0,0,Overlap,Friday
2026-01-23 15:57:28,FusionMarkets Zero,AUDUSD,0.68505,0.68505,0.0,0,Overlap,Friday
2026-01-23 15:57:31,ThinkMarkets ThinkZero,XAUUSD,4938.65,4938.73,0.08,8,Overlap,Friday
2026-01-23 15:57:32,ThinkMarkets ThinkZero,EURUSD,1.17337,1.17339,2e-05,2,Overlap,Friday
2026-01-23 15:57:33,ThinkMarkets ThinkZero,GBPUSD,1.35258,1.35261,3e-05,3,Overlap,Friday
2026-01-23 15:57:34,ThinkMarkets ThinkZero,USDJPY,158.253,158.257,0.004,4,Overlap,Friday
2026-01-23 15:57:35,ThinkMarkets ThinkZero,AUDUSD,0.68503,0.68507,4e-05,4,Overlap,Friday
2026-01-23 15:57:38,ICMarkets Raw,XAUUSD,4938.0,4938.09,0.09,9,Overlap,Friday
2026-01-23 15:57:39,ICMarkets Raw,EURUSD,1.17339,1.17339,0.0,0,Overlap,Friday
2026-01-23 15:57:40,ICMarkets Raw,GBPUSD,1.35263,1.35264,1e-05,1,Overlap,Friday
2026-01-23 15:57:41,ICMarkets Raw,USDJPY,158.25,158.25,0.0,0,Overlap,Friday
2026-01-23 15:57:42,ICMarkets Raw,AUDUSD,0.68507,0.68508,1e-05,1,Overlap,Friday
2026-01-23 15:57:45,VantageMarkets Raw,XAUUSD,4936.95,4937.03,0.08,8,Overlap,Friday
2026-01-23 15:57:46,VantageMarkets Raw,EURUSD,1.17332,1.17333,1e-05,1,Overlap,Friday
2026-01-23 15:57:47,VantageMarkets Raw,GBPUSD,1.35255,1.35257,2e-05,2,Overlap,Friday
2026-01-23 15:57:47,VantageMarkets Raw,USDJPY,158.256,158.258,0.002,2,Overlap,Friday
2026-01-23 15:57:48,VantageMarkets Raw,AUDUSD,0.68506,0.6851,4e-05,4,Overlap,Friday
2026-01-23 15:57:52,FPMarkets Raw,XAUUSD,4938.21,4938.28,0.07,7,Overlap,Friday
2026-01-23 15:57:53,FPMarkets Raw,EURUSD,1.17331,1.17333,2e-05,2,Overlap,Friday
2026-01-23 15:57:54,FPMarkets Raw,GBPUSD,1.35254,1.35257,3e-05,3,Overlap,Friday
2026-01-23 15:57:55,FPMarkets Raw,USDJPY,158.255,158.258,0.003,3,Overlap,Friday
2026-01-23 15:57:56,FPMarkets Raw,AUDUSD,0.68508,0.6851,2e-05,2,Overlap,Friday
2026-01-23 15:57:57,8Cap Raw,XAUUSD,4938.12,4938.28,0.16,16,Overlap,Friday
2026-01-23 15:57:58,8Cap Raw,EURUSD,1.17332,1.17332,0.0,0,Overlap,Friday
2026-01-23 15:57:59,8Cap Raw,GBPUSD,1.35255,1.35257,2e-05,2,Overlap,Friday
2026-01-23 15:57:59,8Cap Raw,USDJPY,158.255,158.256,0.001,1,Overlap,Friday
2026-01-23 15:58:00,8Cap Raw,AUDUSD,0.68507,0.6851,3e-05,3,Overlap,Friday
2026-01-23 16:02:16,Pepperstone Razor,XAUUSD,4937.04,4937.2,0.16,16,NewYork,Friday
2026-01-23 16:02:17,Pepperstone Razor,EURUSD,1.17324,1.17326,2e-05,2,NewYork,Friday
2026-01-23 16:02:18,Pepperstone Razor,GBPUSD,1.35215,1.35217,2e-05,2,NewYork,Friday
2026-01-23 16:02:19,Pepperstone Razor,USDJPY,158.307,158.31,0.003,3,NewYork,Friday
2026-01-23 16:02:20,Pepperstone Razor,AUDUSD,0.68505,0.68505,0.0,0,NewYork,Friday
2026-01-23 16:02:23,FusionMarkets Zero,XAUUSD,4937.95,4938.04,0.09,9,NewYork,Friday
2026-01-23 16:02:24,FusionMarkets Zero,EURUSD,1.17328,1.17328,0.0,0,NewYork,Friday
2026-01-23 16:02:24,FusionMarkets Zero,GBPUSD,1.35215,1.35215,0.0,0,NewYork,Friday
2026-01-23 16:02:25,FusionMarkets Zero,USDJPY,158.305,158.309,0.004,4,NewYork,Friday
2026-01-23 16:02:26,FusionMarkets Zero,AUDUSD,0.68502,0.68502,0.0,0,NewYork,Friday
2026-01-23 16:02:29,ThinkMarkets ThinkZero,XAUUSD,4937.54,4937.62,0.08,8,NewYork,Friday
2026-01-23 16:02:30,ThinkMarkets ThinkZero,EURUSD,1.17319,1.1732,1e-05,1,NewYork,Friday
2026-01-23 16:02:31,ThinkMarkets ThinkZero,GBPUSD,1.3521,1.35215,5e-05,5,NewYork,Friday
2026-01-23 16:02:32,ThinkMarkets ThinkZero,USDJPY,158.31,158.31,0.0,0,NewYork,Friday
2026-01-23 16:02:33,ThinkMarkets ThinkZero,AUDUSD,0.685,0.68502,2e-05,2,NewYork,Friday
2026-01-23 16:02:36,ICMarkets Raw,XAUUSD,4937.07,4937.16,0.09,9,NewYork,Friday
2026-01-23 16:02:37,ICMarkets Raw,EURUSD,1.17328,1.17329,1e-05,1,NewYork,Friday
2026-01-23 16:02:38,ICMarkets Raw,GBPUSD,1.35219,1.35224,5e-05,5,NewYork,Friday
2026-01-23 16:02:38,ICMarkets Raw,USDJPY,158.306,158.309,0.003,3,NewYork,Friday
2026-01-23 16:02:39,ICMarkets Raw,AUDUSD,0.68504,0.68504,0.0,0,NewYork,Friday
2026-01-23 16:02:42,VantageMarkets Raw,XAUUSD,4937.0,4937.08,0.08,8,NewYork,Friday
2026-01-23 16:02:43,VantageMarkets Raw,EURUSD,1.17323,1.17326,3e-05,3,NewYork,Friday
2026-01-23 16:02:44,VantageMarkets Raw,GBPUSD,1.35216,1.35219,3e-05,3,NewYork,Friday
2026-01-23 16:02:45,VantageMarkets Raw,USDJPY,158.301,158.311,0.01,10,NewYork,Friday
2026-01-23 16:02:46,VantageMarkets Raw,AUDUSD,0.68498,0.68502,4e-05,4,NewYork,Friday
2026-01-23 16:02:48,FPMarkets Raw,XAUUSD,4937.34,4937.41,0.07,7,NewYork,Friday
2026-01-23 16:02:49,FPMarkets Raw,EURUSD,1.17327,1.17329,2e-05,2,NewYork,Friday
2026-01-23 16:02:51,FPMarkets Raw,GBPUSD,1.35214,1.35217,3e-05,3,NewYork,Friday
2026-01-23 16:02:52,FPMarkets Raw,USDJPY,158.303,158.306,0.003,3,NewYork,Friday
2026-01-23 16:02:53,FPMarkets Raw,AUDUSD,0.68499,0.68501,2e-05,2,NewYork,Friday
2026-01-23 16:02:55,8Cap Raw,XAUUSD,4937.0,4937.16,0.16,16,NewYork,Friday
2026-01-23 16:02:56,8Cap Raw,EURUSD,1.17326,1.17327,1e-05,1,NewYork,Friday
2026-01-23 16:02:56,8Cap Raw,GBPUSD,1.35214,1.35216,2e-05,2,NewYork,Friday
2026-01-23 16:02:57,8Cap Raw,USDJPY,158.304,158.307,0.003,3,NewYork,Friday
2026-01-23 16:02:58,8Cap Raw,AUDUSD,0.68495,0.68497,2e-05,2,NewYork,Friday
2026-01-23 16:07:16,Pepperstone Razor,XAUUSD,4940.79,4940.97,0.18,18,NewYork,Friday
2026-01-23 16:07:17,Pepperstone Razor,EURUSD,1.17346,1.17346,0.0,0,NewYork,Friday
2026-01-23 16:07:18,Pepperstone Razor,GBPUSD,1.35241,1.35242,1e-05,1,NewYork,Friday
2026-01-23 16:07:19,Pepperstone Razor,USDJPY,158.316,158.319,0.003,3,NewYork,Friday
2026-01-23 16:07:19,Pepperstone Razor,AUDUSD,0.68505,0.68506,1e-05,1,NewYork,Friday
2026-01-23 16:07:22,FusionMarkets Zero,XAUUSD,4941.19,4941.24,0.05,5,NewYork,Friday
2026-01-23 16:07:23,FusionMarkets Zero,EURUSD,1.17347,1.17347,0.0,0,NewYork,Friday
2026-01-23 16:07:24,FusionMarkets Zero,GBPUSD,1.35237,1.35237,0.0,0,NewYork,Friday
2026-01-23 16:07:25,FusionMarkets Zero,USDJPY,158.323,158.327,0.004,4,NewYork,Friday
2026-01-23 16:07:26,FusionMarkets Zero,AUDUSD,0.68509,0.68509,0.0,0,NewYork,Friday
2026-01-23 16:07:29,ThinkMarkets ThinkZero,XAUUSD,4941.78,4941.86,0.08,8,NewYork,Friday
2026-01-23 16:07:30,ThinkMarkets ThinkZero,EURUSD,1.17346,1.17349,3e-05,3,NewYork,Friday
2026-01-23 16:07:30,ThinkMarkets ThinkZero,GBPUSD,1.35237,1.35241,4e-05,4,NewYork,Friday
2026-01-23 16:07:31,ThinkMarkets ThinkZero,USDJPY,158.322,158.326,0.004,4,NewYork,Friday
2026-01-23 16:07:32,ThinkMarkets ThinkZero,AUDUSD,0.68507,0.68508,1e-05,1,NewYork,Friday
2026-01-23 16:07:35,ICMarkets Raw,XAUUSD,4942.02,4942.08,0.06,6,NewYork,Friday
2026-01-23 16:07:36,ICMarkets Raw,EURUSD,1.17349,1.17349,0.0,0,NewYork,Friday
2026-01-23 16:07:37,ICMarkets Raw,GBPUSD,1.35246,1.35247,1e-05,1,NewYork,Friday
2026-01-23 16:07:37,ICMarkets Raw,USDJPY,158.321,158.324,0.003,3,NewYork,Friday
2026-01-23 16:07:38,ICMarkets Raw,AUDUSD,0.68511,0.68511,0.0,0,NewYork,Friday
2026-01-23 16:07:41,VantageMarkets Raw,XAUUSD,4941.35,4941.43,0.08,8,NewYork,Friday
2026-01-23 16:07:42,VantageMarkets Raw,EURUSD,1.17354,1.17356,2e-05,2,NewYork,Friday
2026-01-23 16:07:43,VantageMarkets Raw,GBPUSD,1.35246,1.35247,1e-05,1,NewYork,Friday
2026-01-23 16:07:44,VantageMarkets Raw,USDJPY,158.317,158.321,0.004,4,NewYork,Friday
2026-01-23 16:07:45,VantageMarkets Raw,AUDUSD,0.68513,0.68516,3e-05,3,NewYork,Friday
2026-01-23 16:07:47,FPMarkets Raw,XAUUSD,4941.72,4941.79,0.07,7,NewYork,Friday
2026-01-23 16:07:48,FPMarkets Raw,EURUSD,1.17352,1.17354,2e-05,2,NewYork,Friday
2026-01-23 16:07:49,FPMarkets Raw,GBPUSD,1.35247,1.3525,3e-05,3,NewYork,Friday
2026-01-23 16:07:50,FPMarkets Raw,USDJPY,158.318,158.321,0.003,3,NewYork,Friday
2026-01-23 16:07:51,FPMarkets Raw,AUDUSD,0.68512,0.68515,3e-05,3,NewYork,Friday
2026-01-23 16:07:53,8Cap Raw,XAUUSD,4941.99,4942.15,0.16,16,NewYork,Friday
2026-01-23 16:07:54,8Cap Raw,EURUSD,1.17357,1.17358,1e-05,1,NewYork,Friday
2026-01-23 16:07:54,8Cap Raw,GBPUSD,1.3525,1.35251,1e-05,1,NewYork,Friday
2026-01-23 16:07:55,8Cap Raw,USDJPY,158.308,158.311,0.003,3,NewYork,Friday
2026-01-23 16:07:56,8Cap Raw,AUDUSD,0.68514,0.68516,2e-05,2,NewYork,Friday
2026-01-23 16:12:19,Pepperstone Razor,XAUUSD,4945.02,4945.18,0.16,16,NewYork,Friday
2026-01-23 16:12:20,Pepperstone Razor,EURUSD,1.17385,1.17385,0.0,0,NewYork,Friday
2026-01-23 16:12:21,Pepperstone Razor,GBPUSD,1.35283,1.35284,1e-05,1,NewYork,Friday
2026-01-23 16:12:22,Pepperstone Razor,USDJPY,158.292,158.298,0.006,6,NewYork,Friday
2026-01-23 16:12:23,Pepperstone Razor,AUDUSD,0.6853,0.6853,0.0,0,NewYork,Friday
2026-01-23 16:12:26,FusionMarkets Zero,XAUUSD,4946.87,4946.98,0.11,11,NewYork,Friday
2026-01-23 16:12:27,FusionMarkets Zero,EURUSD,1.17389,1.17389,0.0,0,NewYork,Friday
2026-01-23 16:12:28,FusionMarkets Zero,GBPUSD,1.35283,1.35283,0.0,0,NewYork,Friday
2026-01-23 16:12:29,FusionMarkets Zero,USDJPY,158.293,158.297,0.004,4,NewYork,Friday
2026-01-23 16:12:30,FusionMarkets Zero,AUDUSD,0.68529,0.68529,0.0,0,NewYork,Friday
2026-01-23 16:12:33,ThinkMarkets ThinkZero,XAUUSD,4947.39,4947.47,0.08,8,NewYork,Friday
2026-01-23 16:12:34,ThinkMarkets ThinkZero,EURUSD,1.17388,1.17388,0.0,0,NewYork,Friday
2026-01-23 16:12:34,ThinkMarkets ThinkZero,GBPUSD,1.3528,1.35287,7e-05,7,NewYork,Friday
2026-01-23 16:12:35,ThinkMarkets ThinkZero,USDJPY,158.292,158.297,0.005,5,NewYork,Friday
2026-01-23 16:12:36,ThinkMarkets ThinkZero,AUDUSD,0.68527,0.68529,2e-05,2,NewYork,Friday
2026-01-23 16:12:39,ICMarkets Raw,XAUUSD,4946.51,4946.61,0.1,10,NewYork,Friday
2026-01-23 16:12:40,ICMarkets Raw,EURUSD,1.17386,1.17387,1e-05,1,NewYork,Friday
2026-01-23 16:12:41,ICMarkets Raw,GBPUSD,1.35286,1.35287,1e-05,1,NewYork,Friday
2026-01-23 16:12:42,ICMarkets Raw,USDJPY,158.294,158.296,0.002,2,NewYork,Friday
2026-01-23 16:12:43,ICMarkets Raw,AUDUSD,0.68528,0.68528,0.0,0,NewYork,Friday
2026-01-23 16:12:45,VantageMarkets Raw,XAUUSD,4947.61,4947.69,0.08,8,NewYork,Friday
2026-01-23 16:12:46,VantageMarkets Raw,EURUSD,1.17388,1.1739,2e-05,2,NewYork,Friday
2026-01-23 16:12:47,VantageMarkets Raw,GBPUSD,1.35284,1.35285,1e-05,1,NewYork,Friday
2026-01-23 16:12:48,VantageMarkets Raw,USDJPY,158.288,158.298,0.01,10,NewYork,Friday
2026-01-23 16:12:48,VantageMarkets Raw,AUDUSD,0.68526,0.68528,2e-05,2,NewYork,Friday
2026-01-23 16:12:51,FPMarkets Raw,XAUUSD,4947.31,4947.38,0.07,7,NewYork,Friday
2026-01-23 16:12:52,FPMarkets Raw,EURUSD,1.17389,1.1739,1e-05,1,NewYork,Friday
2026-01-23 16:12:53,FPMarkets Raw,GBPUSD,1.35285,1.35289,4e-05,4,NewYork,Friday
2026-01-23 16:12:54,FPMarkets Raw,USDJPY,158.288,158.291,0.003,3,NewYork,Friday
2026-01-23 16:12:55,FPMarkets Raw,AUDUSD,0.68527,0.6853,3e-05,3,NewYork,Friday
2026-01-23 16:12:58,8Cap Raw,XAUUSD,4947.27,4947.43,0.16,16,NewYork,Friday
2026-01-23 16:12:58,8Cap Raw,EURUSD,1.17389,1.17389,0.0,0,NewYork,Friday
2026-01-23 16:12:59,8Cap Raw,GBPUSD,1.35285,1.35286,1e-05,1,NewYork,Friday
2026-01-23 16:13:00,8Cap Raw,USDJPY,158.282,158.285,0.003,3,NewYork,Friday
2026-01-23 16:13:00,8Cap Raw,AUDUSD,0.68527,0.6853,3e-05,3,NewYork,Friday
2026-01-23 16:17:16,Pepperstone Razor,XAUUSD,4942.41,4942.59,0.18,18,NewYork,Friday
2026-01-23 16:17:17,Pepperstone Razor,EURUSD,1.17382,1.17382,0.0,0,NewYork,Friday
2026-01-23 16:17:18,Pepperstone Razor,GBPUSD,1.35277,1.35277,0.0,0,NewYork,Friday
2026-01-23 16:17:20,Pepperstone Razor,USDJPY,158.254,158.257,0.003,3,NewYork,Friday
2026-01-23 16:17:21,Pepperstone Razor,AUDUSD,0.68523,0.68524,1e-05,1,NewYork,Friday
2026-01-23 16:17:24,FusionMarkets Zero,XAUUSD,4942.28,4942.34,0.06,6,NewYork,Friday
2026-01-23 16:17:25,FusionMarkets Zero,EURUSD,1.17388,1.17388,0.0,0,NewYork,Friday
2026-01-23 16:17:25,FusionMarkets Zero,GBPUSD,1.35279,1.35279,0.0,0,NewYork,Friday
2026-01-23 16:17:26,FusionMarkets Zero,USDJPY,158.26,158.26,0.0,0,NewYork,Friday
2026-01-23 16:17:27,FusionMarkets Zero,AUDUSD,0.68523,0.68523,0.0,0,NewYork,Friday
2026-01-23 16:17:30,ThinkMarkets ThinkZero,XAUUSD,4942.13,4942.21,0.08,8,NewYork,Friday
2026-01-23 16:17:31,ThinkMarkets ThinkZero,EURUSD,1.17382,1.17382,0.0,0,NewYork,Friday
2026-01-23 16:17:32,ThinkMarkets ThinkZero,GBPUSD,1.35277,1.35281,4e-05,4,NewYork,Friday
2026-01-23 16:17:33,ThinkMarkets ThinkZero,USDJPY,158.258,158.261,0.003,3,NewYork,Friday
2026-01-23 16:17:34,ThinkMarkets ThinkZero,AUDUSD,0.68522,0.68525,3e-05,3,NewYork,Friday
2026-01-23 16:17:37,ICMarkets Raw,XAUUSD,4941.28,4941.38,0.1,10,NewYork,Friday
2026-01-23 16:17:38,ICMarkets Raw,EURUSD,1.17382,1.17382,0.0,0,NewYork,Friday
2026-01-23 16:17:39,ICMarkets Raw,GBPUSD,1.35276,1.35277,1e-05,1,NewYork,Friday
2026-01-23 16:17:40,ICMarkets Raw,USDJPY,158.268,158.27,0.002,2,NewYork,Friday
2026-01-23 16:17:41,ICMarkets Raw,AUDUSD,0.68524,0.68524,0.0,0,NewYork,Friday
2026-01-23 16:17:44,VantageMarkets Raw,XAUUSD,4941.91,4941.99,0.08,8,NewYork,Friday
2026-01-23 16:17:45,VantageMarkets Raw,EURUSD,1.17385,1.17387,2e-05,2,NewYork,Friday
2026-01-23 16:17:46,VantageMarkets Raw,GBPUSD,1.35277,1.35278,1e-05,1,NewYork,Friday
2026-01-23 16:17:46,VantageMarkets Raw,USDJPY,158.267,158.268,0.001,1,NewYork,Friday
2026-01-23 16:17:47,VantageMarkets Raw,AUDUSD,0.68526,0.68529,3e-05,3,NewYork,Friday
2026-01-23 16:17:51,FPMarkets Raw,XAUUSD,4941.12,4941.41,0.29,29,NewYork,Friday
2026-01-23 16:17:52,FPMarkets Raw,EURUSD,1.17389,1.1739,1e-05,1,NewYork,Friday
2026-01-23 16:17:53,FPMarkets Raw,GBPUSD,1.35273,1.35276,3e-05,3,NewYork,Friday
2026-01-23 16:17:54,FPMarkets Raw,USDJPY,158.256,158.259,0.003,3,NewYork,Friday
2026-01-23 16:17:54,FPMarkets Raw,AUDUSD,0.68523,0.68526,3e-05,3,NewYork,Friday
2026-01-23 16:17:56,8Cap Raw,XAUUSD,4941.58,4941.74,0.16,16,NewYork,Friday
2026-01-23 16:17:57,8Cap Raw,EURUSD,1.17388,1.17388,0.0,0,NewYork,Friday
2026-01-23 16:17:58,8Cap Raw,GBPUSD,1.35275,1.35276,1e-05,1,NewYork,Friday
2026-01-23 16:17:58,8Cap Raw,USDJPY,158.26,158.261,0.001,1,NewYork,Friday
2026-01-23 16:17:59,8Cap Raw,AUDUSD,0.68523,0.68526,3e-05,3,NewYork,Friday
2026-01-23 16:22:16,Pepperstone Razor,XAUUSD,4944.52,4944.68,0.16,16,NewYork,Friday
2026-01-23 16:22:17,Pepperstone Razor,EURUSD,1.17434,1.17434,0.0,0,NewYork,Friday
2026-01-23 16:22:18,Pepperstone Razor,GBPUSD,1.3527,1.35272,2e-05,2,NewYork,Friday
2026-01-23 16:22:19,Pepperstone Razor,USDJPY,158.218,158.222,0.004,4,NewYork,Friday
2026-01-23 16:22:20,Pepperstone Razor,AUDUSD,0.6854,0.6854,0.0,0,NewYork,Friday
2026-01-23 16:22:23,FusionMarkets Zero,XAUUSD,4944.64,4944.72,0.08,8,NewYork,Friday
2026-01-23 16:22:24,FusionMarkets Zero,EURUSD,1.1744,1.1744,0.0,0,NewYork,Friday
2026-01-23 16:22:25,FusionMarkets Zero,GBPUSD,1.35276,1.35276,0.0,0,NewYork,Friday
2026-01-23 16:22:25,FusionMarkets Zero,USDJPY,158.217,158.221,0.004,4,NewYork,Friday
2026-01-23 16:22:26,FusionMarkets Zero,AUDUSD,0.6854,0.6854,0.0,0,NewYork,Friday
2026-01-23 16:22:30,ThinkMarkets ThinkZero,XAUUSD,4944.26,4944.34,0.08,8,NewYork,Friday
2026-01-23 16:22:31,ThinkMarkets ThinkZero,EURUSD,1.17443,1.17445,2e-05,2,NewYork,Friday
2026-01-23 16:22:31,ThinkMarkets ThinkZero,GBPUSD,1.35271,1.35278,7e-05,7,NewYork,Friday
2026-01-23 16:22:32,ThinkMarkets ThinkZero,USDJPY,158.218,158.223,0.005,5,NewYork,Friday
2026-01-23 16:22:33,ThinkMarkets ThinkZero,AUDUSD,0.68539,0.6854,1e-05,1,NewYork,Friday
2026-01-23 16:22:36,ICMarkets Raw,XAUUSD,4944.28,4944.34,0.06,6,NewYork,Friday
2026-01-23 16:22:37,ICMarkets Raw,EURUSD,1.17442,1.17442,0.0,0,NewYork,Friday
2026-01-23 16:22:38,ICMarkets Raw,GBPUSD,1.35274,1.35275,1e-05,1,NewYork,Friday
2026-01-23 16:22:39,ICMarkets Raw,USDJPY,158.219,158.222,0.003,3,NewYork,Friday
2026-01-23 16:22:40,ICMarkets Raw,AUDUSD,0.68541,0.68541,0.0,0,NewYork,Friday
2026-01-23 16:22:43,VantageMarkets Raw,XAUUSD,4944.16,4944.24,0.08,8,NewYork,Friday
2026-01-23 16:22:44,VantageMarkets Raw,EURUSD,1.17444,1.17446,2e-05,2,NewYork,Friday
2026-01-23 16:22:45,VantageMarkets Raw,GBPUSD,1.35275,1.35276,1e-05,1,NewYork,Friday
2026-01-23 16:22:46,VantageMarkets Raw,USDJPY,158.215,158.222,0.007,7,NewYork,Friday
2026-01-23 16:22:46,VantageMarkets Raw,AUDUSD,0.68539,0.68542,3e-05,3,NewYork,Friday
2026-01-23 16:22:49,FPMarkets Raw,XAUUSD,4944.07,4944.14,0.07,7,NewYork,Friday
2026-01-23 16:22:50,FPMarkets Raw,EURUSD,1.17445,1.17447,2e-05,2,NewYork,Friday
2026-01-23 16:22:51,FPMarkets Raw,GBPUSD,1.35277,1.35281,4e-05,4,NewYork,Friday
2026-01-23 16:22:52,FPMarkets Raw,USDJPY,158.207,158.21,0.003,3,NewYork,Friday
2026-01-23 16:22:53,FPMarkets Raw,AUDUSD,0.68538,0.68541,3e-05,3,NewYork,Friday
2026-01-23 16:22:55,8Cap Raw,XAUUSD,4943.31,4943.47,0.16,16,NewYork,Friday
2026-01-23 16:22:56,8Cap Raw,EURUSD,1.17442,1.17442,0.0,0,NewYork,Friday
2026-01-23 16:22:57,8Cap Raw,GBPUSD,1.35274,1.35277,3e-05,3,NewYork,Friday
2026-01-23 16:22:57,8Cap Raw,USDJPY,158.209,158.21,0.001,1,NewYork,Friday
2026-01-23 16:22:58,8Cap Raw,AUDUSD,0.68537,0.6854,3e-05,3,NewYork,Friday
2026-01-23 16:27:16,Pepperstone Razor,XAUUSD,4941.61,4941.78,0.17,17,NewYork,Friday
2026-01-23 16:27:17,Pepperstone Razor,EURUSD,1.17441,1.17441,0.0,0,NewYork,Friday
2026-01-23 16:27:18,Pepperstone Razor,GBPUSD,1.3528,1.3528,0.0,0,NewYork,Friday
2026-01-23 16:27:19,Pepperstone Razor,USDJPY,158.238,158.241,0.003,3,NewYork,Friday
2026-01-23 16:27:20,Pepperstone Razor,AUDUSD,0.68545,0.68546,1e-05,1,NewYork,Friday
2026-01-23 16:27:23,FusionMarkets Zero,XAUUSD,4941.53,4941.58,0.05,5,NewYork,Friday
2026-01-23 16:27:24,FusionMarkets Zero,EURUSD,1.17443,1.17443,0.0,0,NewYork,Friday
2026-01-23 16:27:25,FusionMarkets Zero,GBPUSD,1.35275,1.35275,0.0,0,NewYork,Friday
2026-01-23 16:27:26,FusionMarkets Zero,USDJPY,158.243,158.243,0.0,0,NewYork,Friday
2026-01-23 16:27:26,FusionMarkets Zero,AUDUSD,0.68545,0.68545,0.0,0,NewYork,Friday
2026-01-23 16:27:30,ThinkMarkets ThinkZero,XAUUSD,4941.02,4941.1,0.08,8,NewYork,Friday
2026-01-23 16:27:31,ThinkMarkets ThinkZero,EURUSD,1.17445,1.17446,1e-05,1,NewYork,Friday
2026-01-23 16:27:32,ThinkMarkets ThinkZero,GBPUSD,1.35279,1.35285,6e-05,6,NewYork,Friday
2026-01-23 16:27:33,ThinkMarkets ThinkZero,USDJPY,158.232,158.237,0.005,5,NewYork,Friday
2026-01-23 16:27:34,ThinkMarkets ThinkZero,AUDUSD,0.68545,0.68546,1e-05,1,NewYork,Friday
2026-01-23 16:27:37,ICMarkets Raw,XAUUSD,4941.55,4941.6,0.05,5,NewYork,Friday
2026-01-23 16:27:38,ICMarkets Raw,EURUSD,1.17443,1.17444,1e-05,1,NewYork,Friday
2026-01-23 16:27:39,ICMarkets Raw,GBPUSD,1.35282,1.35283,1e-05,1,NewYork,Friday
2026-01-23 16:27:39,ICMarkets Raw,USDJPY,158.234,158.234,0.0,0,NewYork,Friday
2026-01-23 16:27:40,ICMarkets Raw,AUDUSD,0.68544,0.68544,0.0,0,NewYork,Friday
2026-01-23 16:27:43,VantageMarkets Raw,XAUUSD,4941.32,4941.4,0.08,8,NewYork,Friday
2026-01-23 16:27:44,VantageMarkets Raw,EURUSD,1.17442,1.17444,2e-05,2,NewYork,Friday
2026-01-23 16:27:45,VantageMarkets Raw,GBPUSD,1.35284,1.35285,1e-05,1,NewYork,Friday
2026-01-23 16:27:46,VantageMarkets Raw,USDJPY,158.236,158.237,0.001,1,NewYork,Friday
2026-01-23 16:27:47,VantageMarkets Raw,AUDUSD,0.68547,0.6855,3e-05,3,NewYork,Friday
2026-01-23 16:27:50,FPMarkets Raw,XAUUSD,4941.28,4941.35,0.07,7,NewYork,Friday
2026-01-23 16:27:51,FPMarkets Raw,EURUSD,1.1744,1.17441,1e-05,1,NewYork,Friday
2026-01-23 16:27:52,FPMarkets Raw,GBPUSD,1.35281,1.35285,4e-05,4,NewYork,Friday
2026-01-23 16:27:53,FPMarkets Raw,USDJPY,158.243,158.246,0.003,3,NewYork,Friday
2026-01-23 16:27:54,FPMarkets Raw,AUDUSD,0.68549,0.68551,2e-05,2,NewYork,Friday
2026-01-23 16:27:56,8Cap Raw,XAUUSD,4940.99,4941.15,0.16,16,NewYork,Friday
2026-01-23 16:27:57,8Cap Raw,EURUSD,1.1744,1.17441,1e-05,1,NewYork,Friday
2026-01-23 16:27:57,8Cap Raw,GBPUSD,1.35282,1.35283,1e-05,1,NewYork,Friday
2026-01-23 16:27:58,8Cap Raw,USDJPY,158.243,158.244,0.001,1,NewYork,Friday
2026-01-23 16:27:59,8Cap Raw,AUDUSD,0.68548,0.68552,4e-05,4,NewYork,Friday
2026-01-23 16:32:16,Pepperstone Razor,XAUUSD,4937.38,4937.56,0.18,18,NewYork,Friday
2026-01-23 16:32:17,Pepperstone Razor,EURUSD,1.17438,1.17438,0.0,0,NewYork,Friday
2026-01-23 16:32:18,Pepperstone Razor,GBPUSD,1.35288,1.3529,2e-05,2,NewYork,Friday
2026-01-23 16:32:19,Pepperstone Razor,USDJPY,158.275,158.278,0.003,3,NewYork,Friday
2026-01-23 16:32:20,Pepperstone Razor,AUDUSD,0.68538,0.6854,2e-05,2,NewYork,Friday
2026-01-23 16:32:23,FusionMarkets Zero,XAUUSD,4937.78,4937.95,0.17,17,NewYork,Friday
2026-01-23 16:32:24,FusionMarkets Zero,EURUSD,1.17435,1.17435,0.0,0,NewYork,Friday
2026-01-23 16:32:25,FusionMarkets Zero,GBPUSD,1.35285,1.35285,0.0,0,NewYork,Friday
2026-01-23 16:32:26,FusionMarkets Zero,USDJPY,158.282,158.285,0.003,3,NewYork,Friday
2026-01-23 16:32:27,FusionMarkets Zero,AUDUSD,0.68541,0.68541,0.0,0,NewYork,Friday
2026-01-23 16:32:30,ThinkMarkets ThinkZero,XAUUSD,4938.29,4938.37,0.08,8,NewYork,Friday
2026-01-23 16:32:31,ThinkMarkets ThinkZero,EURUSD,1.17433,1.17436,3e-05,3,NewYork,Friday
2026-01-23 16:32:32,ThinkMarkets ThinkZero,GBPUSD,1.35282,1.35289,7e-05,7,NewYork,Friday
2026-01-23 16:32:33,ThinkMarkets ThinkZero,USDJPY,158.282,158.286,0.004,4,NewYork,Friday
2026-01-23 16:32:34,ThinkMarkets ThinkZero,AUDUSD,0.6854,0.68542,2e-05,2,NewYork,Friday
2026-01-23 16:32:37,ICMarkets Raw,XAUUSD,4939.04,4939.18,0.14,14,NewYork,Friday
2026-01-23 16:32:38,ICMarkets Raw,EURUSD,1.1743,1.1743,0.0,0,NewYork,Friday
2026-01-23 16:32:39,ICMarkets Raw,GBPUSD,1.35287,1.35289,2e-05,2,NewYork,Friday
2026-01-23 16:32:40,ICMarkets Raw,USDJPY,158.292,158.294,0.002,2,NewYork,Friday
2026-01-23 16:32:41,ICMarkets Raw,AUDUSD,0.68545,0.68546,1e-05,1,NewYork,Friday
2026-01-23 16:32:44,VantageMarkets Raw,XAUUSD,4939.12,4939.2,0.08,8,NewYork,Friday
2026-01-23 16:32:45,VantageMarkets Raw,EURUSD,1.17432,1.17434,2e-05,2,NewYork,Friday
2026-01-23 16:32:46,VantageMarkets Raw,GBPUSD,1.35289,1.3529,1e-05,1,NewYork,Friday
2026-01-23 16:32:46,VantageMarkets Raw,USDJPY,158.281,158.29,0.009,9,NewYork,Friday
2026-01-23 16:32:47,VantageMarkets Raw,AUDUSD,0.6854,0.68544,4e-05,4,NewYork,Friday
2026-01-23 16:32:51,FPMarkets Raw,XAUUSD,4939.34,4939.41,0.07,7,NewYork,Friday
2026-01-23 16:32:52,FPMarkets Raw,EURUSD,1.17429,1.1743,1e-05,1,NewYork,Friday
2026-01-23 16:32:53,FPMarkets Raw,GBPUSD,1.35275,1.35278,3e-05,3,NewYork,Friday
2026-01-23 16:32:54,FPMarkets Raw,USDJPY,158.283,158.285,0.002,2,NewYork,Friday
2026-01-23 16:32:55,FPMarkets Raw,AUDUSD,0.68538,0.68541,3e-05,3,NewYork,Friday
2026-01-23 16:32:57,8Cap Raw,XAUUSD,4938.2,4938.36,0.16,16,NewYork,Friday
2026-01-23 16:32:57,8Cap Raw,EURUSD,1.1743,1.1743,0.0,0,NewYork,Friday
2026-01-23 16:32:58,8Cap Raw,GBPUSD,1.35276,1.35279,3e-05,3,NewYork,Friday
2026-01-23 16:32:59,8Cap Raw,USDJPY,158.28,158.284,0.004,4,NewYork,Friday
2026-01-23 16:32:59,8Cap Raw,AUDUSD,0.68536,0.68538,2e-05,2,NewYork,Friday
2026-01-23 16:37:17,Pepperstone Razor,XAUUSD,4945.8,4946.01,0.21,21,NewYork,Friday
2026-01-23 16:37:17,Pepperstone Razor,EURUSD,1.17455,1.17455,0.0,0,NewYork,Friday
2026-01-23 16:37:18,Pepperstone Razor,GBPUSD,1.35277,1.35277,0.0,0,NewYork,Friday
2026-01-23 16:37:19,Pepperstone Razor,USDJPY,158.301,158.303,0.002,2,NewYork,Friday
2026-01-23 16:37:20,Pepperstone Razor,AUDUSD,0.68572,0.68573,1e-05,1,NewYork,Friday
2026-01-23 16:37:24,FusionMarkets Zero,XAUUSD,4946.86,4946.98,0.12,12,NewYork,Friday
2026-01-23 16:37:25,FusionMarkets Zero,EURUSD,1.17447,1.17447,0.0,0,NewYork,Friday
2026-01-23 16:37:26,FusionMarkets Zero,GBPUSD,1.35277,1.35277,0.0,0,NewYork,Friday
2026-01-23 16:37:26,FusionMarkets Zero,USDJPY,158.306,158.309,0.003,3,NewYork,Friday
2026-01-23 16:37:27,FusionMarkets Zero,AUDUSD,0.68567,0.68567,0.0,0,NewYork,Friday
2026-01-23 16:37:31,ThinkMarkets ThinkZero,XAUUSD,4946.71,4946.79,0.08,8,NewYork,Friday
2026-01-23 16:37:31,ThinkMarkets ThinkZero,EURUSD,1.17442,1.17444,2e-05,2,NewYork,Friday
2026-01-23 16:37:32,ThinkMarkets ThinkZero,GBPUSD,1.35265,1.35271,6e-05,6,NewYork,Friday
2026-01-23 16:37:33,ThinkMarkets ThinkZero,USDJPY,158.309,158.311,0.002,2,NewYork,Friday
2026-01-23 16:37:34,ThinkMarkets ThinkZero,AUDUSD,0.68558,0.68561,3e-05,3,NewYork,Friday
2026-01-23 16:37:37,ICMarkets Raw,XAUUSD,4948.06,4948.24,0.18,18,NewYork,Friday
2026-01-23 16:37:38,ICMarkets Raw,EURUSD,1.17442,1.17442,0.0,0,NewYork,Friday
2026-01-23 16:37:39,ICMarkets Raw,GBPUSD,1.35266,1.35267,1e-05,1,NewYork,Friday
2026-01-23 16:37:40,ICMarkets Raw,USDJPY,158.31,158.31,0.0,0,NewYork,Friday
2026-01-23 16:37:41,ICMarkets Raw,AUDUSD,0.68557,0.68557,0.0,0,NewYork,Friday
2026-01-23 16:37:44,VantageMarkets Raw,XAUUSD,4948.35,4948.43,0.08,8,NewYork,Friday
2026-01-23 16:37:45,VantageMarkets Raw,EURUSD,1.17442,1.17444,2e-05,2,NewYork,Friday
2026-01-23 16:37:46,VantageMarkets Raw,GBPUSD,1.35268,1.35269,1e-05,1,NewYork,Friday
2026-01-23 16:37:47,VantageMarkets Raw,USDJPY,158.308,158.309,0.001,1,NewYork,Friday
2026-01-23 16:37:48,VantageMarkets Raw,AUDUSD,0.68553,0.68557,4e-05,4,NewYork,Friday
2026-01-23 16:37:51,FPMarkets Raw,XAUUSD,4947.66,4947.73,0.07,7,NewYork,Friday
2026-01-23 16:37:52,FPMarkets Raw,EURUSD,1.17431,1.17432,1e-05,1,NewYork,Friday
2026-01-23 16:37:53,FPMarkets Raw,GBPUSD,1.3526,1.35263,3e-05,3,NewYork,Friday
2026-01-23 16:37:54,FPMarkets Raw,USDJPY,158.309,158.312,0.003,3,NewYork,Friday
2026-01-23 16:37:55,FPMarkets Raw,AUDUSD,0.68552,0.68555,3e-05,3,NewYork,Friday
2026-01-23 16:37:57,8Cap Raw,XAUUSD,4946.61,4946.77,0.16,16,NewYork,Friday
2026-01-23 16:37:57,8Cap Raw,EURUSD,1.17433,1.17433,0.0,0,NewYork,Friday
2026-01-23 16:37:58,8Cap Raw,GBPUSD,1.3526,1.35263,3e-05,3,NewYork,Friday
2026-01-23 16:37:59,8Cap Raw,USDJPY,158.293,158.295,0.002,2,NewYork,Friday
2026-01-23 16:37:59,8Cap Raw,AUDUSD,0.68552,0.68555,3e-05,3,NewYork,Friday
2026-01-23 16:42:17,Pepperstone Razor,XAUUSD,4947.73,4947.9,0.17,17,NewYork,Friday
2026-01-23 16:42:18,Pepperstone Razor,EURUSD,1.17434,1.17435,1e-05,1,NewYork,Friday
2026-01-23 16:42:18,Pepperstone Razor,GBPUSD,1.3527,1.3527,0.0,0,NewYork,Friday
2026-01-23 16:42:19,Pepperstone Razor,USDJPY,158.319,158.319,0.0,0,NewYork,Friday
2026-01-23 16:42:20,Pepperstone Razor,AUDUSD,0.68588,0.6859,2e-05,2,NewYork,Friday
2026-01-23 16:42:23,FusionMarkets Zero,XAUUSD,4947.88,4948.16,0.28,28,NewYork,Friday
2026-01-23 16:42:24,FusionMarkets Zero,EURUSD,1.17433,1.17433,0.0,0,NewYork,Friday
2026-01-23 16:42:25,FusionMarkets Zero,GBPUSD,1.35266,1.35266,0.0,0,NewYork,Friday
2026-01-23 16:42:26,FusionMarkets Zero,USDJPY,158.327,158.33,0.003,3,NewYork,Friday
2026-01-23 16:42:27,FusionMarkets Zero,AUDUSD,0.68588,0.68588,0.0,0,NewYork,Friday
2026-01-23 16:42:31,ThinkMarkets ThinkZero,XAUUSD,4948.23,4948.31,0.08,8,NewYork,Friday
2026-01-23 16:42:32,ThinkMarkets ThinkZero,EURUSD,1.17433,1.17435,2e-05,2,NewYork,Friday
2026-01-23 16:42:33,ThinkMarkets ThinkZero,GBPUSD,1.35262,1.35266,4e-05,4,NewYork,Friday
2026-01-23 16:42:34,ThinkMarkets ThinkZero,USDJPY,158.32,158.325,0.005,5,NewYork,Friday
2026-01-23 16:42:34,ThinkMarkets ThinkZero,AUDUSD,0.68585,0.68588,3e-05,3,NewYork,Friday
2026-01-23 16:42:38,ICMarkets Raw,XAUUSD,4949.17,4949.28,0.11,11,NewYork,Friday
2026-01-23 16:42:39,ICMarkets Raw,EURUSD,1.17435,1.17435,0.0,0,NewYork,Friday
2026-01-23 16:42:39,ICMarkets Raw,GBPUSD,1.35265,1.35266,1e-05,1,NewYork,Friday
2026-01-23 16:42:40,ICMarkets Raw,USDJPY,158.323,158.325,0.002,2,NewYork,Friday
2026-01-23 16:42:41,ICMarkets Raw,AUDUSD,0.68587,0.68588,1e-05,1,NewYork,Friday
2026-01-23 16:42:44,VantageMarkets Raw,XAUUSD,4948.7,4948.78,0.08,8,NewYork,Friday
2026-01-23 16:42:45,VantageMarkets Raw,EURUSD,1.17436,1.17438,2e-05,2,NewYork,Friday
2026-01-23 16:42:46,VantageMarkets Raw,GBPUSD,1.35264,1.35265,1e-05,1,NewYork,Friday
2026-01-23 16:42:47,VantageMarkets Raw,USDJPY,158.323,158.325,0.002,2,NewYork,Friday
2026-01-23 16:42:48,VantageMarkets Raw,AUDUSD,0.68583,0.68587,4e-05,4,NewYork,Friday
2026-01-23 16:42:51,FPMarkets Raw,XAUUSD,4949.88,4949.95,0.07,7,NewYork,Friday
2026-01-23 16:42:52,FPMarkets Raw,EURUSD,1.1743,1.17431,1e-05,1,NewYork,Friday
2026-01-23 16:42:53,FPMarkets Raw,GBPUSD,1.35255,1.35258,3e-05,3,NewYork,Friday
2026-01-23 16:42:54,FPMarkets Raw,USDJPY,158.323,158.326,0.003,3,NewYork,Friday
2026-01-23 16:42:55,FPMarkets Raw,AUDUSD,0.68578,0.6858,2e-05,2,NewYork,Friday
2026-01-23 16:42:57,8Cap Raw,XAUUSD,4949.65,4949.81,0.16,16,NewYork,Friday
2026-01-23 16:42:57,8Cap Raw,EURUSD,1.17422,1.17423,1e-05,1,NewYork,Friday
2026-01-23 16:42:58,8Cap Raw,GBPUSD,1.35254,1.35255,1e-05,1,NewYork,Friday
2026-01-23 16:42:59,8Cap Raw,USDJPY,158.329,158.33,0.001,1,NewYork,Friday
2026-01-23 16:42:59,8Cap Raw,AUDUSD,0.68573,0.68576,3e-05,3,NewYork,Friday
2026-01-23 16:47:17,Pepperstone Razor,XAUUSD,4952.19,4952.39,0.2,20,NewYork,Friday
2026-01-23 16:47:18,Pepperstone Razor,EURUSD,1.1744,1.1744,0.0,0,NewYork,Friday
2026-01-23 16:47:19,Pepperstone Razor,GBPUSD,1.35281,1.35284,3e-05,3,NewYork,Friday
2026-01-23 16:47:19,Pepperstone Razor,USDJPY,158.28,158.282,0.002,2,NewYork,Friday
2026-01-23 16:47:20,Pepperstone Razor,AUDUSD,0.68582,0.68583,1e-05,1,NewYork,Friday
2026-01-23 16:47:24,FusionMarkets Zero,XAUUSD,4952.59,4952.66,0.07,7,NewYork,Friday
2026-01-23 16:47:25,FusionMarkets Zero,EURUSD,1.17439,1.17439,0.0,0,NewYork,Friday
2026-01-23 16:47:26,FusionMarkets Zero,GBPUSD,1.35282,1.35282,0.0,0,NewYork,Friday
2026-01-23 16:47:27,FusionMarkets Zero,USDJPY,158.27,158.274,0.004,4,NewYork,Friday
2026-01-23 16:47:28,FusionMarkets Zero,AUDUSD,0.68587,0.68587,0.0,0,NewYork,Friday
2026-01-23 16:47:31,ThinkMarkets ThinkZero,XAUUSD,4952.69,4952.77,0.08,8,NewYork,Friday
2026-01-23 16:47:32,ThinkMarkets ThinkZero,EURUSD,1.17433,1.17437,4e-05,4,NewYork,Friday
2026-01-23 16:47:33,ThinkMarkets ThinkZero,GBPUSD,1.3528,1.35287,7e-05,7,NewYork,Friday
2026-01-23 16:47:34,ThinkMarkets ThinkZero,USDJPY,158.28,158.288,0.008,8,NewYork,Friday
2026-01-23 16:47:35,ThinkMarkets ThinkZero,AUDUSD,0.68579,0.68582,3e-05,3,NewYork,Friday
2026-01-23 16:47:38,ICMarkets Raw,XAUUSD,4951.71,4951.94,0.23,23,NewYork,Friday
2026-01-23 16:47:39,ICMarkets Raw,EURUSD,1.17434,1.17435,1e-05,1,NewYork,Friday
2026-01-23 16:47:40,ICMarkets Raw,GBPUSD,1.35279,1.3528,1e-05,1,NewYork,Friday
2026-01-23 16:47:41,ICMarkets Raw,USDJPY,158.28,158.283,0.003,3,NewYork,Friday
2026-01-23 16:47:42,ICMarkets Raw,AUDUSD,0.68574,0.68575,1e-05,1,NewYork,Friday
2026-01-23 16:47:45,VantageMarkets Raw,XAUUSD,4952.46,4952.54,0.08,8,NewYork,Friday
2026-01-23 16:47:46,VantageMarkets Raw,EURUSD,1.17435,1.17438,3e-05,3,NewYork,Friday
2026-01-23 16:47:47,VantageMarkets Raw,GBPUSD,1.35284,1.35285,1e-05,1,NewYork,Friday
2026-01-23 16:47:48,VantageMarkets Raw,USDJPY,158.279,158.286,0.007,7,NewYork,Friday
2026-01-23 16:47:49,VantageMarkets Raw,AUDUSD,0.68573,0.68577,4e-05,4,NewYork,Friday
2026-01-23 16:47:52,FPMarkets Raw,XAUUSD,4952.75,4952.82,0.07,7,NewYork,Friday
2026-01-23 16:47:53,FPMarkets Raw,EURUSD,1.17437,1.17439,2e-05,2,NewYork,Friday
2026-01-23 16:47:54,FPMarkets Raw,GBPUSD,1.35281,1.35284,3e-05,3,NewYork,Friday
2026-01-23 16:47:55,FPMarkets Raw,USDJPY,158.273,158.276,0.003,3,NewYork,Friday
2026-01-23 16:47:56,FPMarkets Raw,AUDUSD,0.68574,0.68577,3e-05,3,NewYork,Friday
2026-01-23 16:47:58,8Cap Raw,XAUUSD,4952.97,4953.13,0.16,16,NewYork,Friday
2026-01-23 16:47:58,8Cap Raw,EURUSD,1.17433,1.17434,1e-05,1,NewYork,Friday
2026-01-23 16:47:59,8Cap Raw,GBPUSD,1.35284,1.35285,1e-05,1,NewYork,Friday
2026-01-23 16:48:00,8Cap Raw,USDJPY,158.281,158.286,0.005,5,NewYork,Friday
2026-01-23 16:48:00,8Cap Raw,AUDUSD,0.68575,0.68578,3e-05,3,NewYork,Friday
2026-01-23 16:52:17,Pepperstone Razor,XAUUSD,4954.15,4954.35,0.2,20,NewYork,Friday
2026-01-23 16:52:18,Pepperstone Razor,EURUSD,1.17452,1.17452,0.0,0,NewYork,Friday
2026-01-23 16:52:19,Pepperstone Razor,GBPUSD,1.35309,1.3531,1e-05,1,NewYork,Friday
2026-01-23 16:52:20,Pepperstone Razor,USDJPY,158.282,158.283,0.001,1,NewYork,Friday
2026-01-23 16:52:21,Pepperstone Razor,AUDUSD,0.68593,0.68595,2e-05,2,NewYork,Friday
2026-01-23 16:52:24,FusionMarkets Zero,XAUUSD,4953.57,4953.69,0.12,12,NewYork,Friday
2026-01-23 16:52:25,FusionMarkets Zero,EURUSD,1.17449,1.17449,0.0,0,NewYork,Friday
2026-01-23 16:52:26,FusionMarkets Zero,GBPUSD,1.35304,1.35304,0.0,0,NewYork,Friday
2026-01-23 16:52:27,FusionMarkets Zero,USDJPY,158.283,158.287,0.004,4,NewYork,Friday
2026-01-23 16:52:28,FusionMarkets Zero,AUDUSD,0.68599,0.68599,0.0,0,NewYork,Friday
2026-01-23 16:52:31,ThinkMarkets ThinkZero,XAUUSD,4953.71,4953.79,0.08,8,NewYork,Friday
2026-01-23 16:52:32,ThinkMarkets ThinkZero,EURUSD,1.17447,1.17449,2e-05,2,NewYork,Friday
2026-01-23 16:52:33,ThinkMarkets ThinkZero,GBPUSD,1.353,1.35306,6e-05,6,NewYork,Friday
2026-01-23 16:52:34,ThinkMarkets ThinkZero,USDJPY,158.284,158.286,0.002,2,NewYork,Friday
2026-01-23 16:52:35,ThinkMarkets ThinkZero,AUDUSD,0.68593,0.68594,1e-05,1,NewYork,Friday
2026-01-23 16:52:39,ICMarkets Raw,XAUUSD,4953.31,4953.49,0.18,18,NewYork,Friday
2026-01-23 16:52:39,ICMarkets Raw,EURUSD,1.1746,1.1746,0.0,0,NewYork,Friday
2026-01-23 16:52:40,ICMarkets Raw,GBPUSD,1.35322,1.35323,1e-05,1,NewYork,Friday
2026-01-23 16:52:41,ICMarkets Raw,USDJPY,158.275,158.277,0.002,2,NewYork,Friday
2026-01-23 16:52:42,ICMarkets Raw,AUDUSD,0.686,0.68601,1e-05,1,NewYork,Friday
2026-01-23 16:52:45,VantageMarkets Raw,XAUUSD,4954.09,4954.17,0.08,8,NewYork,Friday
2026-01-23 16:52:46,VantageMarkets Raw,EURUSD,1.17458,1.17461,3e-05,3,NewYork,Friday
2026-01-23 16:52:47,VantageMarkets Raw,GBPUSD,1.35315,1.35316,1e-05,1,NewYork,Friday
2026-01-23 16:52:48,VantageMarkets Raw,USDJPY,158.283,158.284,0.001,1,NewYork,Friday
2026-01-23 16:52:49,VantageMarkets Raw,AUDUSD,0.68603,0.68607,4e-05,4,NewYork,Friday
2026-01-23 16:52:52,FPMarkets Raw,XAUUSD,4953.45,4953.52,0.07,7,NewYork,Friday
2026-01-23 16:52:53,FPMarkets Raw,EURUSD,1.17459,1.17461,2e-05,2,NewYork,Friday
2026-01-23 16:52:54,FPMarkets Raw,GBPUSD,1.35313,1.35316,3e-05,3,NewYork,Friday
2026-01-23 16:52:55,FPMarkets Raw,USDJPY,158.283,158.286,0.003,3,NewYork,Friday
2026-01-23 16:52:56,FPMarkets Raw,AUDUSD,0.68603,0.68606,3e-05,3,NewYork,Friday
2026-01-23 16:52:58,8Cap Raw,XAUUSD,4954.03,4954.19,0.16,16,NewYork,Friday
2026-01-23 16:52:59,8Cap Raw,EURUSD,1.17459,1.1746,1e-05,1,NewYork,Friday
2026-01-23 16:53:00,8Cap Raw,GBPUSD,1.35315,1.35316,1e-05,1,NewYork,Friday
2026-01-23 16:53:00,8Cap Raw,USDJPY,158.283,158.284,0.001,1,NewYork,Friday
2026-01-23 16:53:01,8Cap Raw,AUDUSD,0.68603,0.68606,3e-05,3,NewYork,Friday
2026-01-23 16:57:17,Pepperstone Razor,XAUUSD,4951.03,4951.24,0.21,21,NewYork,Friday
2026-01-23 16:57:18,Pepperstone Razor,EURUSD,1.17482,1.17482,0.0,0,NewYork,Friday
2026-01-23 16:57:19,Pepperstone Razor,GBPUSD,1.35347,1.35347,0.0,0,NewYork,Friday
2026-01-23 16:57:19,Pepperstone Razor,USDJPY,158.255,158.258,0.003,3,NewYork,Friday
2026-01-23 16:57:20,Pepperstone Razor,AUDUSD,0.68629,0.68629,0.0,0,NewYork,Friday
2026-01-23 16:57:24,FusionMarkets Zero,XAUUSD,4951.11,4951.22,0.11,11,NewYork,Friday
2026-01-23 16:57:25,FusionMarkets Zero,EURUSD,1.17475,1.17475,0.0,0,NewYork,Friday
2026-01-23 16:57:26,FusionMarkets Zero,GBPUSD,1.35345,1.35345,0.0,0,NewYork,Friday
2026-01-23 16:57:27,FusionMarkets Zero,USDJPY,158.26,158.26,0.0,0,NewYork,Friday
2026-01-23 16:57:28,FusionMarkets Zero,AUDUSD,0.68632,0.68632,0.0,0,NewYork,Friday
2026-01-23 16:57:31,ThinkMarkets ThinkZero,XAUUSD,4950.66,4950.74,0.08,8,NewYork,Friday
2026-01-23 16:57:32,ThinkMarkets ThinkZero,EURUSD,1.17478,1.17479,1e-05,1,NewYork,Friday
2026-01-23 16:57:33,ThinkMarkets ThinkZero,GBPUSD,1.35352,1.35356,4e-05,4,NewYork,Friday
2026-01-23 16:57:34,ThinkMarkets ThinkZero,USDJPY,158.27,158.274,0.004,4,NewYork,Friday
2026-01-23 16:57:35,ThinkMarkets ThinkZero,AUDUSD,0.68634,0.68635,1e-05,1,NewYork,Friday
2026-01-23 16:57:38,ICMarkets Raw,XAUUSD,4949.98,4950.07,0.09,9,NewYork,Friday
2026-01-23 16:57:39,ICMarkets Raw,EURUSD,1.1748,1.1748,0.0,0,NewYork,Friday
2026-01-23 16:57:40,ICMarkets Raw,GBPUSD,1.35358,1.3536,2e-05,2,NewYork,Friday
2026-01-23 16:57:41,ICMarkets Raw,USDJPY,158.27,158.27,0.0,0,NewYork,Friday
2026-01-23 16:57:42,ICMarkets Raw,AUDUSD,0.68634,0.68635,1e-05,1,NewYork,Friday
2026-01-23 16:57:45,VantageMarkets Raw,XAUUSD,4950.95,4951.03,0.08,8,NewYork,Friday
2026-01-23 16:57:46,VantageMarkets Raw,EURUSD,1.17475,1.17476,1e-05,1,NewYork,Friday
2026-01-23 16:57:47,VantageMarkets Raw,GBPUSD,1.35356,1.35357,1e-05,1,NewYork,Friday
2026-01-23 16:57:48,VantageMarkets Raw,USDJPY,158.27,158.271,0.001,1,NewYork,Friday
2026-01-23 16:57:49,VantageMarkets Raw,AUDUSD,0.68631,0.68634,3e-05,3,NewYork,Friday
2026-01-23 16:57:52,FPMarkets Raw,XAUUSD,4950.35,4950.42,0.07,7,NewYork,Friday
2026-01-23 16:57:53,FPMarkets Raw,EURUSD,1.17474,1.17475,1e-05,1,NewYork,Friday
2026-01-23 16:57:54,FPMarkets Raw,GBPUSD,1.35357,1.35361,4e-05,4,NewYork,Friday
2026-01-23 16:57:55,FPMarkets Raw,USDJPY,158.267,158.27,0.003,3,NewYork,Friday
2026-01-23 16:57:56,FPMarkets Raw,AUDUSD,0.68631,0.68635,4e-05,4,NewYork,Friday
2026-01-23 16:57:58,8Cap Raw,XAUUSD,4949.87,4950.03,0.16,16,NewYork,Friday
2026-01-23 16:57:59,8Cap Raw,EURUSD,1.17475,1.17475,0.0,0,NewYork,Friday
2026-01-23 16:57:59,8Cap Raw,GBPUSD,1.35356,1.35357,1e-05,1,NewYork,Friday
2026-01-23 16:58:00,8Cap Raw,USDJPY,158.269,158.27,0.001,1,NewYork,Friday
2026-01-23 16:58:01,8Cap Raw,AUDUSD,0.68633,0.68636,3e-05,3,NewYork,Friday
2026-01-23 17:02:16,Pepperstone Razor,XAUUSD,4947.47,4947.64,0.17,17,NewYork,Friday
2026-01-23 17:02:17,Pepperstone Razor,EURUSD,1.1748,1.1748,0.0,0,NewYork,Friday
2026-01-23 17:02:18,Pepperstone Razor,GBPUSD,1.35413,1.35416,3e-05,3,NewYork,Friday
2026-01-23 17:02:19,Pepperstone Razor,USDJPY,158.272,158.275,0.003,3,NewYork,Friday
2026-01-23 17:02:20,Pepperstone Razor,AUDUSD,0.68654,0.68654,0.0,0,NewYork,Friday
2026-01-23 17:02:23,FusionMarkets Zero,XAUUSD,4947.22,4947.4,0.18,18,NewYork,Friday
2026-01-23 17:02:24,FusionMarkets Zero,EURUSD,1.17489,1.17489,0.0,0,NewYork,Friday
2026-01-23 17:02:24,FusionMarkets Zero,GBPUSD,1.35432,1.35433,1e-05,1,NewYork,Friday
2026-01-23 17:02:25,FusionMarkets Zero,USDJPY,158.258,158.262,0.004,4,NewYork,Friday
2026-01-23 17:02:26,FusionMarkets Zero,AUDUSD,0.68653,0.68653,0.0,0,NewYork,Friday
2026-01-23 17:02:29,ThinkMarkets ThinkZero,XAUUSD,4948.12,4948.2,0.08,8,NewYork,Friday
2026-01-23 17:02:30,ThinkMarkets ThinkZero,EURUSD,1.17487,1.17489,2e-05,2,NewYork,Friday
2026-01-23 17:02:31,ThinkMarkets ThinkZero,GBPUSD,1.35418,1.35425,7e-05,7,NewYork,Friday
2026-01-23 17:02:32,ThinkMarkets ThinkZero,USDJPY,158.282,158.286,0.004,4,NewYork,Friday
2026-01-23 17:02:33,ThinkMarkets ThinkZero,AUDUSD,0.68648,0.68651,3e-05,3,NewYork,Friday
2026-01-23 17:02:36,ICMarkets Raw,XAUUSD,4946.75,4946.87,0.12,12,NewYork,Friday
2026-01-23 17:02:37,ICMarkets Raw,EURUSD,1.17489,1.17491,2e-05,2,NewYork,Friday
2026-01-23 17:02:38,ICMarkets Raw,GBPUSD,1.35419,1.35424,5e-05,5,NewYork,Friday
2026-01-23 17:02:39,ICMarkets Raw,USDJPY,158.28,158.283,0.003,3,NewYork,Friday
2026-01-23 17:02:40,ICMarkets Raw,AUDUSD,0.68652,0.68652,0.0,0,NewYork,Friday
2026-01-23 17:02:42,VantageMarkets Raw,XAUUSD,4945.62,4945.7,0.08,8,NewYork,Friday
2026-01-23 17:02:43,VantageMarkets Raw,EURUSD,1.17489,1.17491,2e-05,2,NewYork,Friday
2026-01-23 17:02:44,VantageMarkets Raw,GBPUSD,1.3542,1.35422,2e-05,2,NewYork,Friday
2026-01-23 17:02:45,VantageMarkets Raw,USDJPY,158.288,158.3,0.012,12,NewYork,Friday
2026-01-23 17:02:46,VantageMarkets Raw,AUDUSD,0.68649,0.68653,4e-05,4,NewYork,Friday
2026-01-23 17:02:49,FPMarkets Raw,XAUUSD,4948.07,4948.14,0.07,7,NewYork,Friday
2026-01-23 17:02:50,FPMarkets Raw,EURUSD,1.17488,1.1749,2e-05,2,NewYork,Friday
2026-01-23 17:02:51,FPMarkets Raw,GBPUSD,1.35412,1.35415,3e-05,3,NewYork,Friday
2026-01-23 17:02:52,FPMarkets Raw,USDJPY,158.294,158.297,0.003,3,NewYork,Friday
2026-01-23 17:02:53,FPMarkets Raw,AUDUSD,0.68646,0.68649,3e-05,3,NewYork,Friday
2026-01-23 17:02:54,8Cap Raw,XAUUSD,4948.43,4948.59,0.16,16,NewYork,Friday
2026-01-23 17:02:55,8Cap Raw,EURUSD,1.17488,1.17488,0.0,0,NewYork,Friday
2026-01-23 17:02:56,8Cap Raw,GBPUSD,1.35414,1.35416,2e-05,2,NewYork,Friday
2026-01-23 17:02:56,8Cap Raw,USDJPY,158.29,158.291,0.001,1,NewYork,Friday
2026-01-23 17:02:57,8Cap Raw,AUDUSD,0.68644,0.68646,2e-05,2,NewYork,Friday
2026-01-23 17:07:16,Pepperstone Razor,XAUUSD,4951.8,4951.95,0.15,15,NewYork,Friday
2026-01-23 17:07:17,Pepperstone Razor,EURUSD,1.17509,1.17509,0.0,0,NewYork,Friday
2026-01-23 17:07:18,Pepperstone Razor,GBPUSD,1.35428,1.35429,1e-05,1,NewYork,Friday
2026-01-23 17:07:18,Pepperstone Razor,USDJPY,158.243,158.246,0.003,3,NewYork,Friday
2026-01-23 17:07:19,Pepperstone Razor,AUDUSD,0.68662,0.68663,1e-05,1,NewYork,Friday
2026-01-23 17:07:22,FusionMarkets Zero,XAUUSD,4951.66,4951.75,0.09,9,NewYork,Friday
2026-01-23 17:07:23,FusionMarkets Zero,EURUSD,1.17504,1.17504,0.0,0,NewYork,Friday
2026-01-23 17:07:24,FusionMarkets Zero,GBPUSD,1.3543,1.3543,0.0,0,NewYork,Friday
2026-01-23 17:07:25,FusionMarkets Zero,USDJPY,158.245,158.245,0.0,0,NewYork,Friday
2026-01-23 17:07:26,FusionMarkets Zero,AUDUSD,0.68666,0.68666,0.0,0,NewYork,Friday
2026-01-23 17:07:29,ThinkMarkets ThinkZero,XAUUSD,4951.38,4951.46,0.08,8,NewYork,Friday
2026-01-23 17:07:30,ThinkMarkets ThinkZero,EURUSD,1.17503,1.17504,1e-05,1,NewYork,Friday
2026-01-23 17:07:31,ThinkMarkets ThinkZero,GBPUSD,1.3542,1.35425,5e-05,5,NewYork,Friday
2026-01-23 17:07:32,ThinkMarkets ThinkZero,USDJPY,158.236,158.238,0.002,2,NewYork,Friday
2026-01-23 17:07:32,ThinkMarkets ThinkZero,AUDUSD,0.68658,0.6866,2e-05,2,NewYork,Friday
2026-01-23 17:07:35,ICMarkets Raw,XAUUSD,4950.75,4950.82,0.07,7,NewYork,Friday
2026-01-23 17:07:36,ICMarkets Raw,EURUSD,1.17508,1.1751,2e-05,2,NewYork,Friday
2026-01-23 17:07:37,ICMarkets Raw,GBPUSD,1.35424,1.35425,1e-05,1,NewYork,Friday
2026-01-23 17:07:38,ICMarkets Raw,USDJPY,158.235,158.235,0.0,0,NewYork,Friday
2026-01-23 17:07:39,ICMarkets Raw,AUDUSD,0.6866,0.6866,0.0,0,NewYork,Friday
2026-01-23 17:07:41,VantageMarkets Raw,XAUUSD,4949.83,4949.91,0.08,8,NewYork,Friday
2026-01-23 17:07:42,VantageMarkets Raw,EURUSD,1.17512,1.17515,3e-05,3,NewYork,Friday
2026-01-23 17:07:43,VantageMarkets Raw,GBPUSD,1.35426,1.35427,1e-05,1,NewYork,Friday
2026-01-23 17:07:44,VantageMarkets Raw,USDJPY,158.245,158.247,0.002,2,NewYork,Friday
2026-01-23 17:07:45,VantageMarkets Raw,AUDUSD,0.68659,0.68662,3e-05,3,NewYork,Friday
2026-01-23 17:07:48,FPMarkets Raw,XAUUSD,4949.19,4949.26,0.07,7,NewYork,Friday
2026-01-23 17:07:49,FPMarkets Raw,EURUSD,1.17517,1.17518,1e-05,1,NewYork,Friday
2026-01-23 17:07:49,FPMarkets Raw,GBPUSD,1.35428,1.35431,3e-05,3,NewYork,Friday
2026-01-23 17:07:50,FPMarkets Raw,USDJPY,158.239,158.242,0.003,3,NewYork,Friday
2026-01-23 17:07:51,FPMarkets Raw,AUDUSD,0.68659,0.68661,2e-05,2,NewYork,Friday
2026-01-23 17:07:53,8Cap Raw,XAUUSD,4949.71,4949.87,0.16,16,NewYork,Friday
2026-01-23 17:07:54,8Cap Raw,EURUSD,1.17511,1.17511,0.0,0,NewYork,Friday
2026-01-23 17:07:55,8Cap Raw,GBPUSD,1.35426,1.35427,1e-05,1,NewYork,Friday
2026-01-23 17:07:55,8Cap Raw,USDJPY,158.248,158.249,0.001,1,NewYork,Friday
2026-01-23 17:07:56,8Cap Raw,AUDUSD,0.6866,0.68662,2e-05,2,NewYork,Friday
2026-01-23 17:12:16,Pepperstone Razor,XAUUSD,4953.75,4953.9,0.15,15,NewYork,Friday
2026-01-23 17:12:17,Pepperstone Razor,EURUSD,1.17477,1.17477,0.0,0,NewYork,Friday
2026-01-23 17:12:18,Pepperstone Razor,GBPUSD,1.35411,1.35412,1e-05,1,NewYork,Friday
2026-01-23 17:12:19,Pepperstone Razor,USDJPY,158.214,158.217,0.003,3,NewYork,Friday
2026-01-23 17:12:19,Pepperstone Razor,AUDUSD,0.68672,0.68674,2e-05,2,NewYork,Friday
2026-01-23 17:12:22,FusionMarkets Zero,XAUUSD,4954.44,4954.49,0.05,5,NewYork,Friday
2026-01-23 17:12:23,FusionMarkets Zero,EURUSD,1.17477,1.17477,0.0,0,NewYork,Friday
2026-01-23 17:12:24,FusionMarkets Zero,GBPUSD,1.35423,1.35423,0.0,0,NewYork,Friday
2026-01-23 17:12:25,FusionMarkets Zero,USDJPY,158.203,158.203,0.0,0,NewYork,Friday
2026-01-23 17:12:26,FusionMarkets Zero,AUDUSD,0.68676,0.68676,0.0,0,NewYork,Friday
2026-01-23 17:12:29,ThinkMarkets ThinkZero,XAUUSD,4954.69,4954.77,0.08,8,NewYork,Friday
2026-01-23 17:12:30,ThinkMarkets ThinkZero,EURUSD,1.17477,1.17479,2e-05,2,NewYork,Friday
2026-01-23 17:12:31,ThinkMarkets ThinkZero,GBPUSD,1.35421,1.35427,6e-05,6,NewYork,Friday
2026-01-23 17:12:32,ThinkMarkets ThinkZero,USDJPY,158.202,158.204,0.002,2,NewYork,Friday
2026-01-23 17:12:33,ThinkMarkets ThinkZero,AUDUSD,0.68676,0.68677,1e-05,1,NewYork,Friday
2026-01-23 17:12:36,ICMarkets Raw,XAUUSD,4955.18,4955.23,0.05,5,NewYork,Friday
2026-01-23 17:12:37,ICMarkets Raw,EURUSD,1.17482,1.17482,0.0,0,NewYork,Friday
2026-01-23 17:12:37,ICMarkets Raw,GBPUSD,1.35431,1.35432,1e-05,1,NewYork,Friday
2026-01-23 17:12:38,ICMarkets Raw,USDJPY,158.198,158.198,0.0,0,NewYork,Friday
2026-01-23 17:12:39,ICMarkets Raw,AUDUSD,0.68676,0.68676,0.0,0,NewYork,Friday
2026-01-23 17:12:42,VantageMarkets Raw,XAUUSD,4955.47,4955.55,0.08,8,NewYork,Friday
2026-01-23 17:12:43,VantageMarkets Raw,EURUSD,1.17478,1.1748,2e-05,2,NewYork,Friday
2026-01-23 17:12:44,VantageMarkets Raw,GBPUSD,1.35423,1.35424,1e-05,1,NewYork,Friday
2026-01-23 17:12:45,VantageMarkets Raw,USDJPY,158.199,158.2,0.001,1,NewYork,Friday
2026-01-23 17:12:46,VantageMarkets Raw,AUDUSD,0.68673,0.68676,3e-05,3,NewYork,Friday
2026-01-23 17:12:49,FPMarkets Raw,XAUUSD,4955.32,4955.39,0.07,7,NewYork,Friday
2026-01-23 17:12:50,FPMarkets Raw,EURUSD,1.17475,1.17477,2e-05,2,NewYork,Friday
2026-01-23 17:12:50,FPMarkets Raw,GBPUSD,1.35422,1.35425,3e-05,3,NewYork,Friday
2026-01-23 17:12:51,FPMarkets Raw,USDJPY,158.203,158.206,0.003,3,NewYork,Friday
2026-01-23 17:12:52,FPMarkets Raw,AUDUSD,0.68674,0.68677,3e-05,3,NewYork,Friday
2026-01-23 17:12:54,8Cap Raw,XAUUSD,4954.89,4955.05,0.16,16,NewYork,Friday
2026-01-23 17:12:55,8Cap Raw,EURUSD,1.17471,1.17472,1e-05,1,NewYork,Friday
2026-01-23 17:12:56,8Cap Raw,GBPUSD,1.35421,1.35422,1e-05,1,NewYork,Friday
2026-01-23 17:12:56,8Cap Raw,USDJPY,158.206,158.207,0.001,1,NewYork,Friday
2026-01-23 17:12:57,8Cap Raw,AUDUSD,0.68671,0.68674,3e-05,3,NewYork,Friday
2026-01-23 17:17:16,Pepperstone Razor,XAUUSD,4943.51,4943.72,0.21,21,NewYork,Friday
2026-01-23 17:17:17,Pepperstone Razor,EURUSD,1.175,1.17501,1e-05,1,NewYork,Friday
2026-01-23 17:17:18,Pepperstone Razor,GBPUSD,1.35443,1.35444,1e-05,1,NewYork,Friday
2026-01-23 17:17:19,Pepperstone Razor,USDJPY,158.177,158.179,0.002,2,NewYork,Friday
2026-01-23 17:17:20,Pepperstone Razor,AUDUSD,0.68647,0.68647,0.0,0,NewYork,Friday
2026-01-23 17:17:23,FusionMarkets Zero,XAUUSD,4942.65,4942.76,0.11,11,NewYork,Friday
2026-01-23 17:17:24,FusionMarkets Zero,EURUSD,1.1749,1.1749,0.0,0,NewYork,Friday
2026-01-23 17:17:25,FusionMarkets Zero,GBPUSD,1.35437,1.35437,0.0,0,NewYork,Friday
2026-01-23 17:17:26,FusionMarkets Zero,USDJPY,158.184,158.185,0.001,1,NewYork,Friday
2026-01-23 17:17:27,FusionMarkets Zero,AUDUSD,0.68654,0.68654,0.0,0,NewYork,Friday
2026-01-23 17:17:30,ThinkMarkets ThinkZero,XAUUSD,4943.81,4943.89,0.08,8,NewYork,Friday
2026-01-23 17:17:31,ThinkMarkets ThinkZero,EURUSD,1.17486,1.17488,2e-05,2,NewYork,Friday
2026-01-23 17:17:32,ThinkMarkets ThinkZero,GBPUSD,1.35432,1.35438,6e-05,6,NewYork,Friday
2026-01-23 17:17:33,ThinkMarkets ThinkZero,USDJPY,158.184,158.188,0.004,4,NewYork,Friday
2026-01-23 17:17:34,ThinkMarkets ThinkZero,AUDUSD,0.68654,0.68657,3e-05,3,NewYork,Friday
2026-01-23 17:17:36,ICMarkets Raw,XAUUSD,4943.83,4943.93,0.1,10,NewYork,Friday
2026-01-23 17:17:37,ICMarkets Raw,EURUSD,1.1749,1.17491,1e-05,1,NewYork,Friday
2026-01-23 17:17:38,ICMarkets Raw,GBPUSD,1.35443,1.35444,1e-05,1,NewYork,Friday
2026-01-23 17:17:39,ICMarkets Raw,USDJPY,158.187,158.187,0.0,0,NewYork,Friday
2026-01-23 17:17:40,ICMarkets Raw,AUDUSD,0.68657,0.68657,0.0,0,NewYork,Friday
2026-01-23 17:17:43,VantageMarkets Raw,XAUUSD,4944.31,4944.39,0.08,8,NewYork,Friday
2026-01-23 17:17:44,VantageMarkets Raw,EURUSD,1.17489,1.17492,3e-05,3,NewYork,Friday
2026-01-23 17:17:44,VantageMarkets Raw,GBPUSD,1.35443,1.35444,1e-05,1,NewYork,Friday
2026-01-23 17:17:45,VantageMarkets Raw,USDJPY,158.185,158.187,0.002,2,NewYork,Friday
2026-01-23 17:17:46,VantageMarkets Raw,AUDUSD,0.68658,0.68661,3e-05,3,NewYork,Friday
2026-01-23 17:17:49,FPMarkets Raw,XAUUSD,4944.81,4944.88,0.07,7,NewYork,Friday
2026-01-23 17:17:50,FPMarkets Raw,EURUSD,1.17483,1.17484,1e-05,1,NewYork,Friday
2026-01-23 17:17:51,FPMarkets Raw,GBPUSD,1.3544,1.35444,4e-05,4,NewYork,Friday
2026-01-23 17:17:52,FPMarkets Raw,USDJPY,158.185,158.188,0.003,3,NewYork,Friday
2026-01-23 17:17:53,FPMarkets Raw,AUDUSD,0.68658,0.6866,2e-05,2,NewYork,Friday
2026-01-23 17:17:55,8Cap Raw,XAUUSD,4944.92,4945.13,0.21,21,NewYork,Friday
2026-01-23 17:17:55,8Cap Raw,EURUSD,1.17485,1.17485,0.0,0,NewYork,Friday
2026-01-23 17:17:56,8Cap Raw,GBPUSD,1.35442,1.35443,1e-05,1,NewYork,Friday
2026-01-23 17:17:57,8Cap Raw,USDJPY,158.193,158.194,0.001,1,NewYork,Friday
2026-01-23 17:17:57,8Cap Raw,AUDUSD,0.68659,0.68662,3e-05,3,NewYork,Friday
2026-01-23 17:22:17,Pepperstone Razor,XAUUSD,4947.72,4947.9,0.18,18,NewYork,Friday
2026-01-23 17:22:18,Pepperstone Razor,EURUSD,1.17518,1.17518,0.0,0,NewYork,Friday
2026-01-23 17:22:18,Pepperstone Razor,GBPUSD,1.35472,1.35472,0.0,0,NewYork,Friday
2026-01-23 17:22:19,Pepperstone Razor,USDJPY,158.198,158.199,0.001,1,NewYork,Friday
2026-01-23 17:22:20,Pepperstone Razor,AUDUSD,0.68699,0.68699,0.0,0,NewYork,Friday
2026-01-23 17:22:23,FusionMarkets Zero,XAUUSD,4946.86,4946.98,0.12,12,NewYork,Friday
2026-01-23 17:22:24,FusionMarkets Zero,EURUSD,1.17528,1.17528,0.0,0,NewYork,Friday
2026-01-23 17:22:25,FusionMarkets Zero,GBPUSD,1.35483,1.35483,0.0,0,NewYork,Friday
2026-01-23 17:22:26,FusionMarkets Zero,USDJPY,158.184,158.187,0.003,3,NewYork,Friday
2026-01-23 17:22:27,FusionMarkets Zero,AUDUSD,0.68706,0.68706,0.0,0,NewYork,Friday
2026-01-23 17:22:30,ThinkMarkets ThinkZero,XAUUSD,4948.12,4948.2,0.08,8,NewYork,Friday
2026-01-23 17:22:31,ThinkMarkets ThinkZero,EURUSD,1.17525,1.17528,3e-05,3,NewYork,Friday
2026-01-23 17:22:31,ThinkMarkets ThinkZero,GBPUSD,1.35479,1.35483,4e-05,4,NewYork,Friday
2026-01-23 17:22:32,ThinkMarkets ThinkZero,USDJPY,158.186,158.187,0.001,1,NewYork,Friday
2026-01-23 17:22:33,ThinkMarkets ThinkZero,AUDUSD,0.687,0.68702,2e-05,2,NewYork,Friday
2026-01-23 17:22:36,ICMarkets Raw,XAUUSD,4948.4,4948.5,0.1,10,NewYork,Friday
2026-01-23 17:22:37,ICMarkets Raw,EURUSD,1.17526,1.17527,1e-05,1,NewYork,Friday
2026-01-23 17:22:38,ICMarkets Raw,GBPUSD,1.35485,1.35486,1e-05,1,NewYork,Friday
2026-01-23 17:22:39,ICMarkets Raw,USDJPY,158.184,158.186,0.002,2,NewYork,Friday
2026-01-23 17:22:40,ICMarkets Raw,AUDUSD,0.68705,0.68705,0.0,0,NewYork,Friday
2026-01-23 17:22:43,VantageMarkets Raw,XAUUSD,4947.33,4947.41,0.08,8,NewYork,Friday
2026-01-23 17:22:44,VantageMarkets Raw,EURUSD,1.17527,1.17528,1e-05,1,NewYork,Friday
2026-01-23 17:22:44,VantageMarkets Raw,GBPUSD,1.35484,1.35485,1e-05,1,NewYork,Friday
2026-01-23 17:22:45,VantageMarkets Raw,USDJPY,158.185,158.186,0.001,1,NewYork,Friday
2026-01-23 17:22:46,VantageMarkets Raw,AUDUSD,0.68706,0.68709,3e-05,3,NewYork,Friday
2026-01-23 17:22:49,FPMarkets Raw,XAUUSD,4946.69,4946.76,0.07,7,NewYork,Friday
2026-01-23 17:22:50,FPMarkets Raw,EURUSD,1.17525,1.17527,2e-05,2,NewYork,Friday
2026-01-23 17:22:51,FPMarkets Raw,GBPUSD,1.35491,1.35494,3e-05,3,NewYork,Friday
2026-01-23 17:22:52,FPMarkets Raw,USDJPY,158.194,158.197,0.003,3,NewYork,Friday
2026-01-23 17:22:53,FPMarkets Raw,AUDUSD,0.68705,0.68707,2e-05,2,NewYork,Friday
2026-01-23 17:22:55,8Cap Raw,XAUUSD,4946.42,4946.58,0.16,16,NewYork,Friday
2026-01-23 17:22:56,8Cap Raw,EURUSD,1.17525,1.17526,1e-05,1,NewYork,Friday
2026-01-23 17:22:56,8Cap Raw,GBPUSD,1.35489,1.3549,1e-05,1,NewYork,Friday
2026-01-23 17:22:57,8Cap Raw,USDJPY,158.196,158.197,0.001,1,NewYork,Friday
2026-01-23 17:22:58,8Cap Raw,AUDUSD,0.68705,0.68708,3e-05,3,NewYork,Friday
2026-01-23 17:27:16,Pepperstone Razor,XAUUSD,4948.14,4948.31,0.17,17,NewYork,Friday
2026-01-23 17:27:17,Pepperstone Razor,EURUSD,1.17506,1.17506,0.0,0,NewYork,Friday
2026-01-23 17:27:18,Pepperstone Razor,GBPUSD,1.35492,1.35492,0.0,0,NewYork,Friday
2026-01-23 17:27:19,Pepperstone Razor,USDJPY,158.258,158.261,0.003,3,NewYork,Friday
2026-01-23 17:27:20,Pepperstone Razor,AUDUSD,0.68684,0.68684,0.0,0,NewYork,Friday
2026-01-23 17:27:23,FusionMarkets Zero,XAUUSD,4947.88,4948.0,0.12,12,NewYork,Friday
2026-01-23 17:27:24,FusionMarkets Zero,EURUSD,1.175,1.175,0.0,0,NewYork,Friday
2026-01-23 17:27:25,FusionMarkets Zero,GBPUSD,1.35493,1.35493,0.0,0,NewYork,Friday
2026-01-23 17:27:26,FusionMarkets Zero,USDJPY,158.254,158.254,0.0,0,NewYork,Friday
2026-01-23 17:27:27,FusionMarkets Zero,AUDUSD,0.6868,0.6868,0.0,0,NewYork,Friday
2026-01-23 17:27:31,ThinkMarkets ThinkZero,XAUUSD,4947.6,4947.68,0.08,8,NewYork,Friday
2026-01-23 17:27:31,ThinkMarkets ThinkZero,EURUSD,1.17496,1.17498,2e-05,2,NewYork,Friday
2026-01-23 17:27:32,ThinkMarkets ThinkZero,GBPUSD,1.35489,1.35495,6e-05,6,NewYork,Friday
2026-01-23 17:27:33,ThinkMarkets ThinkZero,USDJPY,158.26,158.266,0.006,6,NewYork,Friday
2026-01-23 17:27:34,ThinkMarkets ThinkZero,AUDUSD,0.68677,0.68679,2e-05,2,NewYork,Friday
2026-01-23 17:27:37,ICMarkets Raw,XAUUSD,4948.12,4948.22,0.1,10,NewYork,Friday
2026-01-23 17:27:38,ICMarkets Raw,EURUSD,1.17497,1.17497,0.0,0,NewYork,Friday
2026-01-23 17:27:39,ICMarkets Raw,GBPUSD,1.35493,1.35494,1e-05,1,NewYork,Friday
2026-01-23 17:27:40,ICMarkets Raw,USDJPY,158.264,158.264,0.0,0,NewYork,Friday
2026-01-23 17:27:41,ICMarkets Raw,AUDUSD,0.68677,0.68678,1e-05,1,NewYork,Friday
2026-01-23 17:27:44,VantageMarkets Raw,XAUUSD,4948.08,4948.16,0.08,8,NewYork,Friday
2026-01-23 17:27:45,VantageMarkets Raw,EURUSD,1.17499,1.175,1e-05,1,NewYork,Friday
2026-01-23 17:27:45,VantageMarkets Raw,GBPUSD,1.35494,1.35495,1e-05,1,NewYork,Friday
2026-01-23 17:27:46,VantageMarkets Raw,USDJPY,158.258,158.262,0.004,4,NewYork,Friday
2026-01-23 17:27:47,VantageMarkets Raw,AUDUSD,0.6868,0.68683,3e-05,3,NewYork,Friday
2026-01-23 17:27:50,FPMarkets Raw,XAUUSD,4948.2,4948.27,0.07,7,NewYork,Friday
2026-01-23 17:27:51,FPMarkets Raw,EURUSD,1.175,1.17502,2e-05,2,NewYork,Friday
2026-01-23 17:27:52,FPMarkets Raw,GBPUSD,1.35494,1.35497,3e-05,3,NewYork,Friday
2026-01-23 17:27:53,FPMarkets Raw,USDJPY,158.26,158.263,0.003,3,NewYork,Friday
2026-01-23 17:27:54,FPMarkets Raw,AUDUSD,0.68684,0.68686,2e-05,2,NewYork,Friday
2026-01-23 17:27:56,8Cap Raw,XAUUSD,4947.81,4947.97,0.16,16,NewYork,Friday
2026-01-23 17:27:56,8Cap Raw,EURUSD,1.17503,1.17504,1e-05,1,NewYork,Friday
2026-01-23 17:27:57,8Cap Raw,GBPUSD,1.35499,1.355,1e-05,1,NewYork,Friday
2026-01-23 17:27:58,8Cap Raw,USDJPY,158.259,158.26,0.001,1,NewYork,Friday
2026-01-23 17:27:58,8Cap Raw,AUDUSD,0.68686,0.6869,4e-05,4,NewYork,Friday
2026-01-23 17:32:17,Pepperstone Razor,XAUUSD,4950.07,4950.22,0.15,15,NewYork,Friday
2026-01-23 17:32:18,Pepperstone Razor,EURUSD,1.17504,1.17504,0.0,0,NewYork,Friday
2026-01-23 17:32:19,Pepperstone Razor,GBPUSD,1.35524,1.35527,3e-05,3,NewYork,Friday
2026-01-23 17:32:19,Pepperstone Razor,USDJPY,158.258,158.26,0.002,2,NewYork,Friday
2026-01-23 17:32:20,Pepperstone Razor,AUDUSD,0.68698,0.68698,0.0,0,NewYork,Friday
2026-01-23 17:32:24,FusionMarkets Zero,XAUUSD,4950.39,4950.44,0.05,5,NewYork,Friday
2026-01-23 17:32:25,FusionMarkets Zero,EURUSD,1.17509,1.17509,0.0,0,NewYork,Friday
2026-01-23 17:32:25,FusionMarkets Zero,GBPUSD,1.35541,1.35541,0.0,0,NewYork,Friday
2026-01-23 17:32:26,FusionMarkets Zero,USDJPY,158.257,158.261,0.004,4,NewYork,Friday
2026-01-23 17:32:27,FusionMarkets Zero,AUDUSD,0.68704,0.68704,0.0,0,NewYork,Friday
2026-01-23 17:32:30,ThinkMarkets ThinkZero,XAUUSD,4949.79,4949.87,0.08,8,NewYork,Friday
2026-01-23 17:32:31,ThinkMarkets ThinkZero,EURUSD,1.17507,1.17509,2e-05,2,NewYork,Friday
2026-01-23 17:32:32,ThinkMarkets ThinkZero,GBPUSD,1.35531,1.35539,8e-05,8,NewYork,Friday
2026-01-23 17:32:33,ThinkMarkets ThinkZero,USDJPY,158.258,158.261,0.003,3,NewYork,Friday
2026-01-23 17:32:34,ThinkMarkets ThinkZero,AUDUSD,0.687,0.68701,1e-05,1,NewYork,Friday
2026-01-23 17:32:37,ICMarkets Raw,XAUUSD,4949.88,4949.94,0.06,6,NewYork,Friday
2026-01-23 17:32:38,ICMarkets Raw,EURUSD,1.1751,1.1751,0.0,0,NewYork,Friday
2026-01-23 17:32:39,ICMarkets Raw,GBPUSD,1.35533,1.35534,1e-05,1,NewYork,Friday
2026-01-23 17:32:40,ICMarkets Raw,USDJPY,158.255,158.258,0.003,3,NewYork,Friday
2026-01-23 17:32:41,ICMarkets Raw,AUDUSD,0.68698,0.68698,0.0,0,NewYork,Friday
2026-01-23 17:32:44,VantageMarkets Raw,XAUUSD,4949.42,4949.5,0.08,8,NewYork,Friday
2026-01-23 17:32:44,VantageMarkets Raw,EURUSD,1.1751,1.17512,2e-05,2,NewYork,Friday
2026-01-23 17:32:45,VantageMarkets Raw,GBPUSD,1.35534,1.35535,1e-05,1,NewYork,Friday
2026-01-23 17:32:46,VantageMarkets Raw,USDJPY,158.253,158.26,0.007,7,NewYork,Friday
2026-01-23 17:32:47,VantageMarkets Raw,AUDUSD,0.68697,0.68699,2e-05,2,NewYork,Friday
2026-01-23 17:32:50,FPMarkets Raw,XAUUSD,4948.79,4948.86,0.07,7,NewYork,Friday
2026-01-23 17:32:51,FPMarkets Raw,EURUSD,1.1751,1.17511,1e-05,1,NewYork,Friday
2026-01-23 17:32:52,FPMarkets Raw,GBPUSD,1.35542,1.35545,3e-05,3,NewYork,Friday
2026-01-23 17:32:53,FPMarkets Raw,USDJPY,158.255,158.258,0.003,3,NewYork,Friday
2026-01-23 17:32:54,FPMarkets Raw,AUDUSD,0.68699,0.68701,2e-05,2,NewYork,Friday
2026-01-23 17:32:56,8Cap Raw,XAUUSD,4948.97,4949.13,0.16,16,NewYork,Friday
2026-01-23 17:32:57,8Cap Raw,EURUSD,1.17515,1.17515,0.0,0,NewYork,Friday
2026-01-23 17:32:57,8Cap Raw,GBPUSD,1.35534,1.35535,1e-05,1,NewYork,Friday
2026-01-23 17:32:58,8Cap Raw,USDJPY,158.248,158.25,0.002,2,NewYork,Friday
2026-01-23 17:32:59,8Cap Raw,AUDUSD,0.687,0.68703,3e-05,3,NewYork,Friday
2026-01-23 17:37:17,Pepperstone Razor,XAUUSD,4947.43,4947.63,0.2,20,NewYork,Friday
2026-01-23 17:37:18,Pepperstone Razor,EURUSD,1.17498,1.17498,0.0,0,NewYork,Friday
2026-01-23 17:37:19,Pepperstone Razor,GBPUSD,1.35523,1.35524,1e-05,1,NewYork,Friday
2026-01-23 17:37:20,Pepperstone Razor,USDJPY,158.247,158.251,0.004,4,NewYork,Friday
2026-01-23 17:37:21,Pepperstone Razor,AUDUSD,0.68696,0.68699,3e-05,3,NewYork,Friday
2026-01-23 17:37:24,FusionMarkets Zero,XAUUSD,4948.38,4948.45,0.07,7,NewYork,Friday
2026-01-23 17:37:25,FusionMarkets Zero,EURUSD,1.175,1.175,0.0,0,NewYork,Friday
2026-01-23 17:37:26,FusionMarkets Zero,GBPUSD,1.35532,1.35532,0.0,0,NewYork,Friday
2026-01-23 17:37:27,FusionMarkets Zero,USDJPY,158.249,158.249,0.0,0,NewYork,Friday
2026-01-23 17:37:28,FusionMarkets Zero,AUDUSD,0.68702,0.68702,0.0,0,NewYork,Friday
2026-01-23 17:37:31,ThinkMarkets ThinkZero,XAUUSD,4949.06,4949.14,0.08,8,NewYork,Friday
2026-01-23 17:37:32,ThinkMarkets ThinkZero,EURUSD,1.17503,1.17504,1e-05,1,NewYork,Friday
2026-01-23 17:37:33,ThinkMarkets ThinkZero,GBPUSD,1.3553,1.35535,5e-05,5,NewYork,Friday
2026-01-23 17:37:34,ThinkMarkets ThinkZero,USDJPY,158.246,158.249,0.003,3,NewYork,Friday
2026-01-23 17:37:35,ThinkMarkets ThinkZero,AUDUSD,0.68706,0.68709,3e-05,3,NewYork,Friday
2026-01-23 17:37:38,ICMarkets Raw,XAUUSD,4949.19,4949.29,0.1,10,NewYork,Friday
2026-01-23 17:37:39,ICMarkets Raw,EURUSD,1.17505,1.17505,0.0,0,NewYork,Friday
2026-01-23 17:37:40,ICMarkets Raw,GBPUSD,1.35533,1.35535,2e-05,2,NewYork,Friday
2026-01-23 17:37:41,ICMarkets Raw,USDJPY,158.243,158.243,0.0,0,NewYork,Friday
2026-01-23 17:37:42,ICMarkets Raw,AUDUSD,0.68707,0.68707,0.0,0,NewYork,Friday
2026-01-23 17:37:45,VantageMarkets Raw,XAUUSD,4949.22,4949.3,0.08,8,NewYork,Friday
2026-01-23 17:37:45,VantageMarkets Raw,EURUSD,1.17509,1.1751,1e-05,1,NewYork,Friday
2026-01-23 17:37:46,VantageMarkets Raw,GBPUSD,1.35535,1.35536,1e-05,1,NewYork,Friday
2026-01-23 17:37:47,VantageMarkets Raw,USDJPY,158.237,158.238,0.001,1,NewYork,Friday
2026-01-23 17:37:48,VantageMarkets Raw,AUDUSD,0.68707,0.68709,2e-05,2,NewYork,Friday
2026-01-23 17:37:52,FPMarkets Raw,XAUUSD,4949.86,4949.93,0.07,7,NewYork,Friday
2026-01-23 17:37:53,FPMarkets Raw,EURUSD,1.17504,1.17505,1e-05,1,NewYork,Friday
2026-01-23 17:37:54,FPMarkets Raw,GBPUSD,1.3553,1.35533,3e-05,3,NewYork,Friday
2026-01-23 17:37:55,FPMarkets Raw,USDJPY,158.244,158.247,0.003,3,NewYork,Friday
2026-01-23 17:37:55,FPMarkets Raw,AUDUSD,0.68707,0.6871,3e-05,3,NewYork,Friday
2026-01-23 17:37:57,8Cap Raw,XAUUSD,4949.53,4949.69,0.16,16,NewYork,Friday
2026-01-23 17:37:58,8Cap Raw,EURUSD,1.17503,1.17504,1e-05,1,NewYork,Friday
2026-01-23 17:37:59,8Cap Raw,GBPUSD,1.35524,1.35525,1e-05,1,NewYork,Friday
2026-01-23 17:37:59,8Cap Raw,USDJPY,158.244,158.245,0.001,1,NewYork,Friday
2026-01-23 17:38:00,8Cap Raw,AUDUSD,0.68706,0.6871,4e-05,4,NewYork,Friday
2026-01-23 17:42:17,Pepperstone Razor,XAUUSD,4957.69,4957.87,0.18,18,NewYork,Friday
2026-01-23 17:42:18,Pepperstone Razor,EURUSD,1.17504,1.17504,0.0,0,NewYork,Friday
2026-01-23 17:42:19,Pepperstone Razor,GBPUSD,1.35522,1.35522,0.0,0,NewYork,Friday
2026-01-23 17:42:20,Pepperstone Razor,USDJPY,158.221,158.223,0.002,2,NewYork,Friday
2026-01-23 17:42:20,Pepperstone Razor,AUDUSD,0.68698,0.68699,1e-05,1,NewYork,Friday
2026-01-23 17:42:24,FusionMarkets Zero,XAUUSD,4958.45,4958.53,0.08,8,NewYork,Friday
2026-01-23 17:42:25,FusionMarkets Zero,EURUSD,1.17504,1.17504,0.0,0,NewYork,Friday
2026-01-23 17:42:26,FusionMarkets Zero,GBPUSD,1.35523,1.35523,0.0,0,NewYork,Friday
2026-01-23 17:42:27,FusionMarkets Zero,USDJPY,158.219,158.223,0.004,4,NewYork,Friday
2026-01-23 17:42:28,FusionMarkets Zero,AUDUSD,0.68696,0.68696,0.0,0,NewYork,Friday
2026-01-23 17:42:31,ThinkMarkets ThinkZero,XAUUSD,4958.75,4958.83,0.08,8,NewYork,Friday
2026-01-23 17:42:32,ThinkMarkets ThinkZero,EURUSD,1.17501,1.17503,2e-05,2,NewYork,Friday
2026-01-23 17:42:33,ThinkMarkets ThinkZero,GBPUSD,1.35519,1.35524,5e-05,5,NewYork,Friday
2026-01-23 17:42:34,ThinkMarkets ThinkZero,USDJPY,158.221,158.225,0.004,4,NewYork,Friday
2026-01-23 17:42:35,ThinkMarkets ThinkZero,AUDUSD,0.68693,0.68695,2e-05,2,NewYork,Friday
2026-01-23 17:42:38,ICMarkets Raw,XAUUSD,4959.3,4959.39,0.09,9,NewYork,Friday
2026-01-23 17:42:39,ICMarkets Raw,EURUSD,1.17503,1.17503,0.0,0,NewYork,Friday
2026-01-23 17:42:40,ICMarkets Raw,GBPUSD,1.35523,1.35524,1e-05,1,NewYork,Friday
2026-01-23 17:42:41,ICMarkets Raw,USDJPY,158.222,158.224,0.002,2,NewYork,Friday
2026-01-23 17:42:41,ICMarkets Raw,AUDUSD,0.68693,0.68693,0.0,0,NewYork,Friday
2026-01-23 17:42:44,VantageMarkets Raw,XAUUSD,4959.48,4959.56,0.08,8,NewYork,Friday
2026-01-23 17:42:45,VantageMarkets Raw,EURUSD,1.17503,1.17505,2e-05,2,NewYork,Friday
2026-01-23 17:42:46,VantageMarkets Raw,GBPUSD,1.35523,1.35524,1e-05,1,NewYork,Friday
2026-01-23 17:42:47,VantageMarkets Raw,USDJPY,158.219,158.228,0.009,9,NewYork,Friday
2026-01-23 17:42:48,VantageMarkets Raw,AUDUSD,0.68692,0.68694,2e-05,2,NewYork,Friday
2026-01-23 17:42:51,FPMarkets Raw,XAUUSD,4959.28,4959.35,0.07,7,NewYork,Friday
2026-01-23 17:42:52,FPMarkets Raw,EURUSD,1.17502,1.17503,1e-05,1,NewYork,Friday
2026-01-23 17:42:53,FPMarkets Raw,GBPUSD,1.35521,1.35524,3e-05,3,NewYork,Friday
2026-01-23 17:42:54,FPMarkets Raw,USDJPY,158.231,158.234,0.003,3,NewYork,Friday
2026-01-23 17:42:55,FPMarkets Raw,AUDUSD,0.68691,0.68694,3e-05,3,NewYork,Friday
2026-01-23 17:42:57,8Cap Raw,XAUUSD,4958.88,4959.04,0.16,16,NewYork,Friday
2026-01-23 17:42:58,8Cap Raw,EURUSD,1.17503,1.17503,0.0,0,NewYork,Friday
2026-01-23 17:42:58,8Cap Raw,GBPUSD,1.35522,1.35523,1e-05,1,NewYork,Friday
2026-01-23 17:42:59,8Cap Raw,USDJPY,158.232,158.234,0.002,2,NewYork,Friday
2026-01-23 17:43:00,8Cap Raw,AUDUSD,0.68691,0.68694,3e-05,3,NewYork,Friday
2026-01-23 17:47:17,Pepperstone Razor,XAUUSD,4960.96,4961.1,0.14,14,NewYork,Friday
2026-01-23 17:47:18,Pepperstone Razor,EURUSD,1.17543,1.17545,2e-05,2,NewYork,Friday
2026-01-23 17:47:19,Pepperstone Razor,GBPUSD,1.35559,1.35559,0.0,0,NewYork,Friday
2026-01-23 17:47:20,Pepperstone Razor,USDJPY,158.187,158.189,0.002,2,NewYork,Friday
2026-01-23 17:47:21,Pepperstone Razor,AUDUSD,0.68696,0.68697,1e-05,1,NewYork,Friday
2026-01-23 17:47:25,FusionMarkets Zero,XAUUSD,4961.61,4961.73,0.12,12,NewYork,Friday
2026-01-23 17:47:26,FusionMarkets Zero,EURUSD,1.17538,1.17538,0.0,0,NewYork,Friday
2026-01-23 17:47:26,FusionMarkets Zero,GBPUSD,1.3556,1.3556,0.0,0,NewYork,Friday
2026-01-23 17:47:27,FusionMarkets Zero,USDJPY,158.195,158.199,0.004,4,NewYork,Friday
2026-01-23 17:47:28,FusionMarkets Zero,AUDUSD,0.68697,0.68697,0.0,0,NewYork,Friday
2026-01-23 17:47:31,ThinkMarkets ThinkZero,XAUUSD,4962.24,4962.32,0.08,8,NewYork,Friday
2026-01-23 17:47:32,ThinkMarkets ThinkZero,EURUSD,1.17538,1.1754,2e-05,2,NewYork,Friday
2026-01-23 17:47:33,ThinkMarkets ThinkZero,GBPUSD,1.35549,1.35555,6e-05,6,NewYork,Friday
2026-01-23 17:47:34,ThinkMarkets ThinkZero,USDJPY,158.205,158.208,0.003,3,NewYork,Friday
2026-01-23 17:47:35,ThinkMarkets ThinkZero,AUDUSD,0.68696,0.68699,3e-05,3,NewYork,Friday
2026-01-23 17:47:39,ICMarkets Raw,XAUUSD,4962.74,4962.83,0.09,9,NewYork,Friday
2026-01-23 17:47:40,ICMarkets Raw,EURUSD,1.17541,1.17541,0.0,0,NewYork,Friday
2026-01-23 17:47:40,ICMarkets Raw,GBPUSD,1.35553,1.35554,1e-05,1,NewYork,Friday
2026-01-23 17:47:41,ICMarkets Raw,USDJPY,158.201,158.204,0.003,3,NewYork,Friday
2026-01-23 17:47:42,ICMarkets Raw,AUDUSD,0.68697,0.68697,0.0,0,NewYork,Friday
2026-01-23 17:47:46,VantageMarkets Raw,XAUUSD,4962.12,4962.2,0.08,8,NewYork,Friday
2026-01-23 17:47:46,VantageMarkets Raw,EURUSD,1.17535,1.17536,1e-05,1,NewYork,Friday
2026-01-23 17:47:47,VantageMarkets Raw,GBPUSD,1.35553,1.35554,1e-05,1,NewYork,Friday
2026-01-23 17:47:48,VantageMarkets Raw,USDJPY,158.198,158.21,0.012,12,NewYork,Friday
2026-01-23 17:47:49,VantageMarkets Raw,AUDUSD,0.68697,0.687,3e-05,3,NewYork,Friday
2026-01-23 17:47:52,FPMarkets Raw,XAUUSD,4963.25,4963.32,0.07,7,NewYork,Friday
2026-01-23 17:47:53,FPMarkets Raw,EURUSD,1.17539,1.1754,1e-05,1,NewYork,Friday
2026-01-23 17:47:54,FPMarkets Raw,GBPUSD,1.35553,1.35557,4e-05,4,NewYork,Friday
2026-01-23 17:47:55,FPMarkets Raw,USDJPY,158.2,158.203,0.003,3,NewYork,Friday
2026-01-23 17:47:56,FPMarkets Raw,AUDUSD,0.68697,0.687,3e-05,3,NewYork,Friday
2026-01-23 17:47:58,8Cap Raw,XAUUSD,4963.01,4963.17,0.16,16,NewYork,Friday
2026-01-23 17:47:59,8Cap Raw,EURUSD,1.17541,1.17541,0.0,0,NewYork,Friday
2026-01-23 17:47:59,8Cap Raw,GBPUSD,1.35556,1.35557,1e-05,1,NewYork,Friday
2026-01-23 17:48:00,8Cap Raw,USDJPY,158.199,158.203,0.004,4,NewYork,Friday
2026-01-23 17:48:01,8Cap Raw,AUDUSD,0.68704,0.68707,3e-05,3,NewYork,Friday
2026-01-23 17:52:17,Pepperstone Razor,XAUUSD,4956.4,4956.62,0.22,22,NewYork,Friday
2026-01-23 17:52:18,Pepperstone Razor,EURUSD,1.1758,1.1758,0.0,0,NewYork,Friday
2026-01-23 17:52:18,Pepperstone Razor,GBPUSD,1.35631,1.35633,2e-05,2,NewYork,Friday
2026-01-23 17:52:19,Pepperstone Razor,USDJPY,158.165,158.166,0.001,1,NewYork,Friday
2026-01-23 17:52:20,Pepperstone Razor,AUDUSD,0.68714,0.68714,0.0,0,NewYork,Friday
2026-01-23 17:52:24,FusionMarkets Zero,XAUUSD,4956.2,4956.31,0.11,11,NewYork,Friday
2026-01-23 17:52:25,FusionMarkets Zero,EURUSD,1.17582,1.17582,0.0,0,NewYork,Friday
2026-01-23 17:52:25,FusionMarkets Zero,GBPUSD,1.35634,1.35634,0.0,0,NewYork,Friday
2026-01-23 17:52:26,FusionMarkets Zero,USDJPY,158.166,158.166,0.0,0,NewYork,Friday
2026-01-23 17:52:27,FusionMarkets Zero,AUDUSD,0.68717,0.68717,0.0,0,NewYork,Friday
2026-01-23 17:52:31,ThinkMarkets ThinkZero,XAUUSD,4956.74,4956.82,0.08,8,NewYork,Friday
2026-01-23 17:52:32,ThinkMarkets ThinkZero,EURUSD,1.17583,1.17585,2e-05,2,NewYork,Friday
2026-01-23 17:52:33,ThinkMarkets ThinkZero,GBPUSD,1.3564,1.35644,4e-05,4,NewYork,Friday
2026-01-23 17:52:33,ThinkMarkets ThinkZero,USDJPY,158.161,158.165,0.004,4,NewYork,Friday
2026-01-23 17:52:34,ThinkMarkets ThinkZero,AUDUSD,0.68715,0.68717,2e-05,2,NewYork,Friday
2026-01-23 17:52:38,ICMarkets Raw,XAUUSD,4955.5,4955.59,0.09,9,NewYork,Friday
2026-01-23 17:52:39,ICMarkets Raw,EURUSD,1.17595,1.17597,2e-05,2,NewYork,Friday
2026-01-23 17:52:40,ICMarkets Raw,GBPUSD,1.35652,1.35656,4e-05,4,NewYork,Friday
2026-01-23 17:52:40,ICMarkets Raw,USDJPY,158.161,158.161,0.0,0,NewYork,Friday
2026-01-23 17:52:41,ICMarkets Raw,AUDUSD,0.68719,0.6872,1e-05,1,NewYork,Friday
2026-01-23 17:52:45,VantageMarkets Raw,XAUUSD,4956.31,4956.39,0.08,8,NewYork,Friday
2026-01-23 17:52:45,VantageMarkets Raw,EURUSD,1.17599,1.176,1e-05,1,NewYork,Friday
2026-01-23 17:52:46,VantageMarkets Raw,GBPUSD,1.35654,1.35657,3e-05,3,NewYork,Friday
2026-01-23 17:52:47,VantageMarkets Raw,USDJPY,158.132,158.133,0.001,1,NewYork,Friday
2026-01-23 17:52:48,VantageMarkets Raw,AUDUSD,0.6872,0.68723,3e-05,3,NewYork,Friday
2026-01-23 17:52:52,FPMarkets Raw,XAUUSD,4955.96,4956.03,0.07,7,NewYork,Friday
2026-01-23 17:52:52,FPMarkets Raw,EURUSD,1.17598,1.17599,1e-05,1,NewYork,Friday
2026-01-23 17:52:53,FPMarkets Raw,GBPUSD,1.35653,1.35656,3e-05,3,NewYork,Friday
2026-01-23 17:52:54,FPMarkets Raw,USDJPY,158.137,158.14,0.003,3,NewYork,Friday
2026-01-23 17:52:55,FPMarkets Raw,AUDUSD,0.68717,0.6872,3e-05,3,NewYork,Friday
2026-01-23 17:52:57,8Cap Raw,XAUUSD,4955.29,4955.45,0.16,16,NewYork,Friday
2026-01-23 17:52:58,8Cap Raw,EURUSD,1.17594,1.17594,0.0,0,NewYork,Friday
2026-01-23 17:52:59,8Cap Raw,GBPUSD,1.35653,1.35656,3e-05,3,NewYork,Friday
2026-01-23 17:52:59,8Cap Raw,USDJPY,158.15,158.152,0.002,2,NewYork,Friday
2026-01-23 17:53:00,8Cap Raw,AUDUSD,0.68718,0.6872,2e-05,2,NewYork,Friday
2026-01-23 17:57:17,Pepperstone Razor,XAUUSD,4957.49,4957.65,0.16,16,NewYork,Friday
2026-01-23 17:57:18,Pepperstone Razor,EURUSD,1.17574,1.17574,0.0,0,NewYork,Friday
2026-01-23 17:57:19,Pepperstone Razor,GBPUSD,1.35627,1.35629,2e-05,2,NewYork,Friday
2026-01-23 17:57:20,Pepperstone Razor,USDJPY,158.125,158.127,0.002,2,NewYork,Friday
2026-01-23 17:57:21,Pepperstone Razor,AUDUSD,0.68706,0.68707,1e-05,1,NewYork,Friday
2026-01-23 17:57:24,FusionMarkets Zero,XAUUSD,4957.75,4957.8,0.05,5,NewYork,Friday
2026-01-23 17:57:25,FusionMarkets Zero,EURUSD,1.1757,1.1757,0.0,0,NewYork,Friday
2026-01-23 17:57:26,FusionMarkets Zero,GBPUSD,1.35624,1.35624,0.0,0,NewYork,Friday
2026-01-23 17:57:27,FusionMarkets Zero,USDJPY,158.125,158.126,0.001,1,NewYork,Friday
2026-01-23 17:57:28,FusionMarkets Zero,AUDUSD,0.68708,0.68708,0.0,0,NewYork,Friday
2026-01-23 17:57:31,ThinkMarkets ThinkZero,XAUUSD,4957.57,4957.65,0.08,8,NewYork,Friday
2026-01-23 17:57:32,ThinkMarkets ThinkZero,EURUSD,1.17567,1.17568,1e-05,1,NewYork,Friday
2026-01-23 17:57:33,ThinkMarkets ThinkZero,GBPUSD,1.35632,1.35637,5e-05,5,NewYork,Friday
2026-01-23 17:57:34,ThinkMarkets ThinkZero,USDJPY,158.11,158.113,0.003,3,NewYork,Friday
2026-01-23 17:57:35,ThinkMarkets ThinkZero,AUDUSD,0.68707,0.68709,2e-05,2,NewYork,Friday
2026-01-23 17:57:38,ICMarkets Raw,XAUUSD,4957.37,4957.42,0.05,5,NewYork,Friday
2026-01-23 17:57:39,ICMarkets Raw,EURUSD,1.17558,1.17559,1e-05,1,NewYork,Friday
2026-01-23 17:57:40,ICMarkets Raw,GBPUSD,1.35625,1.35629,4e-05,4,NewYork,Friday
2026-01-23 17:57:41,ICMarkets Raw,USDJPY,158.119,158.121,0.002,2,NewYork,Friday
2026-01-23 17:57:42,ICMarkets Raw,AUDUSD,0.68703,0.68705,2e-05,2,NewYork,Friday
2026-01-23 17:57:45,VantageMarkets Raw,XAUUSD,4956.41,4956.49,0.08,8,NewYork,Friday
2026-01-23 17:57:46,VantageMarkets Raw,EURUSD,1.17562,1.17564,2e-05,2,NewYork,Friday
2026-01-23 17:57:47,VantageMarkets Raw,GBPUSD,1.35624,1.35626,2e-05,2,NewYork,Friday
2026-01-23 17:57:48,VantageMarkets Raw,USDJPY,158.099,158.105,0.006,6,NewYork,Friday
2026-01-23 17:57:48,VantageMarkets Raw,AUDUSD,0.68701,0.68704,3e-05,3,NewYork,Friday
2026-01-23 17:57:52,FPMarkets Raw,XAUUSD,4956.78,4956.85,0.07,7,NewYork,Friday
2026-01-23 17:57:53,FPMarkets Raw,EURUSD,1.17563,1.17564,1e-05,1,NewYork,Friday
2026-01-23 17:57:54,FPMarkets Raw,GBPUSD,1.3563,1.35634,4e-05,4,NewYork,Friday
2026-01-23 17:57:55,FPMarkets Raw,USDJPY,158.107,158.11,0.003,3,NewYork,Friday
2026-01-23 17:57:56,FPMarkets Raw,AUDUSD,0.6871,0.68713,3e-05,3,NewYork,Friday
2026-01-23 17:57:57,8Cap Raw,XAUUSD,4957.05,4957.21,0.16,16,NewYork,Friday
2026-01-23 17:57:58,8Cap Raw,EURUSD,1.1757,1.1757,0.0,0,NewYork,Friday
2026-01-23 17:57:59,8Cap Raw,GBPUSD,1.35631,1.35632,1e-05,1,NewYork,Friday
2026-01-23 17:57:59,8Cap Raw,USDJPY,158.112,158.115,0.003,3,NewYork,Friday
2026-01-23 17:58:00,8Cap Raw,AUDUSD,0.68718,0.6872,2e-05,2,NewYork,Friday
2026-01-23 18:02:16,Pepperstone Razor,XAUUSD,4962.45,4962.64,0.19,19,NewYork,Friday
2026-01-23 18:02:17,Pepperstone Razor,EURUSD,1.17565,1.17565,0.0,0,NewYork,Friday
2026-01-23 18:02:18,Pepperstone Razor,GBPUSD,1.35643,1.35643,0.0,0,NewYork,Friday
2026-01-23 18:02:19,Pepperstone Razor,USDJPY,158.106,158.109,0.003,3,NewYork,Friday
2026-01-23 18:02:19,Pepperstone Razor,AUDUSD,0.68732,0.68733,1e-05,1,NewYork,Friday
2026-01-23 18:02:23,FusionMarkets Zero,XAUUSD,4962.01,4962.11,0.1,10,NewYork,Friday
2026-01-23 18:02:23,FusionMarkets Zero,EURUSD,1.17566,1.17566,0.0,0,NewYork,Friday
2026-01-23 18:02:24,FusionMarkets Zero,GBPUSD,1.35643,1.35643,0.0,0,NewYork,Friday
2026-01-23 18:02:25,FusionMarkets Zero,USDJPY,158.1,158.1,0.0,0,NewYork,Friday
2026-01-23 18:02:26,FusionMarkets Zero,AUDUSD,0.68733,0.68733,0.0,0,NewYork,Friday
2026-01-23 18:02:29,ThinkMarkets ThinkZero,XAUUSD,4965.64,4965.72,0.08,8,NewYork,Friday
2026-01-23 18:02:30,ThinkMarkets ThinkZero,EURUSD,1.17565,1.17566,1e-05,1,NewYork,Friday
2026-01-23 18:02:31,ThinkMarkets ThinkZero,GBPUSD,1.35643,1.35647,4e-05,4,NewYork,Friday
2026-01-23 18:02:32,ThinkMarkets ThinkZero,USDJPY,158.114,158.12,0.006,6,NewYork,Friday
2026-01-23 18:02:33,ThinkMarkets ThinkZero,AUDUSD,0.68733,0.68736,3e-05,3,NewYork,Friday
2026-01-23 18:02:36,ICMarkets Raw,XAUUSD,4964.62,4964.72,0.1,10,NewYork,Friday
2026-01-23 18:02:37,ICMarkets Raw,EURUSD,1.17566,1.17566,0.0,0,NewYork,Friday
2026-01-23 18:02:38,ICMarkets Raw,GBPUSD,1.35647,1.35648,1e-05,1,NewYork,Friday
2026-01-23 18:02:38,ICMarkets Raw,USDJPY,158.112,158.114,0.002,2,NewYork,Friday
2026-01-23 18:02:39,ICMarkets Raw,AUDUSD,0.68736,0.68736,0.0,0,NewYork,Friday
2026-01-23 18:02:42,VantageMarkets Raw,XAUUSD,4964.96,4965.04,0.08,8,NewYork,Friday
2026-01-23 18:02:43,VantageMarkets Raw,EURUSD,1.17567,1.17569,2e-05,2,NewYork,Friday
2026-01-23 18:02:44,VantageMarkets Raw,GBPUSD,1.35644,1.35645,1e-05,1,NewYork,Friday
2026-01-23 18:02:45,VantageMarkets Raw,USDJPY,158.108,158.109,0.001,1,NewYork,Friday
2026-01-23 18:02:46,VantageMarkets Raw,AUDUSD,0.68733,0.68736,3e-05,3,NewYork,Friday
2026-01-23 18:02:49,FPMarkets Raw,XAUUSD,4965.07,4965.14,0.07,7,NewYork,Friday
2026-01-23 18:02:50,FPMarkets Raw,EURUSD,1.17565,1.17566,1e-05,1,NewYork,Friday
2026-01-23 18:02:51,FPMarkets Raw,GBPUSD,1.35649,1.35652,3e-05,3,NewYork,Friday
2026-01-23 18:02:52,FPMarkets Raw,USDJPY,158.11,158.113,0.003,3,NewYork,Friday
2026-01-23 18:02:53,FPMarkets Raw,AUDUSD,0.68731,0.68735,4e-05,4,NewYork,Friday
2026-01-23 18:02:55,8Cap Raw,XAUUSD,4964.25,4964.41,0.16,16,NewYork,Friday
2026-01-23 18:02:56,8Cap Raw,EURUSD,1.17562,1.17562,0.0,0,NewYork,Friday
2026-01-23 18:02:56,8Cap Raw,GBPUSD,1.35647,1.35648,1e-05,1,NewYork,Friday
2026-01-23 18:02:57,8Cap Raw,USDJPY,158.113,158.114,0.001,1,NewYork,Friday
2026-01-23 18:02:58,8Cap Raw,AUDUSD,0.68727,0.68729,2e-05,2,NewYork,Friday
2026-01-23 18:07:16,Pepperstone Razor,XAUUSD,4964.49,4964.65,0.16,16,NewYork,Friday
2026-01-23 18:07:17,Pepperstone Razor,EURUSD,1.17569,1.17569,0.0,0,NewYork,Friday
2026-01-23 18:07:18,Pepperstone Razor,GBPUSD,1.35639,1.35639,0.0,0,NewYork,Friday
2026-01-23 18:07:19,Pepperstone Razor,USDJPY,158.161,158.162,0.001,1,NewYork,Friday
2026-01-23 18:07:20,Pepperstone Razor,AUDUSD,0.68696,0.68696,0.0,0,NewYork,Friday
2026-01-23 18:07:23,FusionMarkets Zero,XAUUSD,4962.93,4963.0,0.07,7,NewYork,Friday
2026-01-23 18:07:24,FusionMarkets Zero,EURUSD,1.17563,1.17563,0.0,0,NewYork,Friday
2026-01-23 18:07:24,FusionMarkets Zero,GBPUSD,1.35639,1.35639,0.0,0,NewYork,Friday
2026-01-23 18:07:25,FusionMarkets Zero,USDJPY,158.149,158.152,0.003,3,NewYork,Friday
2026-01-23 18:07:26,FusionMarkets Zero,AUDUSD,0.68698,0.68698,0.0,0,NewYork,Friday
2026-01-23 18:07:29,ThinkMarkets ThinkZero,XAUUSD,4963.09,4963.17,0.08,8,NewYork,Friday
2026-01-23 18:07:30,ThinkMarkets ThinkZero,EURUSD,1.17566,1.17569,3e-05,3,NewYork,Friday
2026-01-23 18:07:30,ThinkMarkets ThinkZero,GBPUSD,1.35638,1.35643,5e-05,5,NewYork,Friday
2026-01-23 18:07:31,ThinkMarkets ThinkZero,USDJPY,158.154,158.156,0.002,2,NewYork,Friday
2026-01-23 18:07:32,ThinkMarkets ThinkZero,AUDUSD,0.68696,0.68699,3e-05,3,NewYork,Friday
2026-01-23 18:07:35,ICMarkets Raw,XAUUSD,4963.55,4963.65,0.1,10,NewYork,Friday
2026-01-23 18:07:36,ICMarkets Raw,EURUSD,1.17561,1.17562,1e-05,1,NewYork,Friday
2026-01-23 18:07:37,ICMarkets Raw,GBPUSD,1.35634,1.35635,1e-05,1,NewYork,Friday
2026-01-23 18:07:38,ICMarkets Raw,USDJPY,158.159,158.161,0.002,2,NewYork,Friday
2026-01-23 18:07:38,ICMarkets Raw,AUDUSD,0.68691,0.68692,1e-05,1,NewYork,Friday
2026-01-23 18:07:41,VantageMarkets Raw,XAUUSD,4963.52,4963.6,0.08,8,NewYork,Friday
2026-01-23 18:07:42,VantageMarkets Raw,EURUSD,1.17559,1.17561,2e-05,2,NewYork,Friday
2026-01-23 18:07:43,VantageMarkets Raw,GBPUSD,1.35634,1.35635,1e-05,1,NewYork,Friday
2026-01-23 18:07:44,VantageMarkets Raw,USDJPY,158.135,158.142,0.007,7,NewYork,Friday
2026-01-23 18:07:45,VantageMarkets Raw,AUDUSD,0.68691,0.68695,4e-05,4,NewYork,Friday
2026-01-23 18:07:48,FPMarkets Raw,XAUUSD,4963.56,4963.63,0.07,7,NewYork,Friday
2026-01-23 18:07:49,FPMarkets Raw,EURUSD,1.17562,1.17563,1e-05,1,NewYork,Friday
2026-01-23 18:07:49,FPMarkets Raw,GBPUSD,1.35634,1.35637,3e-05,3,NewYork,Friday
2026-01-23 18:07:50,FPMarkets Raw,USDJPY,158.136,158.139,0.003,3,NewYork,Friday
2026-01-23 18:07:51,FPMarkets Raw,AUDUSD,0.68689,0.68692,3e-05,3,NewYork,Friday
2026-01-23 18:07:53,8Cap Raw,XAUUSD,4962.78,4962.94,0.16,16,NewYork,Friday
2026-01-23 18:07:54,8Cap Raw,EURUSD,1.17564,1.17565,1e-05,1,NewYork,Friday
2026-01-23 18:07:55,8Cap Raw,GBPUSD,1.35633,1.35634,1e-05,1,NewYork,Friday
2026-01-23 18:07:55,8Cap Raw,USDJPY,158.138,158.139,0.001,1,NewYork,Friday
2026-01-23 18:07:56,8Cap Raw,AUDUSD,0.68688,0.68691,3e-05,3,NewYork,Friday
2026-01-23 18:12:16,Pepperstone Razor,XAUUSD,4973.56,4973.76,0.2,20,NewYork,Friday
2026-01-23 18:12:17,Pepperstone Razor,EURUSD,1.17533,1.17533,0.0,0,NewYork,Friday
2026-01-23 18:12:18,Pepperstone Razor,GBPUSD,1.35682,1.35683,1e-05,1,NewYork,Friday
2026-01-23 18:12:19,Pepperstone Razor,USDJPY,158.176,158.179,0.003,3,NewYork,Friday
2026-01-23 18:12:20,Pepperstone Razor,AUDUSD,0.68689,0.68691,2e-05,2,NewYork,Friday
2026-01-23 18:12:23,FusionMarkets Zero,XAUUSD,4973.66,4973.75,0.09,9,NewYork,Friday
2026-01-23 18:12:24,FusionMarkets Zero,EURUSD,1.17535,1.17535,0.0,0,NewYork,Friday
2026-01-23 18:12:24,FusionMarkets Zero,GBPUSD,1.35679,1.35679,0.0,0,NewYork,Friday
2026-01-23 18:12:25,FusionMarkets Zero,USDJPY,158.175,158.175,0.0,0,NewYork,Friday
2026-01-23 18:12:26,FusionMarkets Zero,AUDUSD,0.68688,0.68688,0.0,0,NewYork,Friday
2026-01-23 18:12:29,ThinkMarkets ThinkZero,XAUUSD,4972.65,4972.73,0.08,8,NewYork,Friday
2026-01-23 18:12:30,ThinkMarkets ThinkZero,EURUSD,1.17534,1.17536,2e-05,2,NewYork,Friday
2026-01-23 18:12:31,ThinkMarkets ThinkZero,GBPUSD,1.35676,1.35683,7e-05,7,NewYork,Friday
2026-01-23 18:12:32,ThinkMarkets ThinkZero,USDJPY,158.16,158.164,0.004,4,NewYork,Friday
2026-01-23 18:12:33,ThinkMarkets ThinkZero,AUDUSD,0.68689,0.68691,2e-05,2,NewYork,Friday
2026-01-23 18:12:36,ICMarkets Raw,XAUUSD,4972.59,4972.69,0.1,10,NewYork,Friday
2026-01-23 18:12:36,ICMarkets Raw,EURUSD,1.17536,1.17536,0.0,0,NewYork,Friday
2026-01-23 18:12:37,ICMarkets Raw,GBPUSD,1.35687,1.35688,1e-05,1,NewYork,Friday
2026-01-23 18:12:38,ICMarkets Raw,USDJPY,158.157,158.159,0.002,2,NewYork,Friday
2026-01-23 18:12:39,ICMarkets Raw,AUDUSD,0.68689,0.68689,0.0,0,NewYork,Friday
2026-01-23 18:12:41,VantageMarkets Raw,XAUUSD,4971.34,4971.42,0.08,8,NewYork,Friday
2026-01-23 18:12:42,VantageMarkets Raw,EURUSD,1.17533,1.17534,1e-05,1,NewYork,Friday
2026-01-23 18:12:43,VantageMarkets Raw,GBPUSD,1.35683,1.35684,1e-05,1,NewYork,Friday
2026-01-23 18:12:44,VantageMarkets Raw,USDJPY,158.158,158.159,0.001,1,NewYork,Friday
2026-01-23 18:12:45,VantageMarkets Raw,AUDUSD,0.68678,0.68682,4e-05,4,NewYork,Friday
2026-01-23 18:12:48,FPMarkets Raw,XAUUSD,4971.58,4971.65,0.07,7,NewYork,Friday
2026-01-23 18:12:49,FPMarkets Raw,EURUSD,1.17534,1.17535,1e-05,1,NewYork,Friday
2026-01-23 18:12:50,FPMarkets Raw,GBPUSD,1.35679,1.35682,3e-05,3,NewYork,Friday
2026-01-23 18:12:51,FPMarkets Raw,USDJPY,158.152,158.155,0.003,3,NewYork,Friday
2026-01-23 18:12:52,FPMarkets Raw,AUDUSD,0.68679,0.68682,3e-05,3,NewYork,Friday
2026-01-23 18:12:53,8Cap Raw,XAUUSD,4971.13,4971.29,0.16,16,NewYork,Friday
2026-01-23 18:12:54,8Cap Raw,EURUSD,1.17531,1.17532,1e-05,1,NewYork,Friday
2026-01-23 18:12:55,8Cap Raw,GBPUSD,1.35682,1.35683,1e-05,1,NewYork,Friday
2026-01-23 18:12:55,8Cap Raw,USDJPY,158.156,158.157,0.001,1,NewYork,Friday
2026-01-23 18:12:56,8Cap Raw,AUDUSD,0.68681,0.68683,2e-05,2,NewYork,Friday
2026-01-23 18:17:16,Pepperstone Razor,XAUUSD,4974.81,4974.95,0.14,14,NewYork,Friday
2026-01-23 18:17:17,Pepperstone Razor,EURUSD,1.175,1.175,0.0,0,NewYork,Friday
2026-01-23 18:17:18,Pepperstone Razor,GBPUSD,1.35632,1.35633,1e-05,1,NewYork,Friday
2026-01-23 18:17:19,Pepperstone Razor,USDJPY,158.204,158.207,0.003,3,NewYork,Friday
2026-01-23 18:17:20,Pepperstone Razor,AUDUSD,0.68674,0.68674,0.0,0,NewYork,Friday
2026-01-23 18:17:23,FusionMarkets Zero,XAUUSD,4976.22,4976.31,0.09,9,NewYork,Friday
2026-01-23 18:17:24,FusionMarkets Zero,EURUSD,1.17501,1.17501,0.0,0,NewYork,Friday
2026-01-23 18:17:24,FusionMarkets Zero,GBPUSD,1.35628,1.35628,0.0,0,NewYork,Friday
2026-01-23 18:17:25,FusionMarkets Zero,USDJPY,158.203,158.203,0.0,0,NewYork,Friday
2026-01-23 18:17:26,FusionMarkets Zero,AUDUSD,0.68681,0.68681,0.0,0,NewYork,Friday
2026-01-23 18:17:29,ThinkMarkets ThinkZero,XAUUSD,4976.2,4976.28,0.08,8,NewYork,Friday
2026-01-23 18:17:30,ThinkMarkets ThinkZero,EURUSD,1.17505,1.17506,1e-05,1,NewYork,Friday
2026-01-23 18:17:31,ThinkMarkets ThinkZero,GBPUSD,1.35626,1.35632,6e-05,6,NewYork,Friday
2026-01-23 18:17:32,ThinkMarkets ThinkZero,USDJPY,158.189,158.194,0.005,5,NewYork,Friday
2026-01-23 18:17:33,ThinkMarkets ThinkZero,AUDUSD,0.68678,0.68681,3e-05,3,NewYork,Friday
2026-01-23 18:17:36,ICMarkets Raw,XAUUSD,4976.37,4976.47,0.1,10,NewYork,Friday
2026-01-23 18:17:37,ICMarkets Raw,EURUSD,1.17504,1.17504,0.0,0,NewYork,Friday
2026-01-23 18:17:38,ICMarkets Raw,GBPUSD,1.3563,1.35632,2e-05,2,NewYork,Friday
2026-01-23 18:17:38,ICMarkets Raw,USDJPY,158.192,158.193,0.001,1,NewYork,Friday
2026-01-23 18:17:39,ICMarkets Raw,AUDUSD,0.68682,0.68682,0.0,0,NewYork,Friday
2026-01-23 18:17:42,VantageMarkets Raw,XAUUSD,4976.28,4976.36,0.08,8,NewYork,Friday
2026-01-23 18:17:43,VantageMarkets Raw,EURUSD,1.17509,1.17511,2e-05,2,NewYork,Friday
2026-01-23 18:17:44,VantageMarkets Raw,GBPUSD,1.35632,1.35633,1e-05,1,NewYork,Friday
2026-01-23 18:17:45,VantageMarkets Raw,USDJPY,158.195,158.196,0.001,1,NewYork,Friday
2026-01-23 18:17:46,VantageMarkets Raw,AUDUSD,0.68683,0.68686,3e-05,3,NewYork,Friday
2026-01-23 18:17:49,FPMarkets Raw,XAUUSD,4976.47,4976.54,0.07,7,NewYork,Friday
2026-01-23 18:17:50,FPMarkets Raw,EURUSD,1.17511,1.17513,2e-05,2,NewYork,Friday
2026-01-23 18:17:51,FPMarkets Raw,GBPUSD,1.3563,1.35633,3e-05,3,NewYork,Friday
2026-01-23 18:17:52,FPMarkets Raw,USDJPY,158.193,158.197,0.004,4,NewYork,Friday
2026-01-23 18:17:53,FPMarkets Raw,AUDUSD,0.68683,0.68687,4e-05,4,NewYork,Friday
2026-01-23 18:17:55,8Cap Raw,XAUUSD,4976.92,4977.08,0.16,16,NewYork,Friday
2026-01-23 18:17:56,8Cap Raw,EURUSD,1.17516,1.17517,1e-05,1,NewYork,Friday
2026-01-23 18:17:56,8Cap Raw,GBPUSD,1.35641,1.35642,1e-05,1,NewYork,Friday
2026-01-23 18:17:57,8Cap Raw,USDJPY,158.192,158.193,0.001,1,NewYork,Friday
2026-01-23 18:17:58,8Cap Raw,AUDUSD,0.68688,0.68691,3e-05,3,NewYork,Friday
2026-01-23 18:22:16,Pepperstone Razor,XAUUSD,4979.27,4979.42,0.15,15,NewYork,Friday
2026-01-23 18:22:17,Pepperstone Razor,EURUSD,1.17583,1.17583,0.0,0,NewYork,Friday
2026-01-23 18:22:18,Pepperstone Razor,GBPUSD,1.35677,1.35679,2e-05,2,NewYork,Friday
2026-01-23 18:22:19,Pepperstone Razor,USDJPY,157.952,157.955,0.003,3,NewYork,Friday
2026-01-23 18:22:20,Pepperstone Razor,AUDUSD,0.68707,0.68708,1e-05,1,NewYork,Friday
2026-01-23 18:22:23,FusionMarkets Zero,XAUUSD,4978.93,4978.98,0.05,5,NewYork,Friday
2026-01-23 18:22:24,FusionMarkets Zero,EURUSD,1.17586,1.17586,0.0,0,NewYork,Friday
2026-01-23 18:22:24,FusionMarkets Zero,GBPUSD,1.35681,1.35681,0.0,0,NewYork,Friday
2026-01-23 18:22:25,FusionMarkets Zero,USDJPY,157.911,157.913,0.002,2,NewYork,Friday
2026-01-23 18:22:26,FusionMarkets Zero,AUDUSD,0.68709,0.68709,0.0,0,NewYork,Friday
2026-01-23 18:22:29,ThinkMarkets ThinkZero,XAUUSD,4978.57,4978.65,0.08,8,NewYork,Friday
2026-01-23 18:22:30,ThinkMarkets ThinkZero,EURUSD,1.17584,1.17587,3e-05,3,NewYork,Friday
2026-01-23 18:22:31,ThinkMarkets ThinkZero,GBPUSD,1.35677,1.35684,7e-05,7,NewYork,Friday
2026-01-23 18:22:32,ThinkMarkets ThinkZero,USDJPY,157.945,157.951,0.006,6,NewYork,Friday
2026-01-23 18:22:33,ThinkMarkets ThinkZero,AUDUSD,0.68699,0.68703,4e-05,4,NewYork,Friday
2026-01-23 18:22:36,ICMarkets Raw,XAUUSD,4978.93,4978.98,0.05,5,NewYork,Friday
2026-01-23 18:22:37,ICMarkets Raw,EURUSD,1.17588,1.17589,1e-05,1,NewYork,Friday
2026-01-23 18:22:38,ICMarkets Raw,GBPUSD,1.35682,1.35685,3e-05,3,NewYork,Friday
2026-01-23 18:22:39,ICMarkets Raw,USDJPY,157.945,157.947,0.002,2,NewYork,Friday
2026-01-23 18:22:39,ICMarkets Raw,AUDUSD,0.68703,0.68704,1e-05,1,NewYork,Friday
2026-01-23 18:22:42,VantageMarkets Raw,XAUUSD,4978.79,4978.87,0.08,8,NewYork,Friday
2026-01-23 18:22:43,VantageMarkets Raw,EURUSD,1.17586,1.17589,3e-05,3,NewYork,Friday
2026-01-23 18:22:44,VantageMarkets Raw,GBPUSD,1.35683,1.35685,2e-05,2,NewYork,Friday
2026-01-23 18:22:45,VantageMarkets Raw,USDJPY,157.963,157.968,0.005,5,NewYork,Friday
2026-01-23 18:22:46,VantageMarkets Raw,AUDUSD,0.68698,0.68702,4e-05,4,NewYork,Friday
2026-01-23 18:22:49,FPMarkets Raw,XAUUSD,4979.69,4979.76,0.07,7,NewYork,Friday
2026-01-23 18:22:50,FPMarkets Raw,EURUSD,1.17586,1.17587,1e-05,1,NewYork,Friday
2026-01-23 18:22:51,FPMarkets Raw,GBPUSD,1.35673,1.35676,3e-05,3,NewYork,Friday
2026-01-23 18:22:52,FPMarkets Raw,USDJPY,157.975,157.979,0.004,4,NewYork,Friday
2026-01-23 18:22:53,FPMarkets Raw,AUDUSD,0.68698,0.68701,3e-05,3,NewYork,Friday
2026-01-23 18:22:55,8Cap Raw,XAUUSD,4979.35,4979.51,0.16,16,NewYork,Friday
2026-01-23 18:22:55,8Cap Raw,EURUSD,1.17588,1.17589,1e-05,1,NewYork,Friday
2026-01-23 18:22:56,8Cap Raw,GBPUSD,1.35674,1.35676,2e-05,2,NewYork,Friday
2026-01-23 18:22:57,8Cap Raw,USDJPY,157.983,157.986,0.003,3,NewYork,Friday
2026-01-23 18:22:57,8Cap Raw,AUDUSD,0.68699,0.68702,3e-05,3,NewYork,Friday
2026-01-23 18:27:16,Pepperstone Razor,XAUUSD,4984.91,4985.06,0.15,15,NewYork,Friday
2026-01-23 18:27:17,Pepperstone Razor,EURUSD,1.17593,1.17593,0.0,0,NewYork,Friday
2026-01-23 18:27:18,Pepperstone Razor,GBPUSD,1.3569,1.3569,0.0,0,NewYork,Friday
2026-01-23 18:27:19,Pepperstone Razor,USDJPY,157.896,157.9,0.004,4,NewYork,Friday
2026-01-23 18:27:20,Pepperstone Razor,AUDUSD,0.68718,0.68718,0.0,0,NewYork,Friday
2026-01-23 18:27:24,FusionMarkets Zero,XAUUSD,4986.06,4986.17,0.11,11,NewYork,Friday
2026-01-23 18:27:25,FusionMarkets Zero,EURUSD,1.17593,1.17593,0.0,0,NewYork,Friday
2026-01-23 18:27:25,FusionMarkets Zero,GBPUSD,1.35703,1.35703,0.0,0,NewYork,Friday
2026-01-23 18:27:26,FusionMarkets Zero,USDJPY,157.898,157.9,0.002,2,NewYork,Friday
2026-01-23 18:27:27,FusionMarkets Zero,AUDUSD,0.68724,0.68724,0.0,0,NewYork,Friday
2026-01-23 18:27:30,ThinkMarkets ThinkZero,XAUUSD,4985.82,4985.9,0.08,8,NewYork,Friday
2026-01-23 18:27:31,ThinkMarkets ThinkZero,EURUSD,1.17591,1.17594,3e-05,3,NewYork,Friday
2026-01-23 18:27:32,ThinkMarkets ThinkZero,GBPUSD,1.35692,1.35699,7e-05,7,NewYork,Friday
2026-01-23 18:27:33,ThinkMarkets ThinkZero,USDJPY,157.938,157.943,0.005,5,NewYork,Friday
2026-01-23 18:27:34,ThinkMarkets ThinkZero,AUDUSD,0.68722,0.68724,2e-05,2,NewYork,Friday
2026-01-23 18:27:37,ICMarkets Raw,XAUUSD,4985.74,4985.84,0.1,10,NewYork,Friday
2026-01-23 18:27:38,ICMarkets Raw,EURUSD,1.17583,1.17583,0.0,0,NewYork,Friday
2026-01-23 18:27:39,ICMarkets Raw,GBPUSD,1.35695,1.35696,1e-05,1,NewYork,Friday
2026-01-23 18:27:40,ICMarkets Raw,USDJPY,157.935,157.936,0.001,1,NewYork,Friday
2026-01-23 18:27:41,ICMarkets Raw,AUDUSD,0.68725,0.68726,1e-05,1,NewYork,Friday
2026-01-23 18:27:43,VantageMarkets Raw,XAUUSD,4985.14,4985.22,0.08,8,NewYork,Friday
2026-01-23 18:27:44,VantageMarkets Raw,EURUSD,1.17591,1.17594,3e-05,3,NewYork,Friday
2026-01-23 18:27:45,VantageMarkets Raw,GBPUSD,1.35702,1.35703,1e-05,1,NewYork,Friday
2026-01-23 18:27:46,VantageMarkets Raw,USDJPY,157.887,157.892,0.005,5,NewYork,Friday
2026-01-23 18:27:47,VantageMarkets Raw,AUDUSD,0.68724,0.68727,3e-05,3,NewYork,Friday
2026-01-23 18:27:50,FPMarkets Raw,XAUUSD,4983.8,4983.87,0.07,7,NewYork,Friday
2026-01-23 18:27:51,FPMarkets Raw,EURUSD,1.17587,1.17589,2e-05,2,NewYork,Friday
2026-01-23 18:27:52,FPMarkets Raw,GBPUSD,1.357,1.35704,4e-05,4,NewYork,Friday
2026-01-23 18:27:53,FPMarkets Raw,USDJPY,157.873,157.877,0.004,4,NewYork,Friday
2026-01-23 18:27:54,FPMarkets Raw,AUDUSD,0.68723,0.68726,3e-05,3,NewYork,Friday
2026-01-23 18:27:56,8Cap Raw,XAUUSD,4982.58,4982.74,0.16,16,NewYork,Friday
2026-01-23 18:27:56,8Cap Raw,EURUSD,1.17588,1.1759,2e-05,2,NewYork,Friday
2026-01-23 18:27:57,8Cap Raw,GBPUSD,1.35708,1.35709,1e-05,1,NewYork,Friday
2026-01-23 18:27:58,8Cap Raw,USDJPY,157.876,157.877,0.001,1,NewYork,Friday
2026-01-23 18:27:58,8Cap Raw,AUDUSD,0.68724,0.68727,3e-05,3,NewYork,Friday
2026-01-23 18:32:17,Pepperstone Razor,XAUUSD,4985.22,4985.37,0.15,15,NewYork,Friday
2026-01-23 18:32:18,Pepperstone Razor,EURUSD,1.17647,1.17647,0.0,0,NewYork,Friday
2026-01-23 18:32:18,Pepperstone Razor,GBPUSD,1.35787,1.35787,0.0,0,NewYork,Friday
2026-01-23 18:32:19,Pepperstone Razor,USDJPY,157.74,157.742,0.002,2,NewYork,Friday
2026-01-23 18:32:20,Pepperstone Razor,AUDUSD,0.68732,0.68732,0.0,0,NewYork,Friday
2026-01-23 18:32:23,FusionMarkets Zero,XAUUSD,4985.1,4985.19,0.09,9,NewYork,Friday
2026-01-23 18:32:24,FusionMarkets Zero,EURUSD,1.17651,1.17651,0.0,0,NewYork,Friday
2026-01-23 18:32:25,FusionMarkets Zero,GBPUSD,1.35786,1.35786,0.0,0,NewYork,Friday
2026-01-23 18:32:26,FusionMarkets Zero,USDJPY,157.728,157.728,0.0,0,NewYork,Friday
2026-01-23 18:32:27,FusionMarkets Zero,AUDUSD,0.68737,0.68737,0.0,0,NewYork,Friday
2026-01-23 18:32:31,ThinkMarkets ThinkZero,XAUUSD,4983.71,4983.79,0.08,8,NewYork,Friday
2026-01-23 18:32:31,ThinkMarkets ThinkZero,EURUSD,1.17649,1.17651,2e-05,2,NewYork,Friday
2026-01-23 18:32:32,ThinkMarkets ThinkZero,GBPUSD,1.35785,1.35791,6e-05,6,NewYork,Friday
2026-01-23 18:32:33,ThinkMarkets ThinkZero,USDJPY,157.725,157.73,0.005,5,NewYork,Friday
2026-01-23 18:32:34,ThinkMarkets ThinkZero,AUDUSD,0.68736,0.68739,3e-05,3,NewYork,Friday
2026-01-23 18:32:38,ICMarkets Raw,XAUUSD,4984.99,4985.09,0.1,10,NewYork,Friday
2026-01-23 18:32:38,ICMarkets Raw,EURUSD,1.17653,1.17654,1e-05,1,NewYork,Friday
2026-01-23 18:32:39,ICMarkets Raw,GBPUSD,1.35796,1.35797,1e-05,1,NewYork,Friday
2026-01-23 18:32:40,ICMarkets Raw,USDJPY,157.724,157.724,0.0,0,NewYork,Friday
2026-01-23 18:32:41,ICMarkets Raw,AUDUSD,0.68741,0.68741,0.0,0,NewYork,Friday
2026-01-23 18:32:44,VantageMarkets Raw,XAUUSD,4985.14,4985.22,0.08,8,NewYork,Friday
2026-01-23 18:32:45,VantageMarkets Raw,EURUSD,1.17647,1.17649,2e-05,2,NewYork,Friday
2026-01-23 18:32:46,VantageMarkets Raw,GBPUSD,1.35795,1.35796,1e-05,1,NewYork,Friday
2026-01-23 18:32:46,VantageMarkets Raw,USDJPY,157.725,157.727,0.002,2,NewYork,Friday
2026-01-23 18:32:47,VantageMarkets Raw,AUDUSD,0.68739,0.68741,2e-05,2,NewYork,Friday
2026-01-23 18:32:51,FPMarkets Raw,XAUUSD,4984.74,4984.81,0.07,7,NewYork,Friday
2026-01-23 18:32:52,FPMarkets Raw,EURUSD,1.17648,1.17649,1e-05,1,NewYork,Friday
2026-01-23 18:32:53,FPMarkets Raw,GBPUSD,1.35797,1.358,3e-05,3,NewYork,Friday
2026-01-23 18:32:54,FPMarkets Raw,USDJPY,157.728,157.731,0.003,3,NewYork,Friday
2026-01-23 18:32:55,FPMarkets Raw,AUDUSD,0.68742,0.68745,3e-05,3,NewYork,Friday
2026-01-23 18:32:57,8Cap Raw,XAUUSD,4984.69,4984.85,0.16,16,NewYork,Friday
2026-01-23 18:32:57,8Cap Raw,EURUSD,1.17652,1.17652,0.0,0,NewYork,Friday
2026-01-23 18:32:58,8Cap Raw,GBPUSD,1.35796,1.35797,1e-05,1,NewYork,Friday
2026-01-23 18:32:59,8Cap Raw,USDJPY,157.726,157.727,0.001,1,NewYork,Friday
2026-01-23 18:32:59,8Cap Raw,AUDUSD,0.68738,0.68741,3e-05,3,NewYork,Friday
2026-01-23 18:37:17,Pepperstone Razor,XAUUSD,4982.68,4982.86,0.18,18,NewYork,Friday
2026-01-23 18:37:17,Pepperstone Razor,EURUSD,1.17655,1.17656,1e-05,1,NewYork,Friday
2026-01-23 18:37:18,Pepperstone Razor,GBPUSD,1.35814,1.35815,1e-05,1,NewYork,Friday
2026-01-23 18:37:19,Pepperstone Razor,USDJPY,157.622,157.626,0.004,4,NewYork,Friday
2026-01-23 18:37:20,Pepperstone Razor,AUDUSD,0.68771,0.68772,1e-05,1,NewYork,Friday
2026-01-23 18:37:24,FusionMarkets Zero,XAUUSD,4983.35,4983.44,0.09,9,NewYork,Friday
2026-01-23 18:37:25,FusionMarkets Zero,EURUSD,1.17663,1.17663,0.0,0,NewYork,Friday
2026-01-23 18:37:26,FusionMarkets Zero,GBPUSD,1.35823,1.35823,0.0,0,NewYork,Friday
2026-01-23 18:37:27,FusionMarkets Zero,USDJPY,157.586,157.586,0.0,0,NewYork,Friday
2026-01-23 18:37:28,FusionMarkets Zero,AUDUSD,0.68779,0.68779,0.0,0,NewYork,Friday
2026-01-23 18:37:31,ThinkMarkets ThinkZero,XAUUSD,4983.45,4983.53,0.08,8,NewYork,Friday
2026-01-23 18:37:32,ThinkMarkets ThinkZero,EURUSD,1.17659,1.17662,3e-05,3,NewYork,Friday
2026-01-23 18:37:33,ThinkMarkets ThinkZero,GBPUSD,1.35811,1.35816,5e-05,5,NewYork,Friday
2026-01-23 18:37:34,ThinkMarkets ThinkZero,USDJPY,157.592,157.596,0.004,4,NewYork,Friday
2026-01-23 18:37:34,ThinkMarkets ThinkZero,AUDUSD,0.68776,0.68778,2e-05,2,NewYork,Friday
2026-01-23 18:37:38,ICMarkets Raw,XAUUSD,4982.8,4982.9,0.1,10,NewYork,Friday
2026-01-23 18:37:39,ICMarkets Raw,EURUSD,1.1766,1.17661,1e-05,1,NewYork,Friday
2026-01-23 18:37:40,ICMarkets Raw,GBPUSD,1.35814,1.35815,1e-05,1,NewYork,Friday
2026-01-23 18:37:41,ICMarkets Raw,USDJPY,157.589,157.589,0.0,0,NewYork,Friday
2026-01-23 18:37:42,ICMarkets Raw,AUDUSD,0.6878,0.6878,0.0,0,NewYork,Friday
2026-01-23 18:37:44,VantageMarkets Raw,XAUUSD,4982.91,4982.99,0.08,8,NewYork,Friday
2026-01-23 18:37:45,VantageMarkets Raw,EURUSD,1.17665,1.17666,1e-05,1,NewYork,Friday
2026-01-23 18:37:46,VantageMarkets Raw,GBPUSD,1.35816,1.35817,1e-05,1,NewYork,Friday
2026-01-23 18:37:47,VantageMarkets Raw,USDJPY,157.575,157.577,0.002,2,NewYork,Friday
2026-01-23 18:37:48,VantageMarkets Raw,AUDUSD,0.68778,0.68782,4e-05,4,NewYork,Friday
2026-01-23 18:37:51,FPMarkets Raw,XAUUSD,4983.59,4983.66,0.07,7,NewYork,Friday
2026-01-23 18:37:52,FPMarkets Raw,EURUSD,1.17665,1.17666,1e-05,1,NewYork,Friday
2026-01-23 18:37:53,FPMarkets Raw,GBPUSD,1.35812,1.35815,3e-05,3,NewYork,Friday
2026-01-23 18:37:54,FPMarkets Raw,USDJPY,157.557,157.56,0.003,3,NewYork,Friday
2026-01-23 18:37:55,FPMarkets Raw,AUDUSD,0.68783,0.68786,3e-05,3,NewYork,Friday
2026-01-23 18:37:57,8Cap Raw,XAUUSD,4983.64,4983.8,0.16,16,NewYork,Friday
2026-01-23 18:37:58,8Cap Raw,EURUSD,1.17666,1.17667,1e-05,1,NewYork,Friday
2026-01-23 18:37:58,8Cap Raw,GBPUSD,1.35815,1.35816,1e-05,1,NewYork,Friday
2026-01-23 18:37:59,8Cap Raw,USDJPY,157.559,157.56,0.001,1,NewYork,Friday
2026-01-23 18:38:00,8Cap Raw,AUDUSD,0.68786,0.68789,3e-05,3,NewYork,Friday
2026-01-23 18:42:17,Pepperstone Razor,XAUUSD,4983.22,4983.36,0.14,14,NewYork,Friday
2026-01-23 18:42:18,Pepperstone Razor,EURUSD,1.17674,1.17674,0.0,0,NewYork,Friday
2026-01-23 18:42:19,Pepperstone Razor,GBPUSD,1.35881,1.35882,1e-05,1,NewYork,Friday
2026-01-23 18:42:20,Pepperstone Razor,USDJPY,157.548,157.551,0.003,3,NewYork,Friday
2026-01-23 18:42:20,Pepperstone Razor,AUDUSD,0.68784,0.68785,1e-05,1,NewYork,Friday
2026-01-23 18:42:24,FusionMarkets Zero,XAUUSD,4983.27,4983.32,0.05,5,NewYork,Friday
2026-01-23 18:42:24,FusionMarkets Zero,EURUSD,1.17668,1.17668,0.0,0,NewYork,Friday
2026-01-23 18:42:25,FusionMarkets Zero,GBPUSD,1.35883,1.35883,0.0,0,NewYork,Friday
2026-01-23 18:42:26,FusionMarkets Zero,USDJPY,157.553,157.553,0.0,0,NewYork,Friday
2026-01-23 18:42:27,FusionMarkets Zero,AUDUSD,0.68787,0.68787,0.0,0,NewYork,Friday
2026-01-23 18:42:31,ThinkMarkets ThinkZero,XAUUSD,4982.76,4982.84,0.08,8,NewYork,Friday
2026-01-23 18:42:32,ThinkMarkets ThinkZero,EURUSD,1.17669,1.17671,2e-05,2,NewYork,Friday
2026-01-23 18:42:32,ThinkMarkets ThinkZero,GBPUSD,1.3588,1.35886,6e-05,6,NewYork,Friday
2026-01-23 18:42:33,ThinkMarkets ThinkZero,USDJPY,157.552,157.558,0.006,6,NewYork,Friday
2026-01-23 18:42:34,ThinkMarkets ThinkZero,AUDUSD,0.68784,0.68787,3e-05,3,NewYork,Friday
2026-01-23 18:42:37,ICMarkets Raw,XAUUSD,4983.58,4983.63,0.05,5,NewYork,Friday
2026-01-23 18:42:38,ICMarkets Raw,EURUSD,1.17676,1.17676,0.0,0,NewYork,Friday
2026-01-23 18:42:39,ICMarkets Raw,GBPUSD,1.35895,1.35898,3e-05,3,NewYork,Friday
2026-01-23 18:42:40,ICMarkets Raw,USDJPY,157.557,157.557,0.0,0,NewYork,Friday
2026-01-23 18:42:41,ICMarkets Raw,AUDUSD,0.68784,0.68785,1e-05,1,NewYork,Friday
2026-01-23 18:42:44,VantageMarkets Raw,XAUUSD,4983.45,4983.53,0.08,8,NewYork,Friday
2026-01-23 18:42:45,VantageMarkets Raw,EURUSD,1.17676,1.17677,1e-05,1,NewYork,Friday
2026-01-23 18:42:46,VantageMarkets Raw,GBPUSD,1.35895,1.35896,1e-05,1,NewYork,Friday
2026-01-23 18:42:47,VantageMarkets Raw,USDJPY,157.554,157.556,0.002,2,NewYork,Friday
2026-01-23 18:42:48,VantageMarkets Raw,AUDUSD,0.68782,0.68786,4e-05,4,NewYork,Friday
2026-01-23 18:42:51,FPMarkets Raw,XAUUSD,4982.87,4982.94,0.07,7,NewYork,Friday
2026-01-23 18:42:52,FPMarkets Raw,EURUSD,1.17675,1.17676,1e-05,1,NewYork,Friday
2026-01-23 18:42:53,FPMarkets Raw,GBPUSD,1.35893,1.35896,3e-05,3,NewYork,Friday
2026-01-23 18:42:54,FPMarkets Raw,USDJPY,157.561,157.565,0.004,4,NewYork,Friday
2026-01-23 18:42:55,FPMarkets Raw,AUDUSD,0.68782,0.68786,4e-05,4,NewYork,Friday
2026-01-23 18:42:57,8Cap Raw,XAUUSD,4982.22,4982.38,0.16,16,NewYork,Friday
2026-01-23 18:42:57,8Cap Raw,EURUSD,1.17673,1.17673,0.0,0,NewYork,Friday
2026-01-23 18:42:58,8Cap Raw,GBPUSD,1.35895,1.35896,1e-05,1,NewYork,Friday
2026-01-23 18:42:59,8Cap Raw,USDJPY,157.558,157.559,0.001,1,NewYork,Friday
2026-01-23 18:42:59,8Cap Raw,AUDUSD,0.68785,0.68787,2e-05,2,NewYork,Friday
2026-01-23 18:47:17,Pepperstone Razor,XAUUSD,4979.45,4979.63,0.18,18,NewYork,Friday
2026-01-23 18:47:18,Pepperstone Razor,EURUSD,1.17697,1.17697,0.0,0,NewYork,Friday
2026-01-23 18:47:18,Pepperstone Razor,GBPUSD,1.35925,1.35925,0.0,0,NewYork,Friday
2026-01-23 18:47:19,Pepperstone Razor,USDJPY,157.564,157.567,0.003,3,NewYork,Friday
2026-01-23 18:47:20,Pepperstone Razor,AUDUSD,0.68787,0.68788,1e-05,1,NewYork,Friday
2026-01-23 18:47:24,FusionMarkets Zero,XAUUSD,4978.48,4978.6,0.12,12,NewYork,Friday
2026-01-23 18:47:25,FusionMarkets Zero,EURUSD,1.17693,1.17693,0.0,0,NewYork,Friday
2026-01-23 18:47:26,FusionMarkets Zero,GBPUSD,1.35922,1.35922,0.0,0,NewYork,Friday
2026-01-23 18:47:27,FusionMarkets Zero,USDJPY,157.558,157.558,0.0,0,NewYork,Friday
2026-01-23 18:47:28,FusionMarkets Zero,AUDUSD,0.68796,0.68796,0.0,0,NewYork,Friday
2026-01-23 18:47:31,ThinkMarkets ThinkZero,XAUUSD,4978.74,4978.82,0.08,8,NewYork,Friday
2026-01-23 18:47:32,ThinkMarkets ThinkZero,EURUSD,1.17702,1.17704,2e-05,2,NewYork,Friday
2026-01-23 18:47:33,ThinkMarkets ThinkZero,GBPUSD,1.35919,1.35925,6e-05,6,NewYork,Friday
2026-01-23 18:47:34,ThinkMarkets ThinkZero,USDJPY,157.555,157.559,0.004,4,NewYork,Friday
2026-01-23 18:47:35,ThinkMarkets ThinkZero,AUDUSD,0.68793,0.68795,2e-05,2,NewYork,Friday
2026-01-23 18:47:38,ICMarkets Raw,XAUUSD,4978.54,4978.64,0.1,10,NewYork,Friday
2026-01-23 18:47:39,ICMarkets Raw,EURUSD,1.17709,1.17711,2e-05,2,NewYork,Friday
2026-01-23 18:47:40,ICMarkets Raw,GBPUSD,1.35935,1.35936,1e-05,1,NewYork,Friday
2026-01-23 18:47:41,ICMarkets Raw,USDJPY,157.569,157.569,0.0,0,NewYork,Friday
2026-01-23 18:47:42,ICMarkets Raw,AUDUSD,0.68795,0.68795,0.0,0,NewYork,Friday
2026-01-23 18:47:44,VantageMarkets Raw,XAUUSD,4978.66,4978.74,0.08,8,NewYork,Friday
2026-01-23 18:47:45,VantageMarkets Raw,EURUSD,1.17708,1.1771,2e-05,2,NewYork,Friday
2026-01-23 18:47:46,VantageMarkets Raw,GBPUSD,1.35934,1.35935,1e-05,1,NewYork,Friday
2026-01-23 18:47:47,VantageMarkets Raw,USDJPY,157.557,157.558,0.001,1,NewYork,Friday
2026-01-23 18:47:48,VantageMarkets Raw,AUDUSD,0.68796,0.68798,2e-05,2,NewYork,Friday
2026-01-23 18:47:51,FPMarkets Raw,XAUUSD,4978.03,4978.1,0.07,7,NewYork,Friday
2026-01-23 18:47:52,FPMarkets Raw,EURUSD,1.17709,1.1771,1e-05,1,NewYork,Friday
2026-01-23 18:47:53,FPMarkets Raw,GBPUSD,1.35934,1.35937,3e-05,3,NewYork,Friday
2026-01-23 18:47:54,FPMarkets Raw,USDJPY,157.557,157.56,0.003,3,NewYork,Friday
2026-01-23 18:47:55,FPMarkets Raw,AUDUSD,0.68797,0.688,3e-05,3,NewYork,Friday
2026-01-23 18:47:57,8Cap Raw,XAUUSD,4977.5,4977.66,0.16,16,NewYork,Friday
2026-01-23 18:47:58,8Cap Raw,EURUSD,1.17712,1.17713,1e-05,1,NewYork,Friday
2026-01-23 18:47:58,8Cap Raw,GBPUSD,1.35936,1.35937,1e-05,1,NewYork,Friday
2026-01-23 18:47:59,8Cap Raw,USDJPY,157.557,157.558,0.001,1,NewYork,Friday
2026-01-23 18:48:00,8Cap Raw,AUDUSD,0.68794,0.68798,4e-05,4,NewYork,Friday
2026-01-23 18:52:17,Pepperstone Razor,XAUUSD,4978.72,4978.89,0.17,17,NewYork,Friday
2026-01-23 18:52:18,Pepperstone Razor,EURUSD,1.17747,1.17747,0.0,0,NewYork,Friday
2026-01-23 18:52:19,Pepperstone Razor,GBPUSD,1.35967,1.35968,1e-05,1,NewYork,Friday
2026-01-23 18:52:19,Pepperstone Razor,USDJPY,157.424,157.428,0.004,4,NewYork,Friday
2026-01-23 18:52:20,Pepperstone Razor,AUDUSD,0.68795,0.68795,0.0,0,NewYork,Friday
2026-01-23 18:52:24,FusionMarkets Zero,XAUUSD,4979.24,4979.29,0.05,5,NewYork,Friday
2026-01-23 18:52:25,FusionMarkets Zero,EURUSD,1.17738,1.17738,0.0,0,NewYork,Friday
2026-01-23 18:52:26,FusionMarkets Zero,GBPUSD,1.35956,1.35956,0.0,0,NewYork,Friday
2026-01-23 18:52:27,FusionMarkets Zero,USDJPY,157.434,157.436,0.002,2,NewYork,Friday
2026-01-23 18:52:28,FusionMarkets Zero,AUDUSD,0.68797,0.68797,0.0,0,NewYork,Friday
2026-01-23 18:52:31,ThinkMarkets ThinkZero,XAUUSD,4979.04,4979.12,0.08,8,NewYork,Friday
2026-01-23 18:52:32,ThinkMarkets ThinkZero,EURUSD,1.17735,1.17738,3e-05,3,NewYork,Friday
2026-01-23 18:52:33,ThinkMarkets ThinkZero,GBPUSD,1.35964,1.35968,4e-05,4,NewYork,Friday
2026-01-23 18:52:34,ThinkMarkets ThinkZero,USDJPY,157.416,157.419,0.003,3,NewYork,Friday
2026-01-23 18:52:35,ThinkMarkets ThinkZero,AUDUSD,0.68795,0.68798,3e-05,3,NewYork,Friday
2026-01-23 18:52:38,ICMarkets Raw,XAUUSD,4978.91,4978.96,0.05,5,NewYork,Friday
2026-01-23 18:52:39,ICMarkets Raw,EURUSD,1.17737,1.17737,0.0,0,NewYork,Friday
2026-01-23 18:52:40,ICMarkets Raw,GBPUSD,1.35951,1.35955,4e-05,4,NewYork,Friday
2026-01-23 18:52:41,ICMarkets Raw,USDJPY,157.427,157.429,0.002,2,NewYork,Friday
2026-01-23 18:52:42,ICMarkets Raw,AUDUSD,0.68795,0.68796,1e-05,1,NewYork,Friday
2026-01-23 18:52:45,VantageMarkets Raw,XAUUSD,4980.64,4980.72,0.08,8,NewYork,Friday
2026-01-23 18:52:46,VantageMarkets Raw,EURUSD,1.17735,1.17737,2e-05,2,NewYork,Friday
2026-01-23 18:52:47,VantageMarkets Raw,GBPUSD,1.35949,1.35952,3e-05,3,NewYork,Friday
2026-01-23 18:52:48,VantageMarkets Raw,USDJPY,157.428,157.434,0.006,6,NewYork,Friday
2026-01-23 18:52:49,VantageMarkets Raw,AUDUSD,0.68791,0.68793,2e-05,2,NewYork,Friday
2026-01-23 18:52:52,FPMarkets Raw,XAUUSD,4980.59,4980.66,0.07,7,NewYork,Friday
2026-01-23 18:52:53,FPMarkets Raw,EURUSD,1.17732,1.17737,5e-05,5,NewYork,Friday
2026-01-23 18:52:54,FPMarkets Raw,GBPUSD,1.35922,1.35927,5e-05,5,NewYork,Friday
2026-01-23 18:52:55,FPMarkets Raw,USDJPY,157.431,157.436,0.005,5,NewYork,Friday
2026-01-23 18:52:56,FPMarkets Raw,AUDUSD,0.68787,0.6879,3e-05,3,NewYork,Friday
2026-01-23 18:52:58,8Cap Raw,XAUUSD,4980.04,4980.2,0.16,16,NewYork,Friday
2026-01-23 18:52:58,8Cap Raw,EURUSD,1.17741,1.17741,0.0,0,NewYork,Friday
2026-01-23 18:52:59,8Cap Raw,GBPUSD,1.35926,1.3593,4e-05,4,NewYork,Friday
2026-01-23 18:53:00,8Cap Raw,USDJPY,157.455,157.456,0.001,1,NewYork,Friday
2026-01-23 18:53:00,8Cap Raw,AUDUSD,0.68785,0.68788,3e-05,3,NewYork,Friday
2026-01-23 18:57:17,Pepperstone Razor,XAUUSD,4981.2,4981.37,0.17,17,NewYork,Friday
2026-01-23 18:57:18,Pepperstone Razor,EURUSD,1.17703,1.17703,0.0,0,NewYork,Friday
2026-01-23 18:57:19,Pepperstone Razor,GBPUSD,1.3589,1.35891,1e-05,1,NewYork,Friday
2026-01-23 18:57:20,Pepperstone Razor,USDJPY,157.651,157.654,0.003,3,NewYork,Friday
2026-01-23 18:57:21,Pepperstone Razor,AUDUSD,0.68758,0.68758,0.0,0,NewYork,Friday
2026-01-23 18:57:24,FusionMarkets Zero,XAUUSD,4980.81,4980.87,0.06,6,NewYork,Friday
2026-01-23 18:57:25,FusionMarkets Zero,EURUSD,1.17699,1.17699,0.0,0,NewYork,Friday
2026-01-23 18:57:26,FusionMarkets Zero,GBPUSD,1.35886,1.35886,0.0,0,NewYork,Friday
2026-01-23 18:57:27,FusionMarkets Zero,USDJPY,157.639,157.641,0.002,2,NewYork,Friday
2026-01-23 18:57:28,FusionMarkets Zero,AUDUSD,0.68759,0.68759,0.0,0,NewYork,Friday
2026-01-23 18:57:31,ThinkMarkets ThinkZero,XAUUSD,4980.55,4980.63,0.08,8,NewYork,Friday
2026-01-23 18:57:32,ThinkMarkets ThinkZero,EURUSD,1.17695,1.17697,2e-05,2,NewYork,Friday
2026-01-23 18:57:33,ThinkMarkets ThinkZero,GBPUSD,1.35881,1.35888,7e-05,7,NewYork,Friday
2026-01-23 18:57:34,ThinkMarkets ThinkZero,USDJPY,157.639,157.646,0.007,7,NewYork,Friday
2026-01-23 18:57:35,ThinkMarkets ThinkZero,AUDUSD,0.68756,0.6876,4e-05,4,NewYork,Friday
2026-01-23 18:57:38,ICMarkets Raw,XAUUSD,4980.91,4980.96,0.05,5,NewYork,Friday
2026-01-23 18:57:39,ICMarkets Raw,EURUSD,1.17698,1.17698,0.0,0,NewYork,Friday
2026-01-23 18:57:40,ICMarkets Raw,GBPUSD,1.35884,1.35885,1e-05,1,NewYork,Friday
2026-01-23 18:57:41,ICMarkets Raw,USDJPY,157.618,157.619,0.001,1,NewYork,Friday
2026-01-23 18:57:42,ICMarkets Raw,AUDUSD,0.68753,0.68754,1e-05,1,NewYork,Friday
2026-01-23 18:57:45,VantageMarkets Raw,XAUUSD,4981.66,4981.74,0.08,8,NewYork,Friday
2026-01-23 18:57:46,VantageMarkets Raw,EURUSD,1.17704,1.17707,3e-05,3,NewYork,Friday
2026-01-23 18:57:47,VantageMarkets Raw,GBPUSD,1.35888,1.35889,1e-05,1,NewYork,Friday
2026-01-23 18:57:48,VantageMarkets Raw,USDJPY,157.603,157.608,0.005,5,NewYork,Friday
2026-01-23 18:57:49,VantageMarkets Raw,AUDUSD,0.68752,0.68756,4e-05,4,NewYork,Friday
2026-01-23 18:57:52,FPMarkets Raw,XAUUSD,4982.73,4982.8,0.07,7,NewYork,Friday
2026-01-23 18:57:53,FPMarkets Raw,EURUSD,1.17703,1.17705,2e-05,2,NewYork,Friday
2026-01-23 18:57:54,FPMarkets Raw,GBPUSD,1.35881,1.35885,4e-05,4,NewYork,Friday
2026-01-23 18:57:55,FPMarkets Raw,USDJPY,157.637,157.641,0.004,4,NewYork,Friday
2026-01-23 18:57:56,FPMarkets Raw,AUDUSD,0.68748,0.68751,3e-05,3,NewYork,Friday
2026-01-23 18:57:58,8Cap Raw,XAUUSD,4982.15,4982.31,0.16,16,NewYork,Friday
2026-01-23 18:57:58,8Cap Raw,EURUSD,1.17702,1.17703,1e-05,1,NewYork,Friday
2026-01-23 18:57:59,8Cap Raw,GBPUSD,1.35884,1.35885,1e-05,1,NewYork,Friday
2026-01-23 18:58:00,8Cap Raw,USDJPY,157.636,157.64,0.004,4,NewYork,Friday
2026-01-23 18:58:00,8Cap Raw,AUDUSD,0.68745,0.68747,2e-05,2,NewYork,Friday
2026-01-23 19:02:16,Pepperstone Razor,XAUUSD,4981.68,4981.88,0.2,20,NewYork,Friday
2026-01-23 19:02:17,Pepperstone Razor,EURUSD,1.17718,1.17718,0.0,0,NewYork,Friday
2026-01-23 19:02:18,Pepperstone Razor,GBPUSD,1.35904,1.35905,1e-05,1,NewYork,Friday
2026-01-23 19:02:19,Pepperstone Razor,USDJPY,157.55,157.554,0.004,4,NewYork,Friday
2026-01-23 19:02:20,Pepperstone Razor,AUDUSD,0.68771,0.68772,1e-05,1,NewYork,Friday
2026-01-23 19:02:23,FusionMarkets Zero,XAUUSD,4982.42,4982.47,0.05,5,NewYork,Friday
2026-01-23 19:02:24,FusionMarkets Zero,EURUSD,1.17717,1.17717,0.0,0,NewYork,Friday
2026-01-23 19:02:25,FusionMarkets Zero,GBPUSD,1.35898,1.35898,0.0,0,NewYork,Friday
2026-01-23 19:02:26,FusionMarkets Zero,USDJPY,157.553,157.553,0.0,0,NewYork,Friday
2026-01-23 19:02:27,FusionMarkets Zero,AUDUSD,0.68772,0.68772,0.0,0,NewYork,Friday
2026-01-23 19:02:30,ThinkMarkets ThinkZero,XAUUSD,4982.7,4982.78,0.08,8,NewYork,Friday
2026-01-23 19:02:30,ThinkMarkets ThinkZero,EURUSD,1.17717,1.1772,3e-05,3,NewYork,Friday
2026-01-23 19:02:31,ThinkMarkets ThinkZero,GBPUSD,1.35901,1.35906,5e-05,5,NewYork,Friday
2026-01-23 19:02:32,ThinkMarkets ThinkZero,USDJPY,157.542,157.547,0.005,5,NewYork,Friday
2026-01-23 19:02:33,ThinkMarkets ThinkZero,AUDUSD,0.68773,0.68776,3e-05,3,NewYork,Friday
2026-01-23 19:02:36,ICMarkets Raw,XAUUSD,4980.26,4980.34,0.08,8,NewYork,Friday
2026-01-23 19:02:37,ICMarkets Raw,EURUSD,1.17722,1.17722,0.0,0,NewYork,Friday
2026-01-23 19:02:38,ICMarkets Raw,GBPUSD,1.35902,1.35903,1e-05,1,NewYork,Friday
2026-01-23 19:02:39,ICMarkets Raw,USDJPY,157.532,157.533,0.001,1,NewYork,Friday
2026-01-23 19:02:40,ICMarkets Raw,AUDUSD,0.68773,0.68775,2e-05,2,NewYork,Friday
2026-01-23 19:02:43,VantageMarkets Raw,XAUUSD,4980.72,4980.8,0.08,8,NewYork,Friday
2026-01-23 19:02:43,VantageMarkets Raw,EURUSD,1.17718,1.1772,2e-05,2,NewYork,Friday
2026-01-23 19:02:44,VantageMarkets Raw,GBPUSD,1.35897,1.35898,1e-05,1,NewYork,Friday
2026-01-23 19:02:45,VantageMarkets Raw,USDJPY,157.523,157.532,0.009,9,NewYork,Friday
2026-01-23 19:02:46,VantageMarkets Raw,AUDUSD,0.68772,0.68775,3e-05,3,NewYork,Friday
2026-01-23 19:02:49,FPMarkets Raw,XAUUSD,4980.45,4980.52,0.07,7,NewYork,Friday
2026-01-23 19:02:50,FPMarkets Raw,EURUSD,1.17718,1.17719,1e-05,1,NewYork,Friday
2026-01-23 19:02:51,FPMarkets Raw,GBPUSD,1.35899,1.35903,4e-05,4,NewYork,Friday
2026-01-23 19:02:52,FPMarkets Raw,USDJPY,157.539,157.542,0.003,3,NewYork,Friday
2026-01-23 19:02:53,FPMarkets Raw,AUDUSD,0.68769,0.68772,3e-05,3,NewYork,Friday
2026-01-23 19:02:55,8Cap Raw,XAUUSD,4980.01,4980.17,0.16,16,NewYork,Friday
2026-01-23 19:02:56,8Cap Raw,EURUSD,1.17712,1.17712,0.0,0,NewYork,Friday
2026-01-23 19:02:56,8Cap Raw,GBPUSD,1.35892,1.35893,1e-05,1,NewYork,Friday
2026-01-23 19:02:57,8Cap Raw,USDJPY,157.527,157.53,0.003,3,NewYork,Friday
2026-01-23 19:02:58,8Cap Raw,AUDUSD,0.6877,0.68773,3e-05,3,NewYork,Friday
2026-01-23 19:07:16,Pepperstone Razor,XAUUSD,4983.7,4983.85,0.15,15,NewYork,Friday
2026-01-23 19:07:17,Pepperstone Razor,EURUSD,1.17769,1.1777,1e-05,1,NewYork,Friday
2026-01-23 19:07:18,Pepperstone Razor,GBPUSD,1.35955,1.35955,0.0,0,NewYork,Friday
2026-01-23 19:07:18,Pepperstone Razor,USDJPY,157.48,157.483,0.003,3,NewYork,Friday
2026-01-23 19:07:19,Pepperstone Razor,AUDUSD,0.6881,0.6881,0.0,0,NewYork,Friday
2026-01-23 19:07:22,FusionMarkets Zero,XAUUSD,4984.1,4984.19,0.09,9,NewYork,Friday
2026-01-23 19:07:23,FusionMarkets Zero,EURUSD,1.17769,1.17769,0.0,0,NewYork,Friday
2026-01-23 19:07:24,FusionMarkets Zero,GBPUSD,1.35946,1.35946,0.0,0,NewYork,Friday
2026-01-23 19:07:25,FusionMarkets Zero,USDJPY,157.49,157.49,0.0,0,NewYork,Friday
2026-01-23 19:07:26,FusionMarkets Zero,AUDUSD,0.68808,0.68808,0.0,0,NewYork,Friday
2026-01-23 19:07:28,ThinkMarkets ThinkZero,XAUUSD,4984.02,4984.1,0.08,8,NewYork,Friday
2026-01-23 19:07:29,ThinkMarkets ThinkZero,EURUSD,1.17768,1.17771,3e-05,3,NewYork,Friday
2026-01-23 19:07:30,ThinkMarkets ThinkZero,GBPUSD,1.35942,1.35946,4e-05,4,NewYork,Friday
2026-01-23 19:07:31,ThinkMarkets ThinkZero,USDJPY,157.504,157.51,0.006,6,NewYork,Friday
2026-01-23 19:07:32,ThinkMarkets ThinkZero,AUDUSD,0.68804,0.68806,2e-05,2,NewYork,Friday
2026-01-23 19:07:34,ICMarkets Raw,XAUUSD,4983.62,4983.68,0.06,6,NewYork,Friday
2026-01-23 19:07:35,ICMarkets Raw,EURUSD,1.17769,1.1777,1e-05,1,NewYork,Friday
2026-01-23 19:07:36,ICMarkets Raw,GBPUSD,1.35944,1.35945,1e-05,1,NewYork,Friday
2026-01-23 19:07:37,ICMarkets Raw,USDJPY,157.49,157.491,0.001,1,NewYork,Friday
2026-01-23 19:07:38,ICMarkets Raw,AUDUSD,0.68809,0.68809,0.0,0,NewYork,Friday
2026-01-23 19:07:40,VantageMarkets Raw,XAUUSD,4983.8,4983.88,0.08,8,NewYork,Friday
2026-01-23 19:07:41,VantageMarkets Raw,EURUSD,1.17769,1.1777,1e-05,1,NewYork,Friday
2026-01-23 19:07:42,VantageMarkets Raw,GBPUSD,1.35944,1.35945,1e-05,1,NewYork,Friday
2026-01-23 19:07:43,VantageMarkets Raw,USDJPY,157.49,157.495,0.005,5,NewYork,Friday
2026-01-23 19:07:44,VantageMarkets Raw,AUDUSD,0.68806,0.68809,3e-05,3,NewYork,Friday
2026-01-23 19:07:46,FPMarkets Raw,XAUUSD,4983.35,4983.42,0.07,7,NewYork,Friday
2026-01-23 19:07:47,FPMarkets Raw,EURUSD,1.17771,1.17772,1e-05,1,NewYork,Friday
2026-01-23 19:07:48,FPMarkets Raw,GBPUSD,1.35936,1.3594,4e-05,4,NewYork,Friday
2026-01-23 19:07:49,FPMarkets Raw,USDJPY,157.478,157.482,0.004,4,NewYork,Friday
2026-01-23 19:07:50,FPMarkets Raw,AUDUSD,0.68804,0.68807,3e-05,3,NewYork,Friday
2026-01-23 19:07:52,8Cap Raw,XAUUSD,4982.57,4982.73,0.16,16,NewYork,Friday
2026-01-23 19:07:53,8Cap Raw,EURUSD,1.17769,1.17769,0.0,0,NewYork,Friday
2026-01-23 19:07:53,8Cap Raw,GBPUSD,1.35943,1.35944,1e-05,1,NewYork,Friday
2026-01-23 19:07:54,8Cap Raw,USDJPY,157.49,157.491,0.001,1,NewYork,Friday
2026-01-23 19:07:55,8Cap Raw,AUDUSD,0.68804,0.68806,2e-05,2,NewYork,Friday
2026-01-23 19:12:16,Pepperstone Razor,XAUUSD,4985.39,4985.52,0.13,13,NewYork,Friday
2026-01-23 19:12:17,Pepperstone Razor,EURUSD,1.17799,1.17799,0.0,0,NewYork,Friday
2026-01-23 19:12:18,Pepperstone Razor,GBPUSD,1.35981,1.35981,0.0,0,NewYork,Friday
2026-01-23 19:12:18,Pepperstone Razor,USDJPY,157.313,157.317,0.004,4,NewYork,Friday
2026-01-23 19:12:19,Pepperstone Razor,AUDUSD,0.68816,0.68817,1e-05,1,NewYork,Friday
2026-01-23 19:12:22,FusionMarkets Zero,XAUUSD,4985.5,4985.55,0.05,5,NewYork,Friday
2026-01-23 19:12:23,FusionMarkets Zero,EURUSD,1.17804,1.17804,0.0,0,NewYork,Friday
2026-01-23 19:12:24,FusionMarkets Zero,GBPUSD,1.35987,1.35987,0.0,0,NewYork,Friday
2026-01-23 19:12:25,FusionMarkets Zero,USDJPY,157.286,157.286,0.0,0,NewYork,Friday
2026-01-23 19:12:26,FusionMarkets Zero,AUDUSD,0.6882,0.6882,0.0,0,NewYork,Friday
2026-01-23 19:12:29,ThinkMarkets ThinkZero,XAUUSD,4985.69,4985.77,0.08,8,NewYork,Friday
2026-01-23 19:12:30,ThinkMarkets ThinkZero,EURUSD,1.17808,1.17811,3e-05,3,NewYork,Friday
2026-01-23 19:12:31,ThinkMarkets ThinkZero,GBPUSD,1.35992,1.35996,4e-05,4,NewYork,Friday
2026-01-23 19:12:32,ThinkMarkets ThinkZero,USDJPY,157.251,157.26,0.009,9,NewYork,Friday
2026-01-23 19:12:32,ThinkMarkets ThinkZero,AUDUSD,0.68818,0.6882,2e-05,2,NewYork,Friday
2026-01-23 19:12:35,ICMarkets Raw,XAUUSD,4986.63,4986.72,0.09,9,NewYork,Friday
2026-01-23 19:12:36,ICMarkets Raw,EURUSD,1.17809,1.17809,0.0,0,NewYork,Friday
2026-01-23 19:12:37,ICMarkets Raw,GBPUSD,1.35986,1.35987,1e-05,1,NewYork,Friday
2026-01-23 19:12:38,ICMarkets Raw,USDJPY,157.19,157.192,0.002,2,NewYork,Friday
2026-01-23 19:12:39,ICMarkets Raw,AUDUSD,0.68824,0.68824,0.0,0,NewYork,Friday
2026-01-23 19:12:41,VantageMarkets Raw,XAUUSD,4986.8,4986.88,0.08,8,NewYork,Friday
2026-01-23 19:12:42,VantageMarkets Raw,EURUSD,1.17812,1.17814,2e-05,2,NewYork,Friday
2026-01-23 19:12:43,VantageMarkets Raw,GBPUSD,1.35986,1.35988,2e-05,2,NewYork,Friday
2026-01-23 19:12:44,VantageMarkets Raw,USDJPY,157.172,157.173,0.001,1,NewYork,Friday
2026-01-23 19:12:45,VantageMarkets Raw,AUDUSD,0.68821,0.68825,4e-05,4,NewYork,Friday
2026-01-23 19:12:48,FPMarkets Raw,XAUUSD,4986.95,4987.02,0.07,7,NewYork,Friday
2026-01-23 19:12:49,FPMarkets Raw,EURUSD,1.17814,1.17815,1e-05,1,NewYork,Friday
2026-01-23 19:12:50,FPMarkets Raw,GBPUSD,1.35991,1.35995,4e-05,4,NewYork,Friday
2026-01-23 19:12:51,FPMarkets Raw,USDJPY,157.187,157.201,0.014,14,NewYork,Friday
2026-01-23 19:12:52,FPMarkets Raw,AUDUSD,0.68822,0.68825,3e-05,3,NewYork,Friday
2026-01-23 19:12:54,8Cap Raw,XAUUSD,4985.41,4985.57,0.16,16,NewYork,Friday
2026-01-23 19:12:54,8Cap Raw,EURUSD,1.17818,1.17818,0.0,0,NewYork,Friday
2026-01-23 19:12:55,8Cap Raw,GBPUSD,1.36003,1.36005,2e-05,2,NewYork,Friday
2026-01-23 19:12:56,8Cap Raw,USDJPY,157.175,157.176,0.001,1,NewYork,Friday
2026-01-23 19:12:56,8Cap Raw,AUDUSD,0.68825,0.68827,2e-05,2,NewYork,Friday
2026-01-23 19:17:16,Pepperstone Razor,XAUUSD,4985.41,4985.63,0.22,22,NewYork,Friday
2026-01-23 19:17:17,Pepperstone Razor,EURUSD,1.17825,1.17825,0.0,0,NewYork,Friday
2026-01-23 19:17:18,Pepperstone Razor,GBPUSD,1.35982,1.35983,1e-05,1,NewYork,Friday
2026-01-23 19:17:19,Pepperstone Razor,USDJPY,157.04,157.045,0.005,5,NewYork,Friday
2026-01-23 19:17:20,Pepperstone Razor,AUDUSD,0.68832,0.68833,1e-05,1,NewYork,Friday
2026-01-23 19:17:22,FusionMarkets Zero,XAUUSD,4986.31,4986.37,0.06,6,NewYork,Friday
2026-01-23 19:17:23,FusionMarkets Zero,EURUSD,1.1782,1.1782,0.0,0,NewYork,Friday
2026-01-23 19:17:24,FusionMarkets Zero,GBPUSD,1.35976,1.35976,0.0,0,NewYork,Friday
2026-01-23 19:17:25,FusionMarkets Zero,USDJPY,157.031,157.032,0.001,1,NewYork,Friday
2026-01-23 19:17:26,FusionMarkets Zero,AUDUSD,0.68842,0.68842,0.0,0,NewYork,Friday
2026-01-23 19:17:29,ThinkMarkets ThinkZero,XAUUSD,4986.36,4986.44,0.08,8,NewYork,Friday
2026-01-23 19:17:30,ThinkMarkets ThinkZero,EURUSD,1.17827,1.1783,3e-05,3,NewYork,Friday
2026-01-23 19:17:31,ThinkMarkets ThinkZero,GBPUSD,1.35971,1.35977,6e-05,6,NewYork,Friday
2026-01-23 19:17:32,ThinkMarkets ThinkZero,USDJPY,157.024,157.03,0.006,6,NewYork,Friday
2026-01-23 19:17:33,ThinkMarkets ThinkZero,AUDUSD,0.68837,0.6884,3e-05,3,NewYork,Friday
2026-01-23 19:17:35,ICMarkets Raw,XAUUSD,4986.35,4986.41,0.06,6,NewYork,Friday
2026-01-23 19:17:36,ICMarkets Raw,EURUSD,1.17826,1.17827,1e-05,1,NewYork,Friday
2026-01-23 19:17:37,ICMarkets Raw,GBPUSD,1.3597,1.35971,1e-05,1,NewYork,Friday
2026-01-23 19:17:38,ICMarkets Raw,USDJPY,157.016,157.018,0.002,2,NewYork,Friday
2026-01-23 19:17:39,ICMarkets Raw,AUDUSD,0.68836,0.68836,0.0,0,NewYork,Friday
2026-01-23 19:17:41,VantageMarkets Raw,XAUUSD,4985.76,4985.84,0.08,8,NewYork,Friday
2026-01-23 19:17:42,VantageMarkets Raw,EURUSD,1.17826,1.17828,2e-05,2,NewYork,Friday
2026-01-23 19:17:43,VantageMarkets Raw,GBPUSD,1.35971,1.35972,1e-05,1,NewYork,Friday
2026-01-23 19:17:44,VantageMarkets Raw,USDJPY,157.01,157.011,0.001,1,NewYork,Friday
2026-01-23 19:17:45,VantageMarkets Raw,AUDUSD,0.68836,0.6884,4e-05,4,NewYork,Friday
2026-01-23 19:17:48,FPMarkets Raw,XAUUSD,4986.1,4986.17,0.07,7,NewYork,Friday
2026-01-23 19:17:49,FPMarkets Raw,EURUSD,1.17822,1.17823,1e-05,1,NewYork,Friday
2026-01-23 19:17:50,FPMarkets Raw,GBPUSD,1.35968,1.35972,4e-05,4,NewYork,Friday
2026-01-23 19:17:51,FPMarkets Raw,USDJPY,157.015,157.025,0.01,10,NewYork,Friday
2026-01-23 19:17:52,FPMarkets Raw,AUDUSD,0.68837,0.68841,4e-05,4,NewYork,Friday
2026-01-23 19:17:54,8Cap Raw,XAUUSD,4986.25,4986.41,0.16,16,NewYork,Friday
2026-01-23 19:17:55,8Cap Raw,EURUSD,1.1782,1.1782,0.0,0,NewYork,Friday
2026-01-23 19:17:55,8Cap Raw,GBPUSD,1.35974,1.35975,1e-05,1,NewYork,Friday
2026-01-23 19:17:56,8Cap Raw,USDJPY,157.006,157.007,0.001,1,NewYork,Friday
2026-01-23 19:17:57,8Cap Raw,AUDUSD,0.68833,0.68836,3e-05,3,NewYork,Friday
2026-01-23 19:22:16,Pepperstone Razor,XAUUSD,4986.83,4987.03,0.2,20,NewYork,Friday
2026-01-23 19:22:17,Pepperstone Razor,EURUSD,1.17843,1.17844,1e-05,1,NewYork,Friday
2026-01-23 19:22:18,Pepperstone Razor,GBPUSD,1.35982,1.35983,1e-05,1,NewYork,Friday
2026-01-23 19:22:19,Pepperstone Razor,USDJPY,156.89,156.893,0.003,3,NewYork,Friday
2026-01-23 19:22:20,Pepperstone Razor,AUDUSD,0.68839,0.6884,1e-05,1,NewYork,Friday
2026-01-23 19:22:23,FusionMarkets Zero,XAUUSD,4986.37,4986.46,0.09,9,NewYork,Friday
2026-01-23 19:22:23,FusionMarkets Zero,EURUSD,1.17846,1.17846,0.0,0,NewYork,Friday
2026-01-23 19:22:24,FusionMarkets Zero,GBPUSD,1.35985,1.35985,0.0,0,NewYork,Friday
2026-01-23 19:22:25,FusionMarkets Zero,USDJPY,156.875,156.875,0.0,0,NewYork,Friday
2026-01-23 19:22:26,FusionMarkets Zero,AUDUSD,0.68844,0.68844,0.0,0,NewYork,Friday
2026-01-23 19:22:29,ThinkMarkets ThinkZero,XAUUSD,4986.37,4986.45,0.08,8,NewYork,Friday
2026-01-23 19:22:30,ThinkMarkets ThinkZero,EURUSD,1.17845,1.17847,2e-05,2,NewYork,Friday
2026-01-23 19:22:31,ThinkMarkets ThinkZero,GBPUSD,1.35981,1.35988,7e-05,7,NewYork,Friday
2026-01-23 19:22:32,ThinkMarkets ThinkZero,USDJPY,156.846,156.855,0.009,9,NewYork,Friday
2026-01-23 19:22:33,ThinkMarkets ThinkZero,AUDUSD,0.6884,0.68842,2e-05,2,NewYork,Friday
2026-01-23 19:22:36,ICMarkets Raw,XAUUSD,4986.24,4986.32,0.08,8,NewYork,Friday
2026-01-23 19:22:37,ICMarkets Raw,EURUSD,1.1785,1.1785,0.0,0,NewYork,Friday
2026-01-23 19:22:38,ICMarkets Raw,GBPUSD,1.35987,1.35991,4e-05,4,NewYork,Friday
2026-01-23 19:22:38,ICMarkets Raw,USDJPY,156.848,156.85,0.002,2,NewYork,Friday
2026-01-23 19:22:39,ICMarkets Raw,AUDUSD,0.68841,0.68841,0.0,0,NewYork,Friday
2026-01-23 19:22:42,VantageMarkets Raw,XAUUSD,4985.28,4985.36,0.08,8,NewYork,Friday
2026-01-23 19:22:43,VantageMarkets Raw,EURUSD,1.17848,1.1785,2e-05,2,NewYork,Friday
2026-01-23 19:22:44,VantageMarkets Raw,GBPUSD,1.35984,1.35987,3e-05,3,NewYork,Friday
2026-01-23 19:22:45,VantageMarkets Raw,USDJPY,156.848,156.856,0.008,8,NewYork,Friday
2026-01-23 19:22:46,VantageMarkets Raw,AUDUSD,0.68842,0.68846,4e-05,4,NewYork,Friday
2026-01-23 19:22:49,FPMarkets Raw,XAUUSD,4985.67,4985.74,0.07,7,NewYork,Friday
2026-01-23 19:22:50,FPMarkets Raw,EURUSD,1.17844,1.17845,1e-05,1,NewYork,Friday
2026-01-23 19:22:51,FPMarkets Raw,GBPUSD,1.35986,1.3599,4e-05,4,NewYork,Friday
2026-01-23 19:22:52,FPMarkets Raw,USDJPY,156.869,156.879,0.01,10,NewYork,Friday
2026-01-23 19:22:53,FPMarkets Raw,AUDUSD,0.6884,0.68844,4e-05,4,NewYork,Friday
2026-01-23 19:22:54,8Cap Raw,XAUUSD,4985.21,4985.37,0.16,16,NewYork,Friday
2026-01-23 19:22:55,8Cap Raw,EURUSD,1.17855,1.17857,2e-05,2,NewYork,Friday
2026-01-23 19:22:56,8Cap Raw,GBPUSD,1.35987,1.35989,2e-05,2,NewYork,Friday
2026-01-23 19:22:56,8Cap Raw,USDJPY,156.826,156.831,0.005,5,NewYork,Friday
2026-01-23 19:22:57,8Cap Raw,AUDUSD,0.68842,0.68845,3e-05,3,NewYork,Friday
2026-01-23 19:27:16,Pepperstone Razor,XAUUSD,4983.22,4983.44,0.22,22,NewYork,Friday
2026-01-23 19:27:17,Pepperstone Razor,EURUSD,1.17914,1.17914,0.0,0,NewYork,Friday
2026-01-23 19:27:18,Pepperstone Razor,GBPUSD,1.36081,1.36082,1e-05,1,NewYork,Friday
2026-01-23 19:27:19,Pepperstone Razor,USDJPY,156.627,156.63,0.003,3,NewYork,Friday
2026-01-23 19:27:20,Pepperstone Razor,AUDUSD,0.68884,0.68884,0.0,0,NewYork,Friday
2026-01-23 19:27:23,FusionMarkets Zero,XAUUSD,4982.95,4983.06,0.11,11,NewYork,Friday
2026-01-23 19:27:23,FusionMarkets Zero,EURUSD,1.17925,1.17925,0.0,0,NewYork,Friday
2026-01-23 19:27:24,FusionMarkets Zero,GBPUSD,1.36085,1.36085,0.0,0,NewYork,Friday
2026-01-23 19:27:25,FusionMarkets Zero,USDJPY,156.584,156.586,0.002,2,NewYork,Friday
2026-01-23 19:27:26,FusionMarkets Zero,AUDUSD,0.68888,0.68888,0.0,0,NewYork,Friday
2026-01-23 19:27:29,ThinkMarkets ThinkZero,XAUUSD,4982.71,4982.79,0.08,8,NewYork,Friday
2026-01-23 19:27:30,ThinkMarkets ThinkZero,EURUSD,1.17922,1.17924,2e-05,2,NewYork,Friday
2026-01-23 19:27:31,ThinkMarkets ThinkZero,GBPUSD,1.3608,1.36086,6e-05,6,NewYork,Friday
2026-01-23 19:27:32,ThinkMarkets ThinkZero,USDJPY,156.585,156.586,0.001,1,NewYork,Friday
2026-01-23 19:27:33,ThinkMarkets ThinkZero,AUDUSD,0.68884,0.68887,3e-05,3,NewYork,Friday
2026-01-23 19:27:36,ICMarkets Raw,XAUUSD,4982.03,4982.13,0.1,10,NewYork,Friday
2026-01-23 19:27:37,ICMarkets Raw,EURUSD,1.17918,1.17918,0.0,0,NewYork,Friday
2026-01-23 19:27:37,ICMarkets Raw,GBPUSD,1.36074,1.36076,2e-05,2,NewYork,Friday
2026-01-23 19:27:38,ICMarkets Raw,USDJPY,156.611,156.612,0.001,1,NewYork,Friday
2026-01-23 19:27:39,ICMarkets Raw,AUDUSD,0.68882,0.68883,1e-05,1,NewYork,Friday
2026-01-23 19:27:42,VantageMarkets Raw,XAUUSD,4981.44,4981.52,0.08,8,NewYork,Friday
2026-01-23 19:27:43,VantageMarkets Raw,EURUSD,1.17921,1.17923,2e-05,2,NewYork,Friday
2026-01-23 19:27:44,VantageMarkets Raw,GBPUSD,1.36082,1.36083,1e-05,1,NewYork,Friday
2026-01-23 19:27:45,VantageMarkets Raw,USDJPY,156.577,156.579,0.002,2,NewYork,Friday
2026-01-23 19:27:46,VantageMarkets Raw,AUDUSD,0.68881,0.68884,3e-05,3,NewYork,Friday
2026-01-23 19:27:49,FPMarkets Raw,XAUUSD,4982.5,4982.57,0.07,7,NewYork,Friday
2026-01-23 19:27:50,FPMarkets Raw,EURUSD,1.17919,1.17921,2e-05,2,NewYork,Friday
2026-01-23 19:27:51,FPMarkets Raw,GBPUSD,1.36078,1.36082,4e-05,4,NewYork,Friday
2026-01-23 19:27:51,FPMarkets Raw,USDJPY,156.542,156.549,0.007,7,NewYork,Friday
2026-01-23 19:27:52,FPMarkets Raw,AUDUSD,0.68876,0.6888,4e-05,4,NewYork,Friday
2026-01-23 19:27:54,8Cap Raw,XAUUSD,4982.46,4982.62,0.16,16,NewYork,Friday
2026-01-23 19:27:55,8Cap Raw,EURUSD,1.17926,1.17927,1e-05,1,NewYork,Friday
2026-01-23 19:27:55,8Cap Raw,GBPUSD,1.36081,1.36082,1e-05,1,NewYork,Friday
2026-01-23 19:27:56,8Cap Raw,USDJPY,156.553,156.554,0.001,1,NewYork,Friday
2026-01-23 19:27:57,8Cap Raw,AUDUSD,0.68877,0.68879,2e-05,2,NewYork,Friday
2026-01-23 19:32:17,Pepperstone Razor,XAUUSD,4984.67,4984.81,0.14,14,NewYork,Friday
2026-01-23 19:32:17,Pepperstone Razor,EURUSD,1.17971,1.17971,0.0,0,NewYork,Friday
2026-01-23 19:32:18,Pepperstone Razor,GBPUSD,1.36195,1.36197,2e-05,2,NewYork,Friday
2026-01-23 19:32:19,Pepperstone Razor,USDJPY,156.171,156.176,0.005,5,NewYork,Friday
2026-01-23 19:32:20,Pepperstone Razor,AUDUSD,0.68904,0.68905,1e-05,1,NewYork,Friday
2026-01-23 19:32:24,FusionMarkets Zero,XAUUSD,4984.34,4984.39,0.05,5,NewYork,Friday
2026-01-23 19:32:25,FusionMarkets Zero,EURUSD,1.17981,1.17981,0.0,0,NewYork,Friday
2026-01-23 19:32:26,FusionMarkets Zero,GBPUSD,1.36214,1.36214,0.0,0,NewYork,Friday
2026-01-23 19:32:26,FusionMarkets Zero,USDJPY,156.199,156.201,0.002,2,NewYork,Friday
2026-01-23 19:32:27,FusionMarkets Zero,AUDUSD,0.68906,0.68906,0.0,0,NewYork,Friday
2026-01-23 19:32:31,ThinkMarkets ThinkZero,XAUUSD,4984.52,4984.6,0.08,8,NewYork,Friday
2026-01-23 19:32:32,ThinkMarkets ThinkZero,EURUSD,1.17977,1.1798,3e-05,3,NewYork,Friday
2026-01-23 19:32:32,ThinkMarkets ThinkZero,GBPUSD,1.36209,1.36213,4e-05,4,NewYork,Friday
2026-01-23 19:32:33,ThinkMarkets ThinkZero,USDJPY,156.272,156.287,0.015,15,NewYork,Friday
2026-01-23 19:32:34,ThinkMarkets ThinkZero,AUDUSD,0.68903,0.68906,3e-05,3,NewYork,Friday
2026-01-23 19:32:37,ICMarkets Raw,XAUUSD,4984.86,4984.95,0.09,9,NewYork,Friday
2026-01-23 19:32:38,ICMarkets Raw,EURUSD,1.17985,1.17985,0.0,0,NewYork,Friday
2026-01-23 19:32:39,ICMarkets Raw,GBPUSD,1.36225,1.36227,2e-05,2,NewYork,Friday
2026-01-23 19:32:40,ICMarkets Raw,USDJPY,156.189,156.191,0.002,2,NewYork,Friday
2026-01-23 19:32:41,ICMarkets Raw,AUDUSD,0.68911,0.68911,0.0,0,NewYork,Friday
2026-01-23 19:32:44,VantageMarkets Raw,XAUUSD,4984.55,4984.63,0.08,8,NewYork,Friday
2026-01-23 19:32:44,VantageMarkets Raw,EURUSD,1.17972,1.17975,3e-05,3,NewYork,Friday
2026-01-23 19:32:45,VantageMarkets Raw,GBPUSD,1.36185,1.3619,5e-05,5,NewYork,Friday
2026-01-23 19:32:46,VantageMarkets Raw,USDJPY,156.308,156.313,0.005,5,NewYork,Friday
2026-01-23 19:32:47,VantageMarkets Raw,AUDUSD,0.68896,0.689,4e-05,4,NewYork,Friday
2026-01-23 19:32:50,FPMarkets Raw,XAUUSD,4984.67,4984.74,0.07,7,NewYork,Friday
2026-01-23 19:32:51,FPMarkets Raw,EURUSD,1.17979,1.1798,1e-05,1,NewYork,Friday
2026-01-23 19:32:52,FPMarkets Raw,GBPUSD,1.36191,1.36195,4e-05,4,NewYork,Friday
2026-01-23 19:32:53,FPMarkets Raw,USDJPY,156.271,156.288,0.017,17,NewYork,Friday
2026-01-23 19:32:54,FPMarkets Raw,AUDUSD,0.68895,0.68898,3e-05,3,NewYork,Friday
2026-01-23 19:32:55,8Cap Raw,XAUUSD,4985.54,4985.7,0.16,16,NewYork,Friday
2026-01-23 19:32:56,8Cap Raw,EURUSD,1.17984,1.17984,0.0,0,NewYork,Friday
2026-01-23 19:32:57,8Cap Raw,GBPUSD,1.36186,1.3619,4e-05,4,NewYork,Friday
2026-01-23 19:32:57,8Cap Raw,USDJPY,156.313,156.314,0.001,1,NewYork,Friday
2026-01-23 19:32:58,8Cap Raw,AUDUSD,0.68898,0.689,2e-05,2,NewYork,Friday
2026-01-23 19:37:16,Pepperstone Razor,XAUUSD,4985.55,4985.7,0.15,15,NewYork,Friday
2026-01-23 19:37:17,Pepperstone Razor,EURUSD,1.17862,1.17862,0.0,0,NewYork,Friday
2026-01-23 19:37:18,Pepperstone Razor,GBPUSD,1.36038,1.36041,3e-05,3,NewYork,Friday
2026-01-23 19:37:19,Pepperstone Razor,USDJPY,156.668,156.671,0.003,3,NewYork,Friday
2026-01-23 19:37:20,Pepperstone Razor,AUDUSD,0.68842,0.68843,1e-05,1,NewYork,Friday
2026-01-23 19:37:23,FusionMarkets Zero,XAUUSD,4985.53,4985.58,0.05,5,NewYork,Friday
2026-01-23 19:37:24,FusionMarkets Zero,EURUSD,1.17853,1.17853,0.0,0,NewYork,Friday
2026-01-23 19:37:25,FusionMarkets Zero,GBPUSD,1.36034,1.36034,0.0,0,NewYork,Friday
2026-01-23 19:37:26,FusionMarkets Zero,USDJPY,156.698,156.698,0.0,0,NewYork,Friday
2026-01-23 19:37:27,FusionMarkets Zero,AUDUSD,0.6884,0.6884,0.0,0,NewYork,Friday
2026-01-23 19:37:31,ThinkMarkets ThinkZero,XAUUSD,4985.38,4985.46,0.08,8,NewYork,Friday
2026-01-23 19:37:31,ThinkMarkets ThinkZero,EURUSD,1.17859,1.17862,3e-05,3,NewYork,Friday
2026-01-23 19:37:32,ThinkMarkets ThinkZero,GBPUSD,1.36036,1.36043,7e-05,7,NewYork,Friday
2026-01-23 19:37:33,ThinkMarkets ThinkZero,USDJPY,156.689,156.695,0.006,6,NewYork,Friday
2026-01-23 19:37:34,ThinkMarkets ThinkZero,AUDUSD,0.6884,0.68844,4e-05,4,NewYork,Friday
2026-01-23 19:37:37,ICMarkets Raw,XAUUSD,4985.48,4985.54,0.06,6,NewYork,Friday
2026-01-23 19:37:38,ICMarkets Raw,EURUSD,1.17863,1.17864,1e-05,1,NewYork,Friday
2026-01-23 19:37:39,ICMarkets Raw,GBPUSD,1.3604,1.36042,2e-05,2,NewYork,Friday
2026-01-23 19:37:40,ICMarkets Raw,USDJPY,156.678,156.68,0.002,2,NewYork,Friday
2026-01-23 19:37:41,ICMarkets Raw,AUDUSD,0.68843,0.68843,0.0,0,NewYork,Friday
2026-01-23 19:37:44,VantageMarkets Raw,XAUUSD,4985.42,4985.5,0.08,8,NewYork,Friday
2026-01-23 19:37:45,VantageMarkets Raw,EURUSD,1.17864,1.17866,2e-05,2,NewYork,Friday
2026-01-23 19:37:45,VantageMarkets Raw,GBPUSD,1.36043,1.36044,1e-05,1,NewYork,Friday
2026-01-23 19:37:46,VantageMarkets Raw,USDJPY,156.665,156.667,0.002,2,NewYork,Friday
2026-01-23 19:37:47,VantageMarkets Raw,AUDUSD,0.68845,0.68849,4e-05,4,NewYork,Friday
2026-01-23 19:37:50,FPMarkets Raw,XAUUSD,4986.07,4986.14,0.07,7,NewYork,Friday
2026-01-23 19:37:51,FPMarkets Raw,EURUSD,1.17854,1.17855,1e-05,1,NewYork,Friday
2026-01-23 19:37:52,FPMarkets Raw,GBPUSD,1.36036,1.36041,5e-05,5,NewYork,Friday
2026-01-23 19:37:53,FPMarkets Raw,USDJPY,156.668,156.676,0.008,8,NewYork,Friday
2026-01-23 19:37:54,FPMarkets Raw,AUDUSD,0.68847,0.68851,4e-05,4,NewYork,Friday
2026-01-23 19:37:56,8Cap Raw,XAUUSD,4985.83,4985.99,0.16,16,NewYork,Friday
2026-01-23 19:37:57,8Cap Raw,EURUSD,1.17851,1.17853,2e-05,2,NewYork,Friday
2026-01-23 19:37:57,8Cap Raw,GBPUSD,1.36038,1.36039,1e-05,1,NewYork,Friday
2026-01-23 19:37:58,8Cap Raw,USDJPY,156.689,156.69,0.001,1,NewYork,Friday
2026-01-23 19:37:59,8Cap Raw,AUDUSD,0.68845,0.68848,3e-05,3,NewYork,Friday
2026-01-23 19:42:17,Pepperstone Razor,XAUUSD,4986.15,4986.3,0.15,15,NewYork,Friday
2026-01-23 19:42:18,Pepperstone Razor,EURUSD,1.17902,1.17902,0.0,0,NewYork,Friday
2026-01-23 19:42:19,Pepperstone Razor,GBPUSD,1.36073,1.36074,1e-05,1,NewYork,Friday
2026-01-23 19:42:20,Pepperstone Razor,USDJPY,156.441,156.446,0.005,5,NewYork,Friday
2026-01-23 19:42:20,Pepperstone Razor,AUDUSD,0.68839,0.68839,0.0,0,NewYork,Friday
2026-01-23 19:42:24,FusionMarkets Zero,XAUUSD,4985.99,4986.06,0.07,7,NewYork,Friday
2026-01-23 19:42:25,FusionMarkets Zero,EURUSD,1.17902,1.17902,0.0,0,NewYork,Friday
2026-01-23 19:42:26,FusionMarkets Zero,GBPUSD,1.36068,1.36068,0.0,0,NewYork,Friday
2026-01-23 19:42:26,FusionMarkets Zero,USDJPY,156.434,156.435,0.001,1,NewYork,Friday
2026-01-23 19:42:27,FusionMarkets Zero,AUDUSD,0.6884,0.6884,0.0,0,NewYork,Friday
2026-01-23 19:42:31,ThinkMarkets ThinkZero,XAUUSD,4985.58,4985.66,0.08,8,NewYork,Friday
2026-01-23 19:42:32,ThinkMarkets ThinkZero,EURUSD,1.17904,1.17906,2e-05,2,NewYork,Friday
2026-01-23 19:42:33,ThinkMarkets ThinkZero,GBPUSD,1.36071,1.36074,3e-05,3,NewYork,Friday
2026-01-23 19:42:34,ThinkMarkets ThinkZero,USDJPY,156.402,156.407,0.005,5,NewYork,Friday
2026-01-23 19:42:34,ThinkMarkets ThinkZero,AUDUSD,0.68833,0.68836,3e-05,3,NewYork,Friday
2026-01-23 19:42:38,ICMarkets Raw,XAUUSD,4985.97,4986.02,0.05,5,NewYork,Friday
2026-01-23 19:42:39,ICMarkets Raw,EURUSD,1.17893,1.17893,0.0,0,NewYork,Friday
2026-01-23 19:42:40,ICMarkets Raw,GBPUSD,1.36053,1.36054,1e-05,1,NewYork,Friday
2026-01-23 19:42:41,ICMarkets Raw,USDJPY,156.459,156.46,0.001,1,NewYork,Friday
2026-01-23 19:42:42,ICMarkets Raw,AUDUSD,0.68827,0.68829,2e-05,2,NewYork,Friday
2026-01-23 19:42:45,VantageMarkets Raw,XAUUSD,4985.49,4985.57,0.08,8,NewYork,Friday
2026-01-23 19:42:46,VantageMarkets Raw,EURUSD,1.17892,1.17895,3e-05,3,NewYork,Friday
2026-01-23 19:42:46,VantageMarkets Raw,GBPUSD,1.36062,1.36063,1e-05,1,NewYork,Friday
2026-01-23 19:42:47,VantageMarkets Raw,USDJPY,156.386,156.395,0.009,9,NewYork,Friday
2026-01-23 19:42:48,VantageMarkets Raw,AUDUSD,0.68829,0.68833,4e-05,4,NewYork,Friday
2026-01-23 19:42:51,FPMarkets Raw,XAUUSD,4986.02,4986.09,0.07,7,NewYork,Friday
2026-01-23 19:42:52,FPMarkets Raw,EURUSD,1.17897,1.17898,1e-05,1,NewYork,Friday
2026-01-23 19:42:53,FPMarkets Raw,GBPUSD,1.36057,1.36061,4e-05,4,NewYork,Friday
2026-01-23 19:42:54,FPMarkets Raw,USDJPY,156.406,156.417,0.011,11,NewYork,Friday
2026-01-23 19:42:55,FPMarkets Raw,AUDUSD,0.68829,0.68833,4e-05,4,NewYork,Friday
2026-01-23 19:42:57,8Cap Raw,XAUUSD,4985.98,4986.14,0.16,16,NewYork,Friday
2026-01-23 19:42:58,8Cap Raw,EURUSD,1.17895,1.17895,0.0,0,NewYork,Friday
2026-01-23 19:42:58,8Cap Raw,GBPUSD,1.36054,1.36055,1e-05,1,NewYork,Friday
2026-01-23 19:42:59,8Cap Raw,USDJPY,156.404,156.407,0.003,3,NewYork,Friday
2026-01-23 19:43:00,8Cap Raw,AUDUSD,0.68827,0.68831,4e-05,4,NewYork,Friday
2026-01-23 19:47:16,Pepperstone Razor,XAUUSD,4983.55,4983.77,0.22,22,NewYork,Friday
2026-01-23 19:47:17,Pepperstone Razor,EURUSD,1.17858,1.17858,0.0,0,NewYork,Friday
2026-01-23 19:47:18,Pepperstone Razor,GBPUSD,1.36001,1.36004,3e-05,3,NewYork,Friday
2026-01-23 19:47:19,Pepperstone Razor,USDJPY,156.663,156.667,0.004,4,NewYork,Friday
2026-01-23 19:47:20,Pepperstone Razor,AUDUSD,0.68816,0.68816,0.0,0,NewYork,Friday
2026-01-23 19:47:23,FusionMarkets Zero,XAUUSD,4983.84,4983.98,0.14,14,NewYork,Friday
2026-01-23 19:47:24,FusionMarkets Zero,EURUSD,1.17874,1.17874,0.0,0,NewYork,Friday
2026-01-23 19:47:25,FusionMarkets Zero,GBPUSD,1.36019,1.36019,0.0,0,NewYork,Friday
2026-01-23 19:47:26,FusionMarkets Zero,USDJPY,156.585,156.587,0.002,2,NewYork,Friday
2026-01-23 19:47:27,FusionMarkets Zero,AUDUSD,0.6882,0.6882,0.0,0,NewYork,Friday
2026-01-23 19:47:30,ThinkMarkets ThinkZero,XAUUSD,4984.04,4984.12,0.08,8,NewYork,Friday
2026-01-23 19:47:31,ThinkMarkets ThinkZero,EURUSD,1.17873,1.17874,1e-05,1,NewYork,Friday
2026-01-23 19:47:32,ThinkMarkets ThinkZero,GBPUSD,1.36016,1.3602,4e-05,4,NewYork,Friday
2026-01-23 19:47:33,ThinkMarkets ThinkZero,USDJPY,156.585,156.592,0.007,7,NewYork,Friday
2026-01-23 19:47:34,ThinkMarkets ThinkZero,AUDUSD,0.68817,0.6882,3e-05,3,NewYork,Friday
2026-01-23 19:47:38,ICMarkets Raw,XAUUSD,4983.66,4983.76,0.1,10,NewYork,Friday
2026-01-23 19:47:38,ICMarkets Raw,EURUSD,1.17886,1.17886,0.0,0,NewYork,Friday
2026-01-23 19:47:39,ICMarkets Raw,GBPUSD,1.36029,1.3603,1e-05,1,NewYork,Friday
2026-01-23 19:47:40,ICMarkets Raw,USDJPY,156.576,156.577,0.001,1,NewYork,Friday
2026-01-23 19:47:41,ICMarkets Raw,AUDUSD,0.68824,0.68826,2e-05,2,NewYork,Friday
2026-01-23 19:47:44,VantageMarkets Raw,XAUUSD,4983.64,4983.72,0.08,8,NewYork,Friday
2026-01-23 19:47:45,VantageMarkets Raw,EURUSD,1.17903,1.17905,2e-05,2,NewYork,Friday
2026-01-23 19:47:46,VantageMarkets Raw,GBPUSD,1.36043,1.36044,1e-05,1,NewYork,Friday
2026-01-23 19:47:46,VantageMarkets Raw,USDJPY,156.529,156.536,0.007,7,NewYork,Friday
2026-01-23 19:47:47,VantageMarkets Raw,AUDUSD,0.68826,0.6883,4e-05,4,NewYork,Friday
2026-01-23 19:47:50,FPMarkets Raw,XAUUSD,4984.01,4984.08,0.07,7,NewYork,Friday
2026-01-23 19:47:51,FPMarkets Raw,EURUSD,1.17899,1.179,1e-05,1,NewYork,Friday
2026-01-23 19:47:52,FPMarkets Raw,GBPUSD,1.36031,1.36035,4e-05,4,NewYork,Friday
2026-01-23 19:47:53,FPMarkets Raw,USDJPY,156.537,156.547,0.01,10,NewYork,Friday
2026-01-23 19:47:54,FPMarkets Raw,AUDUSD,0.68829,0.68832,3e-05,3,NewYork,Friday
2026-01-23 19:47:56,8Cap Raw,XAUUSD,4983.84,4984.0,0.16,16,NewYork,Friday
2026-01-23 19:47:57,8Cap Raw,EURUSD,1.17908,1.17908,0.0,0,NewYork,Friday
2026-01-23 19:47:57,8Cap Raw,GBPUSD,1.36043,1.36045,2e-05,2,NewYork,Friday
2026-01-23 19:47:58,8Cap Raw,USDJPY,156.497,156.498,0.001,1,NewYork,Friday
2026-01-23 19:47:59,8Cap Raw,AUDUSD,0.68833,0.68835,2e-05,2,NewYork,Friday
2026-01-23 19:52:16,Pepperstone Razor,XAUUSD,4983.65,4983.8,0.15,15,NewYork,Friday
2026-01-23 19:52:17,Pepperstone Razor,EURUSD,1.17953,1.17953,0.0,0,NewYork,Friday
2026-01-23 19:52:18,Pepperstone Razor,GBPUSD,1.36077,1.36077,0.0,0,NewYork,Friday
2026-01-23 19:52:19,Pepperstone Razor,USDJPY,156.48,156.483,0.003,3,NewYork,Friday
2026-01-23 19:52:20,Pepperstone Razor,AUDUSD,0.68835,0.68836,1e-05,1,NewYork,Friday
2026-01-23 19:52:23,FusionMarkets Zero,XAUUSD,4983.19,4983.27,0.08,8,NewYork,Friday
2026-01-23 19:52:24,FusionMarkets Zero,EURUSD,1.17967,1.17967,0.0,0,NewYork,Friday
2026-01-23 19:52:25,FusionMarkets Zero,GBPUSD,1.36076,1.36076,0.0,0,NewYork,Friday
2026-01-23 19:52:26,FusionMarkets Zero,USDJPY,156.45,156.45,0.0,0,NewYork,Friday
2026-01-23 19:52:27,FusionMarkets Zero,AUDUSD,0.68842,0.68842,0.0,0,NewYork,Friday
2026-01-23 19:52:30,ThinkMarkets ThinkZero,XAUUSD,4982.68,4982.76,0.08,8,NewYork,Friday
2026-01-23 19:52:31,ThinkMarkets ThinkZero,EURUSD,1.17968,1.1797,2e-05,2,NewYork,Friday
2026-01-23 19:52:32,ThinkMarkets ThinkZero,GBPUSD,1.3608,1.36082,2e-05,2,NewYork,Friday
2026-01-23 19:52:33,ThinkMarkets ThinkZero,USDJPY,156.453,156.459,0.006,6,NewYork,Friday
2026-01-23 19:52:34,ThinkMarkets ThinkZero,AUDUSD,0.68839,0.68841,2e-05,2,NewYork,Friday
2026-01-23 19:52:37,ICMarkets Raw,XAUUSD,4982.99,4983.04,0.05,5,NewYork,Friday
2026-01-23 19:52:38,ICMarkets Raw,EURUSD,1.17967,1.17967,0.0,0,NewYork,Friday
2026-01-23 19:52:39,ICMarkets Raw,GBPUSD,1.36082,1.36083,1e-05,1,NewYork,Friday
2026-01-23 19:52:40,ICMarkets Raw,USDJPY,156.463,156.463,0.0,0,NewYork,Friday
2026-01-23 19:52:41,ICMarkets Raw,AUDUSD,0.6884,0.6884,0.0,0,NewYork,Friday
2026-01-23 19:52:44,VantageMarkets Raw,XAUUSD,4982.69,4982.77,0.08,8,NewYork,Friday
2026-01-23 19:52:45,VantageMarkets Raw,EURUSD,1.17967,1.17969,2e-05,2,NewYork,Friday
2026-01-23 19:52:46,VantageMarkets Raw,GBPUSD,1.36081,1.36082,1e-05,1,NewYork,Friday
2026-01-23 19:52:47,VantageMarkets Raw,USDJPY,156.458,156.459,0.001,1,NewYork,Friday
2026-01-23 19:52:47,VantageMarkets Raw,AUDUSD,0.68839,0.68842,3e-05,3,NewYork,Friday
2026-01-23 19:52:51,FPMarkets Raw,XAUUSD,4982.66,4982.73,0.07,7,NewYork,Friday
2026-01-23 19:52:52,FPMarkets Raw,EURUSD,1.17968,1.1797,2e-05,2,NewYork,Friday
2026-01-23 19:52:53,FPMarkets Raw,GBPUSD,1.36075,1.3608,5e-05,5,NewYork,Friday
2026-01-23 19:52:53,FPMarkets Raw,USDJPY,156.448,156.452,0.004,4,NewYork,Friday
2026-01-23 19:52:54,FPMarkets Raw,AUDUSD,0.68836,0.6884,4e-05,4,NewYork,Friday
2026-01-23 19:52:57,8Cap Raw,XAUUSD,4980.74,4980.9,0.16,16,NewYork,Friday
2026-01-23 19:52:57,8Cap Raw,EURUSD,1.17965,1.17966,1e-05,1,NewYork,Friday
2026-01-23 19:52:58,8Cap Raw,GBPUSD,1.36071,1.36072,1e-05,1,NewYork,Friday
2026-01-23 19:52:59,8Cap Raw,USDJPY,156.463,156.464,0.001,1,NewYork,Friday
2026-01-23 19:52:59,8Cap Raw,AUDUSD,0.68834,0.68836,2e-05,2,NewYork,Friday
2026-01-23 19:57:17,Pepperstone Razor,XAUUSD,4963.03,4963.29,0.26,26,NewYork,Friday
2026-01-23 19:57:18,Pepperstone Razor,EURUSD,1.1795,1.1795,0.0,0,NewYork,Friday
2026-01-23 19:57:18,Pepperstone Razor,GBPUSD,1.36065,1.36066,1e-05,1,NewYork,Friday
2026-01-23 19:57:19,Pepperstone Razor,USDJPY,156.333,156.337,0.004,4,NewYork,Friday
2026-01-23 19:57:20,Pepperstone Razor,AUDUSD,0.68826,0.68827,1e-05,1,NewYork,Friday
2026-01-23 19:57:24,FusionMarkets Zero,XAUUSD,4964.66,4964.87,0.21,21,NewYork,Friday
2026-01-23 19:57:25,FusionMarkets Zero,EURUSD,1.17947,1.17947,0.0,0,NewYork,Friday
2026-01-23 19:57:26,FusionMarkets Zero,GBPUSD,1.36068,1.36068,0.0,0,NewYork,Friday
2026-01-23 19:57:27,FusionMarkets Zero,USDJPY,156.339,156.339,0.0,0,NewYork,Friday
2026-01-23 19:57:28,FusionMarkets Zero,AUDUSD,0.68823,0.68823,0.0,0,NewYork,Friday
2026-01-23 19:57:31,ThinkMarkets ThinkZero,XAUUSD,4965.64,4965.72,0.08,8,NewYork,Friday
2026-01-23 19:57:32,ThinkMarkets ThinkZero,EURUSD,1.17945,1.17947,2e-05,2,NewYork,Friday
2026-01-23 19:57:33,ThinkMarkets ThinkZero,GBPUSD,1.36072,1.36077,5e-05,5,NewYork,Friday
2026-01-23 19:57:34,ThinkMarkets ThinkZero,USDJPY,156.332,156.34,0.008,8,NewYork,Friday
2026-01-23 19:57:35,ThinkMarkets ThinkZero,AUDUSD,0.68819,0.6882,1e-05,1,NewYork,Friday
2026-01-23 19:57:38,ICMarkets Raw,XAUUSD,4966.12,4966.25,0.13,13,NewYork,Friday
2026-01-23 19:57:39,ICMarkets Raw,EURUSD,1.17947,1.17947,0.0,0,NewYork,Friday
2026-01-23 19:57:40,ICMarkets Raw,GBPUSD,1.36084,1.36085,1e-05,1,NewYork,Friday
2026-01-23 19:57:41,ICMarkets Raw,USDJPY,156.315,156.316,0.001,1,NewYork,Friday
2026-01-23 19:57:42,ICMarkets Raw,AUDUSD,0.68823,0.68823,0.0,0,NewYork,Friday
2026-01-23 19:57:45,VantageMarkets Raw,XAUUSD,4966.59,4966.67,0.08,8,NewYork,Friday
2026-01-23 19:57:46,VantageMarkets Raw,EURUSD,1.17936,1.17938,2e-05,2,NewYork,Friday
2026-01-23 19:57:47,VantageMarkets Raw,GBPUSD,1.36077,1.3608,3e-05,3,NewYork,Friday
2026-01-23 19:57:48,VantageMarkets Raw,USDJPY,156.349,156.358,0.009,9,NewYork,Friday
2026-01-23 19:57:49,VantageMarkets Raw,AUDUSD,0.68818,0.68822,4e-05,4,NewYork,Friday
2026-01-23 19:57:52,FPMarkets Raw,XAUUSD,4966.96,4967.03,0.07,7,NewYork,Friday
2026-01-23 19:57:53,FPMarkets Raw,EURUSD,1.17944,1.17945,1e-05,1,NewYork,Friday
2026-01-23 19:57:54,FPMarkets Raw,GBPUSD,1.3609,1.36095,5e-05,5,NewYork,Friday
2026-01-23 19:57:55,FPMarkets Raw,USDJPY,156.379,156.384,0.005,5,NewYork,Friday
2026-01-23 19:57:55,FPMarkets Raw,AUDUSD,0.68822,0.68826,4e-05,4,NewYork,Friday
2026-01-23 19:57:57,8Cap Raw,XAUUSD,4965.56,4965.72,0.16,16,NewYork,Friday
2026-01-23 19:57:58,8Cap Raw,EURUSD,1.17948,1.17949,1e-05,1,NewYork,Friday
2026-01-23 19:57:58,8Cap Raw,GBPUSD,1.36102,1.36104,2e-05,2,NewYork,Friday
2026-01-23 19:57:59,8Cap Raw,USDJPY,156.326,156.33,0.004,4,NewYork,Friday
2026-01-23 19:58:00,8Cap Raw,AUDUSD,0.68825,0.68827,2e-05,2,NewYork,Friday
2026-01-23 20:02:17,Pepperstone Razor,XAUUSD,4971.27,4971.43,0.16,16,NewYork,Friday
2026-01-23 20:02:17,Pepperstone Razor,EURUSD,1.17918,1.17918,0.0,0,NewYork,Friday
2026-01-23 20:02:18,Pepperstone Razor,GBPUSD,1.36047,1.36047,0.0,0,NewYork,Friday
2026-01-23 20:02:19,Pepperstone Razor,USDJPY,156.46,156.466,0.006,6,NewYork,Friday
2026-01-23 20:02:20,Pepperstone Razor,AUDUSD,0.68815,0.68815,0.0,0,NewYork,Friday
2026-01-23 20:02:23,FusionMarkets Zero,XAUUSD,4971.04,4971.1,0.06,6,NewYork,Friday
2026-01-23 20:02:24,FusionMarkets Zero,EURUSD,1.17917,1.17917,0.0,0,NewYork,Friday
2026-01-23 20:02:25,FusionMarkets Zero,GBPUSD,1.36052,1.36052,0.0,0,NewYork,Friday
2026-01-23 20:02:26,FusionMarkets Zero,USDJPY,156.443,156.445,0.002,2,NewYork,Friday
2026-01-23 20:02:27,FusionMarkets Zero,AUDUSD,0.68813,0.68813,0.0,0,NewYork,Friday
2026-01-23 20:02:30,ThinkMarkets ThinkZero,XAUUSD,4971.8,4971.88,0.08,8,NewYork,Friday
2026-01-23 20:02:31,ThinkMarkets ThinkZero,EURUSD,1.17915,1.17917,2e-05,2,NewYork,Friday
2026-01-23 20:02:32,ThinkMarkets ThinkZero,GBPUSD,1.36043,1.36049,6e-05,6,NewYork,Friday
2026-01-23 20:02:33,ThinkMarkets ThinkZero,USDJPY,156.435,156.442,0.007,7,NewYork,Friday
2026-01-23 20:02:34,ThinkMarkets ThinkZero,AUDUSD,0.6881,0.68813,3e-05,3,NewYork,Friday
2026-01-23 20:02:36,ICMarkets Raw,XAUUSD,4971.7,4971.8,0.1,10,NewYork,Friday
2026-01-23 20:02:37,ICMarkets Raw,EURUSD,1.17923,1.17923,0.0,0,NewYork,Friday
2026-01-23 20:02:38,ICMarkets Raw,GBPUSD,1.36053,1.36054,1e-05,1,NewYork,Friday
2026-01-23 20:02:39,ICMarkets Raw,USDJPY,156.413,156.414,0.001,1,NewYork,Friday
2026-01-23 20:02:40,ICMarkets Raw,AUDUSD,0.68813,0.68813,0.0,0,NewYork,Friday
2026-01-23 20:02:43,VantageMarkets Raw,XAUUSD,4971.89,4971.97,0.08,8,NewYork,Friday
2026-01-23 20:02:44,VantageMarkets Raw,EURUSD,1.17902,1.17906,4e-05,4,NewYork,Friday
2026-01-23 20:02:44,VantageMarkets Raw,GBPUSD,1.36028,1.36031,3e-05,3,NewYork,Friday
2026-01-23 20:02:45,VantageMarkets Raw,USDJPY,156.442,156.45,0.008,8,NewYork,Friday
2026-01-23 20:02:46,VantageMarkets Raw,AUDUSD,0.68801,0.68805,4e-05,4,NewYork,Friday
2026-01-23 20:02:49,FPMarkets Raw,XAUUSD,4971.47,4971.54,0.07,7,NewYork,Friday
2026-01-23 20:02:50,FPMarkets Raw,EURUSD,1.179,1.17901,1e-05,1,NewYork,Friday
2026-01-23 20:02:51,FPMarkets Raw,GBPUSD,1.36022,1.36026,4e-05,4,NewYork,Friday
2026-01-23 20:02:52,FPMarkets Raw,USDJPY,156.432,156.444,0.012,12,NewYork,Friday
2026-01-23 20:02:53,FPMarkets Raw,AUDUSD,0.68799,0.68802,3e-05,3,NewYork,Friday
2026-01-23 20:02:55,8Cap Raw,XAUUSD,4971.12,4971.28,0.16,16,NewYork,Friday
2026-01-23 20:02:56,8Cap Raw,EURUSD,1.17902,1.17902,0.0,0,NewYork,Friday
2026-01-23 20:02:57,8Cap Raw,GBPUSD,1.36025,1.36026,1e-05,1,NewYork,Friday
2026-01-23 20:02:57,8Cap Raw,USDJPY,156.418,156.419,0.001,1,NewYork,Friday
2026-01-23 20:02:58,8Cap Raw,AUDUSD,0.68799,0.68802,3e-05,3,NewYork,Friday
2026-01-23 20:07:16,Pepperstone Razor,XAUUSD,4976.27,4976.43,0.16,16,NewYork,Friday
2026-01-23 20:07:17,Pepperstone Razor,EURUSD,1.17853,1.17853,0.0,0,NewYork,Friday
2026-01-23 20:07:18,Pepperstone Razor,GBPUSD,1.35986,1.35987,1e-05,1,NewYork,Friday
2026-01-23 20:07:19,Pepperstone Razor,USDJPY,156.452,156.457,0.005,5,NewYork,Friday
2026-01-23 20:07:20,Pepperstone Razor,AUDUSD,0.68762,0.68762,0.0,0,NewYork,Friday
2026-01-23 20:07:22,FusionMarkets Zero,XAUUSD,4976.51,4976.59,0.08,8,NewYork,Friday
2026-01-23 20:07:23,FusionMarkets Zero,EURUSD,1.1785,1.1785,0.0,0,NewYork,Friday
2026-01-23 20:07:24,FusionMarkets Zero,GBPUSD,1.35994,1.35994,0.0,0,NewYork,Friday
2026-01-23 20:07:25,FusionMarkets Zero,USDJPY,156.454,156.454,0.0,0,NewYork,Friday
2026-01-23 20:07:26,FusionMarkets Zero,AUDUSD,0.68764,0.68764,0.0,0,NewYork,Friday
2026-01-23 20:07:28,ThinkMarkets ThinkZero,XAUUSD,4976.83,4976.91,0.08,8,NewYork,Friday
2026-01-23 20:07:29,ThinkMarkets ThinkZero,EURUSD,1.17849,1.17851,2e-05,2,NewYork,Friday
2026-01-23 20:07:30,ThinkMarkets ThinkZero,GBPUSD,1.35989,1.35996,7e-05,7,NewYork,Friday
2026-01-23 20:07:31,ThinkMarkets ThinkZero,USDJPY,156.45,156.456,0.006,6,NewYork,Friday
2026-01-23 20:07:32,ThinkMarkets ThinkZero,AUDUSD,0.68758,0.68761,3e-05,3,NewYork,Friday
2026-01-23 20:07:35,ICMarkets Raw,XAUUSD,4976.9,4976.96,0.06,6,NewYork,Friday
2026-01-23 20:07:36,ICMarkets Raw,EURUSD,1.17846,1.17848,2e-05,2,NewYork,Friday
2026-01-23 20:07:37,ICMarkets Raw,GBPUSD,1.35994,1.35995,1e-05,1,NewYork,Friday
2026-01-23 20:07:38,ICMarkets Raw,USDJPY,156.458,156.458,0.0,0,NewYork,Friday
2026-01-23 20:07:38,ICMarkets Raw,AUDUSD,0.68763,0.68763,0.0,0,NewYork,Friday
2026-01-23 20:07:41,VantageMarkets Raw,XAUUSD,4976.7,4976.78,0.08,8,NewYork,Friday
2026-01-23 20:07:42,VantageMarkets Raw,EURUSD,1.17849,1.1785,1e-05,1,NewYork,Friday
2026-01-23 20:07:43,VantageMarkets Raw,GBPUSD,1.35996,1.35997,1e-05,1,NewYork,Friday
2026-01-23 20:07:43,VantageMarkets Raw,USDJPY,156.454,156.455,0.001,1,NewYork,Friday
2026-01-23 20:07:44,VantageMarkets Raw,AUDUSD,0.68764,0.68767,3e-05,3,NewYork,Friday
2026-01-23 20:07:47,FPMarkets Raw,XAUUSD,4976.54,4976.61,0.07,7,NewYork,Friday
2026-01-23 20:07:48,FPMarkets Raw,EURUSD,1.1785,1.17851,1e-05,1,NewYork,Friday
2026-01-23 20:07:49,FPMarkets Raw,GBPUSD,1.35994,1.35998,4e-05,4,NewYork,Friday
2026-01-23 20:07:50,FPMarkets Raw,USDJPY,156.449,156.454,0.005,5,NewYork,Friday
2026-01-23 20:07:51,FPMarkets Raw,AUDUSD,0.68765,0.68769,4e-05,4,NewYork,Friday
2026-01-23 20:07:53,8Cap Raw,XAUUSD,4976.03,4976.19,0.16,16,NewYork,Friday
2026-01-23 20:07:53,8Cap Raw,EURUSD,1.17851,1.17851,0.0,0,NewYork,Friday
2026-01-23 20:07:54,8Cap Raw,GBPUSD,1.35994,1.35995,1e-05,1,NewYork,Friday
2026-01-23 20:07:55,8Cap Raw,USDJPY,156.444,156.445,0.001,1,NewYork,Friday
2026-01-23 20:07:55,8Cap Raw,AUDUSD,0.68761,0.68764,3e-05,3,NewYork,Friday
2026-01-23 20:12:16,Pepperstone Razor,XAUUSD,4980.17,4980.36,0.19,19,NewYork,Friday
2026-01-23 20:12:17,Pepperstone Razor,EURUSD,1.17792,1.17792,0.0,0,NewYork,Friday
2026-01-23 20:12:18,Pepperstone Razor,GBPUSD,1.35955,1.35958,3e-05,3,NewYork,Friday
2026-01-23 20:12:19,Pepperstone Razor,USDJPY,156.555,156.56,0.005,5,NewYork,Friday
2026-01-23 20:12:19,Pepperstone Razor,AUDUSD,0.68764,0.68765,1e-05,1,NewYork,Friday
2026-01-23 20:12:22,FusionMarkets Zero,XAUUSD,4980.65,4980.71,0.06,6,NewYork,Friday
2026-01-23 20:12:23,FusionMarkets Zero,EURUSD,1.17792,1.17792,0.0,0,NewYork,Friday
2026-01-23 20:12:24,FusionMarkets Zero,GBPUSD,1.35951,1.35951,0.0,0,NewYork,Friday
2026-01-23 20:12:25,FusionMarkets Zero,USDJPY,156.584,156.584,0.0,0,NewYork,Friday
2026-01-23 20:12:26,FusionMarkets Zero,AUDUSD,0.68764,0.68764,0.0,0,NewYork,Friday
2026-01-23 20:12:29,ThinkMarkets ThinkZero,XAUUSD,4980.91,4980.99,0.08,8,NewYork,Friday
2026-01-23 20:12:30,ThinkMarkets ThinkZero,EURUSD,1.17788,1.1779,2e-05,2,NewYork,Friday
2026-01-23 20:12:31,ThinkMarkets ThinkZero,GBPUSD,1.3595,1.35956,6e-05,6,NewYork,Friday
2026-01-23 20:12:32,ThinkMarkets ThinkZero,USDJPY,156.597,156.608,0.011,11,NewYork,Friday
2026-01-23 20:12:32,ThinkMarkets ThinkZero,AUDUSD,0.68761,0.68764,3e-05,3,NewYork,Friday
2026-01-23 20:12:36,ICMarkets Raw,XAUUSD,4981.24,4981.35,0.11,11,NewYork,Friday
2026-01-23 20:12:36,ICMarkets Raw,EURUSD,1.17791,1.17791,0.0,0,NewYork,Friday
2026-01-23 20:12:37,ICMarkets Raw,GBPUSD,1.35953,1.35954,1e-05,1,NewYork,Friday
2026-01-23 20:12:38,ICMarkets Raw,USDJPY,156.597,156.597,0.0,0,NewYork,Friday
2026-01-23 20:12:39,ICMarkets Raw,AUDUSD,0.68762,0.68762,0.0,0,NewYork,Friday
2026-01-23 20:12:41,VantageMarkets Raw,XAUUSD,4981.65,4981.73,0.08,8,NewYork,Friday
2026-01-23 20:12:42,VantageMarkets Raw,EURUSD,1.17784,1.17787,3e-05,3,NewYork,Friday
2026-01-23 20:12:43,VantageMarkets Raw,GBPUSD,1.35943,1.35944,1e-05,1,NewYork,Friday
2026-01-23 20:12:44,VantageMarkets Raw,USDJPY,156.605,156.613,0.008,8,NewYork,Friday
2026-01-23 20:12:45,VantageMarkets Raw,AUDUSD,0.68761,0.68764,3e-05,3,NewYork,Friday
2026-01-23 20:12:48,FPMarkets Raw,XAUUSD,4982.28,4982.35,0.07,7,NewYork,Friday
2026-01-23 20:12:49,FPMarkets Raw,EURUSD,1.17785,1.17787,2e-05,2,NewYork,Friday
2026-01-23 20:12:50,FPMarkets Raw,GBPUSD,1.35953,1.35957,4e-05,4,NewYork,Friday
2026-01-23 20:12:51,FPMarkets Raw,USDJPY,156.582,156.586,0.004,4,NewYork,Friday
2026-01-23 20:12:52,FPMarkets Raw,AUDUSD,0.68755,0.6876,5e-05,5,NewYork,Friday
2026-01-23 20:12:53,8Cap Raw,XAUUSD,4982.54,4982.7,0.16,16,NewYork,Friday
2026-01-23 20:12:54,8Cap Raw,EURUSD,1.17787,1.17787,0.0,0,NewYork,Friday
2026-01-23 20:12:55,8Cap Raw,GBPUSD,1.35953,1.35954,1e-05,1,NewYork,Friday
2026-01-23 20:12:55,8Cap Raw,USDJPY,156.56,156.565,0.005,5,NewYork,Friday
2026-01-23 20:12:56,8Cap Raw,AUDUSD,0.68754,0.68756,2e-05,2,NewYork,Friday
2026-01-23 20:17:16,Pepperstone Razor,XAUUSD,4980.5,4980.66,0.16,16,NewYork,Friday
2026-01-23 20:17:17,Pepperstone Razor,EURUSD,1.17802,1.17802,0.0,0,NewYork,Friday
2026-01-23 20:17:18,Pepperstone Razor,GBPUSD,1.35953,1.35955,2e-05,2,NewYork,Friday
2026-01-23 20:17:19,Pepperstone Razor,USDJPY,156.49,156.494,0.004,4,NewYork,Friday
2026-01-23 20:17:20,Pepperstone Razor,AUDUSD,0.6878,0.6878,0.0,0,NewYork,Friday
2026-01-23 20:17:23,FusionMarkets Zero,XAUUSD,4981.61,4981.68,0.07,7,NewYork,Friday
2026-01-23 20:17:24,FusionMarkets Zero,EURUSD,1.17809,1.17809,0.0,0,NewYork,Friday
2026-01-23 20:17:25,FusionMarkets Zero,GBPUSD,1.35959,1.35959,0.0,0,NewYork,Friday
2026-01-23 20:17:25,FusionMarkets Zero,USDJPY,156.486,156.486,0.0,0,NewYork,Friday
2026-01-23 20:17:26,FusionMarkets Zero,AUDUSD,0.68786,0.68786,0.0,0,NewYork,Friday
2026-01-23 20:17:29,ThinkMarkets ThinkZero,XAUUSD,4981.67,4981.75,0.08,8,NewYork,Friday
2026-01-23 20:17:30,ThinkMarkets ThinkZero,EURUSD,1.17816,1.17818,2e-05,2,NewYork,Friday
2026-01-23 20:17:31,ThinkMarkets ThinkZero,GBPUSD,1.35961,1.35967,6e-05,6,NewYork,Friday
2026-01-23 20:17:32,ThinkMarkets ThinkZero,USDJPY,156.482,156.492,0.01,10,NewYork,Friday
2026-01-23 20:17:33,ThinkMarkets ThinkZero,AUDUSD,0.68784,0.68788,4e-05,4,NewYork,Friday
2026-01-23 20:17:36,ICMarkets Raw,XAUUSD,4981.45,4981.52,0.07,7,NewYork,Friday
2026-01-23 20:17:37,ICMarkets Raw,EURUSD,1.17822,1.17823,1e-05,1,NewYork,Friday
2026-01-23 20:17:38,ICMarkets Raw,GBPUSD,1.35971,1.35972,1e-05,1,NewYork,Friday
2026-01-23 20:17:39,ICMarkets Raw,USDJPY,156.484,156.485,0.001,1,NewYork,Friday
2026-01-23 20:17:40,ICMarkets Raw,AUDUSD,0.68789,0.68789,0.0,0,NewYork,Friday
2026-01-23 20:17:42,VantageMarkets Raw,XAUUSD,4981.23,4981.31,0.08,8,NewYork,Friday
2026-01-23 20:17:43,VantageMarkets Raw,EURUSD,1.17828,1.1783,2e-05,2,NewYork,Friday
2026-01-23 20:17:44,VantageMarkets Raw,GBPUSD,1.35983,1.35984,1e-05,1,NewYork,Friday
2026-01-23 20:17:45,VantageMarkets Raw,USDJPY,156.484,156.486,0.002,2,NewYork,Friday
2026-01-23 20:17:46,VantageMarkets Raw,AUDUSD,0.68794,0.68797,3e-05,3,NewYork,Friday
2026-01-23 20:17:49,FPMarkets Raw,XAUUSD,4981.66,4981.73,0.07,7,NewYork,Friday
2026-01-23 20:17:50,FPMarkets Raw,EURUSD,1.17827,1.17828,1e-05,1,NewYork,Friday
2026-01-23 20:17:51,FPMarkets Raw,GBPUSD,1.35972,1.35976,4e-05,4,NewYork,Friday
2026-01-23 20:17:52,FPMarkets Raw,USDJPY,156.491,156.504,0.013,13,NewYork,Friday
2026-01-23 20:17:53,FPMarkets Raw,AUDUSD,0.68792,0.68797,5e-05,5,NewYork,Friday
2026-01-23 20:17:55,8Cap Raw,XAUUSD,4981.53,4981.69,0.16,16,NewYork,Friday
2026-01-23 20:17:55,8Cap Raw,EURUSD,1.17825,1.17826,1e-05,1,NewYork,Friday
2026-01-23 20:17:56,8Cap Raw,GBPUSD,1.35975,1.35977,2e-05,2,NewYork,Friday
2026-01-23 20:17:57,8Cap Raw,USDJPY,156.494,156.495,0.001,1,NewYork,Friday
2026-01-23 20:17:57,8Cap Raw,AUDUSD,0.68795,0.68797,2e-05,2,NewYork,Friday
2026-01-23 20:22:16,Pepperstone Razor,XAUUSD,4983.29,4983.48,0.19,19,NewYork,Friday
2026-01-23 20:22:17,Pepperstone Razor,EURUSD,1.17857,1.17857,0.0,0,NewYork,Friday
2026-01-23 20:22:18,Pepperstone Razor,GBPUSD,1.35996,1.35999,3e-05,3,NewYork,Friday
2026-01-23 20:22:19,Pepperstone Razor,USDJPY,156.411,156.418,0.007,7,NewYork,Friday
2026-01-23 20:22:20,Pepperstone Razor,AUDUSD,0.68796,0.68799,3e-05,3,NewYork,Friday
2026-01-23 20:22:23,FusionMarkets Zero,XAUUSD,4982.83,4982.93,0.1,10,NewYork,Friday
2026-01-23 20:22:24,FusionMarkets Zero,EURUSD,1.17857,1.17857,0.0,0,NewYork,Friday
2026-01-23 20:22:24,FusionMarkets Zero,GBPUSD,1.35999,1.35999,0.0,0,NewYork,Friday
2026-01-23 20:22:25,FusionMarkets Zero,USDJPY,156.398,156.4,0.002,2,NewYork,Friday
2026-01-23 20:22:26,FusionMarkets Zero,AUDUSD,0.688,0.688,0.0,0,NewYork,Friday
2026-01-23 20:22:29,ThinkMarkets ThinkZero,XAUUSD,4981.68,4981.76,0.08,8,NewYork,Friday
2026-01-23 20:22:30,ThinkMarkets ThinkZero,EURUSD,1.17865,1.17867,2e-05,2,NewYork,Friday
2026-01-23 20:22:31,ThinkMarkets ThinkZero,GBPUSD,1.36005,1.36012,7e-05,7,NewYork,Friday
2026-01-23 20:22:32,ThinkMarkets ThinkZero,USDJPY,156.364,156.373,0.009,9,NewYork,Friday
2026-01-23 20:22:33,ThinkMarkets ThinkZero,AUDUSD,0.68799,0.68802,3e-05,3,NewYork,Friday
2026-01-23 20:22:36,ICMarkets Raw,XAUUSD,4981.29,4981.4,0.11,11,NewYork,Friday
2026-01-23 20:22:37,ICMarkets Raw,EURUSD,1.17865,1.17865,0.0,0,NewYork,Friday
2026-01-23 20:22:37,ICMarkets Raw,GBPUSD,1.36006,1.36007,1e-05,1,NewYork,Friday
2026-01-23 20:22:38,ICMarkets Raw,USDJPY,156.366,156.367,0.001,1,NewYork,Friday
2026-01-23 20:22:39,ICMarkets Raw,AUDUSD,0.688,0.688,0.0,0,NewYork,Friday
2026-01-23 20:22:42,VantageMarkets Raw,XAUUSD,4980.36,4980.44,0.08,8,NewYork,Friday
2026-01-23 20:22:43,VantageMarkets Raw,EURUSD,1.17866,1.17868,2e-05,2,NewYork,Friday
2026-01-23 20:22:44,VantageMarkets Raw,GBPUSD,1.36005,1.36006,1e-05,1,NewYork,Friday
2026-01-23 20:22:45,VantageMarkets Raw,USDJPY,156.37,156.371,0.001,1,NewYork,Friday
2026-01-23 20:22:46,VantageMarkets Raw,AUDUSD,0.688,0.68802,2e-05,2,NewYork,Friday
2026-01-23 20:22:49,FPMarkets Raw,XAUUSD,4980.34,4980.41,0.07,7,NewYork,Friday
2026-01-23 20:22:50,FPMarkets Raw,EURUSD,1.17867,1.17868,1e-05,1,NewYork,Friday
2026-01-23 20:22:51,FPMarkets Raw,GBPUSD,1.36001,1.36005,4e-05,4,NewYork,Friday
2026-01-23 20:22:52,FPMarkets Raw,USDJPY,156.369,156.383,0.014,14,NewYork,Friday
2026-01-23 20:22:53,FPMarkets Raw,AUDUSD,0.68803,0.68807,4e-05,4,NewYork,Friday
2026-01-23 20:22:55,8Cap Raw,XAUUSD,4979.66,4979.82,0.16,16,NewYork,Friday
2026-01-23 20:22:56,8Cap Raw,EURUSD,1.17873,1.17874,1e-05,1,NewYork,Friday
2026-01-23 20:22:56,8Cap Raw,GBPUSD,1.36008,1.36009,1e-05,1,NewYork,Friday
2026-01-23 20:22:57,8Cap Raw,USDJPY,156.347,156.348,0.001,1,NewYork,Friday
2026-01-23 20:22:58,8Cap Raw,AUDUSD,0.68803,0.68805,2e-05,2,NewYork,Friday
2026-01-23 20:27:16,Pepperstone Razor,XAUUSD,4981.36,4981.55,0.19,19,NewYork,Friday
2026-01-23 20:27:17,Pepperstone Razor,EURUSD,1.17908,1.17909,1e-05,1,NewYork,Friday
2026-01-23 20:27:18,Pepperstone Razor,GBPUSD,1.36078,1.36079,1e-05,1,NewYork,Friday
2026-01-23 20:27:19,Pepperstone Razor,USDJPY,156.099,156.107,0.008,8,NewYork,Friday
2026-01-23 20:27:20,Pepperstone Razor,AUDUSD,0.68849,0.68849,0.0,0,NewYork,Friday
2026-01-23 20:27:23,FusionMarkets Zero,XAUUSD,4981.05,4981.13,0.08,8,NewYork,Friday
2026-01-23 20:27:24,FusionMarkets Zero,EURUSD,1.17915,1.17915,0.0,0,NewYork,Friday
2026-01-23 20:27:25,FusionMarkets Zero,GBPUSD,1.36076,1.36076,0.0,0,NewYork,Friday
2026-01-23 20:27:26,FusionMarkets Zero,USDJPY,156.11,156.11,0.0,0,NewYork,Friday
2026-01-23 20:27:27,FusionMarkets Zero,AUDUSD,0.68848,0.68848,0.0,0,NewYork,Friday
2026-01-23 20:27:30,ThinkMarkets ThinkZero,XAUUSD,4981.65,4981.73,0.08,8,NewYork,Friday
2026-01-23 20:27:30,ThinkMarkets ThinkZero,EURUSD,1.17914,1.17916,2e-05,2,NewYork,Friday
2026-01-23 20:27:31,ThinkMarkets ThinkZero,GBPUSD,1.36073,1.36076,3e-05,3,NewYork,Friday
2026-01-23 20:27:32,ThinkMarkets ThinkZero,USDJPY,156.108,156.113,0.005,5,NewYork,Friday
2026-01-23 20:27:33,ThinkMarkets ThinkZero,AUDUSD,0.68846,0.6885,4e-05,4,NewYork,Friday
2026-01-23 20:27:36,ICMarkets Raw,XAUUSD,4981.6,4981.67,0.07,7,NewYork,Friday
2026-01-23 20:27:37,ICMarkets Raw,EURUSD,1.17927,1.17927,0.0,0,NewYork,Friday
2026-01-23 20:27:38,ICMarkets Raw,GBPUSD,1.36083,1.36086,3e-05,3,NewYork,Friday
2026-01-23 20:27:39,ICMarkets Raw,USDJPY,156.079,156.083,0.004,4,NewYork,Friday
2026-01-23 20:27:40,ICMarkets Raw,AUDUSD,0.6885,0.6885,0.0,0,NewYork,Friday
2026-01-23 20:27:43,VantageMarkets Raw,XAUUSD,4981.39,4981.47,0.08,8,NewYork,Friday
2026-01-23 20:27:43,VantageMarkets Raw,EURUSD,1.17921,1.17925,4e-05,4,NewYork,Friday
2026-01-23 20:27:44,VantageMarkets Raw,GBPUSD,1.36081,1.36082,1e-05,1,NewYork,Friday
2026-01-23 20:27:45,VantageMarkets Raw,USDJPY,156.098,156.106,0.008,8,NewYork,Friday
2026-01-23 20:27:46,VantageMarkets Raw,AUDUSD,0.68844,0.68847,3e-05,3,NewYork,Friday
2026-01-23 20:27:49,FPMarkets Raw,XAUUSD,4980.91,4980.98,0.07,7,NewYork,Friday
2026-01-23 20:27:50,FPMarkets Raw,EURUSD,1.17926,1.17928,2e-05,2,NewYork,Friday
2026-01-23 20:27:51,FPMarkets Raw,GBPUSD,1.36081,1.36085,4e-05,4,NewYork,Friday
2026-01-23 20:27:52,FPMarkets Raw,USDJPY,156.075,156.085,0.01,10,NewYork,Friday
2026-01-23 20:27:53,FPMarkets Raw,AUDUSD,0.68843,0.68847,4e-05,4,NewYork,Friday
2026-01-23 20:27:55,8Cap Raw,XAUUSD,4981.3,4981.46,0.16,16,NewYork,Friday
2026-01-23 20:27:56,8Cap Raw,EURUSD,1.17927,1.17927,0.0,0,NewYork,Friday
2026-01-23 20:27:57,8Cap Raw,GBPUSD,1.36084,1.36085,1e-05,1,NewYork,Friday
2026-01-23 20:27:57,8Cap Raw,USDJPY,156.074,156.075,0.001,1,NewYork,Friday
2026-01-23 20:27:58,8Cap Raw,AUDUSD,0.68846,0.68849,3e-05,3,NewYork,Friday
2026-01-23 20:32:17,Pepperstone Razor,XAUUSD,4978.69,4978.87,0.18,18,NewYork,Friday
2026-01-23 20:32:18,Pepperstone Razor,EURUSD,1.17875,1.17876,1e-05,1,NewYork,Friday
2026-01-23 20:32:19,Pepperstone Razor,GBPUSD,1.36058,1.36058,0.0,0,NewYork,Friday
2026-01-23 20:32:19,Pepperstone Razor,USDJPY,156.108,156.115,0.007,7,NewYork,Friday
2026-01-23 20:32:20,Pepperstone Razor,AUDUSD,0.6883,0.68831,1e-05,1,NewYork,Friday
2026-01-23 20:32:24,FusionMarkets Zero,XAUUSD,4977.7,4977.82,0.12,12,NewYork,Friday
2026-01-23 20:32:25,FusionMarkets Zero,EURUSD,1.17868,1.17868,0.0,0,NewYork,Friday
2026-01-23 20:32:26,FusionMarkets Zero,GBPUSD,1.36045,1.36045,0.0,0,NewYork,Friday
2026-01-23 20:32:27,FusionMarkets Zero,USDJPY,156.149,156.151,0.002,2,NewYork,Friday
2026-01-23 20:32:28,FusionMarkets Zero,AUDUSD,0.68822,0.68822,0.0,0,NewYork,Friday
2026-01-23 20:32:31,ThinkMarkets ThinkZero,XAUUSD,4977.93,4978.01,0.08,8,NewYork,Friday
2026-01-23 20:32:33,ThinkMarkets ThinkZero,EURUSD,1.17864,1.17867,3e-05,3,NewYork,Friday
2026-01-23 20:32:34,ThinkMarkets ThinkZero,GBPUSD,1.36022,1.36027,5e-05,5,NewYork,Friday
2026-01-23 20:32:35,ThinkMarkets ThinkZero,USDJPY,156.171,156.18,0.009,9,NewYork,Friday
2026-01-23 20:32:35,ThinkMarkets ThinkZero,AUDUSD,0.68816,0.68818,2e-05,2,NewYork,Friday
2026-01-23 20:32:39,ICMarkets Raw,XAUUSD,4977.12,4977.23,0.11,11,NewYork,Friday
2026-01-23 20:32:40,ICMarkets Raw,EURUSD,1.17862,1.17862,0.0,0,NewYork,Friday
2026-01-23 20:32:40,ICMarkets Raw,GBPUSD,1.36018,1.36019,1e-05,1,NewYork,Friday
2026-01-23 20:32:41,ICMarkets Raw,USDJPY,156.209,156.209,0.0,0,NewYork,Friday
2026-01-23 20:32:42,ICMarkets Raw,AUDUSD,0.68816,0.68816,0.0,0,NewYork,Friday
2026-01-23 20:32:45,VantageMarkets Raw,XAUUSD,4977.11,4977.19,0.08,8,NewYork,Friday
2026-01-23 20:32:46,VantageMarkets Raw,EURUSD,1.17862,1.17863,1e-05,1,NewYork,Friday
2026-01-23 20:32:47,VantageMarkets Raw,GBPUSD,1.36015,1.3602,5e-05,5,NewYork,Friday
2026-01-23 20:32:48,VantageMarkets Raw,USDJPY,156.209,156.211,0.002,2,NewYork,Friday
2026-01-23 20:32:49,VantageMarkets Raw,AUDUSD,0.68813,0.68816,3e-05,3,NewYork,Friday
2026-01-23 20:32:52,FPMarkets Raw,XAUUSD,4978.28,4978.35,0.07,7,NewYork,Friday
2026-01-23 20:32:53,FPMarkets Raw,EURUSD,1.17865,1.17866,1e-05,1,NewYork,Friday
2026-01-23 20:32:54,FPMarkets Raw,GBPUSD,1.36022,1.36026,4e-05,4,NewYork,Friday
2026-01-23 20:32:55,FPMarkets Raw,USDJPY,156.197,156.202,0.005,5,NewYork,Friday
2026-01-23 20:32:56,FPMarkets Raw,AUDUSD,0.68813,0.68816,3e-05,3,NewYork,Friday
2026-01-23 20:32:58,8Cap Raw,XAUUSD,4977.97,4978.13,0.16,16,NewYork,Friday
2026-01-23 20:32:59,8Cap Raw,EURUSD,1.17873,1.17873,0.0,0,NewYork,Friday
2026-01-23 20:32:59,8Cap Raw,GBPUSD,1.36031,1.36033,2e-05,2,NewYork,Friday
2026-01-23 20:33:00,8Cap Raw,USDJPY,156.158,156.165,0.007,7,NewYork,Friday
2026-01-23 20:33:01,8Cap Raw,AUDUSD,0.68814,0.68817,3e-05,3,NewYork,Friday
2026-01-23 20:37:16,Pepperstone Razor,XAUUSD,4974.18,4974.33,0.15,15,NewYork,Friday
2026-01-23 20:37:17,Pepperstone Razor,EURUSD,1.17884,1.17884,0.0,0,NewYork,Friday
2026-01-23 20:37:18,Pepperstone Razor,GBPUSD,1.36043,1.36044,1e-05,1,NewYork,Friday
2026-01-23 20:37:19,Pepperstone Razor,USDJPY,156.189,156.194,0.005,5,NewYork,Friday
2026-01-23 20:37:20,Pepperstone Razor,AUDUSD,0.68809,0.6881,1e-05,1,NewYork,Friday
2026-01-23 20:37:23,FusionMarkets Zero,XAUUSD,4973.7,4973.75,0.05,5,NewYork,Friday
2026-01-23 20:37:24,FusionMarkets Zero,EURUSD,1.17888,1.17888,0.0,0,NewYork,Friday
2026-01-23 20:37:25,FusionMarkets Zero,GBPUSD,1.36043,1.36043,0.0,0,NewYork,Friday
2026-01-23 20:37:26,FusionMarkets Zero,USDJPY,156.188,156.188,0.0,0,NewYork,Friday
2026-01-23 20:37:27,FusionMarkets Zero,AUDUSD,0.68806,0.68806,0.0,0,NewYork,Friday
2026-01-23 20:37:31,ThinkMarkets ThinkZero,XAUUSD,4973.07,4973.15,0.08,8,NewYork,Friday
2026-01-23 20:37:31,ThinkMarkets ThinkZero,EURUSD,1.17883,1.17887,4e-05,4,NewYork,Friday
2026-01-23 20:37:32,ThinkMarkets ThinkZero,GBPUSD,1.36042,1.36045,3e-05,3,NewYork,Friday
2026-01-23 20:37:33,ThinkMarkets ThinkZero,USDJPY,156.201,156.203,0.002,2,NewYork,Friday
2026-01-23 20:37:34,ThinkMarkets ThinkZero,AUDUSD,0.68803,0.68806,3e-05,3,NewYork,Friday
2026-01-23 20:37:38,ICMarkets Raw,XAUUSD,4972.36,4972.41,0.05,5,NewYork,Friday
2026-01-23 20:37:38,ICMarkets Raw,EURUSD,1.17889,1.1789,1e-05,1,NewYork,Friday
2026-01-23 20:37:39,ICMarkets Raw,GBPUSD,1.36046,1.36047,1e-05,1,NewYork,Friday
2026-01-23 20:37:40,ICMarkets Raw,USDJPY,156.157,156.158,0.001,1,NewYork,Friday
2026-01-23 20:37:41,ICMarkets Raw,AUDUSD,0.68809,0.68809,0.0,0,NewYork,Friday
2026-01-23 20:37:44,VantageMarkets Raw,XAUUSD,4973.13,4973.21,0.08,8,NewYork,Friday
2026-01-23 20:37:45,VantageMarkets Raw,EURUSD,1.1789,1.17892,2e-05,2,NewYork,Friday
2026-01-23 20:37:46,VantageMarkets Raw,GBPUSD,1.36047,1.36048,1e-05,1,NewYork,Friday
2026-01-23 20:37:47,VantageMarkets Raw,USDJPY,156.157,156.16,0.003,3,NewYork,Friday
2026-01-23 20:37:47,VantageMarkets Raw,AUDUSD,0.68809,0.68813,4e-05,4,NewYork,Friday
2026-01-23 20:37:50,FPMarkets Raw,XAUUSD,4973.49,4973.56,0.07,7,NewYork,Friday
2026-01-23 20:37:51,FPMarkets Raw,EURUSD,1.17887,1.17889,2e-05,2,NewYork,Friday
2026-01-23 20:37:52,FPMarkets Raw,GBPUSD,1.36043,1.36047,4e-05,4,NewYork,Friday
2026-01-23 20:37:53,FPMarkets Raw,USDJPY,156.154,156.165,0.011,11,NewYork,Friday
2026-01-23 20:37:54,FPMarkets Raw,AUDUSD,0.6881,0.68815,5e-05,5,NewYork,Friday
2026-01-23 20:37:56,8Cap Raw,XAUUSD,4973.16,4973.32,0.16,16,NewYork,Friday
2026-01-23 20:37:57,8Cap Raw,EURUSD,1.17894,1.17895,1e-05,1,NewYork,Friday
2026-01-23 20:37:57,8Cap Raw,GBPUSD,1.36056,1.36057,1e-05,1,NewYork,Friday
2026-01-23 20:37:58,8Cap Raw,USDJPY,156.145,156.146,0.001,1,NewYork,Friday
2026-01-23 20:37:59,8Cap Raw,AUDUSD,0.68814,0.68817,3e-05,3,NewYork,Friday
2026-01-23 20:42:17,Pepperstone Razor,XAUUSD,4967.8,4967.97,0.17,17,NewYork,Friday
2026-01-23 20:42:17,Pepperstone Razor,EURUSD,1.17873,1.17873,0.0,0,NewYork,Friday
2026-01-23 20:42:18,Pepperstone Razor,GBPUSD,1.36038,1.36039,1e-05,1,NewYork,Friday
2026-01-23 20:42:19,Pepperstone Razor,USDJPY,156.179,156.184,0.005,5,NewYork,Friday
2026-01-23 20:42:20,Pepperstone Razor,AUDUSD,0.68803,0.68804,1e-05,1,NewYork,Friday
2026-01-23 20:42:23,FusionMarkets Zero,XAUUSD,4969.12,4969.25,0.13,13,NewYork,Friday
2026-01-23 20:42:24,FusionMarkets Zero,EURUSD,1.17872,1.17872,0.0,0,NewYork,Friday
2026-01-23 20:42:25,FusionMarkets Zero,GBPUSD,1.36037,1.36037,0.0,0,NewYork,Friday
2026-01-23 20:42:26,FusionMarkets Zero,USDJPY,156.178,156.178,0.0,0,NewYork,Friday
2026-01-23 20:42:27,FusionMarkets Zero,AUDUSD,0.68809,0.68809,0.0,0,NewYork,Friday
2026-01-23 20:42:30,ThinkMarkets ThinkZero,XAUUSD,4969.59,4969.67,0.08,8,NewYork,Friday
2026-01-23 20:42:31,ThinkMarkets ThinkZero,EURUSD,1.17871,1.17872,1e-05,1,NewYork,Friday
2026-01-23 20:42:32,ThinkMarkets ThinkZero,GBPUSD,1.36034,1.36038,4e-05,4,NewYork,Friday
2026-01-23 20:42:33,ThinkMarkets ThinkZero,USDJPY,156.169,156.173,0.004,4,NewYork,Friday
2026-01-23 20:42:33,ThinkMarkets ThinkZero,AUDUSD,0.68804,0.68807,3e-05,3,NewYork,Friday
2026-01-23 20:42:37,ICMarkets Raw,XAUUSD,4968.82,4968.93,0.11,11,NewYork,Friday
2026-01-23 20:42:38,ICMarkets Raw,EURUSD,1.17878,1.17878,0.0,0,NewYork,Friday
2026-01-23 20:42:39,ICMarkets Raw,GBPUSD,1.36044,1.36045,1e-05,1,NewYork,Friday
2026-01-23 20:42:39,ICMarkets Raw,USDJPY,156.14,156.14,0.0,0,NewYork,Friday
2026-01-23 20:42:40,ICMarkets Raw,AUDUSD,0.68809,0.68809,0.0,0,NewYork,Friday
2026-01-23 20:42:43,VantageMarkets Raw,XAUUSD,4968.35,4968.43,0.08,8,NewYork,Friday
2026-01-23 20:42:44,VantageMarkets Raw,EURUSD,1.17878,1.17879,1e-05,1,NewYork,Friday
2026-01-23 20:42:45,VantageMarkets Raw,GBPUSD,1.36046,1.36047,1e-05,1,NewYork,Friday
2026-01-23 20:42:46,VantageMarkets Raw,USDJPY,156.132,156.134,0.002,2,NewYork,Friday
2026-01-23 20:42:47,VantageMarkets Raw,AUDUSD,0.68807,0.6881,3e-05,3,NewYork,Friday
2026-01-23 20:42:50,FPMarkets Raw,XAUUSD,4968.27,4968.34,0.07,7,NewYork,Friday
2026-01-23 20:42:51,FPMarkets Raw,EURUSD,1.17878,1.17879,1e-05,1,NewYork,Friday
2026-01-23 20:42:52,FPMarkets Raw,GBPUSD,1.36045,1.36049,4e-05,4,NewYork,Friday
2026-01-23 20:42:53,FPMarkets Raw,USDJPY,156.131,156.134,0.003,3,NewYork,Friday
2026-01-23 20:42:54,FPMarkets Raw,AUDUSD,0.68809,0.68812,3e-05,3,NewYork,Friday
2026-01-23 20:42:56,8Cap Raw,XAUUSD,4968.04,4968.2,0.16,16,NewYork,Friday
2026-01-23 20:42:57,8Cap Raw,EURUSD,1.17881,1.17881,0.0,0,NewYork,Friday
2026-01-23 20:42:57,8Cap Raw,GBPUSD,1.36047,1.36048,1e-05,1,NewYork,Friday
2026-01-23 20:42:58,8Cap Raw,USDJPY,156.131,156.132,0.001,1,NewYork,Friday
2026-01-23 20:42:59,8Cap Raw,AUDUSD,0.68807,0.68811,4e-05,4,NewYork,Friday
2026-01-23 20:47:17,Pepperstone Razor,XAUUSD,4964.58,4964.8,0.22,22,NewYork,Friday
2026-01-23 20:47:18,Pepperstone Razor,EURUSD,1.17893,1.17896,3e-05,3,NewYork,Friday
2026-01-23 20:47:18,Pepperstone Razor,GBPUSD,1.36044,1.36049,5e-05,5,NewYork,Friday
2026-01-23 20:47:19,Pepperstone Razor,USDJPY,156.142,156.149,0.007,7,NewYork,Friday
2026-01-23 20:47:20,Pepperstone Razor,AUDUSD,0.68814,0.68815,1e-05,1,NewYork,Friday
2026-01-23 20:47:23,FusionMarkets Zero,XAUUSD,4964.62,4964.7,0.08,8,NewYork,Friday
2026-01-23 20:47:24,FusionMarkets Zero,EURUSD,1.17892,1.17892,0.0,0,NewYork,Friday
2026-01-23 20:47:25,FusionMarkets Zero,GBPUSD,1.36047,1.36047,0.0,0,NewYork,Friday
2026-01-23 20:47:26,FusionMarkets Zero,USDJPY,156.148,156.148,0.0,0,NewYork,Friday
2026-01-23 20:47:27,FusionMarkets Zero,AUDUSD,0.68815,0.68815,0.0,0,NewYork,Friday
2026-01-23 20:47:30,ThinkMarkets ThinkZero,XAUUSD,4964.8,4964.88,0.08,8,NewYork,Friday
2026-01-23 20:47:31,ThinkMarkets ThinkZero,EURUSD,1.17891,1.17893,2e-05,2,NewYork,Friday
2026-01-23 20:47:32,ThinkMarkets ThinkZero,GBPUSD,1.36039,1.36042,3e-05,3,NewYork,Friday
2026-01-23 20:47:33,ThinkMarkets ThinkZero,USDJPY,156.164,156.173,0.009,9,NewYork,Friday
2026-01-23 20:47:33,ThinkMarkets ThinkZero,AUDUSD,0.68808,0.68811,3e-05,3,NewYork,Friday
2026-01-23 20:47:36,ICMarkets Raw,XAUUSD,4964.73,4964.79,0.06,6,NewYork,Friday
2026-01-23 20:47:37,ICMarkets Raw,EURUSD,1.17894,1.17894,0.0,0,NewYork,Friday
2026-01-23 20:47:38,ICMarkets Raw,GBPUSD,1.36045,1.36046,1e-05,1,NewYork,Friday
2026-01-23 20:47:39,ICMarkets Raw,USDJPY,156.178,156.178,0.0,0,NewYork,Friday
2026-01-23 20:47:40,ICMarkets Raw,AUDUSD,0.68814,0.68815,1e-05,1,NewYork,Friday
2026-01-23 20:47:43,VantageMarkets Raw,XAUUSD,4964.67,4964.75,0.08,8,NewYork,Friday
2026-01-23 20:47:44,VantageMarkets Raw,EURUSD,1.17893,1.17895,2e-05,2,NewYork,Friday
2026-01-23 20:47:45,VantageMarkets Raw,GBPUSD,1.36043,1.36044,1e-05,1,NewYork,Friday
2026-01-23 20:47:45,VantageMarkets Raw,USDJPY,156.179,156.185,0.006,6,NewYork,Friday
2026-01-23 20:47:46,VantageMarkets Raw,AUDUSD,0.68817,0.6882,3e-05,3,NewYork,Friday
2026-01-23 20:47:50,FPMarkets Raw,XAUUSD,4965.18,4965.25,0.07,7,NewYork,Friday
2026-01-23 20:47:51,FPMarkets Raw,EURUSD,1.17893,1.17894,1e-05,1,NewYork,Friday
2026-01-23 20:47:52,FPMarkets Raw,GBPUSD,1.36041,1.36045,4e-05,4,NewYork,Friday
2026-01-23 20:47:53,FPMarkets Raw,USDJPY,156.184,156.195,0.011,11,NewYork,Friday
2026-01-23 20:47:54,FPMarkets Raw,AUDUSD,0.68814,0.68818,4e-05,4,NewYork,Friday
2026-01-23 20:47:55,8Cap Raw,XAUUSD,4964.53,4964.69,0.16,16,NewYork,Friday
2026-01-23 20:47:56,8Cap Raw,EURUSD,1.17893,1.17893,0.0,0,NewYork,Friday
2026-01-23 20:47:57,8Cap Raw,GBPUSD,1.36043,1.36044,1e-05,1,NewYork,Friday
2026-01-23 20:47:57,8Cap Raw,USDJPY,156.183,156.185,0.002,2,NewYork,Friday
2026-01-23 20:47:58,8Cap Raw,AUDUSD,0.68816,0.68818,2e-05,2,NewYork,Friday
2026-01-23 20:52:17,Pepperstone Razor,XAUUSD,4967.69,4967.85,0.16,16,NewYork,Friday
2026-01-23 20:52:18,Pepperstone Razor,EURUSD,1.17863,1.17863,0.0,0,NewYork,Friday
2026-01-23 20:52:19,Pepperstone Razor,GBPUSD,1.36023,1.36026,3e-05,3,NewYork,Friday
2026-01-23 20:52:20,Pepperstone Razor,USDJPY,156.13,156.133,0.003,3,NewYork,Friday
2026-01-23 20:52:20,Pepperstone Razor,AUDUSD,0.68803,0.68804,1e-05,1,NewYork,Friday
2026-01-23 20:52:24,FusionMarkets Zero,XAUUSD,4967.82,4967.88,0.06,6,NewYork,Friday
2026-01-23 20:52:25,FusionMarkets Zero,EURUSD,1.17865,1.17865,0.0,0,NewYork,Friday
2026-01-23 20:52:26,FusionMarkets Zero,GBPUSD,1.36032,1.36032,0.0,0,NewYork,Friday
2026-01-23 20:52:27,FusionMarkets Zero,USDJPY,156.132,156.132,0.0,0,NewYork,Friday
2026-01-23 20:52:28,FusionMarkets Zero,AUDUSD,0.68805,0.68805,0.0,0,NewYork,Friday
2026-01-23 20:52:31,ThinkMarkets ThinkZero,XAUUSD,4968.01,4968.09,0.08,8,NewYork,Friday
2026-01-23 20:52:32,ThinkMarkets ThinkZero,EURUSD,1.17865,1.17866,1e-05,1,NewYork,Friday
2026-01-23 20:52:33,ThinkMarkets ThinkZero,GBPUSD,1.36023,1.36027,4e-05,4,NewYork,Friday
2026-01-23 20:52:34,ThinkMarkets ThinkZero,USDJPY,156.159,156.164,0.005,5,NewYork,Friday
2026-01-23 20:52:35,ThinkMarkets ThinkZero,AUDUSD,0.68799,0.68802,3e-05,3,NewYork,Friday
2026-01-23 20:52:38,ICMarkets Raw,XAUUSD,4968.52,4968.57,0.05,5,NewYork,Friday
2026-01-23 20:52:39,ICMarkets Raw,EURUSD,1.17864,1.17864,0.0,0,NewYork,Friday
2026-01-23 20:52:40,ICMarkets Raw,GBPUSD,1.36024,1.36025,1e-05,1,NewYork,Friday
2026-01-23 20:52:41,ICMarkets Raw,USDJPY,156.158,156.158,0.0,0,NewYork,Friday
2026-01-23 20:52:42,ICMarkets Raw,AUDUSD,0.68805,0.68805,0.0,0,NewYork,Friday
2026-01-23 20:52:45,VantageMarkets Raw,XAUUSD,4967.68,4967.76,0.08,8,NewYork,Friday
2026-01-23 20:52:46,VantageMarkets Raw,EURUSD,1.17858,1.17861,3e-05,3,NewYork,Friday
2026-01-23 20:52:46,VantageMarkets Raw,GBPUSD,1.36023,1.36024,1e-05,1,NewYork,Friday
2026-01-23 20:52:47,VantageMarkets Raw,USDJPY,156.179,156.187,0.008,8,NewYork,Friday
2026-01-23 20:52:48,VantageMarkets Raw,AUDUSD,0.68803,0.68805,2e-05,2,NewYork,Friday
2026-01-23 20:52:52,FPMarkets Raw,XAUUSD,4968.17,4968.24,0.07,7,NewYork,Friday
2026-01-23 20:52:52,FPMarkets Raw,EURUSD,1.1786,1.17861,1e-05,1,NewYork,Friday
2026-01-23 20:52:53,FPMarkets Raw,GBPUSD,1.36022,1.36026,4e-05,4,NewYork,Friday
2026-01-23 20:52:54,FPMarkets Raw,USDJPY,156.171,156.185,0.014,14,NewYork,Friday
2026-01-23 20:52:55,FPMarkets Raw,AUDUSD,0.68798,0.68801,3e-05,3,NewYork,Friday
2026-01-23 20:52:57,8Cap Raw,XAUUSD,4967.83,4967.99,0.16,16,NewYork,Friday
2026-01-23 20:52:58,8Cap Raw,EURUSD,1.17862,1.17862,0.0,0,NewYork,Friday
2026-01-23 20:52:58,8Cap Raw,GBPUSD,1.36026,1.36027,1e-05,1,NewYork,Friday
2026-01-23 20:52:59,8Cap Raw,USDJPY,156.177,156.178,0.001,1,NewYork,Friday
2026-01-23 20:53:00,8Cap Raw,AUDUSD,0.68798,0.68802,4e-05,4,NewYork,Friday
2026-01-23 20:57:17,Pepperstone Razor,XAUUSD,4968.51,4968.66,0.15,15,NewYork,Friday
2026-01-23 20:57:18,Pepperstone Razor,EURUSD,1.17904,1.17904,0.0,0,NewYork,Friday
2026-01-23 20:57:19,Pepperstone Razor,GBPUSD,1.36034,1.36035,1e-05,1,NewYork,Friday
2026-01-23 20:57:20,Pepperstone Razor,USDJPY,156.156,156.16,0.004,4,NewYork,Friday
2026-01-23 20:57:21,Pepperstone Razor,AUDUSD,0.68803,0.68803,0.0,0,NewYork,Friday
2026-01-23 20:57:24,FusionMarkets Zero,XAUUSD,4968.27,4968.32,0.05,5,NewYork,Friday
2026-01-23 20:57:25,FusionMarkets Zero,EURUSD,1.17902,1.17902,0.0,0,NewYork,Friday
2026-01-23 20:57:26,FusionMarkets Zero,GBPUSD,1.36032,1.36032,0.0,0,NewYork,Friday
2026-01-23 20:57:27,FusionMarkets Zero,USDJPY,156.17,156.171,0.001,1,NewYork,Friday
2026-01-23 20:57:28,FusionMarkets Zero,AUDUSD,0.68805,0.68805,0.0,0,NewYork,Friday
2026-01-23 20:57:31,ThinkMarkets ThinkZero,XAUUSD,4968.78,4968.86,0.08,8,NewYork,Friday
2026-01-23 20:57:32,ThinkMarkets ThinkZero,EURUSD,1.17902,1.17903,1e-05,1,NewYork,Friday
2026-01-23 20:57:33,ThinkMarkets ThinkZero,GBPUSD,1.36028,1.36035,7e-05,7,NewYork,Friday
2026-01-23 20:57:34,ThinkMarkets ThinkZero,USDJPY,156.172,156.177,0.005,5,NewYork,Friday
2026-01-23 20:57:35,ThinkMarkets ThinkZero,AUDUSD,0.688,0.68803,3e-05,3,NewYork,Friday
2026-01-23 20:57:39,ICMarkets Raw,XAUUSD,4968.59,4968.64,0.05,5,NewYork,Friday
2026-01-23 20:57:40,ICMarkets Raw,EURUSD,1.17903,1.17903,0.0,0,NewYork,Friday
2026-01-23 20:57:40,ICMarkets Raw,GBPUSD,1.36034,1.36035,1e-05,1,NewYork,Friday
2026-01-23 20:57:41,ICMarkets Raw,USDJPY,156.175,156.175,0.0,0,NewYork,Friday
2026-01-23 20:57:42,ICMarkets Raw,AUDUSD,0.68806,0.68806,0.0,0,NewYork,Friday
2026-01-23 20:57:45,VantageMarkets Raw,XAUUSD,4967.15,4967.23,0.08,8,NewYork,Friday
2026-01-23 20:57:46,VantageMarkets Raw,EURUSD,1.17902,1.17904,2e-05,2,NewYork,Friday
2026-01-23 20:57:47,VantageMarkets Raw,GBPUSD,1.36041,1.36042,1e-05,1,NewYork,Friday
2026-01-23 20:57:48,VantageMarkets Raw,USDJPY,156.167,156.169,0.002,2,NewYork,Friday
2026-01-23 20:57:49,VantageMarkets Raw,AUDUSD,0.68811,0.68815,4e-05,4,NewYork,Friday
2026-01-23 20:57:53,FPMarkets Raw,XAUUSD,4967.63,4967.7,0.07,7,NewYork,Friday
2026-01-23 20:57:54,FPMarkets Raw,EURUSD,1.17902,1.17904,2e-05,2,NewYork,Friday
2026-01-23 20:57:54,FPMarkets Raw,GBPUSD,1.3604,1.36044,4e-05,4,NewYork,Friday
2026-01-23 20:57:55,FPMarkets Raw,USDJPY,156.168,156.172,0.004,4,NewYork,Friday
2026-01-23 20:57:56,FPMarkets Raw,AUDUSD,0.68811,0.68815,4e-05,4,NewYork,Friday
2026-01-23 20:57:58,8Cap Raw,XAUUSD,4967.39,4967.55,0.16,16,NewYork,Friday
2026-01-23 20:57:59,8Cap Raw,EURUSD,1.17905,1.17905,0.0,0,NewYork,Friday
2026-01-23 20:57:59,8Cap Raw,GBPUSD,1.36043,1.36044,1e-05,1,NewYork,Friday
2026-01-23 20:58:00,8Cap Raw,USDJPY,156.168,156.169,0.001,1,NewYork,Friday
2026-01-23 20:58:01,8Cap Raw,AUDUSD,0.6881,0.68814,4e-05,4,NewYork,Friday
