timestamp,broker,symbol,bid,ask,spread,spread_points,session,day_of_week
2026-01-22 00:02:16,Pepperstone Razor,XAUUSD,4832.0,4833.5,1.5,150,Sydney,Thursday
2026-01-22 00:02:17,Pepperstone Razor,EURUSD,1.16812,1.16878,0.00066,66,Sydney,Thursday
2026-01-22 00:02:18,Pepperstone Razor,GBPUSD,1.34202,1.34372,0.0017,170,Sydney,Thursday
2026-01-22 00:02:19,Pepperstone Razor,USDJPY,158.253,158.353,0.1,100,Sydney,Thursday
2026-01-22 00:02:20,Pepperstone Razor,AUDUSD,0.67589,0.67626,0.00037,37,Sydney,Thursday
2026-01-22 00:02:23,FusionMarkets Zero,XAUUSD,4833.97,4834.09,0.12,12,Sydney,Thursday
2026-01-22 00:02:23,FusionMarkets Zero,EURUSD,1.16838,1.16844,6e-05,6,Sydney,Thursday
2026-01-22 00:02:24,FusionMarkets Zero,GBPUSD,1.34278,1.34313,0.00035,35,Sydney,Thursday
2026-01-22 00:02:25,FusionMarkets Zero,USDJPY,158.261,158.329,0.068,68,Sydney,Thursday
2026-01-22 00:02:26,FusionMarkets Zero,AUDUSD,0.67587,0.67593,6e-05,6,Sydney,Thursday
2026-01-22 00:02:29,ThinkMarkets ThinkZero,XAUUSD,4831.6,4831.68,0.08,8,Sydney,Thursday
2026-01-22 00:02:30,ThinkMarkets ThinkZero,EURUSD,1.1679,1.16903,0.00113,113,Sydney,Thursday
2026-01-22 00:02:31,ThinkMarkets ThinkZero,GBPUSD,1.34175,1.3442,0.00245,245,Sydney,Thursday
2026-01-22 00:02:32,ThinkMarkets ThinkZero,USDJPY,158.214,158.39,0.176,176,Sydney,Thursday
2026-01-22 00:02:33,ThinkMarkets ThinkZero,AUDUSD,0.67552,0.67647,0.00095,95,Sydney,Thursday
2026-01-22 00:02:36,ICMarkets Raw,XAUUSD,4832.77,4833.27,0.5,50,Sydney,Thursday
2026-01-22 00:02:36,ICMarkets Raw,EURUSD,1.16806,1.16876,0.0007,70,Sydney,Thursday
2026-01-22 00:02:37,ICMarkets Raw,GBPUSD,1.34256,1.34309,0.00053,53,Sydney,Thursday
2026-01-22 00:02:38,ICMarkets Raw,USDJPY,158.257,158.357,0.1,100,Sydney,Thursday
2026-01-22 00:02:39,ICMarkets Raw,AUDUSD,0.67582,0.67632,0.0005,50,Sydney,Thursday
2026-01-22 00:02:42,VantageMarkets Raw,XAUUSD,4833.87,4833.95,0.08,8,Sydney,Thursday
2026-01-22 00:02:43,VantageMarkets Raw,EURUSD,1.16812,1.16883,0.00071,71,Sydney,Thursday
2026-01-22 00:02:44,VantageMarkets Raw,GBPUSD,1.34273,1.34319,0.00046,46,Sydney,Thursday
2026-01-22 00:02:44,VantageMarkets Raw,USDJPY,158.248,158.342,0.094,94,Sydney,Thursday
2026-01-22 00:02:45,VantageMarkets Raw,AUDUSD,0.67572,0.67625,0.00053,53,Sydney,Thursday
2026-01-22 00:02:48,FPMarkets Raw,XAUUSD,4832.84,4832.91,0.07,7,Sydney,Thursday
2026-01-22 00:02:49,FPMarkets Raw,EURUSD,1.16818,1.1687,0.00052,52,Sydney,Thursday
2026-01-22 00:02:50,FPMarkets Raw,GBPUSD,1.34195,1.34394,0.00199,199,Sydney,Thursday
2026-01-22 00:02:51,FPMarkets Raw,USDJPY,158.243,158.373,0.13,130,Sydney,Thursday
2026-01-22 00:02:52,FPMarkets Raw,AUDUSD,0.67587,0.67631,0.00044,44,Sydney,Thursday
2026-01-22 00:02:54,8Cap Raw,XAUUSD,4833.86,4834.12,0.26,26,Sydney,Thursday
2026-01-22 00:02:54,8Cap Raw,EURUSD,1.16803,1.16891,0.00088,88,Sydney,Thursday
2026-01-22 00:02:55,8Cap Raw,GBPUSD,1.34256,1.34337,0.00081,81,Sydney,Thursday
2026-01-22 00:02:56,8Cap Raw,USDJPY,158.251,158.341,0.09,90,Sydney,Thursday
2026-01-22 00:02:56,8Cap Raw,AUDUSD,0.67565,0.6763,0.00065,65,Sydney,Thursday
2026-01-22 00:07:16,Pepperstone Razor,XAUUSD,4832.0,4833.5,1.5,150,Sydney,Thursday
2026-01-22 00:07:17,Pepperstone Razor,EURUSD,1.16835,1.16874,0.00039,39,Sydney,Thursday
2026-01-22 00:07:18,Pepperstone Razor,GBPUSD,1.34235,1.34353,0.00118,118,Sydney,Thursday
2026-01-22 00:07:19,Pepperstone Razor,USDJPY,158.277,158.335,0.058,58,Sydney,Thursday
2026-01-22 00:07:19,Pepperstone Razor,AUDUSD,0.67604,0.67638,0.00034,34,Sydney,Thursday
2026-01-22 00:07:23,FusionMarkets Zero,XAUUSD,4833.97,4834.09,0.12,12,Sydney,Thursday
2026-01-22 00:07:23,FusionMarkets Zero,EURUSD,1.16845,1.16851,6e-05,6,Sydney,Thursday
2026-01-22 00:07:24,FusionMarkets Zero,GBPUSD,1.34296,1.34331,0.00035,35,Sydney,Thursday
2026-01-22 00:07:25,FusionMarkets Zero,USDJPY,158.263,158.315,0.052,52,Sydney,Thursday
2026-01-22 00:07:26,FusionMarkets Zero,AUDUSD,0.67621,0.67627,6e-05,6,Sydney,Thursday
2026-01-22 00:07:29,ThinkMarkets ThinkZero,XAUUSD,4831.6,4831.68,0.08,8,Sydney,Thursday
2026-01-22 00:07:30,ThinkMarkets ThinkZero,EURUSD,1.16809,1.16892,0.00083,83,Sydney,Thursday
2026-01-22 00:07:31,ThinkMarkets ThinkZero,GBPUSD,1.34186,1.34348,0.00162,162,Sydney,Thursday
2026-01-22 00:07:32,ThinkMarkets ThinkZero,USDJPY,158.249,158.38,0.131,131,Sydney,Thursday
2026-01-22 00:07:33,ThinkMarkets ThinkZero,AUDUSD,0.67574,0.6765,0.00076,76,Sydney,Thursday
2026-01-22 00:07:36,ICMarkets Raw,XAUUSD,4832.77,4833.27,0.5,50,Sydney,Thursday
2026-01-22 00:07:36,ICMarkets Raw,EURUSD,1.16842,1.16883,0.00041,41,Sydney,Thursday
2026-01-22 00:07:37,ICMarkets Raw,GBPUSD,1.34251,1.34311,0.0006,60,Sydney,Thursday
2026-01-22 00:07:38,ICMarkets Raw,USDJPY,158.273,158.339,0.066,66,Sydney,Thursday
2026-01-22 00:07:39,ICMarkets Raw,AUDUSD,0.67606,0.67641,0.00035,35,Sydney,Thursday
2026-01-22 00:07:41,VantageMarkets Raw,XAUUSD,4833.87,4833.95,0.08,8,Sydney,Thursday
2026-01-22 00:07:42,VantageMarkets Raw,EURUSD,1.16841,1.16881,0.0004,40,Sydney,Thursday
2026-01-22 00:07:43,VantageMarkets Raw,GBPUSD,1.34271,1.34324,0.00053,53,Sydney,Thursday
2026-01-22 00:07:44,VantageMarkets Raw,USDJPY,158.266,158.333,0.067,67,Sydney,Thursday
2026-01-22 00:07:45,VantageMarkets Raw,AUDUSD,0.67607,0.67642,0.00035,35,Sydney,Thursday
2026-01-22 00:07:48,FPMarkets Raw,XAUUSD,4832.84,4832.91,0.07,7,Sydney,Thursday
2026-01-22 00:07:49,FPMarkets Raw,EURUSD,1.16838,1.16874,0.00036,36,Sydney,Thursday
2026-01-22 00:07:50,FPMarkets Raw,GBPUSD,1.34234,1.34355,0.00121,121,Sydney,Thursday
2026-01-22 00:07:51,FPMarkets Raw,USDJPY,158.276,158.35,0.074,74,Sydney,Thursday
2026-01-22 00:07:52,FPMarkets Raw,AUDUSD,0.67617,0.67637,0.0002,20,Sydney,Thursday
2026-01-22 00:07:53,8Cap Raw,XAUUSD,4833.86,4834.12,0.26,26,Sydney,Thursday
2026-01-22 00:07:54,8Cap Raw,EURUSD,1.16831,1.16884,0.00053,53,Sydney,Thursday
2026-01-22 00:07:55,8Cap Raw,GBPUSD,1.34258,1.34341,0.00083,83,Sydney,Thursday
2026-01-22 00:07:55,8Cap Raw,USDJPY,158.265,158.348,0.083,83,Sydney,Thursday
2026-01-22 00:07:56,8Cap Raw,AUDUSD,0.67603,0.67647,0.00044,44,Sydney,Thursday
2026-01-22 00:12:16,Pepperstone Razor,XAUUSD,4832.0,4833.5,1.5,150,Sydney,Thursday
2026-01-22 00:12:17,Pepperstone Razor,EURUSD,1.16832,1.16867,0.00035,35,Sydney,Thursday
2026-01-22 00:12:18,Pepperstone Razor,GBPUSD,1.3421,1.34352,0.00142,142,Sydney,Thursday
2026-01-22 00:12:19,Pepperstone Razor,USDJPY,158.277,158.334,0.057,57,Sydney,Thursday
2026-01-22 00:12:20,Pepperstone Razor,AUDUSD,0.67613,0.67623,0.0001,10,Sydney,Thursday
2026-01-22 00:12:22,FusionMarkets Zero,XAUUSD,4833.97,4834.09,0.12,12,Sydney,Thursday
2026-01-22 00:12:23,FusionMarkets Zero,EURUSD,1.16845,1.16865,0.0002,20,Sydney,Thursday
2026-01-22 00:12:24,FusionMarkets Zero,GBPUSD,1.34284,1.34319,0.00035,35,Sydney,Thursday
2026-01-22 00:12:25,FusionMarkets Zero,USDJPY,158.271,158.323,0.052,52,Sydney,Thursday
2026-01-22 00:12:26,FusionMarkets Zero,AUDUSD,0.67598,0.67624,0.00026,26,Sydney,Thursday
2026-01-22 00:12:29,ThinkMarkets ThinkZero,XAUUSD,4831.6,4831.68,0.08,8,Sydney,Thursday
2026-01-22 00:12:29,ThinkMarkets ThinkZero,EURUSD,1.16808,1.16886,0.00078,78,Sydney,Thursday
2026-01-22 00:12:30,ThinkMarkets ThinkZero,GBPUSD,1.342,1.34341,0.00141,141,Sydney,Thursday
2026-01-22 00:12:31,ThinkMarkets ThinkZero,USDJPY,158.248,158.377,0.129,129,Sydney,Thursday
2026-01-22 00:12:32,ThinkMarkets ThinkZero,AUDUSD,0.67563,0.67648,0.00085,85,Sydney,Thursday
2026-01-22 00:12:35,ICMarkets Raw,XAUUSD,4832.77,4833.27,0.5,50,Sydney,Thursday
2026-01-22 00:12:36,ICMarkets Raw,EURUSD,1.16839,1.16867,0.00028,28,Sydney,Thursday
2026-01-22 00:12:37,ICMarkets Raw,GBPUSD,1.34264,1.34309,0.00045,45,Sydney,Thursday
2026-01-22 00:12:38,ICMarkets Raw,USDJPY,158.268,158.334,0.066,66,Sydney,Thursday
2026-01-22 00:12:39,ICMarkets Raw,AUDUSD,0.67589,0.67629,0.0004,40,Sydney,Thursday
2026-01-22 00:12:41,VantageMarkets Raw,XAUUSD,4833.87,4833.95,0.08,8,Sydney,Thursday
2026-01-22 00:12:42,VantageMarkets Raw,EURUSD,1.16842,1.16872,0.0003,30,Sydney,Thursday
2026-01-22 00:12:43,VantageMarkets Raw,GBPUSD,1.34254,1.34315,0.00061,61,Sydney,Thursday
2026-01-22 00:12:44,VantageMarkets Raw,USDJPY,158.266,158.333,0.067,67,Sydney,Thursday
2026-01-22 00:12:44,VantageMarkets Raw,AUDUSD,0.67585,0.67625,0.0004,40,Sydney,Thursday
2026-01-22 00:12:47,FPMarkets Raw,XAUUSD,4832.84,4832.91,0.07,7,Sydney,Thursday
2026-01-22 00:12:48,FPMarkets Raw,EURUSD,1.16827,1.1686,0.00033,33,Sydney,Thursday
2026-01-22 00:12:49,FPMarkets Raw,GBPUSD,1.3422,1.34312,0.00092,92,Sydney,Thursday
2026-01-22 00:12:50,FPMarkets Raw,USDJPY,158.269,158.341,0.072,72,Sydney,Thursday
2026-01-22 00:12:51,FPMarkets Raw,AUDUSD,0.6759,0.67627,0.00037,37,Sydney,Thursday
2026-01-22 00:12:53,8Cap Raw,XAUUSD,4833.86,4834.12,0.26,26,Sydney,Thursday
2026-01-22 00:12:53,8Cap Raw,EURUSD,1.1683,1.16871,0.00041,41,Sydney,Thursday
2026-01-22 00:12:54,8Cap Raw,GBPUSD,1.34263,1.34338,0.00075,75,Sydney,Thursday
2026-01-22 00:12:55,8Cap Raw,USDJPY,158.265,158.346,0.081,81,Sydney,Thursday
2026-01-22 00:12:55,8Cap Raw,AUDUSD,0.67578,0.67635,0.00057,57,Sydney,Thursday
2026-01-22 00:17:16,Pepperstone Razor,XAUUSD,4832.0,4833.5,1.5,150,Sydney,Thursday
2026-01-22 00:17:17,Pepperstone Razor,EURUSD,1.16826,1.16863,0.00037,37,Sydney,Thursday
2026-01-22 00:17:18,Pepperstone Razor,GBPUSD,1.34241,1.3433,0.00089,89,Sydney,Thursday
2026-01-22 00:17:19,Pepperstone Razor,USDJPY,158.301,158.346,0.045,45,Sydney,Thursday
2026-01-22 00:17:20,Pepperstone Razor,AUDUSD,0.67603,0.67619,0.00016,16,Sydney,Thursday
2026-01-22 00:17:22,FusionMarkets Zero,XAUUSD,4833.97,4834.09,0.12,12,Sydney,Thursday
2026-01-22 00:17:23,FusionMarkets Zero,EURUSD,1.16845,1.16851,6e-05,6,Sydney,Thursday
2026-01-22 00:17:24,FusionMarkets Zero,GBPUSD,1.34296,1.34331,0.00035,35,Sydney,Thursday
2026-01-22 00:17:25,FusionMarkets Zero,USDJPY,158.282,158.334,0.052,52,Sydney,Thursday
2026-01-22 00:17:26,FusionMarkets Zero,AUDUSD,0.67604,0.6761,6e-05,6,Sydney,Thursday
2026-01-22 00:17:29,ThinkMarkets ThinkZero,XAUUSD,4831.6,4831.68,0.08,8,Sydney,Thursday
2026-01-22 00:17:30,ThinkMarkets ThinkZero,EURUSD,1.16808,1.1689,0.00082,82,Sydney,Thursday
2026-01-22 00:17:30,ThinkMarkets ThinkZero,GBPUSD,1.34211,1.34412,0.00201,201,Sydney,Thursday
2026-01-22 00:17:31,ThinkMarkets ThinkZero,USDJPY,158.272,158.376,0.104,104,Sydney,Thursday
2026-01-22 00:17:32,ThinkMarkets ThinkZero,AUDUSD,0.67578,0.67645,0.00067,67,Sydney,Thursday
2026-01-22 00:17:35,ICMarkets Raw,XAUUSD,4832.77,4833.27,0.5,50,Sydney,Thursday
2026-01-22 00:17:36,ICMarkets Raw,EURUSD,1.1685,1.16876,0.00026,26,Sydney,Thursday
2026-01-22 00:17:37,ICMarkets Raw,GBPUSD,1.34261,1.34308,0.00047,47,Sydney,Thursday
2026-01-22 00:17:38,ICMarkets Raw,USDJPY,158.283,158.349,0.066,66,Sydney,Thursday
2026-01-22 00:17:38,ICMarkets Raw,AUDUSD,0.67588,0.67627,0.00039,39,Sydney,Thursday
2026-01-22 00:17:41,VantageMarkets Raw,XAUUSD,4833.87,4833.95,0.08,8,Sydney,Thursday
2026-01-22 00:17:42,VantageMarkets Raw,EURUSD,1.16849,1.16875,0.00026,26,Sydney,Thursday
2026-01-22 00:17:43,VantageMarkets Raw,GBPUSD,1.34302,1.34335,0.00033,33,Sydney,Thursday
2026-01-22 00:17:43,VantageMarkets Raw,USDJPY,158.266,158.333,0.067,67,Sydney,Thursday
2026-01-22 00:17:44,VantageMarkets Raw,AUDUSD,0.67585,0.67624,0.00039,39,Sydney,Thursday
2026-01-22 00:17:47,FPMarkets Raw,XAUUSD,4832.84,4832.91,0.07,7,Sydney,Thursday
2026-01-22 00:17:48,FPMarkets Raw,EURUSD,1.16829,1.16864,0.00035,35,Sydney,Thursday
2026-01-22 00:17:49,FPMarkets Raw,GBPUSD,1.34237,1.34365,0.00128,128,Sydney,Thursday
2026-01-22 00:17:50,FPMarkets Raw,USDJPY,158.298,158.356,0.058,58,Sydney,Thursday
2026-01-22 00:17:51,FPMarkets Raw,AUDUSD,0.67603,0.67624,0.00021,21,Sydney,Thursday
2026-01-22 00:17:53,8Cap Raw,XAUUSD,4833.86,4834.12,0.26,26,Sydney,Thursday
2026-01-22 00:17:54,8Cap Raw,EURUSD,1.16833,1.16877,0.00044,44,Sydney,Thursday
2026-01-22 00:17:55,8Cap Raw,GBPUSD,1.34285,1.34353,0.00068,68,Sydney,Thursday
2026-01-22 00:17:55,8Cap Raw,USDJPY,158.265,158.344,0.079,79,Sydney,Thursday
2026-01-22 00:17:56,8Cap Raw,AUDUSD,0.67585,0.67631,0.00046,46,Sydney,Thursday
2026-01-22 00:22:16,Pepperstone Razor,XAUUSD,4832.0,4833.5,1.5,150,Sydney,Thursday
2026-01-22 00:22:17,Pepperstone Razor,EURUSD,1.16842,1.1687,0.00028,28,Sydney,Thursday
2026-01-22 00:22:18,Pepperstone Razor,GBPUSD,1.34292,1.34353,0.00061,61,Sydney,Thursday
2026-01-22 00:22:19,Pepperstone Razor,USDJPY,158.274,158.331,0.057,57,Sydney,Thursday
2026-01-22 00:22:19,Pepperstone Razor,AUDUSD,0.676,0.6762,0.0002,20,Sydney,Thursday
2026-01-22 00:22:23,FusionMarkets Zero,XAUUSD,4833.97,4834.09,0.12,12,Sydney,Thursday
2026-01-22 00:22:24,FusionMarkets Zero,EURUSD,1.16853,1.16859,6e-05,6,Sydney,Thursday
2026-01-22 00:22:25,FusionMarkets Zero,GBPUSD,1.3429,1.34349,0.00059,59,Sydney,Thursday
2026-01-22 00:22:26,FusionMarkets Zero,USDJPY,158.27,158.322,0.052,52,Sydney,Thursday
2026-01-22 00:22:27,FusionMarkets Zero,AUDUSD,0.67603,0.67609,6e-05,6,Sydney,Thursday
2026-01-22 00:22:30,ThinkMarkets ThinkZero,XAUUSD,4831.6,4831.68,0.08,8,Sydney,Thursday
2026-01-22 00:22:31,ThinkMarkets ThinkZero,EURUSD,1.16818,1.1689,0.00072,72,Sydney,Thursday
2026-01-22 00:22:32,ThinkMarkets ThinkZero,GBPUSD,1.3424,1.34387,0.00147,147,Sydney,Thursday
2026-01-22 00:22:33,ThinkMarkets ThinkZero,USDJPY,158.247,158.376,0.129,129,Sydney,Thursday
2026-01-22 00:22:34,ThinkMarkets ThinkZero,AUDUSD,0.67579,0.67652,0.00073,73,Sydney,Thursday
2026-01-22 00:22:36,ICMarkets Raw,XAUUSD,4832.77,4833.27,0.5,50,Sydney,Thursday
2026-01-22 00:22:37,ICMarkets Raw,EURUSD,1.16849,1.1687,0.00021,21,Sydney,Thursday
2026-01-22 00:22:38,ICMarkets Raw,GBPUSD,1.34294,1.34363,0.00069,69,Sydney,Thursday
2026-01-22 00:22:39,ICMarkets Raw,USDJPY,158.267,158.333,0.066,66,Sydney,Thursday
2026-01-22 00:22:40,ICMarkets Raw,AUDUSD,0.67582,0.67627,0.00045,45,Sydney,Thursday
2026-01-22 00:22:43,VantageMarkets Raw,XAUUSD,4833.87,4833.95,0.08,8,Sydney,Thursday
2026-01-22 00:22:44,VantageMarkets Raw,EURUSD,1.16842,1.16868,0.00026,26,Sydney,Thursday
2026-01-22 00:22:44,VantageMarkets Raw,GBPUSD,1.34293,1.34354,0.00061,61,Sydney,Thursday
2026-01-22 00:22:45,VantageMarkets Raw,USDJPY,158.263,158.33,0.067,67,Sydney,Thursday
2026-01-22 00:22:46,VantageMarkets Raw,AUDUSD,0.67583,0.67633,0.0005,50,Sydney,Thursday
2026-01-22 00:22:49,FPMarkets Raw,XAUUSD,4832.84,4832.91,0.07,7,Sydney,Thursday
2026-01-22 00:22:50,FPMarkets Raw,EURUSD,1.16839,1.16863,0.00024,24,Sydney,Thursday
2026-01-22 00:22:51,FPMarkets Raw,GBPUSD,1.34258,1.34347,0.00089,89,Sydney,Thursday
2026-01-22 00:22:52,FPMarkets Raw,USDJPY,158.275,158.351,0.076,76,Sydney,Thursday
2026-01-22 00:22:53,FPMarkets Raw,AUDUSD,0.67596,0.67623,0.00027,27,Sydney,Thursday
2026-01-22 00:22:55,8Cap Raw,XAUUSD,4833.86,4834.12,0.26,26,Sydney,Thursday
2026-01-22 00:22:56,8Cap Raw,EURUSD,1.1684,1.16876,0.00036,36,Sydney,Thursday
2026-01-22 00:22:56,8Cap Raw,GBPUSD,1.34284,1.34372,0.00088,88,Sydney,Thursday
2026-01-22 00:22:57,8Cap Raw,USDJPY,158.265,158.344,0.079,79,Sydney,Thursday
2026-01-22 00:22:58,8Cap Raw,AUDUSD,0.6758,0.67636,0.00056,56,Sydney,Thursday
2026-01-22 00:27:17,Pepperstone Razor,XAUUSD,4832.0,4833.5,1.5,150,Sydney,Thursday
2026-01-22 00:27:17,Pepperstone Razor,EURUSD,1.16843,1.16873,0.0003,30,Sydney,Thursday
2026-01-22 00:27:18,Pepperstone Razor,GBPUSD,1.34301,1.34361,0.0006,60,Sydney,Thursday
2026-01-22 00:27:19,Pepperstone Razor,USDJPY,158.293,158.358,0.065,65,Sydney,Thursday
2026-01-22 00:27:20,Pepperstone Razor,AUDUSD,0.67602,0.67625,0.00023,23,Sydney,Thursday
2026-01-22 00:27:23,FusionMarkets Zero,XAUUSD,4833.97,4834.09,0.12,12,Sydney,Thursday
2026-01-22 00:27:24,FusionMarkets Zero,EURUSD,1.16852,1.16858,6e-05,6,Sydney,Thursday
2026-01-22 00:27:25,FusionMarkets Zero,GBPUSD,1.34307,1.34345,0.00038,38,Sydney,Thursday
2026-01-22 00:27:26,FusionMarkets Zero,USDJPY,158.293,158.345,0.052,52,Sydney,Thursday
2026-01-22 00:27:27,FusionMarkets Zero,AUDUSD,0.67606,0.67612,6e-05,6,Sydney,Thursday
2026-01-22 00:27:30,ThinkMarkets ThinkZero,XAUUSD,4831.6,4831.68,0.08,8,Sydney,Thursday
2026-01-22 00:27:31,ThinkMarkets ThinkZero,EURUSD,1.16825,1.16894,0.00069,69,Sydney,Thursday
2026-01-22 00:27:32,ThinkMarkets ThinkZero,GBPUSD,1.34236,1.34377,0.00141,141,Sydney,Thursday
2026-01-22 00:27:33,ThinkMarkets ThinkZero,USDJPY,158.264,158.396,0.132,132,Sydney,Thursday
2026-01-22 00:27:33,ThinkMarkets ThinkZero,AUDUSD,0.67565,0.6764,0.00075,75,Sydney,Thursday
2026-01-22 00:27:36,ICMarkets Raw,XAUUSD,4832.77,4833.27,0.5,50,Sydney,Thursday
2026-01-22 00:27:37,ICMarkets Raw,EURUSD,1.16852,1.16873,0.00021,21,Sydney,Thursday
2026-01-22 00:27:38,ICMarkets Raw,GBPUSD,1.34301,1.34363,0.00062,62,Sydney,Thursday
2026-01-22 00:27:39,ICMarkets Raw,USDJPY,158.288,158.354,0.066,66,Sydney,Thursday
2026-01-22 00:27:40,ICMarkets Raw,AUDUSD,0.67585,0.67634,0.00049,49,Sydney,Thursday
2026-01-22 00:27:43,VantageMarkets Raw,XAUUSD,4833.87,4833.95,0.08,8,Sydney,Thursday
2026-01-22 00:27:43,VantageMarkets Raw,EURUSD,1.16843,1.16868,0.00025,25,Sydney,Thursday
2026-01-22 00:27:44,VantageMarkets Raw,GBPUSD,1.343,1.34353,0.00053,53,Sydney,Thursday
2026-01-22 00:27:45,VantageMarkets Raw,USDJPY,158.286,158.353,0.067,67,Sydney,Thursday
2026-01-22 00:27:46,VantageMarkets Raw,AUDUSD,0.67583,0.67634,0.00051,51,Sydney,Thursday
2026-01-22 00:27:49,FPMarkets Raw,XAUUSD,4832.84,4832.91,0.07,7,Sydney,Thursday
2026-01-22 00:27:50,FPMarkets Raw,EURUSD,1.16844,1.16871,0.00027,27,Sydney,Thursday
2026-01-22 00:27:51,FPMarkets Raw,GBPUSD,1.3429,1.34354,0.00064,64,Sydney,Thursday
2026-01-22 00:27:52,FPMarkets Raw,USDJPY,158.292,158.377,0.085,85,Sydney,Thursday
2026-01-22 00:27:53,FPMarkets Raw,AUDUSD,0.67591,0.67625,0.00034,34,Sydney,Thursday
2026-01-22 00:27:55,8Cap Raw,XAUUSD,4833.86,4834.12,0.26,26,Sydney,Thursday
2026-01-22 00:27:56,8Cap Raw,EURUSD,1.1684,1.16879,0.00039,39,Sydney,Thursday
2026-01-22 00:27:56,8Cap Raw,GBPUSD,1.34284,1.34366,0.00082,82,Sydney,Thursday
2026-01-22 00:27:57,8Cap Raw,USDJPY,158.28,158.366,0.086,86,Sydney,Thursday
2026-01-22 00:27:58,8Cap Raw,AUDUSD,0.67583,0.67635,0.00052,52,Sydney,Thursday
2026-01-22 00:32:16,Pepperstone Razor,XAUUSD,4832.0,4833.5,1.5,150,Sydney,Thursday
2026-01-22 00:32:17,Pepperstone Razor,EURUSD,1.16842,1.16871,0.00029,29,Sydney,Thursday
2026-01-22 00:32:18,Pepperstone Razor,GBPUSD,1.34266,1.34344,0.00078,78,Sydney,Thursday
2026-01-22 00:32:19,Pepperstone Razor,USDJPY,158.281,158.336,0.055,55,Sydney,Thursday
2026-01-22 00:32:20,Pepperstone Razor,AUDUSD,0.67581,0.67613,0.00032,32,Sydney,Thursday
2026-01-22 00:32:23,FusionMarkets Zero,XAUUSD,4833.97,4834.09,0.12,12,Sydney,Thursday
2026-01-22 00:32:24,FusionMarkets Zero,EURUSD,1.16852,1.16858,6e-05,6,Sydney,Thursday
2026-01-22 00:32:25,FusionMarkets Zero,GBPUSD,1.34281,1.34332,0.00051,51,Sydney,Thursday
2026-01-22 00:32:26,FusionMarkets Zero,USDJPY,158.276,158.328,0.052,52,Sydney,Thursday
2026-01-22 00:32:27,FusionMarkets Zero,AUDUSD,0.67609,0.67615,6e-05,6,Sydney,Thursday
2026-01-22 00:32:30,ThinkMarkets ThinkZero,XAUUSD,4831.6,4831.68,0.08,8,Sydney,Thursday
2026-01-22 00:32:31,ThinkMarkets ThinkZero,EURUSD,1.16816,1.16895,0.00079,79,Sydney,Thursday
2026-01-22 00:32:31,ThinkMarkets ThinkZero,GBPUSD,1.34201,1.34369,0.00168,168,Sydney,Thursday
2026-01-22 00:32:32,ThinkMarkets ThinkZero,USDJPY,158.262,158.381,0.119,119,Sydney,Thursday
2026-01-22 00:32:33,ThinkMarkets ThinkZero,AUDUSD,0.67569,0.67635,0.00066,66,Sydney,Thursday
2026-01-22 00:32:36,ICMarkets Raw,XAUUSD,4832.77,4833.27,0.5,50,Sydney,Thursday
2026-01-22 00:32:37,ICMarkets Raw,EURUSD,1.16847,1.16875,0.00028,28,Sydney,Thursday
2026-01-22 00:32:38,ICMarkets Raw,GBPUSD,1.34268,1.34342,0.00074,74,Sydney,Thursday
2026-01-22 00:32:39,ICMarkets Raw,USDJPY,158.27,158.336,0.066,66,Sydney,Thursday
2026-01-22 00:32:40,ICMarkets Raw,AUDUSD,0.67593,0.67632,0.00039,39,Sydney,Thursday
2026-01-22 00:32:43,VantageMarkets Raw,XAUUSD,4833.87,4833.95,0.08,8,Sydney,Thursday
2026-01-22 00:32:43,VantageMarkets Raw,EURUSD,1.16844,1.16872,0.00028,28,Sydney,Thursday
2026-01-22 00:32:44,VantageMarkets Raw,GBPUSD,1.34272,1.34344,0.00072,72,Sydney,Thursday
2026-01-22 00:32:45,VantageMarkets Raw,USDJPY,158.269,158.336,0.067,67,Sydney,Thursday
2026-01-22 00:32:46,VantageMarkets Raw,AUDUSD,0.67588,0.67629,0.00041,41,Sydney,Thursday
2026-01-22 00:32:49,FPMarkets Raw,XAUUSD,4832.84,4832.91,0.07,7,Sydney,Thursday
2026-01-22 00:32:50,FPMarkets Raw,EURUSD,1.16852,1.16887,0.00035,35,Sydney,Thursday
2026-01-22 00:32:51,FPMarkets Raw,GBPUSD,1.34249,1.3436,0.00111,111,Sydney,Thursday
2026-01-22 00:32:52,FPMarkets Raw,USDJPY,158.274,158.352,0.078,78,Sydney,Thursday
2026-01-22 00:32:53,FPMarkets Raw,AUDUSD,0.67594,0.67616,0.00022,22,Sydney,Thursday
2026-01-22 00:32:55,8Cap Raw,XAUUSD,4833.86,4834.12,0.26,26,Sydney,Thursday
2026-01-22 00:32:55,8Cap Raw,EURUSD,1.16839,1.16878,0.00039,39,Sydney,Thursday
2026-01-22 00:32:56,8Cap Raw,GBPUSD,1.34255,1.34355,0.001,100,Sydney,Thursday
2026-01-22 00:32:57,8Cap Raw,USDJPY,158.27,158.353,0.083,83,Sydney,Thursday
2026-01-22 00:32:57,8Cap Raw,AUDUSD,0.67589,0.67628,0.00039,39,Sydney,Thursday
2026-01-22 00:37:17,Pepperstone Razor,XAUUSD,4832.0,4833.5,1.5,150,Sydney,Thursday
2026-01-22 00:37:17,Pepperstone Razor,EURUSD,1.16841,1.16873,0.00032,32,Sydney,Thursday
2026-01-22 00:37:18,Pepperstone Razor,GBPUSD,1.34278,1.34329,0.00051,51,Sydney,Thursday
2026-01-22 00:37:19,Pepperstone Razor,USDJPY,158.291,158.358,0.067,67,Sydney,Thursday
2026-01-22 00:37:20,Pepperstone Razor,AUDUSD,0.67593,0.67619,0.00026,26,Sydney,Thursday
2026-01-22 00:37:24,FusionMarkets Zero,XAUUSD,4833.97,4834.09,0.12,12,Sydney,Thursday
2026-01-22 00:37:25,FusionMarkets Zero,EURUSD,1.1685,1.16856,6e-05,6,Sydney,Thursday
2026-01-22 00:37:25,FusionMarkets Zero,GBPUSD,1.34284,1.34319,0.00035,35,Sydney,Thursday
2026-01-22 00:37:26,FusionMarkets Zero,USDJPY,158.289,158.341,0.052,52,Sydney,Thursday
2026-01-22 00:37:27,FusionMarkets Zero,AUDUSD,0.67606,0.67612,6e-05,6,Sydney,Thursday
2026-01-22 00:37:31,ThinkMarkets ThinkZero,XAUUSD,4831.6,4831.68,0.08,8,Sydney,Thursday
2026-01-22 00:37:32,ThinkMarkets ThinkZero,EURUSD,1.16821,1.16895,0.00074,74,Sydney,Thursday
2026-01-22 00:37:33,ThinkMarkets ThinkZero,GBPUSD,1.34253,1.34346,0.00093,93,Sydney,Thursday
2026-01-22 00:37:34,ThinkMarkets ThinkZero,USDJPY,158.264,158.402,0.138,138,Sydney,Thursday
2026-01-22 00:37:34,ThinkMarkets ThinkZero,AUDUSD,0.67573,0.67641,0.00068,68,Sydney,Thursday
2026-01-22 00:37:37,ICMarkets Raw,XAUUSD,4832.77,4833.27,0.5,50,Sydney,Thursday
2026-01-22 00:37:38,ICMarkets Raw,EURUSD,1.1685,1.16877,0.00027,27,Sydney,Thursday
2026-01-22 00:37:39,ICMarkets Raw,GBPUSD,1.34279,1.34328,0.00049,49,Sydney,Thursday
2026-01-22 00:37:40,ICMarkets Raw,USDJPY,158.281,158.351,0.07,70,Sydney,Thursday
2026-01-22 00:37:41,ICMarkets Raw,AUDUSD,0.67583,0.67633,0.0005,50,Sydney,Thursday
2026-01-22 00:37:44,VantageMarkets Raw,XAUUSD,4833.87,4833.95,0.08,8,Sydney,Thursday
2026-01-22 00:37:45,VantageMarkets Raw,EURUSD,1.16848,1.16875,0.00027,27,Sydney,Thursday
2026-01-22 00:37:46,VantageMarkets Raw,GBPUSD,1.34283,1.34321,0.00038,38,Sydney,Thursday
2026-01-22 00:37:47,VantageMarkets Raw,USDJPY,158.28,158.347,0.067,67,Sydney,Thursday
2026-01-22 00:37:47,VantageMarkets Raw,AUDUSD,0.6758,0.67631,0.00051,51,Sydney,Thursday
2026-01-22 00:37:50,FPMarkets Raw,XAUUSD,4832.84,4832.91,0.07,7,Sydney,Thursday
2026-01-22 00:37:51,FPMarkets Raw,EURUSD,1.16846,1.16873,0.00027,27,Sydney,Thursday
2026-01-22 00:37:52,FPMarkets Raw,GBPUSD,1.34286,1.34319,0.00033,33,Sydney,Thursday
2026-01-22 00:37:53,FPMarkets Raw,USDJPY,158.288,158.362,0.074,74,Sydney,Thursday
2026-01-22 00:37:54,FPMarkets Raw,AUDUSD,0.67591,0.67617,0.00026,26,Sydney,Thursday
2026-01-22 00:37:56,8Cap Raw,XAUUSD,4833.86,4834.12,0.26,26,Sydney,Thursday
2026-01-22 00:37:57,8Cap Raw,EURUSD,1.16844,1.16878,0.00034,34,Sydney,Thursday
2026-01-22 00:37:57,8Cap Raw,GBPUSD,1.34266,1.34339,0.00073,73,Sydney,Thursday
2026-01-22 00:37:58,8Cap Raw,USDJPY,158.274,158.357,0.083,83,Sydney,Thursday
2026-01-22 00:37:59,8Cap Raw,AUDUSD,0.67582,0.6763,0.00048,48,Sydney,Thursday
2026-01-22 00:42:17,Pepperstone Razor,XAUUSD,4832.0,4833.5,1.5,150,Sydney,Thursday
2026-01-22 00:42:18,Pepperstone Razor,EURUSD,1.16845,1.16872,0.00027,27,Sydney,Thursday
2026-01-22 00:42:19,Pepperstone Razor,GBPUSD,1.34272,1.34344,0.00072,72,Sydney,Thursday
2026-01-22 00:42:19,Pepperstone Razor,USDJPY,158.281,158.31,0.029,29,Sydney,Thursday
2026-01-22 00:42:20,Pepperstone Razor,AUDUSD,0.67587,0.67616,0.00029,29,Sydney,Thursday
2026-01-22 00:42:23,FusionMarkets Zero,XAUUSD,4833.97,4834.09,0.12,12,Sydney,Thursday
2026-01-22 00:42:24,FusionMarkets Zero,EURUSD,1.16849,1.16869,0.0002,20,Sydney,Thursday
2026-01-22 00:42:25,FusionMarkets Zero,GBPUSD,1.34287,1.34322,0.00035,35,Sydney,Thursday
2026-01-22 00:42:26,FusionMarkets Zero,USDJPY,158.272,158.324,0.052,52,Sydney,Thursday
2026-01-22 00:42:27,FusionMarkets Zero,AUDUSD,0.67605,0.67611,6e-05,6,Sydney,Thursday
2026-01-22 00:42:30,ThinkMarkets ThinkZero,XAUUSD,4831.6,4831.68,0.08,8,Sydney,Thursday
2026-01-22 00:42:31,ThinkMarkets ThinkZero,EURUSD,1.16823,1.16892,0.00069,69,Sydney,Thursday
2026-01-22 00:42:32,ThinkMarkets ThinkZero,GBPUSD,1.34253,1.34356,0.00103,103,Sydney,Thursday
2026-01-22 00:42:33,ThinkMarkets ThinkZero,USDJPY,158.258,158.333,0.075,75,Sydney,Thursday
2026-01-22 00:42:34,ThinkMarkets ThinkZero,AUDUSD,0.67566,0.6764,0.00074,74,Sydney,Thursday
2026-01-22 00:42:37,ICMarkets Raw,XAUUSD,4832.77,4833.27,0.5,50,Sydney,Thursday
2026-01-22 00:42:38,ICMarkets Raw,EURUSD,1.1685,1.16872,0.00022,22,Sydney,Thursday
2026-01-22 00:42:39,ICMarkets Raw,GBPUSD,1.34277,1.3433,0.00053,53,Sydney,Thursday
2026-01-22 00:42:40,ICMarkets Raw,USDJPY,158.272,158.338,0.066,66,Sydney,Thursday
2026-01-22 00:42:41,ICMarkets Raw,AUDUSD,0.67581,0.6763,0.00049,49,Sydney,Thursday
2026-01-22 00:42:44,VantageMarkets Raw,XAUUSD,4833.87,4833.95,0.08,8,Sydney,Thursday
2026-01-22 00:42:45,VantageMarkets Raw,EURUSD,1.16849,1.16875,0.00026,26,Sydney,Thursday
2026-01-22 00:42:45,VantageMarkets Raw,GBPUSD,1.34279,1.34329,0.0005,50,Sydney,Thursday
2026-01-22 00:42:46,VantageMarkets Raw,USDJPY,158.272,158.339,0.067,67,Sydney,Thursday
2026-01-22 00:42:47,VantageMarkets Raw,AUDUSD,0.67581,0.67626,0.00045,45,Sydney,Thursday
2026-01-22 00:42:50,FPMarkets Raw,XAUUSD,4832.84,4832.91,0.07,7,Sydney,Thursday
2026-01-22 00:42:51,FPMarkets Raw,EURUSD,1.16849,1.1687,0.00021,21,Sydney,Thursday
2026-01-22 00:42:52,FPMarkets Raw,GBPUSD,1.34286,1.34321,0.00035,35,Sydney,Thursday
2026-01-22 00:42:53,FPMarkets Raw,USDJPY,158.288,158.311,0.023,23,Sydney,Thursday
2026-01-22 00:42:54,FPMarkets Raw,AUDUSD,0.67591,0.67613,0.00022,22,Sydney,Thursday
2026-01-22 00:42:56,8Cap Raw,XAUUSD,4833.86,4834.12,0.26,26,Sydney,Thursday
2026-01-22 00:42:57,8Cap Raw,EURUSD,1.16841,1.16881,0.0004,40,Sydney,Thursday
2026-01-22 00:42:57,8Cap Raw,GBPUSD,1.34264,1.34343,0.00079,79,Sydney,Thursday
2026-01-22 00:42:58,8Cap Raw,USDJPY,158.27,158.333,0.063,63,Sydney,Thursday
2026-01-22 00:42:59,8Cap Raw,AUDUSD,0.67577,0.67632,0.00055,55,Sydney,Thursday
2026-01-22 00:47:17,Pepperstone Razor,XAUUSD,4832.0,4833.5,1.5,150,Sydney,Thursday
2026-01-22 00:47:18,Pepperstone Razor,EURUSD,1.16848,1.1688,0.00032,32,Sydney,Thursday
2026-01-22 00:47:18,Pepperstone Razor,GBPUSD,1.34284,1.34336,0.00052,52,Sydney,Thursday
2026-01-22 00:47:19,Pepperstone Razor,USDJPY,158.283,158.356,0.073,73,Sydney,Thursday
2026-01-22 00:47:20,Pepperstone Razor,AUDUSD,0.67591,0.67616,0.00025,25,Sydney,Thursday
2026-01-22 00:47:23,FusionMarkets Zero,XAUUSD,4833.97,4834.09,0.12,12,Sydney,Thursday
2026-01-22 00:47:24,FusionMarkets Zero,EURUSD,1.16851,1.16857,6e-05,6,Sydney,Thursday
2026-01-22 00:47:25,FusionMarkets Zero,GBPUSD,1.34289,1.34324,0.00035,35,Sydney,Thursday
2026-01-22 00:47:26,FusionMarkets Zero,USDJPY,158.297,158.36,0.063,63,Sydney,Thursday
2026-01-22 00:47:27,FusionMarkets Zero,AUDUSD,0.67604,0.6761,6e-05,6,Sydney,Thursday
2026-01-22 00:47:31,ThinkMarkets ThinkZero,XAUUSD,4831.6,4831.68,0.08,8,Sydney,Thursday
2026-01-22 00:47:32,ThinkMarkets ThinkZero,EURUSD,1.16832,1.16894,0.00062,62,Sydney,Thursday
2026-01-22 00:47:33,ThinkMarkets ThinkZero,GBPUSD,1.34253,1.34348,0.00095,95,Sydney,Thursday
2026-01-22 00:47:33,ThinkMarkets ThinkZero,USDJPY,158.254,158.377,0.123,123,Sydney,Thursday
2026-01-22 00:47:34,ThinkMarkets ThinkZero,AUDUSD,0.67569,0.67637,0.00068,68,Sydney,Thursday
2026-01-22 00:47:38,ICMarkets Raw,XAUUSD,4832.77,4833.27,0.5,50,Sydney,Thursday
2026-01-22 00:47:38,ICMarkets Raw,EURUSD,1.16857,1.16878,0.00021,21,Sydney,Thursday
2026-01-22 00:47:39,ICMarkets Raw,GBPUSD,1.3429,1.34327,0.00037,37,Sydney,Thursday
2026-01-22 00:47:40,ICMarkets Raw,USDJPY,158.273,158.385,0.112,112,Sydney,Thursday
2026-01-22 00:47:41,ICMarkets Raw,AUDUSD,0.67591,0.67631,0.0004,40,Sydney,Thursday
2026-01-22 00:47:44,VantageMarkets Raw,XAUUSD,4833.87,4833.95,0.08,8,Sydney,Thursday
2026-01-22 00:47:45,VantageMarkets Raw,EURUSD,1.16846,1.16874,0.00028,28,Sydney,Thursday
2026-01-22 00:47:45,VantageMarkets Raw,GBPUSD,1.34291,1.34325,0.00034,34,Sydney,Thursday
2026-01-22 00:47:46,VantageMarkets Raw,USDJPY,158.284,158.376,0.092,92,Sydney,Thursday
2026-01-22 00:47:47,VantageMarkets Raw,AUDUSD,0.6759,0.67631,0.00041,41,Sydney,Thursday
2026-01-22 00:47:50,FPMarkets Raw,XAUUSD,4832.84,4832.91,0.07,7,Sydney,Thursday
2026-01-22 00:47:51,FPMarkets Raw,EURUSD,1.1684,1.16872,0.00032,32,Sydney,Thursday
2026-01-22 00:47:52,FPMarkets Raw,GBPUSD,1.34286,1.34331,0.00045,45,Sydney,Thursday
2026-01-22 00:47:53,FPMarkets Raw,USDJPY,158.284,158.358,0.074,74,Sydney,Thursday
2026-01-22 00:47:55,FPMarkets Raw,AUDUSD,0.67596,0.67618,0.00022,22,Sydney,Thursday
2026-01-22 00:47:56,8Cap Raw,XAUUSD,4833.86,4834.12,0.26,26,Sydney,Thursday
2026-01-22 00:47:57,8Cap Raw,EURUSD,1.16847,1.16874,0.00027,27,Sydney,Thursday
2026-01-22 00:47:58,8Cap Raw,GBPUSD,1.3429,1.34327,0.00037,37,Sydney,Thursday
2026-01-22 00:47:58,8Cap Raw,USDJPY,158.281,158.359,0.078,78,Sydney,Thursday
2026-01-22 00:47:59,8Cap Raw,AUDUSD,0.67597,0.67621,0.00024,24,Sydney,Thursday
2026-01-22 00:52:17,Pepperstone Razor,XAUUSD,4832.0,4833.5,1.5,150,Sydney,Thursday
2026-01-22 00:52:18,Pepperstone Razor,EURUSD,1.16842,1.16878,0.00036,36,Sydney,Thursday
2026-01-22 00:52:19,Pepperstone Razor,GBPUSD,1.34288,1.3435,0.00062,62,Sydney,Thursday
2026-01-22 00:52:20,Pepperstone Razor,USDJPY,158.277,158.362,0.085,85,Sydney,Thursday
2026-01-22 00:52:20,Pepperstone Razor,AUDUSD,0.67597,0.67619,0.00022,22,Sydney,Thursday
2026-01-22 00:52:24,FusionMarkets Zero,XAUUSD,4833.97,4834.09,0.12,12,Sydney,Thursday
2026-01-22 00:52:25,FusionMarkets Zero,EURUSD,1.16847,1.16853,6e-05,6,Sydney,Thursday
2026-01-22 00:52:26,FusionMarkets Zero,GBPUSD,1.343,1.34335,0.00035,35,Sydney,Thursday
2026-01-22 00:52:26,FusionMarkets Zero,USDJPY,158.289,158.341,0.052,52,Sydney,Thursday
2026-01-22 00:52:27,FusionMarkets Zero,AUDUSD,0.67609,0.67615,6e-05,6,Sydney,Thursday
2026-01-22 00:52:31,ThinkMarkets ThinkZero,XAUUSD,4831.6,4831.68,0.08,8,Sydney,Thursday
2026-01-22 00:52:32,ThinkMarkets ThinkZero,EURUSD,1.16821,1.16895,0.00074,74,Sydney,Thursday
2026-01-22 00:52:33,ThinkMarkets ThinkZero,GBPUSD,1.34253,1.34342,0.00089,89,Sydney,Thursday
2026-01-22 00:52:33,ThinkMarkets ThinkZero,USDJPY,158.263,158.388,0.125,125,Sydney,Thursday
2026-01-22 00:52:34,ThinkMarkets ThinkZero,AUDUSD,0.67573,0.6764,0.00067,67,Sydney,Thursday
2026-01-22 00:52:38,ICMarkets Raw,XAUUSD,4832.77,4833.27,0.5,50,Sydney,Thursday
2026-01-22 00:52:39,ICMarkets Raw,EURUSD,1.16856,1.16882,0.00026,26,Sydney,Thursday
2026-01-22 00:52:39,ICMarkets Raw,GBPUSD,1.34296,1.34346,0.0005,50,Sydney,Thursday
2026-01-22 00:52:40,ICMarkets Raw,USDJPY,158.281,158.35,0.069,69,Sydney,Thursday
2026-01-22 00:52:41,ICMarkets Raw,AUDUSD,0.67586,0.67632,0.00046,46,Sydney,Thursday
2026-01-22 00:52:44,VantageMarkets Raw,XAUUSD,4833.87,4833.95,0.08,8,Sydney,Thursday
2026-01-22 00:52:45,VantageMarkets Raw,EURUSD,1.16857,1.16882,0.00025,25,Sydney,Thursday
2026-01-22 00:52:46,VantageMarkets Raw,GBPUSD,1.34298,1.3434,0.00042,42,Sydney,Thursday
2026-01-22 00:52:47,VantageMarkets Raw,USDJPY,158.28,158.347,0.067,67,Sydney,Thursday
2026-01-22 00:52:47,VantageMarkets Raw,AUDUSD,0.67588,0.67633,0.00045,45,Sydney,Thursday
2026-01-22 00:52:51,FPMarkets Raw,XAUUSD,4832.84,4832.91,0.07,7,Sydney,Thursday
2026-01-22 00:52:52,FPMarkets Raw,EURUSD,1.16844,1.16872,0.00028,28,Sydney,Thursday
2026-01-22 00:52:53,FPMarkets Raw,GBPUSD,1.34286,1.34321,0.00035,35,Sydney,Thursday
2026-01-22 00:52:54,FPMarkets Raw,USDJPY,158.291,158.369,0.078,78,Sydney,Thursday
2026-01-22 00:52:55,FPMarkets Raw,AUDUSD,0.67597,0.67621,0.00024,24,Sydney,Thursday
2026-01-22 00:52:57,8Cap Raw,XAUUSD,4833.86,4834.12,0.26,26,Sydney,Thursday
2026-01-22 00:52:58,8Cap Raw,EURUSD,1.16857,1.16879,0.00022,22,Sydney,Thursday
2026-01-22 00:52:58,8Cap Raw,GBPUSD,1.34277,1.34327,0.0005,50,Sydney,Thursday
2026-01-22 00:52:59,8Cap Raw,USDJPY,158.293,158.346,0.053,53,Sydney,Thursday
2026-01-22 00:53:00,8Cap Raw,AUDUSD,0.67594,0.67627,0.00033,33,Sydney,Thursday
2026-01-22 00:57:17,Pepperstone Razor,XAUUSD,4832.0,4833.5,1.5,150,Sydney,Thursday
2026-01-22 00:57:18,Pepperstone Razor,EURUSD,1.16845,1.16882,0.00037,37,Sydney,Thursday
2026-01-22 00:57:19,Pepperstone Razor,GBPUSD,1.34252,1.34349,0.00097,97,Sydney,Thursday
2026-01-22 00:57:20,Pepperstone Razor,USDJPY,158.289,158.335,0.046,46,Sydney,Thursday
2026-01-22 00:57:20,Pepperstone Razor,AUDUSD,0.67577,0.67594,0.00017,17,Sydney,Thursday
2026-01-22 00:57:24,FusionMarkets Zero,XAUUSD,4833.97,4834.09,0.12,12,Sydney,Thursday
2026-01-22 00:57:25,FusionMarkets Zero,EURUSD,1.16852,1.16858,6e-05,6,Sydney,Thursday
2026-01-22 00:57:26,FusionMarkets Zero,GBPUSD,1.34269,1.34349,0.0008,80,Sydney,Thursday
2026-01-22 00:57:26,FusionMarkets Zero,USDJPY,158.269,158.321,0.052,52,Sydney,Thursday
2026-01-22 00:57:27,FusionMarkets Zero,AUDUSD,0.67595,0.67601,6e-05,6,Sydney,Thursday
2026-01-22 00:57:31,ThinkMarkets ThinkZero,XAUUSD,4831.6,4831.68,0.08,8,Sydney,Thursday
2026-01-22 00:57:32,ThinkMarkets ThinkZero,EURUSD,1.1682,1.16897,0.00077,77,Sydney,Thursday
2026-01-22 00:57:33,ThinkMarkets ThinkZero,GBPUSD,1.34211,1.34371,0.0016,160,Sydney,Thursday
2026-01-22 00:57:33,ThinkMarkets ThinkZero,USDJPY,158.25,158.368,0.118,118,Sydney,Thursday
2026-01-22 00:57:34,ThinkMarkets ThinkZero,AUDUSD,0.67558,0.67631,0.00073,73,Sydney,Thursday
2026-01-22 00:57:37,ICMarkets Raw,XAUUSD,4832.77,4833.27,0.5,50,Sydney,Thursday
2026-01-22 00:57:38,ICMarkets Raw,EURUSD,1.16855,1.16882,0.00027,27,Sydney,Thursday
2026-01-22 00:57:39,ICMarkets Raw,GBPUSD,1.34246,1.34356,0.0011,110,Sydney,Thursday
2026-01-22 00:57:40,ICMarkets Raw,USDJPY,158.268,158.334,0.066,66,Sydney,Thursday
2026-01-22 00:57:41,ICMarkets Raw,AUDUSD,0.67569,0.67614,0.00045,45,Sydney,Thursday
2026-01-22 00:57:44,VantageMarkets Raw,XAUUSD,4833.87,4833.95,0.08,8,Sydney,Thursday
2026-01-22 00:57:45,VantageMarkets Raw,EURUSD,1.16856,1.16883,0.00027,27,Sydney,Thursday
2026-01-22 00:57:46,VantageMarkets Raw,GBPUSD,1.34252,1.34357,0.00105,105,Sydney,Thursday
2026-01-22 00:57:47,VantageMarkets Raw,USDJPY,158.267,158.334,0.067,67,Sydney,Thursday
2026-01-22 00:57:48,VantageMarkets Raw,AUDUSD,0.67575,0.67604,0.00029,29,Sydney,Thursday
2026-01-22 00:57:51,FPMarkets Raw,XAUUSD,4832.84,4832.91,0.07,7,Sydney,Thursday
2026-01-22 00:57:52,FPMarkets Raw,EURUSD,1.16843,1.16873,0.0003,30,Sydney,Thursday
2026-01-22 00:57:53,FPMarkets Raw,GBPUSD,1.3424,1.34349,0.00109,109,Sydney,Thursday
2026-01-22 00:57:54,FPMarkets Raw,USDJPY,158.273,158.337,0.064,64,Sydney,Thursday
2026-01-22 00:57:55,FPMarkets Raw,AUDUSD,0.67581,0.67605,0.00024,24,Sydney,Thursday
2026-01-22 00:57:57,8Cap Raw,XAUUSD,4833.86,4834.12,0.26,26,Sydney,Thursday
2026-01-22 00:57:57,8Cap Raw,EURUSD,1.16858,1.16881,0.00023,23,Sydney,Thursday
2026-01-22 00:57:58,8Cap Raw,GBPUSD,1.34248,1.34348,0.001,100,Sydney,Thursday
2026-01-22 00:57:59,8Cap Raw,USDJPY,158.282,158.327,0.045,45,Sydney,Thursday
2026-01-22 00:57:59,8Cap Raw,AUDUSD,0.6758,0.67596,0.00016,16,Sydney,Thursday
2026-01-22 01:02:16,Pepperstone Razor,XAUUSD,4827.31,4827.56,0.25,25,Sydney,Thursday
2026-01-22 01:02:17,Pepperstone Razor,EURUSD,1.16852,1.16852,0.0,0,Sydney,Thursday
2026-01-22 01:02:18,Pepperstone Razor,GBPUSD,1.34298,1.34303,5e-05,5,Sydney,Thursday
2026-01-22 01:02:19,Pepperstone Razor,USDJPY,158.315,158.318,0.003,3,Sydney,Thursday
2026-01-22 01:02:19,Pepperstone Razor,AUDUSD,0.67594,0.67594,0.0,0,Sydney,Thursday
2026-01-22 01:02:22,FusionMarkets Zero,XAUUSD,4826.02,4826.18,0.16,16,Sydney,Thursday
2026-01-22 01:02:23,FusionMarkets Zero,EURUSD,1.16851,1.16853,2e-05,2,Sydney,Thursday
2026-01-22 01:02:24,FusionMarkets Zero,GBPUSD,1.34295,1.34295,0.0,0,Sydney,Thursday
2026-01-22 01:02:25,FusionMarkets Zero,USDJPY,158.316,158.316,0.0,0,Sydney,Thursday
2026-01-22 01:02:26,FusionMarkets Zero,AUDUSD,0.67592,0.67592,0.0,0,Sydney,Thursday
2026-01-22 01:02:29,ThinkMarkets ThinkZero,XAUUSD,4826.54,4828.16,1.62,162,Sydney,Thursday
2026-01-22 01:02:30,ThinkMarkets ThinkZero,EURUSD,1.16827,1.1688,0.00053,53,Sydney,Thursday
2026-01-22 01:02:31,ThinkMarkets ThinkZero,GBPUSD,1.34263,1.34331,0.00068,68,Sydney,Thursday
2026-01-22 01:02:32,ThinkMarkets ThinkZero,USDJPY,158.28,158.342,0.062,62,Sydney,Thursday
2026-01-22 01:02:33,ThinkMarkets ThinkZero,AUDUSD,0.67565,0.6762,0.00055,55,Sydney,Thursday
2026-01-22 01:02:35,ICMarkets Raw,XAUUSD,4826.31,4826.45,0.14,14,Sydney,Thursday
2026-01-22 01:02:36,ICMarkets Raw,EURUSD,1.16849,1.1685,1e-05,1,Sydney,Thursday
2026-01-22 01:02:37,ICMarkets Raw,GBPUSD,1.34299,1.343,1e-05,1,Sydney,Thursday
2026-01-22 01:02:38,ICMarkets Raw,USDJPY,158.314,158.314,0.0,0,Sydney,Thursday
2026-01-22 01:02:39,ICMarkets Raw,AUDUSD,0.67591,0.67591,0.0,0,Sydney,Thursday
2026-01-22 01:02:42,VantageMarkets Raw,XAUUSD,4825.7,4825.78,0.08,8,Sydney,Thursday
2026-01-22 01:02:43,VantageMarkets Raw,EURUSD,1.1685,1.16852,2e-05,2,Sydney,Thursday
2026-01-22 01:02:43,VantageMarkets Raw,GBPUSD,1.34295,1.34296,1e-05,1,Sydney,Thursday
2026-01-22 01:02:44,VantageMarkets Raw,USDJPY,158.315,158.317,0.002,2,Sydney,Thursday
2026-01-22 01:02:45,VantageMarkets Raw,AUDUSD,0.67591,0.67595,4e-05,4,Sydney,Thursday
2026-01-22 01:02:48,FPMarkets Raw,XAUUSD,4825.61,4825.9,0.29,29,Sydney,Thursday
2026-01-22 01:02:49,FPMarkets Raw,EURUSD,1.16846,1.16851,5e-05,5,Sydney,Thursday
2026-01-22 01:02:50,FPMarkets Raw,GBPUSD,1.34296,1.34297,1e-05,1,Sydney,Thursday
2026-01-22 01:02:51,FPMarkets Raw,USDJPY,158.305,158.315,0.01,10,Sydney,Thursday
2026-01-22 01:02:52,FPMarkets Raw,AUDUSD,0.67591,0.67597,6e-05,6,Sydney,Thursday
2026-01-22 01:02:54,8Cap Raw,XAUUSD,4824.57,4825.28,0.71,71,Sydney,Thursday
2026-01-22 01:02:55,8Cap Raw,EURUSD,1.16852,1.16853,1e-05,1,Sydney,Thursday
2026-01-22 01:02:56,8Cap Raw,GBPUSD,1.34296,1.34297,1e-05,1,Sydney,Thursday
2026-01-22 01:02:57,8Cap Raw,USDJPY,158.315,158.316,0.001,1,Sydney,Thursday
2026-01-22 01:02:58,8Cap Raw,AUDUSD,0.6759,0.67594,4e-05,4,Sydney,Thursday
2026-01-22 01:07:16,Pepperstone Razor,XAUUSD,4809.62,4810.04,0.42,42,Sydney,Thursday
2026-01-22 01:07:17,Pepperstone Razor,EURUSD,1.16848,1.16848,0.0,0,Sydney,Thursday
2026-01-22 01:07:18,Pepperstone Razor,GBPUSD,1.343,1.34305,5e-05,5,Sydney,Thursday
2026-01-22 01:07:19,Pepperstone Razor,USDJPY,158.289,158.293,0.004,4,Sydney,Thursday
2026-01-22 01:07:20,Pepperstone Razor,AUDUSD,0.67585,0.67585,0.0,0,Sydney,Thursday
2026-01-22 01:07:22,FusionMarkets Zero,XAUUSD,4809.51,4809.68,0.17,17,Sydney,Thursday
2026-01-22 01:07:23,FusionMarkets Zero,EURUSD,1.16847,1.16848,1e-05,1,Sydney,Thursday
2026-01-22 01:07:24,FusionMarkets Zero,GBPUSD,1.343,1.343,0.0,0,Sydney,Thursday
2026-01-22 01:07:25,FusionMarkets Zero,USDJPY,158.292,158.292,0.0,0,Sydney,Thursday
2026-01-22 01:07:26,FusionMarkets Zero,AUDUSD,0.67585,0.67586,1e-05,1,Sydney,Thursday
2026-01-22 01:07:29,ThinkMarkets ThinkZero,XAUUSD,4810.34,4810.42,0.08,8,Sydney,Thursday
2026-01-22 01:07:30,ThinkMarkets ThinkZero,EURUSD,1.16846,1.16849,3e-05,3,Sydney,Thursday
2026-01-22 01:07:31,ThinkMarkets ThinkZero,GBPUSD,1.34299,1.34307,8e-05,8,Sydney,Thursday
2026-01-22 01:07:32,ThinkMarkets ThinkZero,USDJPY,158.284,158.288,0.004,4,Sydney,Thursday
2026-01-22 01:07:33,ThinkMarkets ThinkZero,AUDUSD,0.67583,0.67588,5e-05,5,Sydney,Thursday
2026-01-22 01:07:36,ICMarkets Raw,XAUUSD,4810.46,4810.59,0.13,13,Sydney,Thursday
2026-01-22 01:07:37,ICMarkets Raw,EURUSD,1.16851,1.16852,1e-05,1,Sydney,Thursday
2026-01-22 01:07:37,ICMarkets Raw,GBPUSD,1.34301,1.34302,1e-05,1,Sydney,Thursday
2026-01-22 01:07:38,ICMarkets Raw,USDJPY,158.291,158.291,0.0,0,Sydney,Thursday
2026-01-22 01:07:39,ICMarkets Raw,AUDUSD,0.67585,0.67585,0.0,0,Sydney,Thursday
2026-01-22 01:07:42,VantageMarkets Raw,XAUUSD,4810.04,4810.12,0.08,8,Sydney,Thursday
2026-01-22 01:07:43,VantageMarkets Raw,EURUSD,1.1685,1.16852,2e-05,2,Sydney,Thursday
2026-01-22 01:07:44,VantageMarkets Raw,GBPUSD,1.34301,1.34302,1e-05,1,Sydney,Thursday
2026-01-22 01:07:45,VantageMarkets Raw,USDJPY,158.29,158.292,0.002,2,Sydney,Thursday
2026-01-22 01:07:45,VantageMarkets Raw,AUDUSD,0.67583,0.67586,3e-05,3,Sydney,Thursday
2026-01-22 01:07:48,FPMarkets Raw,XAUUSD,4810.75,4810.82,0.07,7,Sydney,Thursday
2026-01-22 01:07:49,FPMarkets Raw,EURUSD,1.16851,1.16854,3e-05,3,Sydney,Thursday
2026-01-22 01:07:50,FPMarkets Raw,GBPUSD,1.34301,1.34302,1e-05,1,Sydney,Thursday
2026-01-22 01:07:51,FPMarkets Raw,USDJPY,158.288,158.298,0.01,10,Sydney,Thursday
2026-01-22 01:07:52,FPMarkets Raw,AUDUSD,0.67582,0.67588,6e-05,6,Sydney,Thursday
2026-01-22 01:07:54,8Cap Raw,XAUUSD,4809.98,4810.14,0.16,16,Sydney,Thursday
2026-01-22 01:07:54,8Cap Raw,EURUSD,1.16853,1.16854,1e-05,1,Sydney,Thursday
2026-01-22 01:07:55,8Cap Raw,GBPUSD,1.343,1.34301,1e-05,1,Sydney,Thursday
2026-01-22 01:07:56,8Cap Raw,USDJPY,158.29,158.291,0.001,1,Sydney,Thursday
2026-01-22 01:07:57,8Cap Raw,AUDUSD,0.67578,0.67582,4e-05,4,Sydney,Thursday
2026-01-22 01:12:16,Pepperstone Razor,XAUUSD,4809.36,4809.6,0.24,24,Sydney,Thursday
2026-01-22 01:12:17,Pepperstone Razor,EURUSD,1.16818,1.16818,0.0,0,Sydney,Thursday
2026-01-22 01:12:18,Pepperstone Razor,GBPUSD,1.34267,1.34272,5e-05,5,Sydney,Thursday
2026-01-22 01:12:19,Pepperstone Razor,USDJPY,158.298,158.302,0.004,4,Sydney,Thursday
2026-01-22 01:12:20,Pepperstone Razor,AUDUSD,0.67575,0.67576,1e-05,1,Sydney,Thursday
2026-01-22 01:12:23,FusionMarkets Zero,XAUUSD,4810.22,4810.31,0.09,9,Sydney,Thursday
2026-01-22 01:12:24,FusionMarkets Zero,EURUSD,1.1681,1.1681,0.0,0,Sydney,Thursday
2026-01-22 01:12:25,FusionMarkets Zero,GBPUSD,1.3427,1.3427,0.0,0,Sydney,Thursday
2026-01-22 01:12:26,FusionMarkets Zero,USDJPY,158.305,158.305,0.0,0,Sydney,Thursday
2026-01-22 01:12:27,FusionMarkets Zero,AUDUSD,0.67574,0.67574,0.0,0,Sydney,Thursday
2026-01-22 01:12:30,ThinkMarkets ThinkZero,XAUUSD,4812.9,4812.98,0.08,8,Sydney,Thursday
2026-01-22 01:12:30,ThinkMarkets ThinkZero,EURUSD,1.16808,1.16812,4e-05,4,Sydney,Thursday
2026-01-22 01:12:31,ThinkMarkets ThinkZero,GBPUSD,1.34264,1.34272,8e-05,8,Sydney,Thursday
2026-01-22 01:12:32,ThinkMarkets ThinkZero,USDJPY,158.297,158.302,0.005,5,Sydney,Thursday
2026-01-22 01:12:33,ThinkMarkets ThinkZero,AUDUSD,0.67573,0.67578,5e-05,5,Sydney,Thursday
2026-01-22 01:12:36,ICMarkets Raw,XAUUSD,4812.4,4812.46,0.06,6,Sydney,Thursday
2026-01-22 01:12:37,ICMarkets Raw,EURUSD,1.16812,1.16813,1e-05,1,Sydney,Thursday
2026-01-22 01:12:38,ICMarkets Raw,GBPUSD,1.3427,1.34271,1e-05,1,Sydney,Thursday
2026-01-22 01:12:39,ICMarkets Raw,USDJPY,158.305,158.307,0.002,2,Sydney,Thursday
2026-01-22 01:12:39,ICMarkets Raw,AUDUSD,0.67573,0.67574,1e-05,1,Sydney,Thursday
2026-01-22 01:12:42,VantageMarkets Raw,XAUUSD,4814.31,4814.39,0.08,8,Sydney,Thursday
2026-01-22 01:12:43,VantageMarkets Raw,EURUSD,1.16811,1.16814,3e-05,3,Sydney,Thursday
2026-01-22 01:12:44,VantageMarkets Raw,GBPUSD,1.34269,1.3427,1e-05,1,Sydney,Thursday
2026-01-22 01:12:45,VantageMarkets Raw,USDJPY,158.305,158.306,0.001,1,Sydney,Thursday
2026-01-22 01:12:46,VantageMarkets Raw,AUDUSD,0.67571,0.67575,4e-05,4,Sydney,Thursday
2026-01-22 01:12:49,FPMarkets Raw,XAUUSD,4813.65,4813.72,0.07,7,Sydney,Thursday
2026-01-22 01:12:50,FPMarkets Raw,EURUSD,1.1681,1.16812,2e-05,2,Sydney,Thursday
2026-01-22 01:12:51,FPMarkets Raw,GBPUSD,1.34268,1.34273,5e-05,5,Sydney,Thursday
2026-01-22 01:12:52,FPMarkets Raw,USDJPY,158.302,158.306,0.004,4,Sydney,Thursday
2026-01-22 01:12:53,FPMarkets Raw,AUDUSD,0.67572,0.67576,4e-05,4,Sydney,Thursday
2026-01-22 01:12:55,8Cap Raw,XAUUSD,4813.34,4813.5,0.16,16,Sydney,Thursday
2026-01-22 01:12:55,8Cap Raw,EURUSD,1.1681,1.16812,2e-05,2,Sydney,Thursday
2026-01-22 01:12:56,8Cap Raw,GBPUSD,1.34268,1.34269,1e-05,1,Sydney,Thursday
2026-01-22 01:12:57,8Cap Raw,USDJPY,158.305,158.306,0.001,1,Sydney,Thursday
2026-01-22 01:12:57,8Cap Raw,AUDUSD,0.67572,0.67576,4e-05,4,Sydney,Thursday
2026-01-22 01:17:16,Pepperstone Razor,XAUUSD,4813.34,4813.5,0.16,16,Sydney,Thursday
2026-01-22 01:17:17,Pepperstone Razor,EURUSD,1.16805,1.16805,0.0,0,Sydney,Thursday
2026-01-22 01:17:18,Pepperstone Razor,GBPUSD,1.34255,1.34258,3e-05,3,Sydney,Thursday
2026-01-22 01:17:19,Pepperstone Razor,USDJPY,158.295,158.299,0.004,4,Sydney,Thursday
2026-01-22 01:17:20,Pepperstone Razor,AUDUSD,0.67578,0.67579,1e-05,1,Sydney,Thursday
2026-01-22 01:17:23,FusionMarkets Zero,XAUUSD,4812.56,4812.65,0.09,9,Sydney,Thursday
2026-01-22 01:17:24,FusionMarkets Zero,EURUSD,1.16806,1.16806,0.0,0,Sydney,Thursday
2026-01-22 01:17:25,FusionMarkets Zero,GBPUSD,1.34258,1.34258,0.0,0,Sydney,Thursday
2026-01-22 01:17:26,FusionMarkets Zero,USDJPY,158.299,158.299,0.0,0,Sydney,Thursday
2026-01-22 01:17:27,FusionMarkets Zero,AUDUSD,0.67579,0.67579,0.0,0,Sydney,Thursday
2026-01-22 01:17:30,ThinkMarkets ThinkZero,XAUUSD,4809.41,4809.49,0.08,8,Sydney,Thursday
2026-01-22 01:17:31,ThinkMarkets ThinkZero,EURUSD,1.16806,1.16808,2e-05,2,Sydney,Thursday
2026-01-22 01:17:32,ThinkMarkets ThinkZero,GBPUSD,1.34253,1.34258,5e-05,5,Sydney,Thursday
2026-01-22 01:17:33,ThinkMarkets ThinkZero,USDJPY,158.295,158.302,0.007,7,Sydney,Thursday
2026-01-22 01:17:33,ThinkMarkets ThinkZero,AUDUSD,0.67578,0.67583,5e-05,5,Sydney,Thursday
2026-01-22 01:17:36,ICMarkets Raw,XAUUSD,4807.94,4808.05,0.11,11,Sydney,Thursday
2026-01-22 01:17:37,ICMarkets Raw,EURUSD,1.16808,1.16808,0.0,0,Sydney,Thursday
2026-01-22 01:17:38,ICMarkets Raw,GBPUSD,1.34258,1.34259,1e-05,1,Sydney,Thursday
2026-01-22 01:17:39,ICMarkets Raw,USDJPY,158.298,158.298,0.0,0,Sydney,Thursday
2026-01-22 01:17:40,ICMarkets Raw,AUDUSD,0.67579,0.67579,0.0,0,Sydney,Thursday
2026-01-22 01:17:43,VantageMarkets Raw,XAUUSD,4806.86,4806.94,0.08,8,Sydney,Thursday
2026-01-22 01:17:44,VantageMarkets Raw,EURUSD,1.16808,1.16809,1e-05,1,Sydney,Thursday
2026-01-22 01:17:45,VantageMarkets Raw,GBPUSD,1.34256,1.34257,1e-05,1,Sydney,Thursday
2026-01-22 01:17:45,VantageMarkets Raw,USDJPY,158.298,158.299,0.001,1,Sydney,Thursday
2026-01-22 01:17:46,VantageMarkets Raw,AUDUSD,0.67578,0.67582,4e-05,4,Sydney,Thursday
2026-01-22 01:17:50,FPMarkets Raw,XAUUSD,4805.86,4805.93,0.07,7,Sydney,Thursday
2026-01-22 01:17:51,FPMarkets Raw,EURUSD,1.16807,1.16809,2e-05,2,Sydney,Thursday
2026-01-22 01:17:52,FPMarkets Raw,GBPUSD,1.34257,1.34258,1e-05,1,Sydney,Thursday
2026-01-22 01:17:53,FPMarkets Raw,USDJPY,158.298,158.303,0.005,5,Sydney,Thursday
2026-01-22 01:17:54,FPMarkets Raw,AUDUSD,0.67581,0.67586,5e-05,5,Sydney,Thursday
2026-01-22 01:17:55,8Cap Raw,XAUUSD,4805.01,4805.17,0.16,16,Sydney,Thursday
2026-01-22 01:17:56,8Cap Raw,EURUSD,1.16808,1.16808,0.0,0,Sydney,Thursday
2026-01-22 01:17:57,8Cap Raw,GBPUSD,1.34256,1.34257,1e-05,1,Sydney,Thursday
2026-01-22 01:17:57,8Cap Raw,USDJPY,158.298,158.299,0.001,1,Sydney,Thursday
2026-01-22 01:17:58,8Cap Raw,AUDUSD,0.67581,0.67583,2e-05,2,Sydney,Thursday
2026-01-22 01:22:17,Pepperstone Razor,XAUUSD,4805.15,4805.3,0.15,15,Sydney,Thursday
2026-01-22 01:22:17,Pepperstone Razor,EURUSD,1.16795,1.16796,1e-05,1,Sydney,Thursday
2026-01-22 01:22:18,Pepperstone Razor,GBPUSD,1.34241,1.34243,2e-05,2,Sydney,Thursday
2026-01-22 01:22:19,Pepperstone Razor,USDJPY,158.333,158.337,0.004,4,Sydney,Thursday
2026-01-22 01:22:20,Pepperstone Razor,AUDUSD,0.67564,0.67566,2e-05,2,Sydney,Thursday
2026-01-22 01:22:23,FusionMarkets Zero,XAUUSD,4804.67,4804.74,0.07,7,Sydney,Thursday
2026-01-22 01:22:24,FusionMarkets Zero,EURUSD,1.16793,1.16793,0.0,0,Sydney,Thursday
2026-01-22 01:22:25,FusionMarkets Zero,GBPUSD,1.34241,1.34241,0.0,0,Sydney,Thursday
2026-01-22 01:22:26,FusionMarkets Zero,USDJPY,158.337,158.338,0.001,1,Sydney,Thursday
2026-01-22 01:22:27,FusionMarkets Zero,AUDUSD,0.67564,0.67564,0.0,0,Sydney,Thursday
2026-01-22 01:22:30,ThinkMarkets ThinkZero,XAUUSD,4805.06,4805.14,0.08,8,Sydney,Thursday
2026-01-22 01:22:31,ThinkMarkets ThinkZero,EURUSD,1.16792,1.16793,1e-05,1,Sydney,Thursday
2026-01-22 01:22:32,ThinkMarkets ThinkZero,GBPUSD,1.34235,1.34241,6e-05,6,Sydney,Thursday
2026-01-22 01:22:33,ThinkMarkets ThinkZero,USDJPY,158.335,158.341,0.006,6,Sydney,Thursday
2026-01-22 01:22:34,ThinkMarkets ThinkZero,AUDUSD,0.67562,0.67566,4e-05,4,Sydney,Thursday
2026-01-22 01:22:37,ICMarkets Raw,XAUUSD,4804.48,4804.53,0.05,5,Sydney,Thursday
2026-01-22 01:22:38,ICMarkets Raw,EURUSD,1.16792,1.16793,1e-05,1,Sydney,Thursday
2026-01-22 01:22:39,ICMarkets Raw,GBPUSD,1.34241,1.34242,1e-05,1,Sydney,Thursday
2026-01-22 01:22:40,ICMarkets Raw,USDJPY,158.351,158.353,0.002,2,Sydney,Thursday
2026-01-22 01:22:40,ICMarkets Raw,AUDUSD,0.67564,0.67564,0.0,0,Sydney,Thursday
2026-01-22 01:22:43,VantageMarkets Raw,XAUUSD,4804.44,4804.52,0.08,8,Sydney,Thursday
2026-01-22 01:22:44,VantageMarkets Raw,EURUSD,1.1679,1.16791,1e-05,1,Sydney,Thursday
2026-01-22 01:22:45,VantageMarkets Raw,GBPUSD,1.34241,1.34242,1e-05,1,Sydney,Thursday
2026-01-22 01:22:46,VantageMarkets Raw,USDJPY,158.345,158.353,0.008,8,Sydney,Thursday
2026-01-22 01:22:47,VantageMarkets Raw,AUDUSD,0.67562,0.67564,2e-05,2,Sydney,Thursday
2026-01-22 01:22:50,FPMarkets Raw,XAUUSD,4804.32,4804.39,0.07,7,Sydney,Thursday
2026-01-22 01:22:51,FPMarkets Raw,EURUSD,1.16792,1.16793,1e-05,1,Sydney,Thursday
2026-01-22 01:22:52,FPMarkets Raw,GBPUSD,1.34241,1.34241,0.0,0,Sydney,Thursday
2026-01-22 01:22:53,FPMarkets Raw,USDJPY,158.346,158.351,0.005,5,Sydney,Thursday
2026-01-22 01:22:54,FPMarkets Raw,AUDUSD,0.67562,0.67567,5e-05,5,Sydney,Thursday
2026-01-22 01:22:56,8Cap Raw,XAUUSD,4803.94,4804.1,0.16,16,Sydney,Thursday
2026-01-22 01:22:57,8Cap Raw,EURUSD,1.1679,1.1679,0.0,0,Sydney,Thursday
2026-01-22 01:22:57,8Cap Raw,GBPUSD,1.3424,1.34241,1e-05,1,Sydney,Thursday
2026-01-22 01:22:58,8Cap Raw,USDJPY,158.346,158.351,0.005,5,Sydney,Thursday
2026-01-22 01:22:59,8Cap Raw,AUDUSD,0.67562,0.67566,4e-05,4,Sydney,Thursday
2026-01-22 01:27:17,Pepperstone Razor,XAUUSD,4789.6,4790.09,0.49,49,Sydney,Thursday
2026-01-22 01:27:18,Pepperstone Razor,EURUSD,1.16776,1.16776,0.0,0,Sydney,Thursday
2026-01-22 01:27:19,Pepperstone Razor,GBPUSD,1.3423,1.34233,3e-05,3,Sydney,Thursday
2026-01-22 01:27:19,Pepperstone Razor,USDJPY,158.344,158.347,0.003,3,Sydney,Thursday
2026-01-22 01:27:20,Pepperstone Razor,AUDUSD,0.67559,0.67559,0.0,0,Sydney,Thursday
2026-01-22 01:27:24,FusionMarkets Zero,XAUUSD,4788.96,4789.1,0.14,14,Sydney,Thursday
2026-01-22 01:27:24,FusionMarkets Zero,EURUSD,1.16778,1.16778,0.0,0,Sydney,Thursday
2026-01-22 01:27:25,FusionMarkets Zero,GBPUSD,1.34229,1.34229,0.0,0,Sydney,Thursday
2026-01-22 01:27:26,FusionMarkets Zero,USDJPY,158.346,158.346,0.0,0,Sydney,Thursday
2026-01-22 01:27:27,FusionMarkets Zero,AUDUSD,0.67562,0.67562,0.0,0,Sydney,Thursday
2026-01-22 01:27:30,ThinkMarkets ThinkZero,XAUUSD,4787.59,4787.67,0.08,8,Sydney,Thursday
2026-01-22 01:27:31,ThinkMarkets ThinkZero,EURUSD,1.16777,1.16781,4e-05,4,Sydney,Thursday
2026-01-22 01:27:32,ThinkMarkets ThinkZero,GBPUSD,1.34224,1.34232,8e-05,8,Sydney,Thursday
2026-01-22 01:27:33,ThinkMarkets ThinkZero,USDJPY,158.342,158.346,0.004,4,Sydney,Thursday
2026-01-22 01:27:34,ThinkMarkets ThinkZero,AUDUSD,0.67558,0.67563,5e-05,5,Sydney,Thursday
2026-01-22 01:27:37,ICMarkets Raw,XAUUSD,4785.0,4785.38,0.38,38,Sydney,Thursday
2026-01-22 01:27:38,ICMarkets Raw,EURUSD,1.16778,1.16779,1e-05,1,Sydney,Thursday
2026-01-22 01:27:39,ICMarkets Raw,GBPUSD,1.34229,1.3423,1e-05,1,Sydney,Thursday
2026-01-22 01:27:40,ICMarkets Raw,USDJPY,158.346,158.346,0.0,0,Sydney,Thursday
2026-01-22 01:27:41,ICMarkets Raw,AUDUSD,0.67561,0.67561,0.0,0,Sydney,Thursday
2026-01-22 01:27:43,VantageMarkets Raw,XAUUSD,4785.27,4785.35,0.08,8,Sydney,Thursday
2026-01-22 01:27:44,VantageMarkets Raw,EURUSD,1.16778,1.1678,2e-05,2,Sydney,Thursday
2026-01-22 01:27:45,VantageMarkets Raw,GBPUSD,1.34229,1.3423,1e-05,1,Sydney,Thursday
2026-01-22 01:27:46,VantageMarkets Raw,USDJPY,158.346,158.347,0.001,1,Sydney,Thursday
2026-01-22 01:27:47,VantageMarkets Raw,AUDUSD,0.67559,0.67562,3e-05,3,Sydney,Thursday
2026-01-22 01:27:50,FPMarkets Raw,XAUUSD,4790.54,4790.61,0.07,7,Sydney,Thursday
2026-01-22 01:27:51,FPMarkets Raw,EURUSD,1.1678,1.16781,1e-05,1,Sydney,Thursday
2026-01-22 01:27:52,FPMarkets Raw,GBPUSD,1.34228,1.34233,5e-05,5,Sydney,Thursday
2026-01-22 01:27:53,FPMarkets Raw,USDJPY,158.329,158.334,0.005,5,Sydney,Thursday
2026-01-22 01:27:54,FPMarkets Raw,AUDUSD,0.67559,0.67561,2e-05,2,Sydney,Thursday
2026-01-22 01:27:55,8Cap Raw,XAUUSD,4791.94,4792.1,0.16,16,Sydney,Thursday
2026-01-22 01:27:56,8Cap Raw,EURUSD,1.16779,1.1678,1e-05,1,Sydney,Thursday
2026-01-22 01:27:57,8Cap Raw,GBPUSD,1.34231,1.34232,1e-05,1,Sydney,Thursday
2026-01-22 01:27:58,8Cap Raw,USDJPY,158.343,158.344,0.001,1,Sydney,Thursday
2026-01-22 01:27:58,8Cap Raw,AUDUSD,0.6756,0.67562,2e-05,2,Sydney,Thursday
2026-01-22 01:32:17,Pepperstone Razor,XAUUSD,4801.3,4801.46,0.16,16,Sydney,Thursday
2026-01-22 01:32:18,Pepperstone Razor,EURUSD,1.16755,1.16755,0.0,0,Sydney,Thursday
2026-01-22 01:32:18,Pepperstone Razor,GBPUSD,1.34228,1.34231,3e-05,3,Sydney,Thursday
2026-01-22 01:32:19,Pepperstone Razor,USDJPY,158.353,158.356,0.003,3,Sydney,Thursday
2026-01-22 01:32:20,Pepperstone Razor,AUDUSD,0.67548,0.67549,1e-05,1,Sydney,Thursday
2026-01-22 01:32:24,FusionMarkets Zero,XAUUSD,4801.7,4801.76,0.06,6,Sydney,Thursday
2026-01-22 01:32:25,FusionMarkets Zero,EURUSD,1.1674,1.1674,0.0,0,Sydney,Thursday
2026-01-22 01:32:26,FusionMarkets Zero,GBPUSD,1.3423,1.3423,0.0,0,Sydney,Thursday
2026-01-22 01:32:26,FusionMarkets Zero,USDJPY,158.353,158.353,0.0,0,Sydney,Thursday
2026-01-22 01:32:27,FusionMarkets Zero,AUDUSD,0.67545,0.67545,0.0,0,Sydney,Thursday
2026-01-22 01:32:31,ThinkMarkets ThinkZero,XAUUSD,4801.69,4801.77,0.08,8,Sydney,Thursday
2026-01-22 01:32:32,ThinkMarkets ThinkZero,EURUSD,1.1675,1.16753,3e-05,3,Sydney,Thursday
2026-01-22 01:32:33,ThinkMarkets ThinkZero,GBPUSD,1.34227,1.34235,8e-05,8,Sydney,Thursday
2026-01-22 01:32:34,ThinkMarkets ThinkZero,USDJPY,158.355,158.359,0.004,4,Sydney,Thursday
2026-01-22 01:32:34,ThinkMarkets ThinkZero,AUDUSD,0.67544,0.67549,5e-05,5,Sydney,Thursday
2026-01-22 01:32:38,ICMarkets Raw,XAUUSD,4799.51,4799.6,0.09,9,Sydney,Thursday
2026-01-22 01:32:39,ICMarkets Raw,EURUSD,1.16736,1.16736,0.0,0,Sydney,Thursday
2026-01-22 01:32:40,ICMarkets Raw,GBPUSD,1.34222,1.34225,3e-05,3,Sydney,Thursday
2026-01-22 01:32:41,ICMarkets Raw,USDJPY,158.367,158.368,0.001,1,Sydney,Thursday
2026-01-22 01:32:42,ICMarkets Raw,AUDUSD,0.67544,0.67544,0.0,0,Sydney,Thursday
2026-01-22 01:32:44,VantageMarkets Raw,XAUUSD,4797.85,4797.93,0.08,8,Sydney,Thursday
2026-01-22 01:32:45,VantageMarkets Raw,EURUSD,1.16731,1.16736,5e-05,5,Sydney,Thursday
2026-01-22 01:32:46,VantageMarkets Raw,GBPUSD,1.34222,1.34224,2e-05,2,Sydney,Thursday
2026-01-22 01:32:47,VantageMarkets Raw,USDJPY,158.372,158.376,0.004,4,Sydney,Thursday
2026-01-22 01:32:48,VantageMarkets Raw,AUDUSD,0.67538,0.67542,4e-05,4,Sydney,Thursday
2026-01-22 01:32:51,FPMarkets Raw,XAUUSD,4798.36,4798.43,0.07,7,Sydney,Thursday
2026-01-22 01:32:52,FPMarkets Raw,EURUSD,1.16716,1.16718,2e-05,2,Sydney,Thursday
2026-01-22 01:32:53,FPMarkets Raw,GBPUSD,1.3421,1.34216,6e-05,6,Sydney,Thursday
2026-01-22 01:32:54,FPMarkets Raw,USDJPY,158.373,158.377,0.004,4,Sydney,Thursday
2026-01-22 01:32:55,FPMarkets Raw,AUDUSD,0.67541,0.67544,3e-05,3,Sydney,Thursday
2026-01-22 01:32:57,8Cap Raw,XAUUSD,4799.38,4799.54,0.16,16,Sydney,Thursday
2026-01-22 01:32:58,8Cap Raw,EURUSD,1.16718,1.1672,2e-05,2,Sydney,Thursday
2026-01-22 01:32:58,8Cap Raw,GBPUSD,1.34213,1.34217,4e-05,4,Sydney,Thursday
2026-01-22 01:32:59,8Cap Raw,USDJPY,158.386,158.389,0.003,3,Sydney,Thursday
2026-01-22 01:33:00,8Cap Raw,AUDUSD,0.67539,0.67542,3e-05,3,Sydney,Thursday
2026-01-22 01:37:18,Pepperstone Razor,XAUUSD,4797.82,4798.08,0.26,26,Sydney,Thursday
2026-01-22 01:37:19,Pepperstone Razor,EURUSD,1.16728,1.16728,0.0,0,Sydney,Thursday
2026-01-22 01:37:20,Pepperstone Razor,GBPUSD,1.34214,1.34215,1e-05,1,Sydney,Thursday
2026-01-22 01:37:21,Pepperstone Razor,USDJPY,158.372,158.376,0.004,4,Sydney,Thursday
2026-01-22 01:37:22,Pepperstone Razor,AUDUSD,0.67547,0.67547,0.0,0,Sydney,Thursday
2026-01-22 01:37:25,FusionMarkets Zero,XAUUSD,4797.31,4797.45,0.14,14,Sydney,Thursday
2026-01-22 01:37:26,FusionMarkets Zero,EURUSD,1.16732,1.16732,0.0,0,Sydney,Thursday
2026-01-22 01:37:27,FusionMarkets Zero,GBPUSD,1.34216,1.34216,0.0,0,Sydney,Thursday
2026-01-22 01:37:28,FusionMarkets Zero,USDJPY,158.371,158.371,0.0,0,Sydney,Thursday
2026-01-22 01:37:29,FusionMarkets Zero,AUDUSD,0.6755,0.6755,0.0,0,Sydney,Thursday
2026-01-22 01:37:32,ThinkMarkets ThinkZero,XAUUSD,4797.4,4797.48,0.08,8,Sydney,Thursday
2026-01-22 01:37:33,ThinkMarkets ThinkZero,EURUSD,1.1674,1.16744,4e-05,4,Sydney,Thursday
2026-01-22 01:37:34,ThinkMarkets ThinkZero,GBPUSD,1.34216,1.34222,6e-05,6,Sydney,Thursday
2026-01-22 01:37:35,ThinkMarkets ThinkZero,USDJPY,158.37,158.374,0.004,4,Sydney,Thursday
2026-01-22 01:37:36,ThinkMarkets ThinkZero,AUDUSD,0.67549,0.67553,4e-05,4,Sydney,Thursday
2026-01-22 01:37:39,ICMarkets Raw,XAUUSD,4794.36,4794.48,0.12,12,Sydney,Thursday
2026-01-22 01:37:40,ICMarkets Raw,EURUSD,1.16744,1.16745,1e-05,1,Sydney,Thursday
2026-01-22 01:37:41,ICMarkets Raw,GBPUSD,1.34222,1.34223,1e-05,1,Sydney,Thursday
2026-01-22 01:37:42,ICMarkets Raw,USDJPY,158.37,158.372,0.002,2,Sydney,Thursday
2026-01-22 01:37:43,ICMarkets Raw,AUDUSD,0.67551,0.67551,0.0,0,Sydney,Thursday
2026-01-22 01:37:45,VantageMarkets Raw,XAUUSD,4795.41,4795.49,0.08,8,Sydney,Thursday
2026-01-22 01:37:46,VantageMarkets Raw,EURUSD,1.16755,1.16759,4e-05,4,Sydney,Thursday
2026-01-22 01:37:47,VantageMarkets Raw,GBPUSD,1.34227,1.34228,1e-05,1,Sydney,Thursday
2026-01-22 01:37:48,VantageMarkets Raw,USDJPY,158.357,158.36,0.003,3,Sydney,Thursday
2026-01-22 01:37:49,VantageMarkets Raw,AUDUSD,0.67553,0.67557,4e-05,4,Sydney,Thursday
2026-01-22 01:37:52,FPMarkets Raw,XAUUSD,4796.18,4796.25,0.07,7,Sydney,Thursday
2026-01-22 01:37:53,FPMarkets Raw,EURUSD,1.16759,1.1676,1e-05,1,Sydney,Thursday
2026-01-22 01:37:54,FPMarkets Raw,GBPUSD,1.34225,1.3423,5e-05,5,Sydney,Thursday
2026-01-22 01:37:55,FPMarkets Raw,USDJPY,158.358,158.362,0.004,4,Sydney,Thursday
2026-01-22 01:37:56,FPMarkets Raw,AUDUSD,0.67553,0.67556,3e-05,3,Sydney,Thursday
2026-01-22 01:37:58,8Cap Raw,XAUUSD,4796.32,4796.48,0.16,16,Sydney,Thursday
2026-01-22 01:37:59,8Cap Raw,EURUSD,1.16761,1.16763,2e-05,2,Sydney,Thursday
2026-01-22 01:37:59,8Cap Raw,GBPUSD,1.34228,1.34229,1e-05,1,Sydney,Thursday
2026-01-22 01:38:00,8Cap Raw,USDJPY,158.357,158.358,0.001,1,Sydney,Thursday
2026-01-22 01:38:01,8Cap Raw,AUDUSD,0.67553,0.67557,4e-05,4,Sydney,Thursday
2026-01-22 01:42:17,Pepperstone Razor,XAUUSD,4794.13,4794.43,0.3,30,Sydney,Thursday
2026-01-22 01:42:18,Pepperstone Razor,EURUSD,1.16754,1.16754,0.0,0,Sydney,Thursday
2026-01-22 01:42:18,Pepperstone Razor,GBPUSD,1.34209,1.34212,3e-05,3,Sydney,Thursday
2026-01-22 01:42:19,Pepperstone Razor,USDJPY,158.385,158.388,0.003,3,Sydney,Thursday
2026-01-22 01:42:20,Pepperstone Razor,AUDUSD,0.67549,0.67549,0.0,0,Sydney,Thursday
2026-01-22 01:42:24,FusionMarkets Zero,XAUUSD,4793.17,4793.23,0.06,6,Sydney,Thursday
2026-01-22 01:42:25,FusionMarkets Zero,EURUSD,1.16753,1.16753,0.0,0,Sydney,Thursday
2026-01-22 01:42:26,FusionMarkets Zero,GBPUSD,1.34208,1.34208,0.0,0,Sydney,Thursday
2026-01-22 01:42:27,FusionMarkets Zero,USDJPY,158.394,158.394,0.0,0,Sydney,Thursday
2026-01-22 01:42:28,FusionMarkets Zero,AUDUSD,0.67549,0.67549,0.0,0,Sydney,Thursday
2026-01-22 01:42:31,ThinkMarkets ThinkZero,XAUUSD,4792.35,4792.43,0.08,8,Sydney,Thursday
2026-01-22 01:42:32,ThinkMarkets ThinkZero,EURUSD,1.16748,1.16749,1e-05,1,Sydney,Thursday
2026-01-22 01:42:33,ThinkMarkets ThinkZero,GBPUSD,1.34205,1.34213,8e-05,8,Sydney,Thursday
2026-01-22 01:42:34,ThinkMarkets ThinkZero,USDJPY,158.394,158.398,0.004,4,Sydney,Thursday
2026-01-22 01:42:35,ThinkMarkets ThinkZero,AUDUSD,0.67546,0.6755,4e-05,4,Sydney,Thursday
2026-01-22 01:42:38,ICMarkets Raw,XAUUSD,4791.35,4791.53,0.18,18,Sydney,Thursday
2026-01-22 01:42:39,ICMarkets Raw,EURUSD,1.16745,1.16745,0.0,0,Sydney,Thursday
2026-01-22 01:42:40,ICMarkets Raw,GBPUSD,1.34209,1.3421,1e-05,1,Sydney,Thursday
2026-01-22 01:42:41,ICMarkets Raw,USDJPY,158.399,158.399,0.0,0,Sydney,Thursday
2026-01-22 01:42:41,ICMarkets Raw,AUDUSD,0.6755,0.6755,0.0,0,Sydney,Thursday
2026-01-22 01:42:45,VantageMarkets Raw,XAUUSD,4790.85,4790.93,0.08,8,Sydney,Thursday
2026-01-22 01:42:46,VantageMarkets Raw,EURUSD,1.16748,1.1675,2e-05,2,Sydney,Thursday
2026-01-22 01:42:47,VantageMarkets Raw,GBPUSD,1.34209,1.3421,1e-05,1,Sydney,Thursday
2026-01-22 01:42:47,VantageMarkets Raw,USDJPY,158.402,158.403,0.001,1,Sydney,Thursday
2026-01-22 01:42:48,VantageMarkets Raw,AUDUSD,0.67549,0.67552,3e-05,3,Sydney,Thursday
2026-01-22 01:42:52,FPMarkets Raw,XAUUSD,4791.53,4791.6,0.07,7,Sydney,Thursday
2026-01-22 01:42:53,FPMarkets Raw,EURUSD,1.16746,1.16748,2e-05,2,Sydney,Thursday
2026-01-22 01:42:54,FPMarkets Raw,GBPUSD,1.34208,1.34209,1e-05,1,Sydney,Thursday
2026-01-22 01:42:54,FPMarkets Raw,USDJPY,158.399,158.403,0.004,4,Sydney,Thursday
2026-01-22 01:42:55,FPMarkets Raw,AUDUSD,0.67553,0.67556,3e-05,3,Sydney,Thursday
2026-01-22 01:42:57,8Cap Raw,XAUUSD,4791.73,4791.89,0.16,16,Sydney,Thursday
2026-01-22 01:42:58,8Cap Raw,EURUSD,1.16747,1.16748,1e-05,1,Sydney,Thursday
2026-01-22 01:42:59,8Cap Raw,GBPUSD,1.34208,1.34209,1e-05,1,Sydney,Thursday
2026-01-22 01:42:59,8Cap Raw,USDJPY,158.401,158.402,0.001,1,Sydney,Thursday
2026-01-22 01:43:00,8Cap Raw,AUDUSD,0.6755,0.67554,4e-05,4,Sydney,Thursday
2026-01-22 01:47:17,Pepperstone Razor,XAUUSD,4787.89,4788.12,0.23,23,Sydney,Thursday
2026-01-22 01:47:18,Pepperstone Razor,EURUSD,1.16743,1.16744,1e-05,1,Sydney,Thursday
2026-01-22 01:47:19,Pepperstone Razor,GBPUSD,1.34203,1.34205,2e-05,2,Sydney,Thursday
2026-01-22 01:47:20,Pepperstone Razor,USDJPY,158.363,158.365,0.002,2,Sydney,Thursday
2026-01-22 01:47:20,Pepperstone Razor,AUDUSD,0.67557,0.67558,1e-05,1,Sydney,Thursday
2026-01-22 01:47:24,FusionMarkets Zero,XAUUSD,4786.31,4786.46,0.15,15,Sydney,Thursday
2026-01-22 01:47:25,FusionMarkets Zero,EURUSD,1.16725,1.16725,0.0,0,Sydney,Thursday
2026-01-22 01:47:26,FusionMarkets Zero,GBPUSD,1.34206,1.34206,0.0,0,Sydney,Thursday
2026-01-22 01:47:27,FusionMarkets Zero,USDJPY,158.371,158.373,0.002,2,Sydney,Thursday
2026-01-22 01:47:28,FusionMarkets Zero,AUDUSD,0.67556,0.67556,0.0,0,Sydney,Thursday
2026-01-22 01:47:31,ThinkMarkets ThinkZero,XAUUSD,4786.53,4786.61,0.08,8,Sydney,Thursday
2026-01-22 01:47:32,ThinkMarkets ThinkZero,EURUSD,1.16739,1.1674,1e-05,1,Sydney,Thursday
2026-01-22 01:47:33,ThinkMarkets ThinkZero,GBPUSD,1.34201,1.34207,6e-05,6,Sydney,Thursday
2026-01-22 01:47:34,ThinkMarkets ThinkZero,USDJPY,158.362,158.367,0.005,5,Sydney,Thursday
2026-01-22 01:47:35,ThinkMarkets ThinkZero,AUDUSD,0.67555,0.6756,5e-05,5,Sydney,Thursday
2026-01-22 01:47:38,ICMarkets Raw,XAUUSD,4786.61,4786.76,0.15,15,Sydney,Thursday
2026-01-22 01:47:39,ICMarkets Raw,EURUSD,1.16739,1.1674,1e-05,1,Sydney,Thursday
2026-01-22 01:47:40,ICMarkets Raw,GBPUSD,1.34206,1.34207,1e-05,1,Sydney,Thursday
2026-01-22 01:47:41,ICMarkets Raw,USDJPY,158.367,158.367,0.0,0,Sydney,Thursday
2026-01-22 01:47:42,ICMarkets Raw,AUDUSD,0.67559,0.67559,0.0,0,Sydney,Thursday
2026-01-22 01:47:44,VantageMarkets Raw,XAUUSD,4786.13,4786.21,0.08,8,Sydney,Thursday
2026-01-22 01:47:45,VantageMarkets Raw,EURUSD,1.16725,1.16727,2e-05,2,Sydney,Thursday
2026-01-22 01:47:46,VantageMarkets Raw,GBPUSD,1.34208,1.34211,3e-05,3,Sydney,Thursday
2026-01-22 01:47:47,VantageMarkets Raw,USDJPY,158.369,158.376,0.007,7,Sydney,Thursday
2026-01-22 01:47:48,VantageMarkets Raw,AUDUSD,0.67557,0.6756,3e-05,3,Sydney,Thursday
2026-01-22 01:47:51,FPMarkets Raw,XAUUSD,4786.1,4786.17,0.07,7,Sydney,Thursday
2026-01-22 01:47:52,FPMarkets Raw,EURUSD,1.16726,1.16727,1e-05,1,Sydney,Thursday
2026-01-22 01:47:53,FPMarkets Raw,GBPUSD,1.34198,1.34203,5e-05,5,Sydney,Thursday
2026-01-22 01:47:54,FPMarkets Raw,USDJPY,158.373,158.377,0.004,4,Sydney,Thursday
2026-01-22 01:47:55,FPMarkets Raw,AUDUSD,0.67554,0.67557,3e-05,3,Sydney,Thursday
2026-01-22 01:47:57,8Cap Raw,XAUUSD,4785.78,4785.94,0.16,16,Sydney,Thursday
2026-01-22 01:47:58,8Cap Raw,EURUSD,1.16728,1.16728,0.0,0,Sydney,Thursday
2026-01-22 01:47:58,8Cap Raw,GBPUSD,1.34196,1.34204,8e-05,8,Sydney,Thursday
2026-01-22 01:47:59,8Cap Raw,USDJPY,158.369,158.374,0.005,5,Sydney,Thursday
2026-01-22 01:48:00,8Cap Raw,AUDUSD,0.67552,0.67556,4e-05,4,Sydney,Thursday
2026-01-22 01:52:17,Pepperstone Razor,XAUUSD,4796.47,4796.67,0.2,20,Sydney,Thursday
2026-01-22 01:52:18,Pepperstone Razor,EURUSD,1.16742,1.16742,0.0,0,Sydney,Thursday
2026-01-22 01:52:18,Pepperstone Razor,GBPUSD,1.34211,1.34214,3e-05,3,Sydney,Thursday
2026-01-22 01:52:19,Pepperstone Razor,USDJPY,158.408,158.411,0.003,3,Sydney,Thursday
2026-01-22 01:52:20,Pepperstone Razor,AUDUSD,0.67565,0.67566,1e-05,1,Sydney,Thursday
2026-01-22 01:52:24,FusionMarkets Zero,XAUUSD,4797.28,4797.35,0.07,7,Sydney,Thursday
2026-01-22 01:52:25,FusionMarkets Zero,EURUSD,1.16743,1.16743,0.0,0,Sydney,Thursday
2026-01-22 01:52:26,FusionMarkets Zero,GBPUSD,1.34224,1.34224,0.0,0,Sydney,Thursday
2026-01-22 01:52:27,FusionMarkets Zero,USDJPY,158.406,158.408,0.002,2,Sydney,Thursday
2026-01-22 01:52:28,FusionMarkets Zero,AUDUSD,0.67564,0.67564,0.0,0,Sydney,Thursday
2026-01-22 01:52:31,ThinkMarkets ThinkZero,XAUUSD,4796.51,4796.59,0.08,8,Sydney,Thursday
2026-01-22 01:52:32,ThinkMarkets ThinkZero,EURUSD,1.16741,1.16743,2e-05,2,Sydney,Thursday
2026-01-22 01:52:33,ThinkMarkets ThinkZero,GBPUSD,1.34221,1.34225,4e-05,4,Sydney,Thursday
2026-01-22 01:52:34,ThinkMarkets ThinkZero,USDJPY,158.409,158.413,0.004,4,Sydney,Thursday
2026-01-22 01:52:35,ThinkMarkets ThinkZero,AUDUSD,0.67561,0.67567,6e-05,6,Sydney,Thursday
2026-01-22 01:52:38,ICMarkets Raw,XAUUSD,4796.53,4796.62,0.09,9,Sydney,Thursday
2026-01-22 01:52:39,ICMarkets Raw,EURUSD,1.16743,1.16744,1e-05,1,Sydney,Thursday
2026-01-22 01:52:40,ICMarkets Raw,GBPUSD,1.34223,1.34224,1e-05,1,Sydney,Thursday
2026-01-22 01:52:41,ICMarkets Raw,USDJPY,158.411,158.411,0.0,0,Sydney,Thursday
2026-01-22 01:52:42,ICMarkets Raw,AUDUSD,0.67564,0.67564,0.0,0,Sydney,Thursday
2026-01-22 01:52:45,VantageMarkets Raw,XAUUSD,4796.98,4797.06,0.08,8,Sydney,Thursday
2026-01-22 01:52:46,VantageMarkets Raw,EURUSD,1.16741,1.16743,2e-05,2,Sydney,Thursday
2026-01-22 01:52:47,VantageMarkets Raw,GBPUSD,1.34219,1.34224,5e-05,5,Sydney,Thursday
2026-01-22 01:52:47,VantageMarkets Raw,USDJPY,158.41,158.414,0.004,4,Sydney,Thursday
2026-01-22 01:52:48,VantageMarkets Raw,AUDUSD,0.67562,0.67565,3e-05,3,Sydney,Thursday
2026-01-22 01:52:52,FPMarkets Raw,XAUUSD,4797.2,4797.27,0.07,7,Sydney,Thursday
2026-01-22 01:52:53,FPMarkets Raw,EURUSD,1.16742,1.16743,1e-05,1,Sydney,Thursday
2026-01-22 01:52:53,FPMarkets Raw,GBPUSD,1.34217,1.34223,6e-05,6,Sydney,Thursday
2026-01-22 01:52:54,FPMarkets Raw,USDJPY,158.411,158.415,0.004,4,Sydney,Thursday
2026-01-22 01:52:55,FPMarkets Raw,AUDUSD,0.67563,0.67566,3e-05,3,Sydney,Thursday
2026-01-22 01:52:57,8Cap Raw,XAUUSD,4795.97,4796.13,0.16,16,Sydney,Thursday
2026-01-22 01:52:58,8Cap Raw,EURUSD,1.16742,1.16743,1e-05,1,Sydney,Thursday
2026-01-22 01:52:59,8Cap Raw,GBPUSD,1.34216,1.34223,7e-05,7,Sydney,Thursday
2026-01-22 01:52:59,8Cap Raw,USDJPY,158.411,158.413,0.002,2,Sydney,Thursday
2026-01-22 01:53:00,8Cap Raw,AUDUSD,0.67562,0.67566,4e-05,4,Sydney,Thursday
2026-01-22 01:57:17,Pepperstone Razor,XAUUSD,4790.71,4790.86,0.15,15,Sydney,Thursday
2026-01-22 01:57:18,Pepperstone Razor,EURUSD,1.16734,1.16734,0.0,0,Sydney,Thursday
2026-01-22 01:57:18,Pepperstone Razor,GBPUSD,1.34191,1.34193,2e-05,2,Sydney,Thursday
2026-01-22 01:57:19,Pepperstone Razor,USDJPY,158.456,158.459,0.003,3,Sydney,Thursday
2026-01-22 01:57:20,Pepperstone Razor,AUDUSD,0.67548,0.67548,0.0,0,Sydney,Thursday
2026-01-22 01:57:24,FusionMarkets Zero,XAUUSD,4790.74,4790.8,0.06,6,Sydney,Thursday
2026-01-22 01:57:25,FusionMarkets Zero,EURUSD,1.16732,1.16732,0.0,0,Sydney,Thursday
2026-01-22 01:57:26,FusionMarkets Zero,GBPUSD,1.34194,1.34194,0.0,0,Sydney,Thursday
2026-01-22 01:57:27,FusionMarkets Zero,USDJPY,158.471,158.473,0.002,2,Sydney,Thursday
2026-01-22 01:57:28,FusionMarkets Zero,AUDUSD,0.67551,0.67551,0.0,0,Sydney,Thursday
2026-01-22 01:57:31,ThinkMarkets ThinkZero,XAUUSD,4790.82,4790.9,0.08,8,Sydney,Thursday
2026-01-22 01:57:32,ThinkMarkets ThinkZero,EURUSD,1.16732,1.16733,1e-05,1,Sydney,Thursday
2026-01-22 01:57:33,ThinkMarkets ThinkZero,GBPUSD,1.34189,1.34197,8e-05,8,Sydney,Thursday
2026-01-22 01:57:34,ThinkMarkets ThinkZero,USDJPY,158.457,158.463,0.006,6,Sydney,Thursday
2026-01-22 01:57:35,ThinkMarkets ThinkZero,AUDUSD,0.67547,0.67552,5e-05,5,Sydney,Thursday
2026-01-22 01:57:38,ICMarkets Raw,XAUUSD,4791.44,4791.49,0.05,5,Sydney,Thursday
2026-01-22 01:57:39,ICMarkets Raw,EURUSD,1.16733,1.16733,0.0,0,Sydney,Thursday
2026-01-22 01:57:40,ICMarkets Raw,GBPUSD,1.34195,1.34196,1e-05,1,Sydney,Thursday
2026-01-22 01:57:41,ICMarkets Raw,USDJPY,158.463,158.464,0.001,1,Sydney,Thursday
2026-01-22 01:57:42,ICMarkets Raw,AUDUSD,0.67549,0.67549,0.0,0,Sydney,Thursday
2026-01-22 01:57:45,VantageMarkets Raw,XAUUSD,4790.13,4790.21,0.08,8,Sydney,Thursday
2026-01-22 01:57:46,VantageMarkets Raw,EURUSD,1.16732,1.16734,2e-05,2,Sydney,Thursday
2026-01-22 01:57:47,VantageMarkets Raw,GBPUSD,1.34195,1.34196,1e-05,1,Sydney,Thursday
2026-01-22 01:57:47,VantageMarkets Raw,USDJPY,158.461,158.466,0.005,5,Sydney,Thursday
2026-01-22 01:57:48,VantageMarkets Raw,AUDUSD,0.67549,0.67552,3e-05,3,Sydney,Thursday
2026-01-22 01:57:52,FPMarkets Raw,XAUUSD,4790.55,4790.62,0.07,7,Sydney,Thursday
2026-01-22 01:57:53,FPMarkets Raw,EURUSD,1.16731,1.16733,2e-05,2,Sydney,Thursday
2026-01-22 01:57:54,FPMarkets Raw,GBPUSD,1.34191,1.34196,5e-05,5,Sydney,Thursday
2026-01-22 01:57:54,FPMarkets Raw,USDJPY,158.461,158.465,0.004,4,Sydney,Thursday
2026-01-22 01:57:55,FPMarkets Raw,AUDUSD,0.67548,0.67551,3e-05,3,Sydney,Thursday
2026-01-22 01:57:57,8Cap Raw,XAUUSD,4790.24,4790.4,0.16,16,Sydney,Thursday
2026-01-22 01:57:58,8Cap Raw,EURUSD,1.16732,1.16733,1e-05,1,Sydney,Thursday
2026-01-22 01:57:59,8Cap Raw,GBPUSD,1.34195,1.34196,1e-05,1,Sydney,Thursday
2026-01-22 01:57:59,8Cap Raw,USDJPY,158.462,158.464,0.002,2,Sydney,Thursday
2026-01-22 01:58:00,8Cap Raw,AUDUSD,0.67547,0.67551,4e-05,4,Sydney,Thursday
2026-01-22 02:02:16,Pepperstone Razor,XAUUSD,4783.52,4783.81,0.29,29,Sydney,Thursday
2026-01-22 02:02:17,Pepperstone Razor,EURUSD,1.1676,1.16761,1e-05,1,Sydney,Thursday
2026-01-22 02:02:18,Pepperstone Razor,GBPUSD,1.34194,1.34196,2e-05,2,Sydney,Thursday
2026-01-22 02:02:19,Pepperstone Razor,USDJPY,158.436,158.437,0.001,1,Sydney,Thursday
2026-01-22 02:02:20,Pepperstone Razor,AUDUSD,0.6757,0.67571,1e-05,1,Sydney,Thursday
2026-01-22 02:02:23,FusionMarkets Zero,XAUUSD,4783.71,4783.85,0.14,14,Sydney,Thursday
2026-01-22 02:02:24,FusionMarkets Zero,EURUSD,1.16764,1.16764,0.0,0,Sydney,Thursday
2026-01-22 02:02:25,FusionMarkets Zero,GBPUSD,1.34201,1.34201,0.0,0,Sydney,Thursday
2026-01-22 02:02:26,FusionMarkets Zero,USDJPY,158.438,158.439,0.001,1,Sydney,Thursday
2026-01-22 02:02:27,FusionMarkets Zero,AUDUSD,0.67573,0.67573,0.0,0,Sydney,Thursday
2026-01-22 02:02:30,ThinkMarkets ThinkZero,XAUUSD,4785.66,4785.74,0.08,8,Sydney,Thursday
2026-01-22 02:02:31,ThinkMarkets ThinkZero,EURUSD,1.16758,1.16761,3e-05,3,Sydney,Thursday
2026-01-22 02:02:32,ThinkMarkets ThinkZero,GBPUSD,1.34195,1.34203,8e-05,8,Sydney,Thursday
2026-01-22 02:02:32,ThinkMarkets ThinkZero,USDJPY,158.461,158.466,0.005,5,Sydney,Thursday
2026-01-22 02:02:33,ThinkMarkets ThinkZero,AUDUSD,0.67572,0.67576,4e-05,4,Sydney,Thursday
2026-01-22 02:02:36,ICMarkets Raw,XAUUSD,4786.23,4786.37,0.14,14,Sydney,Thursday
2026-01-22 02:02:37,ICMarkets Raw,EURUSD,1.1676,1.16761,1e-05,1,Sydney,Thursday
2026-01-22 02:02:38,ICMarkets Raw,GBPUSD,1.34201,1.34202,1e-05,1,Sydney,Thursday
2026-01-22 02:02:39,ICMarkets Raw,USDJPY,158.463,158.464,0.001,1,Sydney,Thursday
2026-01-22 02:02:40,ICMarkets Raw,AUDUSD,0.67574,0.67575,1e-05,1,Sydney,Thursday
2026-01-22 02:02:43,VantageMarkets Raw,XAUUSD,4785.69,4785.77,0.08,8,Sydney,Thursday
2026-01-22 02:02:44,VantageMarkets Raw,EURUSD,1.16759,1.1676,1e-05,1,Sydney,Thursday
2026-01-22 02:02:44,VantageMarkets Raw,GBPUSD,1.34203,1.34204,1e-05,1,Sydney,Thursday
2026-01-22 02:02:45,VantageMarkets Raw,USDJPY,158.46,158.466,0.006,6,Sydney,Thursday
2026-01-22 02:02:46,VantageMarkets Raw,AUDUSD,0.67576,0.67579,3e-05,3,Sydney,Thursday
2026-01-22 02:02:49,FPMarkets Raw,XAUUSD,4786.15,4786.22,0.07,7,Sydney,Thursday
2026-01-22 02:02:50,FPMarkets Raw,EURUSD,1.16769,1.1677,1e-05,1,Sydney,Thursday
2026-01-22 02:02:51,FPMarkets Raw,GBPUSD,1.34204,1.34209,5e-05,5,Sydney,Thursday
2026-01-22 02:02:52,FPMarkets Raw,USDJPY,158.464,158.468,0.004,4,Sydney,Thursday
2026-01-22 02:02:53,FPMarkets Raw,AUDUSD,0.67575,0.67579,4e-05,4,Sydney,Thursday
2026-01-22 02:02:54,8Cap Raw,XAUUSD,4784.11,4784.27,0.16,16,Sydney,Thursday
2026-01-22 02:02:55,8Cap Raw,EURUSD,1.16769,1.1677,1e-05,1,Sydney,Thursday
2026-01-22 02:02:56,8Cap Raw,GBPUSD,1.34206,1.34208,2e-05,2,Sydney,Thursday
2026-01-22 02:02:57,8Cap Raw,USDJPY,158.45,158.455,0.005,5,Sydney,Thursday
2026-01-22 02:02:57,8Cap Raw,AUDUSD,0.67574,0.67578,4e-05,4,Sydney,Thursday
2026-01-22 02:07:16,Pepperstone Razor,XAUUSD,4785.34,4785.48,0.14,14,Sydney,Thursday
2026-01-22 02:07:17,Pepperstone Razor,EURUSD,1.16782,1.16782,0.0,0,Sydney,Thursday
2026-01-22 02:07:18,Pepperstone Razor,GBPUSD,1.34203,1.34206,3e-05,3,Sydney,Thursday
2026-01-22 02:07:18,Pepperstone Razor,USDJPY,158.396,158.396,0.0,0,Sydney,Thursday
2026-01-22 02:07:19,Pepperstone Razor,AUDUSD,0.67577,0.67577,0.0,0,Sydney,Thursday
2026-01-22 02:07:22,FusionMarkets Zero,XAUUSD,4785.76,4785.83,0.07,7,Sydney,Thursday
2026-01-22 02:07:23,FusionMarkets Zero,EURUSD,1.16782,1.16782,0.0,0,Sydney,Thursday
2026-01-22 02:07:24,FusionMarkets Zero,GBPUSD,1.34207,1.34207,0.0,0,Sydney,Thursday
2026-01-22 02:07:25,FusionMarkets Zero,USDJPY,158.398,158.398,0.0,0,Sydney,Thursday
2026-01-22 02:07:26,FusionMarkets Zero,AUDUSD,0.67576,0.67576,0.0,0,Sydney,Thursday
2026-01-22 02:07:29,ThinkMarkets ThinkZero,XAUUSD,4786.96,4787.04,0.08,8,Sydney,Thursday
2026-01-22 02:07:30,ThinkMarkets ThinkZero,EURUSD,1.16781,1.16783,2e-05,2,Sydney,Thursday
2026-01-22 02:07:30,ThinkMarkets ThinkZero,GBPUSD,1.34201,1.34209,8e-05,8,Sydney,Thursday
2026-01-22 02:07:31,ThinkMarkets ThinkZero,USDJPY,158.4,158.405,0.005,5,Sydney,Thursday
2026-01-22 02:07:32,ThinkMarkets ThinkZero,AUDUSD,0.67573,0.67576,3e-05,3,Sydney,Thursday
2026-01-22 02:07:35,ICMarkets Raw,XAUUSD,4786.02,4786.07,0.05,5,Sydney,Thursday
2026-01-22 02:07:36,ICMarkets Raw,EURUSD,1.16779,1.16781,2e-05,2,Sydney,Thursday
2026-01-22 02:07:37,ICMarkets Raw,GBPUSD,1.34206,1.34207,1e-05,1,Sydney,Thursday
2026-01-22 02:07:38,ICMarkets Raw,USDJPY,158.408,158.409,0.001,1,Sydney,Thursday
2026-01-22 02:07:39,ICMarkets Raw,AUDUSD,0.67574,0.67575,1e-05,1,Sydney,Thursday
2026-01-22 02:07:41,VantageMarkets Raw,XAUUSD,4786.01,4786.09,0.08,8,Sydney,Thursday
2026-01-22 02:07:42,VantageMarkets Raw,EURUSD,1.16781,1.16782,1e-05,1,Sydney,Thursday
2026-01-22 02:07:43,VantageMarkets Raw,GBPUSD,1.34205,1.34206,1e-05,1,Sydney,Thursday
2026-01-22 02:07:44,VantageMarkets Raw,USDJPY,158.408,158.41,0.002,2,Sydney,Thursday
2026-01-22 02:07:45,VantageMarkets Raw,AUDUSD,0.67573,0.67576,3e-05,3,Sydney,Thursday
2026-01-22 02:07:47,FPMarkets Raw,XAUUSD,4786.81,4787.19,0.38,38,Sydney,Thursday
2026-01-22 02:07:48,FPMarkets Raw,EURUSD,1.16779,1.1678,1e-05,1,Sydney,Thursday
2026-01-22 02:07:49,FPMarkets Raw,GBPUSD,1.34201,1.34206,5e-05,5,Sydney,Thursday
2026-01-22 02:07:50,FPMarkets Raw,USDJPY,158.411,158.415,0.004,4,Sydney,Thursday
2026-01-22 02:07:51,FPMarkets Raw,AUDUSD,0.67573,0.67576,3e-05,3,Sydney,Thursday
2026-01-22 02:07:53,8Cap Raw,XAUUSD,4787.43,4787.59,0.16,16,Sydney,Thursday
2026-01-22 02:07:54,8Cap Raw,EURUSD,1.16779,1.1678,1e-05,1,Sydney,Thursday
2026-01-22 02:07:55,8Cap Raw,GBPUSD,1.34205,1.34206,1e-05,1,Sydney,Thursday
2026-01-22 02:07:55,8Cap Raw,USDJPY,158.413,158.414,0.001,1,Sydney,Thursday
2026-01-22 02:07:56,8Cap Raw,AUDUSD,0.67572,0.67576,4e-05,4,Sydney,Thursday
2026-01-22 02:12:16,Pepperstone Razor,XAUUSD,4793.9,4794.06,0.16,16,Sydney,Thursday
2026-01-22 02:12:17,Pepperstone Razor,EURUSD,1.16789,1.16789,0.0,0,Sydney,Thursday
2026-01-22 02:12:18,Pepperstone Razor,GBPUSD,1.34207,1.3421,3e-05,3,Sydney,Thursday
2026-01-22 02:12:19,Pepperstone Razor,USDJPY,158.432,158.438,0.006,6,Sydney,Thursday
2026-01-22 02:12:20,Pepperstone Razor,AUDUSD,0.67595,0.67596,1e-05,1,Sydney,Thursday
2026-01-22 02:12:23,FusionMarkets Zero,XAUUSD,4793.74,4793.8,0.06,6,Sydney,Thursday
2026-01-22 02:12:24,FusionMarkets Zero,EURUSD,1.16787,1.16787,0.0,0,Sydney,Thursday
2026-01-22 02:12:24,FusionMarkets Zero,GBPUSD,1.34209,1.34209,0.0,0,Sydney,Thursday
2026-01-22 02:12:25,FusionMarkets Zero,USDJPY,158.436,158.437,0.001,1,Sydney,Thursday
2026-01-22 02:12:26,FusionMarkets Zero,AUDUSD,0.67598,0.67598,0.0,0,Sydney,Thursday
2026-01-22 02:12:29,ThinkMarkets ThinkZero,XAUUSD,4793.8,4793.88,0.08,8,Sydney,Thursday
2026-01-22 02:12:30,ThinkMarkets ThinkZero,EURUSD,1.16786,1.16789,3e-05,3,Sydney,Thursday
2026-01-22 02:12:31,ThinkMarkets ThinkZero,GBPUSD,1.34204,1.3421,6e-05,6,Sydney,Thursday
2026-01-22 02:12:32,ThinkMarkets ThinkZero,USDJPY,158.436,158.439,0.003,3,Sydney,Thursday
2026-01-22 02:12:33,ThinkMarkets ThinkZero,AUDUSD,0.67597,0.67601,4e-05,4,Sydney,Thursday
2026-01-22 02:12:36,ICMarkets Raw,XAUUSD,4792.72,4792.84,0.12,12,Sydney,Thursday
2026-01-22 02:12:37,ICMarkets Raw,EURUSD,1.16793,1.16793,0.0,0,Sydney,Thursday
2026-01-22 02:12:38,ICMarkets Raw,GBPUSD,1.34206,1.34207,1e-05,1,Sydney,Thursday
2026-01-22 02:12:39,ICMarkets Raw,USDJPY,158.436,158.436,0.0,0,Sydney,Thursday
2026-01-22 02:12:39,ICMarkets Raw,AUDUSD,0.67596,0.67596,0.0,0,Sydney,Thursday
2026-01-22 02:12:42,VantageMarkets Raw,XAUUSD,4793.03,4793.11,0.08,8,Sydney,Thursday
2026-01-22 02:12:43,VantageMarkets Raw,EURUSD,1.1679,1.16792,2e-05,2,Sydney,Thursday
2026-01-22 02:12:44,VantageMarkets Raw,GBPUSD,1.34207,1.34208,1e-05,1,Sydney,Thursday
2026-01-22 02:12:45,VantageMarkets Raw,USDJPY,158.437,158.438,0.001,1,Sydney,Thursday
2026-01-22 02:12:46,VantageMarkets Raw,AUDUSD,0.67596,0.676,4e-05,4,Sydney,Thursday
2026-01-22 02:12:49,FPMarkets Raw,XAUUSD,4792.86,4792.93,0.07,7,Sydney,Thursday
2026-01-22 02:12:50,FPMarkets Raw,EURUSD,1.16786,1.16787,1e-05,1,Sydney,Thursday
2026-01-22 02:12:51,FPMarkets Raw,GBPUSD,1.34205,1.3421,5e-05,5,Sydney,Thursday
2026-01-22 02:12:51,FPMarkets Raw,USDJPY,158.433,158.437,0.004,4,Sydney,Thursday
2026-01-22 02:12:52,FPMarkets Raw,AUDUSD,0.67594,0.67597,3e-05,3,Sydney,Thursday
2026-01-22 02:12:54,8Cap Raw,XAUUSD,4792.51,4792.67,0.16,16,Sydney,Thursday
2026-01-22 02:12:55,8Cap Raw,EURUSD,1.16792,1.16793,1e-05,1,Sydney,Thursday
2026-01-22 02:12:55,8Cap Raw,GBPUSD,1.34207,1.34208,1e-05,1,Sydney,Thursday
2026-01-22 02:12:56,8Cap Raw,USDJPY,158.434,158.435,0.001,1,Sydney,Thursday
2026-01-22 02:12:57,8Cap Raw,AUDUSD,0.67597,0.67601,4e-05,4,Sydney,Thursday
2026-01-22 02:17:16,Pepperstone Razor,XAUUSD,4784.29,4784.51,0.22,22,Sydney,Thursday
2026-01-22 02:17:17,Pepperstone Razor,EURUSD,1.16774,1.16774,0.0,0,Sydney,Thursday
2026-01-22 02:17:18,Pepperstone Razor,GBPUSD,1.34195,1.34197,2e-05,2,Sydney,Thursday
2026-01-22 02:17:19,Pepperstone Razor,USDJPY,158.393,158.396,0.003,3,Sydney,Thursday
2026-01-22 02:17:20,Pepperstone Razor,AUDUSD,0.67582,0.67582,0.0,0,Sydney,Thursday
2026-01-22 02:17:23,FusionMarkets Zero,XAUUSD,4785.5,4785.62,0.12,12,Sydney,Thursday
2026-01-22 02:17:24,FusionMarkets Zero,EURUSD,1.16771,1.16771,0.0,0,Sydney,Thursday
2026-01-22 02:17:25,FusionMarkets Zero,GBPUSD,1.34195,1.34195,0.0,0,Sydney,Thursday
2026-01-22 02:17:26,FusionMarkets Zero,USDJPY,158.398,158.4,0.002,2,Sydney,Thursday
2026-01-22 02:17:27,FusionMarkets Zero,AUDUSD,0.67586,0.67586,0.0,0,Sydney,Thursday
2026-01-22 02:17:30,ThinkMarkets ThinkZero,XAUUSD,4785.75,4785.83,0.08,8,Sydney,Thursday
2026-01-22 02:17:31,ThinkMarkets ThinkZero,EURUSD,1.16768,1.16772,4e-05,4,Sydney,Thursday
2026-01-22 02:17:31,ThinkMarkets ThinkZero,GBPUSD,1.34192,1.34199,7e-05,7,Sydney,Thursday
2026-01-22 02:17:32,ThinkMarkets ThinkZero,USDJPY,158.384,158.389,0.005,5,Sydney,Thursday
2026-01-22 02:17:33,ThinkMarkets ThinkZero,AUDUSD,0.67585,0.67587,2e-05,2,Sydney,Thursday
2026-01-22 02:17:36,ICMarkets Raw,XAUUSD,4786.03,4786.15,0.12,12,Sydney,Thursday
2026-01-22 02:17:37,ICMarkets Raw,EURUSD,1.16771,1.16771,0.0,0,Sydney,Thursday
2026-01-22 02:17:38,ICMarkets Raw,GBPUSD,1.34194,1.34195,1e-05,1,Sydney,Thursday
2026-01-22 02:17:39,ICMarkets Raw,USDJPY,158.392,158.392,0.0,0,Sydney,Thursday
2026-01-22 02:17:40,ICMarkets Raw,AUDUSD,0.67584,0.67584,0.0,0,Sydney,Thursday
2026-01-22 02:17:42,VantageMarkets Raw,XAUUSD,4786.0,4786.08,0.08,8,Sydney,Thursday
2026-01-22 02:17:43,VantageMarkets Raw,EURUSD,1.16772,1.16773,1e-05,1,Sydney,Thursday
2026-01-22 02:17:44,VantageMarkets Raw,GBPUSD,1.34193,1.34198,5e-05,5,Sydney,Thursday
2026-01-22 02:17:45,VantageMarkets Raw,USDJPY,158.38,158.39,0.01,10,Sydney,Thursday
2026-01-22 02:17:46,VantageMarkets Raw,AUDUSD,0.67584,0.67587,3e-05,3,Sydney,Thursday
2026-01-22 02:17:49,FPMarkets Raw,XAUUSD,4785.57,4785.64,0.07,7,Sydney,Thursday
2026-01-22 02:17:50,FPMarkets Raw,EURUSD,1.16767,1.16769,2e-05,2,Sydney,Thursday
2026-01-22 02:17:51,FPMarkets Raw,GBPUSD,1.34186,1.34191,5e-05,5,Sydney,Thursday
2026-01-22 02:17:52,FPMarkets Raw,USDJPY,158.381,158.385,0.004,4,Sydney,Thursday
2026-01-22 02:17:53,FPMarkets Raw,AUDUSD,0.67581,0.67584,3e-05,3,Sydney,Thursday
2026-01-22 02:17:54,8Cap Raw,XAUUSD,4785.04,4785.2,0.16,16,Sydney,Thursday
2026-01-22 02:17:55,8Cap Raw,EURUSD,1.16767,1.16768,1e-05,1,Sydney,Thursday
2026-01-22 02:17:55,8Cap Raw,GBPUSD,1.34188,1.34193,5e-05,5,Sydney,Thursday
2026-01-22 02:17:56,8Cap Raw,USDJPY,158.37,158.377,0.007,7,Sydney,Thursday
2026-01-22 02:17:57,8Cap Raw,AUDUSD,0.67581,0.67585,4e-05,4,Sydney,Thursday
2026-01-22 02:22:17,Pepperstone Razor,XAUUSD,4788.09,4788.32,0.23,23,Sydney,Thursday
2026-01-22 02:22:17,Pepperstone Razor,EURUSD,1.16788,1.16788,0.0,0,Sydney,Thursday
2026-01-22 02:22:18,Pepperstone Razor,GBPUSD,1.34215,1.34217,2e-05,2,Sydney,Thursday
2026-01-22 02:22:19,Pepperstone Razor,USDJPY,158.293,158.296,0.003,3,Sydney,Thursday
2026-01-22 02:22:20,Pepperstone Razor,AUDUSD,0.67607,0.67608,1e-05,1,Sydney,Thursday
2026-01-22 02:22:23,FusionMarkets Zero,XAUUSD,4787.89,4788.03,0.14,14,Sydney,Thursday
2026-01-22 02:22:24,FusionMarkets Zero,EURUSD,1.16786,1.16786,0.0,0,Sydney,Thursday
2026-01-22 02:22:25,FusionMarkets Zero,GBPUSD,1.34208,1.34208,0.0,0,Sydney,Thursday
2026-01-22 02:22:26,FusionMarkets Zero,USDJPY,158.293,158.294,0.001,1,Sydney,Thursday
2026-01-22 02:22:27,FusionMarkets Zero,AUDUSD,0.67604,0.67604,0.0,0,Sydney,Thursday
2026-01-22 02:22:30,ThinkMarkets ThinkZero,XAUUSD,4786.44,4786.52,0.08,8,Sydney,Thursday
2026-01-22 02:22:31,ThinkMarkets ThinkZero,EURUSD,1.16784,1.16786,2e-05,2,Sydney,Thursday
2026-01-22 02:22:32,ThinkMarkets ThinkZero,GBPUSD,1.34204,1.34211,7e-05,7,Sydney,Thursday
2026-01-22 02:22:33,ThinkMarkets ThinkZero,USDJPY,158.291,158.296,0.005,5,Sydney,Thursday
2026-01-22 02:22:33,ThinkMarkets ThinkZero,AUDUSD,0.67601,0.67605,4e-05,4,Sydney,Thursday
2026-01-22 02:22:37,ICMarkets Raw,XAUUSD,4785.96,4786.09,0.13,13,Sydney,Thursday
2026-01-22 02:22:37,ICMarkets Raw,EURUSD,1.16784,1.16784,0.0,0,Sydney,Thursday
2026-01-22 02:22:38,ICMarkets Raw,GBPUSD,1.34206,1.34207,1e-05,1,Sydney,Thursday
2026-01-22 02:22:39,ICMarkets Raw,USDJPY,158.298,158.298,0.0,0,Sydney,Thursday
2026-01-22 02:22:40,ICMarkets Raw,AUDUSD,0.67604,0.67604,0.0,0,Sydney,Thursday
2026-01-22 02:22:43,VantageMarkets Raw,XAUUSD,4786.98,4787.06,0.08,8,Sydney,Thursday
2026-01-22 02:22:44,VantageMarkets Raw,EURUSD,1.16784,1.16785,1e-05,1,Sydney,Thursday
2026-01-22 02:22:45,VantageMarkets Raw,GBPUSD,1.34209,1.3421,1e-05,1,Sydney,Thursday
2026-01-22 02:22:45,VantageMarkets Raw,USDJPY,158.308,158.309,0.001,1,Sydney,Thursday
2026-01-22 02:22:46,VantageMarkets Raw,AUDUSD,0.67602,0.67604,2e-05,2,Sydney,Thursday
2026-01-22 02:22:49,FPMarkets Raw,XAUUSD,4786.63,4786.7,0.07,7,Sydney,Thursday
2026-01-22 02:22:50,FPMarkets Raw,EURUSD,1.16783,1.16784,1e-05,1,Sydney,Thursday
2026-01-22 02:22:51,FPMarkets Raw,GBPUSD,1.34205,1.3421,5e-05,5,Sydney,Thursday
2026-01-22 02:22:52,FPMarkets Raw,USDJPY,158.298,158.302,0.004,4,Sydney,Thursday
2026-01-22 02:22:53,FPMarkets Raw,AUDUSD,0.67604,0.67607,3e-05,3,Sydney,Thursday
2026-01-22 02:22:55,8Cap Raw,XAUUSD,4786.02,4786.18,0.16,16,Sydney,Thursday
2026-01-22 02:22:55,8Cap Raw,EURUSD,1.16784,1.16784,0.0,0,Sydney,Thursday
2026-01-22 02:22:56,8Cap Raw,GBPUSD,1.3421,1.34211,1e-05,1,Sydney,Thursday
2026-01-22 02:22:57,8Cap Raw,USDJPY,158.301,158.302,0.001,1,Sydney,Thursday
2026-01-22 02:22:57,8Cap Raw,AUDUSD,0.67605,0.67607,2e-05,2,Sydney,Thursday
2026-01-22 02:27:17,Pepperstone Razor,XAUUSD,4782.35,4782.58,0.23,23,Sydney,Thursday
2026-01-22 02:27:17,Pepperstone Razor,EURUSD,1.1679,1.1679,0.0,0,Sydney,Thursday
2026-01-22 02:27:18,Pepperstone Razor,GBPUSD,1.34205,1.34207,2e-05,2,Sydney,Thursday
2026-01-22 02:27:19,Pepperstone Razor,USDJPY,158.275,158.277,0.002,2,Sydney,Thursday
2026-01-22 02:27:20,Pepperstone Razor,AUDUSD,0.67591,0.67592,1e-05,1,Sydney,Thursday
2026-01-22 02:27:23,FusionMarkets Zero,XAUUSD,4782.01,4782.15,0.14,14,Sydney,Thursday
2026-01-22 02:27:24,FusionMarkets Zero,EURUSD,1.16787,1.16787,0.0,0,Sydney,Thursday
2026-01-22 02:27:25,FusionMarkets Zero,GBPUSD,1.34202,1.34202,0.0,0,Sydney,Thursday
2026-01-22 02:27:26,FusionMarkets Zero,USDJPY,158.278,158.278,0.0,0,Sydney,Thursday
2026-01-22 02:27:27,FusionMarkets Zero,AUDUSD,0.67588,0.67588,0.0,0,Sydney,Thursday
2026-01-22 02:27:30,ThinkMarkets ThinkZero,XAUUSD,4781.87,4781.95,0.08,8,Sydney,Thursday
2026-01-22 02:27:31,ThinkMarkets ThinkZero,EURUSD,1.16787,1.16789,2e-05,2,Sydney,Thursday
2026-01-22 02:27:32,ThinkMarkets ThinkZero,GBPUSD,1.34191,1.34198,7e-05,7,Sydney,Thursday
2026-01-22 02:27:33,ThinkMarkets ThinkZero,USDJPY,158.286,158.291,0.005,5,Sydney,Thursday
2026-01-22 02:27:33,ThinkMarkets ThinkZero,AUDUSD,0.67588,0.67591,3e-05,3,Sydney,Thursday
2026-01-22 02:27:36,ICMarkets Raw,XAUUSD,4782.37,4782.52,0.15,15,Sydney,Thursday
2026-01-22 02:27:37,ICMarkets Raw,EURUSD,1.16786,1.16786,0.0,0,Sydney,Thursday
2026-01-22 02:27:38,ICMarkets Raw,GBPUSD,1.34194,1.34195,1e-05,1,Sydney,Thursday
2026-01-22 02:27:39,ICMarkets Raw,USDJPY,158.29,158.291,0.001,1,Sydney,Thursday
2026-01-22 02:27:40,ICMarkets Raw,AUDUSD,0.67589,0.67589,0.0,0,Sydney,Thursday
2026-01-22 02:27:43,VantageMarkets Raw,XAUUSD,4782.23,4782.31,0.08,8,Sydney,Thursday
2026-01-22 02:27:44,VantageMarkets Raw,EURUSD,1.16784,1.16786,2e-05,2,Sydney,Thursday
2026-01-22 02:27:45,VantageMarkets Raw,GBPUSD,1.34193,1.34194,1e-05,1,Sydney,Thursday
2026-01-22 02:27:45,VantageMarkets Raw,USDJPY,158.301,158.302,0.001,1,Sydney,Thursday
2026-01-22 02:27:46,VantageMarkets Raw,AUDUSD,0.67586,0.67589,3e-05,3,Sydney,Thursday
2026-01-22 02:27:50,FPMarkets Raw,XAUUSD,4781.97,4782.04,0.07,7,Sydney,Thursday
2026-01-22 02:27:50,FPMarkets Raw,EURUSD,1.16785,1.16785,0.0,0,Sydney,Thursday
2026-01-22 02:27:51,FPMarkets Raw,GBPUSD,1.34191,1.34196,5e-05,5,Sydney,Thursday
2026-01-22 02:27:52,FPMarkets Raw,USDJPY,158.298,158.302,0.004,4,Sydney,Thursday
2026-01-22 02:27:53,FPMarkets Raw,AUDUSD,0.67585,0.67589,4e-05,4,Sydney,Thursday
2026-01-22 02:27:55,8Cap Raw,XAUUSD,4782.08,4782.24,0.16,16,Sydney,Thursday
2026-01-22 02:27:56,8Cap Raw,EURUSD,1.16785,1.16786,1e-05,1,Sydney,Thursday
2026-01-22 02:27:56,8Cap Raw,GBPUSD,1.34193,1.34194,1e-05,1,Sydney,Thursday
2026-01-22 02:27:57,8Cap Raw,USDJPY,158.3,158.301,0.001,1,Sydney,Thursday
2026-01-22 02:27:58,8Cap Raw,AUDUSD,0.67587,0.6759,3e-05,3,Sydney,Thursday
2026-01-22 02:32:16,Pepperstone Razor,XAUUSD,4782.07,4782.22,0.15,15,Sydney,Thursday
2026-01-22 02:32:17,Pepperstone Razor,EURUSD,1.1683,1.1683,0.0,0,Sydney,Thursday
2026-01-22 02:32:18,Pepperstone Razor,GBPUSD,1.34223,1.34226,3e-05,3,Sydney,Thursday
2026-01-22 02:32:19,Pepperstone Razor,USDJPY,158.336,158.338,0.002,2,Sydney,Thursday
2026-01-22 02:32:20,Pepperstone Razor,AUDUSD,0.67824,0.67825,1e-05,1,Sydney,Thursday
2026-01-22 02:32:23,FusionMarkets Zero,XAUUSD,4781.8,4781.94,0.14,14,Sydney,Thursday
2026-01-22 02:32:24,FusionMarkets Zero,EURUSD,1.16824,1.16824,0.0,0,Sydney,Thursday
2026-01-22 02:32:25,FusionMarkets Zero,GBPUSD,1.34234,1.34234,0.0,0,Sydney,Thursday
2026-01-22 02:32:26,FusionMarkets Zero,USDJPY,158.336,158.337,0.001,1,Sydney,Thursday
2026-01-22 02:32:27,FusionMarkets Zero,AUDUSD,0.67822,0.67822,0.0,0,Sydney,Thursday
2026-01-22 02:32:30,ThinkMarkets ThinkZero,XAUUSD,4781.15,4781.23,0.08,8,Sydney,Thursday
2026-01-22 02:32:31,ThinkMarkets ThinkZero,EURUSD,1.16829,1.16832,3e-05,3,Sydney,Thursday
2026-01-22 02:32:32,ThinkMarkets ThinkZero,GBPUSD,1.34223,1.34229,6e-05,6,Sydney,Thursday
2026-01-22 02:32:33,ThinkMarkets ThinkZero,USDJPY,158.333,158.338,0.005,5,Sydney,Thursday
2026-01-22 02:32:34,ThinkMarkets ThinkZero,AUDUSD,0.6782,0.67825,5e-05,5,Sydney,Thursday
2026-01-22 02:32:37,ICMarkets Raw,XAUUSD,4782.32,4782.44,0.12,12,Sydney,Thursday
2026-01-22 02:32:37,ICMarkets Raw,EURUSD,1.16829,1.16831,2e-05,2,Sydney,Thursday
2026-01-22 02:32:38,ICMarkets Raw,GBPUSD,1.34227,1.34229,2e-05,2,Sydney,Thursday
2026-01-22 02:32:39,ICMarkets Raw,USDJPY,158.337,158.337,0.0,0,Sydney,Thursday
2026-01-22 02:32:40,ICMarkets Raw,AUDUSD,0.67828,0.67828,0.0,0,Sydney,Thursday
2026-01-22 02:32:43,VantageMarkets Raw,XAUUSD,4782.17,4782.25,0.08,8,Sydney,Thursday
2026-01-22 02:32:44,VantageMarkets Raw,EURUSD,1.16819,1.16824,5e-05,5,Sydney,Thursday
2026-01-22 02:32:45,VantageMarkets Raw,GBPUSD,1.34223,1.34224,1e-05,1,Sydney,Thursday
2026-01-22 02:32:46,VantageMarkets Raw,USDJPY,158.339,158.342,0.003,3,Sydney,Thursday
2026-01-22 02:32:47,VantageMarkets Raw,AUDUSD,0.67824,0.67827,3e-05,3,Sydney,Thursday
2026-01-22 02:32:50,FPMarkets Raw,XAUUSD,4781.35,4781.42,0.07,7,Sydney,Thursday
2026-01-22 02:32:51,FPMarkets Raw,EURUSD,1.16821,1.16823,2e-05,2,Sydney,Thursday
2026-01-22 02:32:52,FPMarkets Raw,GBPUSD,1.34221,1.34226,5e-05,5,Sydney,Thursday
2026-01-22 02:32:53,FPMarkets Raw,USDJPY,158.325,158.329,0.004,4,Sydney,Thursday
2026-01-22 02:32:53,FPMarkets Raw,AUDUSD,0.67808,0.67813,5e-05,5,Sydney,Thursday
2026-01-22 02:32:55,8Cap Raw,XAUUSD,4780.77,4780.93,0.16,16,Sydney,Thursday
2026-01-22 02:32:56,8Cap Raw,EURUSD,1.16826,1.16829,3e-05,3,Sydney,Thursday
2026-01-22 02:32:57,8Cap Raw,GBPUSD,1.34227,1.34228,1e-05,1,Sydney,Thursday
2026-01-22 02:32:57,8Cap Raw,USDJPY,158.321,158.324,0.003,3,Sydney,Thursday
2026-01-22 02:32:58,8Cap Raw,AUDUSD,0.67814,0.67818,4e-05,4,Sydney,Thursday
2026-01-22 02:37:17,Pepperstone Razor,XAUUSD,4786.16,4786.41,0.25,25,Sydney,Thursday
2026-01-22 02:37:17,Pepperstone Razor,EURUSD,1.16811,1.16811,0.0,0,Sydney,Thursday
2026-01-22 02:37:18,Pepperstone Razor,GBPUSD,1.34216,1.34218,2e-05,2,Sydney,Thursday
2026-01-22 02:37:19,Pepperstone Razor,USDJPY,158.336,158.339,0.003,3,Sydney,Thursday
2026-01-22 02:37:20,Pepperstone Razor,AUDUSD,0.67903,0.67904,1e-05,1,Sydney,Thursday
2026-01-22 02:37:23,FusionMarkets Zero,XAUUSD,4785.94,4786.0,0.06,6,Sydney,Thursday
2026-01-22 02:37:24,FusionMarkets Zero,EURUSD,1.16813,1.16813,0.0,0,Sydney,Thursday
2026-01-22 02:37:25,FusionMarkets Zero,GBPUSD,1.3422,1.3422,0.0,0,Sydney,Thursday
2026-01-22 02:37:26,FusionMarkets Zero,USDJPY,158.324,158.326,0.002,2,Sydney,Thursday
2026-01-22 02:37:27,FusionMarkets Zero,AUDUSD,0.67896,0.67896,0.0,0,Sydney,Thursday
2026-01-22 02:37:30,ThinkMarkets ThinkZero,XAUUSD,4785.78,4785.86,0.08,8,Sydney,Thursday
2026-01-22 02:37:31,ThinkMarkets ThinkZero,EURUSD,1.16809,1.16811,2e-05,2,Sydney,Thursday
2026-01-22 02:37:32,ThinkMarkets ThinkZero,GBPUSD,1.3421,1.34217,7e-05,7,Sydney,Thursday
2026-01-22 02:37:33,ThinkMarkets ThinkZero,USDJPY,158.328,158.333,0.005,5,Sydney,Thursday
2026-01-22 02:37:34,ThinkMarkets ThinkZero,AUDUSD,0.6789,0.67894,4e-05,4,Sydney,Thursday
2026-01-22 02:37:38,ICMarkets Raw,XAUUSD,4785.7,4785.75,0.05,5,Sydney,Thursday
2026-01-22 02:37:38,ICMarkets Raw,EURUSD,1.16808,1.1681,2e-05,2,Sydney,Thursday
2026-01-22 02:37:39,ICMarkets Raw,GBPUSD,1.34208,1.34211,3e-05,3,Sydney,Thursday
2026-01-22 02:37:40,ICMarkets Raw,USDJPY,158.34,158.342,0.002,2,Sydney,Thursday
2026-01-22 02:37:41,ICMarkets Raw,AUDUSD,0.67886,0.67887,1e-05,1,Sydney,Thursday
2026-01-22 02:37:44,VantageMarkets Raw,XAUUSD,4785.8,4785.88,0.08,8,Sydney,Thursday
2026-01-22 02:37:45,VantageMarkets Raw,EURUSD,1.16816,1.16821,5e-05,5,Sydney,Thursday
2026-01-22 02:37:46,VantageMarkets Raw,GBPUSD,1.34216,1.34217,1e-05,1,Sydney,Thursday
2026-01-22 02:37:47,VantageMarkets Raw,USDJPY,158.323,158.333,0.01,10,Sydney,Thursday
2026-01-22 02:37:48,VantageMarkets Raw,AUDUSD,0.67886,0.67889,3e-05,3,Sydney,Thursday
2026-01-22 02:37:51,FPMarkets Raw,XAUUSD,4785.32,4785.39,0.07,7,Sydney,Thursday
2026-01-22 02:37:52,FPMarkets Raw,EURUSD,1.16817,1.16819,2e-05,2,Sydney,Thursday
2026-01-22 02:37:53,FPMarkets Raw,GBPUSD,1.34212,1.34217,5e-05,5,Sydney,Thursday
2026-01-22 02:37:54,FPMarkets Raw,USDJPY,158.324,158.328,0.004,4,Sydney,Thursday
2026-01-22 02:37:54,FPMarkets Raw,AUDUSD,0.67885,0.67888,3e-05,3,Sydney,Thursday
2026-01-22 02:37:56,8Cap Raw,XAUUSD,4785.03,4785.19,0.16,16,Sydney,Thursday
2026-01-22 02:37:57,8Cap Raw,EURUSD,1.16819,1.16822,3e-05,3,Sydney,Thursday
2026-01-22 02:37:58,8Cap Raw,GBPUSD,1.34217,1.34218,1e-05,1,Sydney,Thursday
2026-01-22 02:37:58,8Cap Raw,USDJPY,158.319,158.322,0.003,3,Sydney,Thursday
2026-01-22 02:37:59,8Cap Raw,AUDUSD,0.67884,0.67888,4e-05,4,Sydney,Thursday
2026-01-22 02:42:17,Pepperstone Razor,XAUUSD,4790.45,4790.6,0.15,15,Sydney,Thursday
2026-01-22 02:42:18,Pepperstone Razor,EURUSD,1.16862,1.16862,0.0,0,Sydney,Thursday
2026-01-22 02:42:19,Pepperstone Razor,GBPUSD,1.34248,1.34251,3e-05,3,Sydney,Thursday
2026-01-22 02:42:20,Pepperstone Razor,USDJPY,158.296,158.298,0.002,2,Sydney,Thursday
2026-01-22 02:42:21,Pepperstone Razor,AUDUSD,0.67907,0.67908,1e-05,1,Sydney,Thursday
2026-01-22 02:42:24,FusionMarkets Zero,XAUUSD,4790.04,4790.1,0.06,6,Sydney,Thursday
2026-01-22 02:42:25,FusionMarkets Zero,EURUSD,1.16863,1.16863,0.0,0,Sydney,Thursday
2026-01-22 02:42:26,FusionMarkets Zero,GBPUSD,1.3425,1.3425,0.0,0,Sydney,Thursday
2026-01-22 02:42:26,FusionMarkets Zero,USDJPY,158.299,158.299,0.0,0,Sydney,Thursday
2026-01-22 02:42:27,FusionMarkets Zero,AUDUSD,0.67903,0.67903,0.0,0,Sydney,Thursday
2026-01-22 02:42:31,ThinkMarkets ThinkZero,XAUUSD,4790.29,4790.37,0.08,8,Sydney,Thursday
2026-01-22 02:42:32,ThinkMarkets ThinkZero,EURUSD,1.16861,1.16864,3e-05,3,Sydney,Thursday
2026-01-22 02:42:33,ThinkMarkets ThinkZero,GBPUSD,1.34244,1.34249,5e-05,5,Sydney,Thursday
2026-01-22 02:42:34,ThinkMarkets ThinkZero,USDJPY,158.295,158.299,0.004,4,Sydney,Thursday
2026-01-22 02:42:34,ThinkMarkets ThinkZero,AUDUSD,0.67897,0.67899,2e-05,2,Sydney,Thursday
2026-01-22 02:42:38,ICMarkets Raw,XAUUSD,4790.04,4790.09,0.05,5,Sydney,Thursday
2026-01-22 02:42:39,ICMarkets Raw,EURUSD,1.16862,1.16863,1e-05,1,Sydney,Thursday
2026-01-22 02:42:40,ICMarkets Raw,GBPUSD,1.34248,1.34249,1e-05,1,Sydney,Thursday
2026-01-22 02:42:40,ICMarkets Raw,USDJPY,158.288,158.288,0.0,0,Sydney,Thursday
2026-01-22 02:42:41,ICMarkets Raw,AUDUSD,0.67896,0.67897,1e-05,1,Sydney,Thursday
2026-01-22 02:42:44,VantageMarkets Raw,XAUUSD,4791.04,4791.12,0.08,8,Sydney,Thursday
2026-01-22 02:42:45,VantageMarkets Raw,EURUSD,1.16862,1.16864,2e-05,2,Sydney,Thursday
2026-01-22 02:42:46,VantageMarkets Raw,GBPUSD,1.34248,1.34249,1e-05,1,Sydney,Thursday
2026-01-22 02:42:47,VantageMarkets Raw,USDJPY,158.287,158.289,0.002,2,Sydney,Thursday
2026-01-22 02:42:48,VantageMarkets Raw,AUDUSD,0.679,0.67902,2e-05,2,Sydney,Thursday
2026-01-22 02:42:51,FPMarkets Raw,XAUUSD,4791.87,4791.94,0.07,7,Sydney,Thursday
2026-01-22 02:42:52,FPMarkets Raw,EURUSD,1.16865,1.16866,1e-05,1,Sydney,Thursday
2026-01-22 02:42:53,FPMarkets Raw,GBPUSD,1.34253,1.34258,5e-05,5,Sydney,Thursday
2026-01-22 02:42:54,FPMarkets Raw,USDJPY,158.285,158.289,0.004,4,Sydney,Thursday
2026-01-22 02:42:55,FPMarkets Raw,AUDUSD,0.67907,0.67911,4e-05,4,Sydney,Thursday
2026-01-22 02:42:57,8Cap Raw,XAUUSD,4791.74,4791.9,0.16,16,Sydney,Thursday
2026-01-22 02:42:57,8Cap Raw,EURUSD,1.16864,1.16865,1e-05,1,Sydney,Thursday
2026-01-22 02:42:58,8Cap Raw,GBPUSD,1.34257,1.34258,1e-05,1,Sydney,Thursday
2026-01-22 02:42:59,8Cap Raw,USDJPY,158.276,158.277,0.001,1,Sydney,Thursday
2026-01-22 02:42:59,8Cap Raw,AUDUSD,0.67909,0.67911,2e-05,2,Sydney,Thursday
2026-01-22 02:47:17,Pepperstone Razor,XAUUSD,4792.04,4792.2,0.16,16,Sydney,Thursday
2026-01-22 02:47:18,Pepperstone Razor,EURUSD,1.16866,1.16866,0.0,0,Sydney,Thursday
2026-01-22 02:47:18,Pepperstone Razor,GBPUSD,1.34251,1.34254,3e-05,3,Sydney,Thursday
2026-01-22 02:47:19,Pepperstone Razor,USDJPY,158.312,158.315,0.003,3,Sydney,Thursday
2026-01-22 02:47:20,Pepperstone Razor,AUDUSD,0.67842,0.67842,0.0,0,Sydney,Thursday
2026-01-22 02:47:23,FusionMarkets Zero,XAUUSD,4791.58,4791.67,0.09,9,Sydney,Thursday
2026-01-22 02:47:24,FusionMarkets Zero,EURUSD,1.16868,1.16868,0.0,0,Sydney,Thursday
2026-01-22 02:47:25,FusionMarkets Zero,GBPUSD,1.34262,1.34262,0.0,0,Sydney,Thursday
2026-01-22 02:47:26,FusionMarkets Zero,USDJPY,158.31,158.31,0.0,0,Sydney,Thursday
2026-01-22 02:47:27,FusionMarkets Zero,AUDUSD,0.67843,0.67843,0.0,0,Sydney,Thursday
2026-01-22 02:47:31,ThinkMarkets ThinkZero,XAUUSD,4791.68,4791.76,0.08,8,Sydney,Thursday
2026-01-22 02:47:31,ThinkMarkets ThinkZero,EURUSD,1.16866,1.16869,3e-05,3,Sydney,Thursday
2026-01-22 02:47:32,ThinkMarkets ThinkZero,GBPUSD,1.34257,1.34262,5e-05,5,Sydney,Thursday
2026-01-22 02:47:33,ThinkMarkets ThinkZero,USDJPY,158.305,158.309,0.004,4,Sydney,Thursday
2026-01-22 02:47:34,ThinkMarkets ThinkZero,AUDUSD,0.67841,0.67844,3e-05,3,Sydney,Thursday
2026-01-22 02:47:38,ICMarkets Raw,XAUUSD,4792.05,4792.1,0.05,5,Sydney,Thursday
2026-01-22 02:47:38,ICMarkets Raw,EURUSD,1.16868,1.16868,0.0,0,Sydney,Thursday
2026-01-22 02:47:39,ICMarkets Raw,GBPUSD,1.34261,1.34262,1e-05,1,Sydney,Thursday
2026-01-22 02:47:40,ICMarkets Raw,USDJPY,158.306,158.306,0.0,0,Sydney,Thursday
2026-01-22 02:47:41,ICMarkets Raw,AUDUSD,0.67841,0.67841,0.0,0,Sydney,Thursday
2026-01-22 02:47:44,VantageMarkets Raw,XAUUSD,4791.91,4791.99,0.08,8,Sydney,Thursday
2026-01-22 02:47:45,VantageMarkets Raw,EURUSD,1.16868,1.1687,2e-05,2,Sydney,Thursday
2026-01-22 02:47:46,VantageMarkets Raw,GBPUSD,1.34258,1.34259,1e-05,1,Sydney,Thursday
2026-01-22 02:47:47,VantageMarkets Raw,USDJPY,158.307,158.309,0.002,2,Sydney,Thursday
2026-01-22 02:47:48,VantageMarkets Raw,AUDUSD,0.6783,0.67834,4e-05,4,Sydney,Thursday
2026-01-22 02:47:51,FPMarkets Raw,XAUUSD,4791.54,4791.61,0.07,7,Sydney,Thursday
2026-01-22 02:47:52,FPMarkets Raw,EURUSD,1.16864,1.16865,1e-05,1,Sydney,Thursday
2026-01-22 02:47:53,FPMarkets Raw,GBPUSD,1.34254,1.34259,5e-05,5,Sydney,Thursday
2026-01-22 02:47:54,FPMarkets Raw,USDJPY,158.31,158.314,0.004,4,Sydney,Thursday
2026-01-22 02:47:55,FPMarkets Raw,AUDUSD,0.67825,0.67828,3e-05,3,Sydney,Thursday
2026-01-22 02:47:57,8Cap Raw,XAUUSD,4791.4,4791.56,0.16,16,Sydney,Thursday
2026-01-22 02:47:57,8Cap Raw,EURUSD,1.16862,1.16863,1e-05,1,Sydney,Thursday
2026-01-22 02:47:58,8Cap Raw,GBPUSD,1.34259,1.3426,1e-05,1,Sydney,Thursday
2026-01-22 02:47:59,8Cap Raw,USDJPY,158.307,158.308,0.001,1,Sydney,Thursday
2026-01-22 02:47:59,8Cap Raw,AUDUSD,0.67824,0.67827,3e-05,3,Sydney,Thursday
2026-01-22 02:52:17,Pepperstone Razor,XAUUSD,4790.57,4790.74,0.17,17,Sydney,Thursday
2026-01-22 02:52:18,Pepperstone Razor,EURUSD,1.16851,1.16852,1e-05,1,Sydney,Thursday
2026-01-22 02:52:19,Pepperstone Razor,GBPUSD,1.3426,1.34261,1e-05,1,Sydney,Thursday
2026-01-22 02:52:20,Pepperstone Razor,USDJPY,158.269,158.27,0.001,1,Sydney,Thursday
2026-01-22 02:52:21,Pepperstone Razor,AUDUSD,0.67859,0.67859,0.0,0,Sydney,Thursday
2026-01-22 02:52:24,FusionMarkets Zero,XAUUSD,4790.75,4790.83,0.08,8,Sydney,Thursday
2026-01-22 02:52:25,FusionMarkets Zero,EURUSD,1.1685,1.1685,0.0,0,Sydney,Thursday
2026-01-22 02:52:26,FusionMarkets Zero,GBPUSD,1.34264,1.34264,0.0,0,Sydney,Thursday
2026-01-22 02:52:27,FusionMarkets Zero,USDJPY,158.271,158.273,0.002,2,Sydney,Thursday
2026-01-22 02:52:28,FusionMarkets Zero,AUDUSD,0.67858,0.67858,0.0,0,Sydney,Thursday
2026-01-22 02:52:32,ThinkMarkets ThinkZero,XAUUSD,4790.94,4791.02,0.08,8,Sydney,Thursday
2026-01-22 02:52:32,ThinkMarkets ThinkZero,EURUSD,1.16848,1.16851,3e-05,3,Sydney,Thursday
2026-01-22 02:52:33,ThinkMarkets ThinkZero,GBPUSD,1.34257,1.3426,3e-05,3,Sydney,Thursday
2026-01-22 02:52:34,ThinkMarkets ThinkZero,USDJPY,158.272,158.277,0.005,5,Sydney,Thursday
2026-01-22 02:52:35,ThinkMarkets ThinkZero,AUDUSD,0.67857,0.67861,4e-05,4,Sydney,Thursday
2026-01-22 02:52:38,ICMarkets Raw,XAUUSD,4790.45,4790.5,0.05,5,Sydney,Thursday
2026-01-22 02:52:39,ICMarkets Raw,EURUSD,1.16849,1.16849,0.0,0,Sydney,Thursday
2026-01-22 02:52:40,ICMarkets Raw,GBPUSD,1.34264,1.34265,1e-05,1,Sydney,Thursday
2026-01-22 02:52:41,ICMarkets Raw,USDJPY,158.274,158.276,0.002,2,Sydney,Thursday
2026-01-22 02:52:42,ICMarkets Raw,AUDUSD,0.67858,0.67858,0.0,0,Sydney,Thursday
2026-01-22 02:52:45,VantageMarkets Raw,XAUUSD,4790.23,4790.31,0.08,8,Sydney,Thursday
2026-01-22 02:52:45,VantageMarkets Raw,EURUSD,1.16847,1.16849,2e-05,2,Sydney,Thursday
2026-01-22 02:52:46,VantageMarkets Raw,GBPUSD,1.34259,1.3426,1e-05,1,Sydney,Thursday
2026-01-22 02:52:47,VantageMarkets Raw,USDJPY,158.271,158.277,0.006,6,Sydney,Thursday
2026-01-22 02:52:48,VantageMarkets Raw,AUDUSD,0.67858,0.6786,2e-05,2,Sydney,Thursday
2026-01-22 02:52:51,FPMarkets Raw,XAUUSD,4790.95,4791.02,0.07,7,Sydney,Thursday
2026-01-22 02:52:52,FPMarkets Raw,EURUSD,1.16851,1.16853,2e-05,2,Sydney,Thursday
2026-01-22 02:52:53,FPMarkets Raw,GBPUSD,1.34261,1.34262,1e-05,1,Sydney,Thursday
2026-01-22 02:52:54,FPMarkets Raw,USDJPY,158.266,158.27,0.004,4,Sydney,Thursday
2026-01-22 02:52:55,FPMarkets Raw,AUDUSD,0.67856,0.67859,3e-05,3,Sydney,Thursday
2026-01-22 02:52:57,8Cap Raw,XAUUSD,4790.05,4790.21,0.16,16,Sydney,Thursday
2026-01-22 02:52:58,8Cap Raw,EURUSD,1.16849,1.16849,0.0,0,Sydney,Thursday
2026-01-22 02:52:58,8Cap Raw,GBPUSD,1.34262,1.34263,1e-05,1,Sydney,Thursday
2026-01-22 02:52:59,8Cap Raw,USDJPY,158.27,158.271,0.001,1,Sydney,Thursday
2026-01-22 02:53:00,8Cap Raw,AUDUSD,0.67857,0.67859,2e-05,2,Sydney,Thursday
2026-01-22 02:57:17,Pepperstone Razor,XAUUSD,4796.07,4796.26,0.19,19,Sydney,Thursday
2026-01-22 02:57:18,Pepperstone Razor,EURUSD,1.16895,1.16895,0.0,0,Sydney,Thursday
2026-01-22 02:57:19,Pepperstone Razor,GBPUSD,1.34306,1.34308,2e-05,2,Sydney,Thursday
2026-01-22 02:57:20,Pepperstone Razor,USDJPY,158.222,158.224,0.002,2,Sydney,Thursday
2026-01-22 02:57:20,Pepperstone Razor,AUDUSD,0.67882,0.67882,0.0,0,Sydney,Thursday
2026-01-22 02:57:24,FusionMarkets Zero,XAUUSD,4796.88,4796.97,0.09,9,Sydney,Thursday
2026-01-22 02:57:25,FusionMarkets Zero,EURUSD,1.16895,1.16895,0.0,0,Sydney,Thursday
2026-01-22 02:57:26,FusionMarkets Zero,GBPUSD,1.34305,1.34305,0.0,0,Sydney,Thursday
2026-01-22 02:57:27,FusionMarkets Zero,USDJPY,158.224,158.225,0.001,1,Sydney,Thursday
2026-01-22 02:57:28,FusionMarkets Zero,AUDUSD,0.67885,0.67885,0.0,0,Sydney,Thursday
2026-01-22 02:57:31,ThinkMarkets ThinkZero,XAUUSD,4796.99,4797.07,0.08,8,Sydney,Thursday
2026-01-22 02:57:32,ThinkMarkets ThinkZero,EURUSD,1.16891,1.16893,2e-05,2,Sydney,Thursday
2026-01-22 02:57:33,ThinkMarkets ThinkZero,GBPUSD,1.343,1.34305,5e-05,5,Sydney,Thursday
2026-01-22 02:57:34,ThinkMarkets ThinkZero,USDJPY,158.225,158.23,0.005,5,Sydney,Thursday
2026-01-22 02:57:35,ThinkMarkets ThinkZero,AUDUSD,0.67885,0.67889,4e-05,4,Sydney,Thursday
2026-01-22 02:57:41,ICMarkets Raw,XAUUSD,4797.62,4797.69,0.07,7,Sydney,Thursday
2026-01-22 02:57:42,ICMarkets Raw,EURUSD,1.16895,1.16895,0.0,0,Sydney,Thursday
2026-01-22 02:57:43,ICMarkets Raw,GBPUSD,1.34304,1.34305,1e-05,1,Sydney,Thursday
2026-01-22 02:57:44,ICMarkets Raw,USDJPY,158.229,158.229,0.0,0,Sydney,Thursday
2026-01-22 02:57:45,ICMarkets Raw,AUDUSD,0.67888,0.67888,0.0,0,Sydney,Thursday
2026-01-22 02:57:48,VantageMarkets Raw,XAUUSD,4798.18,4798.26,0.08,8,Sydney,Thursday
2026-01-22 02:57:49,VantageMarkets Raw,EURUSD,1.16894,1.16895,1e-05,1,Sydney,Thursday
2026-01-22 02:57:50,VantageMarkets Raw,GBPUSD,1.34303,1.34304,1e-05,1,Sydney,Thursday
2026-01-22 02:57:51,VantageMarkets Raw,USDJPY,158.23,158.232,0.002,2,Sydney,Thursday
2026-01-22 02:57:52,VantageMarkets Raw,AUDUSD,0.67889,0.67892,3e-05,3,Sydney,Thursday
2026-01-22 02:57:55,FPMarkets Raw,XAUUSD,4798.39,4798.46,0.07,7,Sydney,Thursday
2026-01-22 02:57:56,FPMarkets Raw,EURUSD,1.16892,1.16893,1e-05,1,Sydney,Thursday
2026-01-22 02:57:57,FPMarkets Raw,GBPUSD,1.34304,1.34309,5e-05,5,Sydney,Thursday
2026-01-22 02:57:58,FPMarkets Raw,USDJPY,158.226,158.23,0.004,4,Sydney,Thursday
2026-01-22 02:57:59,FPMarkets Raw,AUDUSD,0.6789,0.67893,3e-05,3,Sydney,Thursday
2026-01-22 02:58:01,8Cap Raw,XAUUSD,4798.35,4798.51,0.16,16,Sydney,Thursday
2026-01-22 02:58:01,8Cap Raw,EURUSD,1.16898,1.16899,1e-05,1,Sydney,Thursday
2026-01-22 02:58:02,8Cap Raw,GBPUSD,1.34306,1.34307,1e-05,1,Sydney,Thursday
2026-01-22 02:58:03,8Cap Raw,USDJPY,158.222,158.223,0.001,1,Sydney,Thursday
2026-01-22 02:58:03,8Cap Raw,AUDUSD,0.6789,0.67894,4e-05,4,Sydney,Thursday
2026-01-22 03:02:16,Pepperstone Razor,XAUUSD,4786.5,4786.74,0.24,24,Sydney,Thursday
2026-01-22 03:02:17,Pepperstone Razor,EURUSD,1.16874,1.16874,0.0,0,Sydney,Thursday
2026-01-22 03:02:18,Pepperstone Razor,GBPUSD,1.34291,1.34292,1e-05,1,Sydney,Thursday
2026-01-22 03:02:19,Pepperstone Razor,USDJPY,158.251,158.254,0.003,3,Sydney,Thursday
2026-01-22 03:02:20,Pepperstone Razor,AUDUSD,0.67888,0.67888,0.0,0,Sydney,Thursday
2026-01-22 03:02:23,FusionMarkets Zero,XAUUSD,4785.78,4785.92,0.14,14,Sydney,Thursday
2026-01-22 03:02:24,FusionMarkets Zero,EURUSD,1.16868,1.16868,0.0,0,Sydney,Thursday
2026-01-22 03:02:24,FusionMarkets Zero,GBPUSD,1.34288,1.34288,0.0,0,Sydney,Thursday
2026-01-22 03:02:25,FusionMarkets Zero,USDJPY,158.25,158.25,0.0,0,Sydney,Thursday
2026-01-22 03:02:26,FusionMarkets Zero,AUDUSD,0.6789,0.6789,0.0,0,Sydney,Thursday
2026-01-22 03:02:29,ThinkMarkets ThinkZero,XAUUSD,4785.94,4786.02,0.08,8,Sydney,Thursday
2026-01-22 03:02:30,ThinkMarkets ThinkZero,EURUSD,1.16868,1.1687,2e-05,2,Sydney,Thursday
2026-01-22 03:02:31,ThinkMarkets ThinkZero,GBPUSD,1.34283,1.3429,7e-05,7,Sydney,Thursday
2026-01-22 03:02:32,ThinkMarkets ThinkZero,USDJPY,158.25,158.255,0.005,5,Sydney,Thursday
2026-01-22 03:02:33,ThinkMarkets ThinkZero,AUDUSD,0.6789,0.67894,4e-05,4,Sydney,Thursday
2026-01-22 03:02:36,ICMarkets Raw,XAUUSD,4784.36,4784.48,0.12,12,Sydney,Thursday
2026-01-22 03:02:37,ICMarkets Raw,EURUSD,1.16867,1.16867,0.0,0,Sydney,Thursday
2026-01-22 03:02:37,ICMarkets Raw,GBPUSD,1.34284,1.34285,1e-05,1,Sydney,Thursday
2026-01-22 03:02:38,ICMarkets Raw,USDJPY,158.26,158.262,0.002,2,Sydney,Thursday
2026-01-22 03:02:39,ICMarkets Raw,AUDUSD,0.6789,0.6789,0.0,0,Sydney,Thursday
2026-01-22 03:02:42,VantageMarkets Raw,XAUUSD,4783.61,4783.69,0.08,8,Sydney,Thursday
2026-01-22 03:02:43,VantageMarkets Raw,EURUSD,1.16867,1.16869,2e-05,2,Sydney,Thursday
2026-01-22 03:02:44,VantageMarkets Raw,GBPUSD,1.34282,1.34283,1e-05,1,Sydney,Thursday
2026-01-22 03:02:45,VantageMarkets Raw,USDJPY,158.264,158.266,0.002,2,Sydney,Thursday
2026-01-22 03:02:45,VantageMarkets Raw,AUDUSD,0.67884,0.67887,3e-05,3,Sydney,Thursday
2026-01-22 03:02:48,FPMarkets Raw,XAUUSD,4784.26,4784.33,0.07,7,Sydney,Thursday
2026-01-22 03:02:49,FPMarkets Raw,EURUSD,1.16862,1.16863,1e-05,1,Sydney,Thursday
2026-01-22 03:02:50,FPMarkets Raw,GBPUSD,1.34275,1.3428,5e-05,5,Sydney,Thursday
2026-01-22 03:02:51,FPMarkets Raw,USDJPY,158.272,158.276,0.004,4,Sydney,Thursday
2026-01-22 03:02:52,FPMarkets Raw,AUDUSD,0.67879,0.67882,3e-05,3,Sydney,Thursday
2026-01-22 03:02:54,8Cap Raw,XAUUSD,4782.14,4782.3,0.16,16,Sydney,Thursday
2026-01-22 03:02:55,8Cap Raw,EURUSD,1.16857,1.16857,0.0,0,Sydney,Thursday
2026-01-22 03:02:55,8Cap Raw,GBPUSD,1.34271,1.34274,3e-05,3,Sydney,Thursday
2026-01-22 03:02:56,8Cap Raw,USDJPY,158.273,158.274,0.001,1,Sydney,Thursday
2026-01-22 03:02:57,8Cap Raw,AUDUSD,0.67869,0.67872,3e-05,3,Sydney,Thursday
2026-01-22 03:07:16,Pepperstone Razor,XAUUSD,4782.52,4782.72,0.2,20,Sydney,Thursday
2026-01-22 03:07:17,Pepperstone Razor,EURUSD,1.16831,1.16831,0.0,0,Sydney,Thursday
2026-01-22 03:07:18,Pepperstone Razor,GBPUSD,1.34253,1.34254,1e-05,1,Sydney,Thursday
2026-01-22 03:07:19,Pepperstone Razor,USDJPY,158.312,158.315,0.003,3,Sydney,Thursday
2026-01-22 03:07:20,Pepperstone Razor,AUDUSD,0.67906,0.67907,1e-05,1,Sydney,Thursday
2026-01-22 03:07:23,FusionMarkets Zero,XAUUSD,4784.0,4784.14,0.14,14,Sydney,Thursday
2026-01-22 03:07:23,FusionMarkets Zero,EURUSD,1.16831,1.16831,0.0,0,Sydney,Thursday
2026-01-22 03:07:24,FusionMarkets Zero,GBPUSD,1.34257,1.34257,0.0,0,Sydney,Thursday
2026-01-22 03:07:25,FusionMarkets Zero,USDJPY,158.309,158.31,0.001,1,Sydney,Thursday
2026-01-22 03:07:26,FusionMarkets Zero,AUDUSD,0.67913,0.67913,0.0,0,Sydney,Thursday
2026-01-22 03:07:29,ThinkMarkets ThinkZero,XAUUSD,4785.48,4785.56,0.08,8,Sydney,Thursday
2026-01-22 03:07:30,ThinkMarkets ThinkZero,EURUSD,1.16828,1.1683,2e-05,2,Sydney,Thursday
2026-01-22 03:07:31,ThinkMarkets ThinkZero,GBPUSD,1.34254,1.34262,8e-05,8,Sydney,Thursday
2026-01-22 03:07:32,ThinkMarkets ThinkZero,USDJPY,158.316,158.32,0.004,4,Sydney,Thursday
2026-01-22 03:07:33,ThinkMarkets ThinkZero,AUDUSD,0.67907,0.67911,4e-05,4,Sydney,Thursday
2026-01-22 03:07:36,ICMarkets Raw,XAUUSD,4786.07,4786.16,0.09,9,Sydney,Thursday
2026-01-22 03:07:37,ICMarkets Raw,EURUSD,1.16831,1.16831,0.0,0,Sydney,Thursday
2026-01-22 03:07:37,ICMarkets Raw,GBPUSD,1.3426,1.34262,2e-05,2,Sydney,Thursday
2026-01-22 03:07:38,ICMarkets Raw,USDJPY,158.318,158.318,0.0,0,Sydney,Thursday
2026-01-22 03:07:39,ICMarkets Raw,AUDUSD,0.67908,0.67908,0.0,0,Sydney,Thursday
2026-01-22 03:07:41,VantageMarkets Raw,XAUUSD,4786.01,4786.09,0.08,8,Sydney,Thursday
2026-01-22 03:07:42,VantageMarkets Raw,EURUSD,1.16831,1.16832,1e-05,1,Sydney,Thursday
2026-01-22 03:07:43,VantageMarkets Raw,GBPUSD,1.34258,1.3426,2e-05,2,Sydney,Thursday
2026-01-22 03:07:44,VantageMarkets Raw,USDJPY,158.31,158.312,0.002,2,Sydney,Thursday
2026-01-22 03:07:45,VantageMarkets Raw,AUDUSD,0.6791,0.67914,4e-05,4,Sydney,Thursday
2026-01-22 03:07:48,FPMarkets Raw,XAUUSD,4786.26,4786.33,0.07,7,Sydney,Thursday
2026-01-22 03:07:49,FPMarkets Raw,EURUSD,1.16832,1.16834,2e-05,2,Sydney,Thursday
2026-01-22 03:07:50,FPMarkets Raw,GBPUSD,1.34255,1.3426,5e-05,5,Sydney,Thursday
2026-01-22 03:07:51,FPMarkets Raw,USDJPY,158.307,158.311,0.004,4,Sydney,Thursday
2026-01-22 03:07:52,FPMarkets Raw,AUDUSD,0.67911,0.67914,3e-05,3,Sydney,Thursday
2026-01-22 03:07:54,8Cap Raw,XAUUSD,4785.68,4785.84,0.16,16,Sydney,Thursday
2026-01-22 03:07:54,8Cap Raw,EURUSD,1.16835,1.16835,0.0,0,Sydney,Thursday
2026-01-22 03:07:55,8Cap Raw,GBPUSD,1.34262,1.34267,5e-05,5,Sydney,Thursday
2026-01-22 03:07:55,8Cap Raw,USDJPY,158.305,158.306,0.001,1,Sydney,Thursday
2026-01-22 03:07:56,8Cap Raw,AUDUSD,0.67924,0.67927,3e-05,3,Sydney,Thursday
2026-01-22 03:12:16,Pepperstone Razor,XAUUSD,4783.57,4783.73,0.16,16,Sydney,Thursday
2026-01-22 03:12:17,Pepperstone Razor,EURUSD,1.16837,1.16837,0.0,0,Sydney,Thursday
2026-01-22 03:12:18,Pepperstone Razor,GBPUSD,1.34264,1.34267,3e-05,3,Sydney,Thursday
2026-01-22 03:12:19,Pepperstone Razor,USDJPY,158.294,158.3,0.006,6,Sydney,Thursday
2026-01-22 03:12:20,Pepperstone Razor,AUDUSD,0.67888,0.67888,0.0,0,Sydney,Thursday
2026-01-22 03:12:23,FusionMarkets Zero,XAUUSD,4783.81,4783.9,0.09,9,Sydney,Thursday
2026-01-22 03:12:24,FusionMarkets Zero,EURUSD,1.16837,1.16837,0.0,0,Sydney,Thursday
2026-01-22 03:12:25,FusionMarkets Zero,GBPUSD,1.34265,1.34265,0.0,0,Sydney,Thursday
2026-01-22 03:12:26,FusionMarkets Zero,USDJPY,158.298,158.298,0.0,0,Sydney,Thursday
2026-01-22 03:12:27,FusionMarkets Zero,AUDUSD,0.67889,0.67889,0.0,0,Sydney,Thursday
2026-01-22 03:12:30,ThinkMarkets ThinkZero,XAUUSD,4783.88,4783.96,0.08,8,Sydney,Thursday
2026-01-22 03:12:31,ThinkMarkets ThinkZero,EURUSD,1.16835,1.16837,2e-05,2,Sydney,Thursday
2026-01-22 03:12:31,ThinkMarkets ThinkZero,GBPUSD,1.34264,1.34268,4e-05,4,Sydney,Thursday
2026-01-22 03:12:32,ThinkMarkets ThinkZero,USDJPY,158.293,158.298,0.005,5,Sydney,Thursday
2026-01-22 03:12:33,ThinkMarkets ThinkZero,AUDUSD,0.67888,0.6789,2e-05,2,Sydney,Thursday
2026-01-22 03:12:36,ICMarkets Raw,XAUUSD,4783.82,4783.89,0.07,7,Sydney,Thursday
2026-01-22 03:12:37,ICMarkets Raw,EURUSD,1.16839,1.16839,0.0,0,Sydney,Thursday
2026-01-22 03:12:38,ICMarkets Raw,GBPUSD,1.34266,1.34267,1e-05,1,Sydney,Thursday
2026-01-22 03:12:39,ICMarkets Raw,USDJPY,158.293,158.293,0.0,0,Sydney,Thursday
2026-01-22 03:12:40,ICMarkets Raw,AUDUSD,0.67896,0.67896,0.0,0,Sydney,Thursday
2026-01-22 03:12:42,VantageMarkets Raw,XAUUSD,4782.62,4782.7,0.08,8,Sydney,Thursday
2026-01-22 03:12:43,VantageMarkets Raw,EURUSD,1.16839,1.1684,1e-05,1,Sydney,Thursday
2026-01-22 03:12:44,VantageMarkets Raw,GBPUSD,1.3427,1.34271,1e-05,1,Sydney,Thursday
2026-01-22 03:12:45,VantageMarkets Raw,USDJPY,158.292,158.293,0.001,1,Sydney,Thursday
2026-01-22 03:12:46,VantageMarkets Raw,AUDUSD,0.67907,0.67911,4e-05,4,Sydney,Thursday
2026-01-22 03:12:49,FPMarkets Raw,XAUUSD,4782.95,4783.02,0.07,7,Sydney,Thursday
2026-01-22 03:12:50,FPMarkets Raw,EURUSD,1.16839,1.1684,1e-05,1,Sydney,Thursday
2026-01-22 03:12:51,FPMarkets Raw,GBPUSD,1.34269,1.34269,0.0,0,Sydney,Thursday
2026-01-22 03:12:52,FPMarkets Raw,USDJPY,158.291,158.295,0.004,4,Sydney,Thursday
2026-01-22 03:12:53,FPMarkets Raw,AUDUSD,0.67909,0.67912,3e-05,3,Sydney,Thursday
2026-01-22 03:12:54,8Cap Raw,XAUUSD,4782.17,4782.33,0.16,16,Sydney,Thursday
2026-01-22 03:12:55,8Cap Raw,EURUSD,1.1684,1.1684,0.0,0,Sydney,Thursday
2026-01-22 03:12:56,8Cap Raw,GBPUSD,1.34268,1.34269,1e-05,1,Sydney,Thursday
2026-01-22 03:12:56,8Cap Raw,USDJPY,158.293,158.294,0.001,1,Sydney,Thursday
2026-01-22 03:12:57,8Cap Raw,AUDUSD,0.67908,0.67911,3e-05,3,Sydney,Thursday
2026-01-22 03:17:17,Pepperstone Razor,XAUUSD,4792.47,4792.62,0.15,15,Sydney,Thursday
2026-01-22 03:17:17,Pepperstone Razor,EURUSD,1.16816,1.16817,1e-05,1,Sydney,Thursday
2026-01-22 03:17:18,Pepperstone Razor,GBPUSD,1.34248,1.34249,1e-05,1,Sydney,Thursday
2026-01-22 03:17:19,Pepperstone Razor,USDJPY,158.344,158.346,0.002,2,Sydney,Thursday
2026-01-22 03:17:21,Pepperstone Razor,AUDUSD,0.67922,0.67922,0.0,0,Sydney,Thursday
2026-01-22 03:17:24,FusionMarkets Zero,XAUUSD,4793.48,4793.56,0.08,8,Sydney,Thursday
2026-01-22 03:17:25,FusionMarkets Zero,EURUSD,1.16824,1.16824,0.0,0,Sydney,Thursday
2026-01-22 03:17:26,FusionMarkets Zero,GBPUSD,1.34257,1.34257,0.0,0,Sydney,Thursday
2026-01-22 03:17:27,FusionMarkets Zero,USDJPY,158.329,158.331,0.002,2,Sydney,Thursday
2026-01-22 03:17:27,FusionMarkets Zero,AUDUSD,0.67927,0.67927,0.0,0,Sydney,Thursday
2026-01-22 03:17:30,ThinkMarkets ThinkZero,XAUUSD,4794.93,4795.01,0.08,8,Sydney,Thursday
2026-01-22 03:17:31,ThinkMarkets ThinkZero,EURUSD,1.16826,1.16829,3e-05,3,Sydney,Thursday
2026-01-22 03:17:32,ThinkMarkets ThinkZero,GBPUSD,1.34257,1.34261,4e-05,4,Sydney,Thursday
2026-01-22 03:17:33,ThinkMarkets ThinkZero,USDJPY,158.318,158.323,0.005,5,Sydney,Thursday
2026-01-22 03:17:34,ThinkMarkets ThinkZero,AUDUSD,0.67931,0.67935,4e-05,4,Sydney,Thursday
2026-01-22 03:17:37,ICMarkets Raw,XAUUSD,4795.37,4795.43,0.06,6,Sydney,Thursday
2026-01-22 03:17:38,ICMarkets Raw,EURUSD,1.16829,1.16829,0.0,0,Sydney,Thursday
2026-01-22 03:17:39,ICMarkets Raw,GBPUSD,1.34262,1.34263,1e-05,1,Sydney,Thursday
2026-01-22 03:17:40,ICMarkets Raw,USDJPY,158.327,158.327,0.0,0,Sydney,Thursday
2026-01-22 03:17:40,ICMarkets Raw,AUDUSD,0.67933,0.67933,0.0,0,Sydney,Thursday
2026-01-22 03:17:43,VantageMarkets Raw,XAUUSD,4795.64,4795.72,0.08,8,Sydney,Thursday
2026-01-22 03:17:44,VantageMarkets Raw,EURUSD,1.16831,1.16833,2e-05,2,Sydney,Thursday
2026-01-22 03:17:45,VantageMarkets Raw,GBPUSD,1.34266,1.34269,3e-05,3,Sydney,Thursday
2026-01-22 03:17:46,VantageMarkets Raw,USDJPY,158.296,158.306,0.01,10,Sydney,Thursday
2026-01-22 03:17:47,VantageMarkets Raw,AUDUSD,0.67935,0.67938,3e-05,3,Sydney,Thursday
2026-01-22 03:17:51,FPMarkets Raw,XAUUSD,4794.57,4794.64,0.07,7,Sydney,Thursday
2026-01-22 03:17:51,FPMarkets Raw,EURUSD,1.16836,1.16836,0.0,0,Sydney,Thursday
2026-01-22 03:17:52,FPMarkets Raw,GBPUSD,1.34273,1.34278,5e-05,5,Sydney,Thursday
2026-01-22 03:17:53,FPMarkets Raw,USDJPY,158.294,158.298,0.004,4,Sydney,Thursday
2026-01-22 03:17:54,FPMarkets Raw,AUDUSD,0.67933,0.67937,4e-05,4,Sydney,Thursday
2026-01-22 03:17:56,8Cap Raw,XAUUSD,4794.86,4795.02,0.16,16,Sydney,Thursday
2026-01-22 03:17:57,8Cap Raw,EURUSD,1.16838,1.16838,0.0,0,Sydney,Thursday
2026-01-22 03:17:57,8Cap Raw,GBPUSD,1.34275,1.34277,2e-05,2,Sydney,Thursday
2026-01-22 03:17:58,8Cap Raw,USDJPY,158.289,158.294,0.005,5,Sydney,Thursday
2026-01-22 03:17:59,8Cap Raw,AUDUSD,0.67936,0.6794,4e-05,4,Sydney,Thursday
2026-01-22 03:22:16,Pepperstone Razor,XAUUSD,4806.27,4806.52,0.25,25,Sydney,Thursday
2026-01-22 03:22:17,Pepperstone Razor,EURUSD,1.16833,1.16833,0.0,0,Sydney,Thursday
2026-01-22 03:22:18,Pepperstone Razor,GBPUSD,1.3428,1.34283,3e-05,3,Sydney,Thursday
2026-01-22 03:22:19,Pepperstone Razor,USDJPY,158.304,158.307,0.003,3,Sydney,Thursday
2026-01-22 03:22:20,Pepperstone Razor,AUDUSD,0.67938,0.67938,0.0,0,Sydney,Thursday
2026-01-22 03:22:23,FusionMarkets Zero,XAUUSD,4806.35,4806.48,0.13,13,Sydney,Thursday
2026-01-22 03:22:24,FusionMarkets Zero,EURUSD,1.16835,1.16835,0.0,0,Sydney,Thursday
2026-01-22 03:22:25,FusionMarkets Zero,GBPUSD,1.34284,1.34284,0.0,0,Sydney,Thursday
2026-01-22 03:22:26,FusionMarkets Zero,USDJPY,158.309,158.309,0.0,0,Sydney,Thursday
2026-01-22 03:22:27,FusionMarkets Zero,AUDUSD,0.67941,0.67941,0.0,0,Sydney,Thursday
2026-01-22 03:22:30,ThinkMarkets ThinkZero,XAUUSD,4805.92,4806.0,0.08,8,Sydney,Thursday
2026-01-22 03:22:31,ThinkMarkets ThinkZero,EURUSD,1.16832,1.16835,3e-05,3,Sydney,Thursday
2026-01-22 03:22:32,ThinkMarkets ThinkZero,GBPUSD,1.34278,1.34284,6e-05,6,Sydney,Thursday
2026-01-22 03:22:32,ThinkMarkets ThinkZero,USDJPY,158.308,158.311,0.003,3,Sydney,Thursday
2026-01-22 03:22:33,ThinkMarkets ThinkZero,AUDUSD,0.6792,0.67924,4e-05,4,Sydney,Thursday
2026-01-22 03:22:36,ICMarkets Raw,XAUUSD,4806.15,4806.27,0.12,12,Sydney,Thursday
2026-01-22 03:22:37,ICMarkets Raw,EURUSD,1.16835,1.16835,0.0,0,Sydney,Thursday
2026-01-22 03:22:38,ICMarkets Raw,GBPUSD,1.34278,1.3428,2e-05,2,Sydney,Thursday
2026-01-22 03:22:39,ICMarkets Raw,USDJPY,158.308,158.308,0.0,0,Sydney,Thursday
2026-01-22 03:22:40,ICMarkets Raw,AUDUSD,0.67919,0.6792,1e-05,1,Sydney,Thursday
2026-01-22 03:22:43,VantageMarkets Raw,XAUUSD,4804.59,4804.67,0.08,8,Sydney,Thursday
2026-01-22 03:22:44,VantageMarkets Raw,EURUSD,1.16835,1.16836,1e-05,1,Sydney,Thursday
2026-01-22 03:22:44,VantageMarkets Raw,GBPUSD,1.34278,1.34279,1e-05,1,Sydney,Thursday
2026-01-22 03:22:45,VantageMarkets Raw,USDJPY,158.311,158.313,0.002,2,Sydney,Thursday
2026-01-22 03:22:46,VantageMarkets Raw,AUDUSD,0.67917,0.6792,3e-05,3,Sydney,Thursday
2026-01-22 03:22:51,FPMarkets Raw,XAUUSD,4804.85,4804.92,0.07,7,Sydney,Thursday
2026-01-22 03:22:52,FPMarkets Raw,EURUSD,1.16834,1.16835,1e-05,1,Sydney,Thursday
2026-01-22 03:22:53,FPMarkets Raw,GBPUSD,1.34277,1.34282,5e-05,5,Sydney,Thursday
2026-01-22 03:22:54,FPMarkets Raw,USDJPY,158.305,158.309,0.004,4,Sydney,Thursday
2026-01-22 03:22:55,FPMarkets Raw,AUDUSD,0.67917,0.6792,3e-05,3,Sydney,Thursday
2026-01-22 03:22:56,8Cap Raw,XAUUSD,4805.38,4805.54,0.16,16,Sydney,Thursday
2026-01-22 03:22:57,8Cap Raw,EURUSD,1.16837,1.16837,0.0,0,Sydney,Thursday
2026-01-22 03:22:58,8Cap Raw,GBPUSD,1.34282,1.34283,1e-05,1,Sydney,Thursday
2026-01-22 03:22:58,8Cap Raw,USDJPY,158.307,158.308,0.001,1,Sydney,Thursday
2026-01-22 03:22:59,8Cap Raw,AUDUSD,0.67923,0.67926,3e-05,3,Sydney,Thursday
2026-01-22 03:27:17,Pepperstone Razor,XAUUSD,4803.32,4803.49,0.17,17,Sydney,Thursday
2026-01-22 03:27:18,Pepperstone Razor,EURUSD,1.16835,1.16835,0.0,0,Sydney,Thursday
2026-01-22 03:27:18,Pepperstone Razor,GBPUSD,1.34277,1.34279,2e-05,2,Sydney,Thursday
2026-01-22 03:27:19,Pepperstone Razor,USDJPY,158.296,158.299,0.003,3,Sydney,Thursday
2026-01-22 03:27:20,Pepperstone Razor,AUDUSD,0.67915,0.67915,0.0,0,Sydney,Thursday
2026-01-22 03:27:23,FusionMarkets Zero,XAUUSD,4802.26,4802.36,0.1,10,Sydney,Thursday
2026-01-22 03:27:24,FusionMarkets Zero,EURUSD,1.1683,1.1683,0.0,0,Sydney,Thursday
2026-01-22 03:27:25,FusionMarkets Zero,GBPUSD,1.34276,1.34276,0.0,0,Sydney,Thursday
2026-01-22 03:27:26,FusionMarkets Zero,USDJPY,158.285,158.285,0.0,0,Sydney,Thursday
2026-01-22 03:27:27,FusionMarkets Zero,AUDUSD,0.679,0.679,0.0,0,Sydney,Thursday
2026-01-22 03:27:30,ThinkMarkets ThinkZero,XAUUSD,4802.97,4803.05,0.08,8,Sydney,Thursday
2026-01-22 03:27:31,ThinkMarkets ThinkZero,EURUSD,1.1683,1.16831,1e-05,1,Sydney,Thursday
2026-01-22 03:27:32,ThinkMarkets ThinkZero,GBPUSD,1.34274,1.34279,5e-05,5,Sydney,Thursday
2026-01-22 03:27:33,ThinkMarkets ThinkZero,USDJPY,158.283,158.288,0.005,5,Sydney,Thursday
2026-01-22 03:27:34,ThinkMarkets ThinkZero,AUDUSD,0.679,0.67903,3e-05,3,Sydney,Thursday
2026-01-22 03:27:37,ICMarkets Raw,XAUUSD,4802.55,4802.61,0.06,6,Sydney,Thursday
2026-01-22 03:27:38,ICMarkets Raw,EURUSD,1.16831,1.16831,0.0,0,Sydney,Thursday
2026-01-22 03:27:39,ICMarkets Raw,GBPUSD,1.34279,1.3428,1e-05,1,Sydney,Thursday
2026-01-22 03:27:39,ICMarkets Raw,USDJPY,158.289,158.289,0.0,0,Sydney,Thursday
2026-01-22 03:27:40,ICMarkets Raw,AUDUSD,0.67905,0.67905,0.0,0,Sydney,Thursday
2026-01-22 03:27:43,VantageMarkets Raw,XAUUSD,4801.51,4801.59,0.08,8,Sydney,Thursday
2026-01-22 03:27:44,VantageMarkets Raw,EURUSD,1.16834,1.16836,2e-05,2,Sydney,Thursday
2026-01-22 03:27:45,VantageMarkets Raw,GBPUSD,1.3428,1.34281,1e-05,1,Sydney,Thursday
2026-01-22 03:27:46,VantageMarkets Raw,USDJPY,158.286,158.288,0.002,2,Sydney,Thursday
2026-01-22 03:27:47,VantageMarkets Raw,AUDUSD,0.67908,0.67912,4e-05,4,Sydney,Thursday
2026-01-22 03:27:50,FPMarkets Raw,XAUUSD,4801.34,4801.41,0.07,7,Sydney,Thursday
2026-01-22 03:27:51,FPMarkets Raw,EURUSD,1.16838,1.16839,1e-05,1,Sydney,Thursday
2026-01-22 03:27:52,FPMarkets Raw,GBPUSD,1.34282,1.34287,5e-05,5,Sydney,Thursday
2026-01-22 03:27:53,FPMarkets Raw,USDJPY,158.282,158.286,0.004,4,Sydney,Thursday
2026-01-22 03:27:54,FPMarkets Raw,AUDUSD,0.67905,0.67908,3e-05,3,Sydney,Thursday
2026-01-22 03:27:55,8Cap Raw,XAUUSD,4800.41,4800.57,0.16,16,Sydney,Thursday
2026-01-22 03:27:56,8Cap Raw,EURUSD,1.1684,1.1684,0.0,0,Sydney,Thursday
2026-01-22 03:27:57,8Cap Raw,GBPUSD,1.34285,1.34288,3e-05,3,Sydney,Thursday
2026-01-22 03:27:57,8Cap Raw,USDJPY,158.276,158.277,0.001,1,Sydney,Thursday
2026-01-22 03:27:58,8Cap Raw,AUDUSD,0.67915,0.67919,4e-05,4,Sydney,Thursday
2026-01-22 03:32:17,Pepperstone Razor,XAUUSD,4795.66,4795.84,0.18,18,Sydney,Thursday
2026-01-22 03:32:17,Pepperstone Razor,EURUSD,1.16857,1.16858,1e-05,1,Sydney,Thursday
2026-01-22 03:32:18,Pepperstone Razor,GBPUSD,1.34297,1.343,3e-05,3,Sydney,Thursday
2026-01-22 03:32:19,Pepperstone Razor,USDJPY,158.235,158.238,0.003,3,Sydney,Thursday
2026-01-22 03:32:20,Pepperstone Razor,AUDUSD,0.67906,0.67907,1e-05,1,Sydney,Thursday
2026-01-22 03:32:23,FusionMarkets Zero,XAUUSD,4794.77,4794.91,0.14,14,Sydney,Thursday
2026-01-22 03:32:24,FusionMarkets Zero,EURUSD,1.1686,1.1686,0.0,0,Sydney,Thursday
2026-01-22 03:32:25,FusionMarkets Zero,GBPUSD,1.34302,1.34302,0.0,0,Sydney,Thursday
2026-01-22 03:32:26,FusionMarkets Zero,USDJPY,158.236,158.237,0.001,1,Sydney,Thursday
2026-01-22 03:32:27,FusionMarkets Zero,AUDUSD,0.67912,0.67912,0.0,0,Sydney,Thursday
2026-01-22 03:32:30,ThinkMarkets ThinkZero,XAUUSD,4796.92,4797.0,0.08,8,Sydney,Thursday
2026-01-22 03:32:31,ThinkMarkets ThinkZero,EURUSD,1.16863,1.16864,1e-05,1,Sydney,Thursday
2026-01-22 03:32:32,ThinkMarkets ThinkZero,GBPUSD,1.34291,1.34298,7e-05,7,Sydney,Thursday
2026-01-22 03:32:33,ThinkMarkets ThinkZero,USDJPY,158.238,158.241,0.003,3,Sydney,Thursday
2026-01-22 03:32:34,ThinkMarkets ThinkZero,AUDUSD,0.67905,0.67909,4e-05,4,Sydney,Thursday
2026-01-22 03:32:37,ICMarkets Raw,XAUUSD,4795.38,4795.5,0.12,12,Sydney,Thursday
2026-01-22 03:32:37,ICMarkets Raw,EURUSD,1.16857,1.16857,0.0,0,Sydney,Thursday
2026-01-22 03:32:38,ICMarkets Raw,GBPUSD,1.34298,1.34299,1e-05,1,Sydney,Thursday
2026-01-22 03:32:39,ICMarkets Raw,USDJPY,158.236,158.237,0.001,1,Sydney,Thursday
2026-01-22 03:32:40,ICMarkets Raw,AUDUSD,0.67911,0.67911,0.0,0,Sydney,Thursday
2026-01-22 03:32:43,VantageMarkets Raw,XAUUSD,4795.72,4795.8,0.08,8,Sydney,Thursday
2026-01-22 03:32:44,VantageMarkets Raw,EURUSD,1.16855,1.16856,1e-05,1,Sydney,Thursday
2026-01-22 03:32:45,VantageMarkets Raw,GBPUSD,1.34295,1.34298,3e-05,3,Sydney,Thursday
2026-01-22 03:32:46,VantageMarkets Raw,USDJPY,158.234,158.239,0.005,5,Sydney,Thursday
2026-01-22 03:32:47,VantageMarkets Raw,AUDUSD,0.67913,0.67917,4e-05,4,Sydney,Thursday
2026-01-22 03:32:50,FPMarkets Raw,XAUUSD,4796.75,4796.82,0.07,7,Sydney,Thursday
2026-01-22 03:32:51,FPMarkets Raw,EURUSD,1.16854,1.16855,1e-05,1,Sydney,Thursday
2026-01-22 03:32:52,FPMarkets Raw,GBPUSD,1.34293,1.34298,5e-05,5,Sydney,Thursday
2026-01-22 03:32:53,FPMarkets Raw,USDJPY,158.234,158.238,0.004,4,Sydney,Thursday
2026-01-22 03:32:54,FPMarkets Raw,AUDUSD,0.67913,0.67916,3e-05,3,Sydney,Thursday
2026-01-22 03:32:55,8Cap Raw,XAUUSD,4795.52,4795.68,0.16,16,Sydney,Thursday
2026-01-22 03:32:56,8Cap Raw,EURUSD,1.16854,1.16854,0.0,0,Sydney,Thursday
2026-01-22 03:32:57,8Cap Raw,GBPUSD,1.34295,1.34297,2e-05,2,Sydney,Thursday
2026-01-22 03:32:57,8Cap Raw,USDJPY,158.234,158.235,0.001,1,Sydney,Thursday
2026-01-22 03:32:58,8Cap Raw,AUDUSD,0.67914,0.67916,2e-05,2,Sydney,Thursday
2026-01-22 03:37:17,Pepperstone Razor,XAUUSD,4801.51,4801.65,0.14,14,Sydney,Thursday
2026-01-22 03:37:18,Pepperstone Razor,EURUSD,1.1685,1.1685,0.0,0,Sydney,Thursday
2026-01-22 03:37:18,Pepperstone Razor,GBPUSD,1.34282,1.34283,1e-05,1,Sydney,Thursday
2026-01-22 03:37:19,Pepperstone Razor,USDJPY,158.273,158.276,0.003,3,Sydney,Thursday
2026-01-22 03:37:20,Pepperstone Razor,AUDUSD,0.67937,0.67939,2e-05,2,Sydney,Thursday
2026-01-22 03:37:23,FusionMarkets Zero,XAUUSD,4799.95,4800.01,0.06,6,Sydney,Thursday
2026-01-22 03:37:24,FusionMarkets Zero,EURUSD,1.1685,1.1685,0.0,0,Sydney,Thursday
2026-01-22 03:37:25,FusionMarkets Zero,GBPUSD,1.34285,1.34285,0.0,0,Sydney,Thursday
2026-01-22 03:37:26,FusionMarkets Zero,USDJPY,158.272,158.272,0.0,0,Sydney,Thursday
2026-01-22 03:37:27,FusionMarkets Zero,AUDUSD,0.67941,0.67941,0.0,0,Sydney,Thursday
2026-01-22 03:37:31,ThinkMarkets ThinkZero,XAUUSD,4800.19,4800.27,0.08,8,Sydney,Thursday
2026-01-22 03:37:31,ThinkMarkets ThinkZero,EURUSD,1.1685,1.16852,2e-05,2,Sydney,Thursday
2026-01-22 03:37:32,ThinkMarkets ThinkZero,GBPUSD,1.3428,1.34287,7e-05,7,Sydney,Thursday
2026-01-22 03:37:33,ThinkMarkets ThinkZero,USDJPY,158.27,158.275,0.005,5,Sydney,Thursday
2026-01-22 03:37:34,ThinkMarkets ThinkZero,AUDUSD,0.67938,0.67942,4e-05,4,Sydney,Thursday
2026-01-22 03:37:38,ICMarkets Raw,XAUUSD,4800.39,4800.44,0.05,5,Sydney,Thursday
2026-01-22 03:37:39,ICMarkets Raw,EURUSD,1.16853,1.16853,0.0,0,Sydney,Thursday
2026-01-22 03:37:40,ICMarkets Raw,GBPUSD,1.34286,1.34287,1e-05,1,Sydney,Thursday
2026-01-22 03:37:40,ICMarkets Raw,USDJPY,158.271,158.271,0.0,0,Sydney,Thursday
2026-01-22 03:37:41,ICMarkets Raw,AUDUSD,0.67942,0.67942,0.0,0,Sydney,Thursday
2026-01-22 03:37:44,VantageMarkets Raw,XAUUSD,4799.72,4799.8,0.08,8,Sydney,Thursday
2026-01-22 03:37:45,VantageMarkets Raw,EURUSD,1.16852,1.16854,2e-05,2,Sydney,Thursday
2026-01-22 03:37:46,VantageMarkets Raw,GBPUSD,1.34288,1.34289,1e-05,1,Sydney,Thursday
2026-01-22 03:37:47,VantageMarkets Raw,USDJPY,158.271,158.272,0.001,1,Sydney,Thursday
2026-01-22 03:37:48,VantageMarkets Raw,AUDUSD,0.67941,0.67945,4e-05,4,Sydney,Thursday
2026-01-22 03:37:52,FPMarkets Raw,XAUUSD,4798.71,4798.78,0.07,7,Sydney,Thursday
2026-01-22 03:37:53,FPMarkets Raw,EURUSD,1.16854,1.16855,1e-05,1,Sydney,Thursday
2026-01-22 03:37:54,FPMarkets Raw,GBPUSD,1.34289,1.3429,1e-05,1,Sydney,Thursday
2026-01-22 03:37:55,FPMarkets Raw,USDJPY,158.271,158.275,0.004,4,Sydney,Thursday
2026-01-22 03:37:56,FPMarkets Raw,AUDUSD,0.67935,0.67939,4e-05,4,Sydney,Thursday
2026-01-22 03:37:58,8Cap Raw,XAUUSD,4799.52,4799.68,0.16,16,Sydney,Thursday
2026-01-22 03:37:59,8Cap Raw,EURUSD,1.16854,1.16854,0.0,0,Sydney,Thursday
2026-01-22 03:37:59,8Cap Raw,GBPUSD,1.34289,1.3429,1e-05,1,Sydney,Thursday
2026-01-22 03:38:00,8Cap Raw,USDJPY,158.272,158.273,0.001,1,Sydney,Thursday
2026-01-22 03:38:01,8Cap Raw,AUDUSD,0.67937,0.67941,4e-05,4,Sydney,Thursday
2026-01-22 03:42:16,Pepperstone Razor,XAUUSD,4804.08,4804.22,0.14,14,Sydney,Thursday
2026-01-22 03:42:17,Pepperstone Razor,EURUSD,1.16862,1.16862,0.0,0,Sydney,Thursday
2026-01-22 03:42:18,Pepperstone Razor,GBPUSD,1.34283,1.34284,1e-05,1,Sydney,Thursday
2026-01-22 03:42:19,Pepperstone Razor,USDJPY,158.322,158.328,0.006,6,Sydney,Thursday
2026-01-22 03:42:20,Pepperstone Razor,AUDUSD,0.67926,0.67928,2e-05,2,Sydney,Thursday
2026-01-22 03:42:24,FusionMarkets Zero,XAUUSD,4803.99,4804.07,0.08,8,Sydney,Thursday
2026-01-22 03:42:24,FusionMarkets Zero,EURUSD,1.16859,1.16859,0.0,0,Sydney,Thursday
2026-01-22 03:42:25,FusionMarkets Zero,GBPUSD,1.34285,1.34285,0.0,0,Sydney,Thursday
2026-01-22 03:42:26,FusionMarkets Zero,USDJPY,158.319,158.321,0.002,2,Sydney,Thursday
2026-01-22 03:42:27,FusionMarkets Zero,AUDUSD,0.67927,0.67927,0.0,0,Sydney,Thursday
2026-01-22 03:42:31,ThinkMarkets ThinkZero,XAUUSD,4803.44,4803.52,0.08,8,Sydney,Thursday
2026-01-22 03:42:31,ThinkMarkets ThinkZero,EURUSD,1.16857,1.16859,2e-05,2,Sydney,Thursday
2026-01-22 03:42:32,ThinkMarkets ThinkZero,GBPUSD,1.34284,1.34289,5e-05,5,Sydney,Thursday
2026-01-22 03:42:33,ThinkMarkets ThinkZero,USDJPY,158.322,158.325,0.003,3,Sydney,Thursday
2026-01-22 03:42:34,ThinkMarkets ThinkZero,AUDUSD,0.67922,0.67925,3e-05,3,Sydney,Thursday
2026-01-22 03:42:37,ICMarkets Raw,XAUUSD,4803.05,4803.15,0.1,10,Sydney,Thursday
2026-01-22 03:42:38,ICMarkets Raw,EURUSD,1.16861,1.16861,0.0,0,Sydney,Thursday
2026-01-22 03:42:39,ICMarkets Raw,GBPUSD,1.34285,1.34286,1e-05,1,Sydney,Thursday
2026-01-22 03:42:40,ICMarkets Raw,USDJPY,158.313,158.313,0.0,0,Sydney,Thursday
2026-01-22 03:42:41,ICMarkets Raw,AUDUSD,0.6792,0.67921,1e-05,1,Sydney,Thursday
2026-01-22 03:42:44,VantageMarkets Raw,XAUUSD,4802.85,4802.93,0.08,8,Sydney,Thursday
2026-01-22 03:42:45,VantageMarkets Raw,EURUSD,1.16861,1.16862,1e-05,1,Sydney,Thursday
2026-01-22 03:42:45,VantageMarkets Raw,GBPUSD,1.34284,1.34285,1e-05,1,Sydney,Thursday
2026-01-22 03:42:46,VantageMarkets Raw,USDJPY,158.308,158.317,0.009,9,Sydney,Thursday
2026-01-22 03:42:47,VantageMarkets Raw,AUDUSD,0.67921,0.67923,2e-05,2,Sydney,Thursday
2026-01-22 03:42:50,FPMarkets Raw,XAUUSD,4802.33,4802.4,0.07,7,Sydney,Thursday
2026-01-22 03:42:51,FPMarkets Raw,EURUSD,1.1686,1.16862,2e-05,2,Sydney,Thursday
2026-01-22 03:42:52,FPMarkets Raw,GBPUSD,1.34286,1.34286,0.0,0,Sydney,Thursday
2026-01-22 03:42:53,FPMarkets Raw,USDJPY,158.311,158.315,0.004,4,Sydney,Thursday
2026-01-22 03:42:54,FPMarkets Raw,AUDUSD,0.6792,0.67923,3e-05,3,Sydney,Thursday
2026-01-22 03:42:56,8Cap Raw,XAUUSD,4802.71,4802.87,0.16,16,Sydney,Thursday
2026-01-22 03:42:56,8Cap Raw,EURUSD,1.16861,1.16862,1e-05,1,Sydney,Thursday
2026-01-22 03:42:57,8Cap Raw,GBPUSD,1.34286,1.34287,1e-05,1,Sydney,Thursday
2026-01-22 03:42:58,8Cap Raw,USDJPY,158.307,158.312,0.005,5,Sydney,Thursday
2026-01-22 03:42:58,8Cap Raw,AUDUSD,0.67921,0.67925,4e-05,4,Sydney,Thursday
2026-01-22 03:47:17,Pepperstone Razor,XAUUSD,4798.98,4799.21,0.23,23,Sydney,Thursday
2026-01-22 03:47:18,Pepperstone Razor,EURUSD,1.1689,1.16893,3e-05,3,Sydney,Thursday
2026-01-22 03:47:19,Pepperstone Razor,GBPUSD,1.34295,1.343,5e-05,5,Sydney,Thursday
2026-01-22 03:47:19,Pepperstone Razor,USDJPY,158.305,158.312,0.007,7,Sydney,Thursday
2026-01-22 03:47:20,Pepperstone Razor,AUDUSD,0.67931,0.67931,0.0,0,Sydney,Thursday
2026-01-22 03:47:24,FusionMarkets Zero,XAUUSD,4799.8,4799.87,0.07,7,Sydney,Thursday
2026-01-22 03:47:24,FusionMarkets Zero,EURUSD,1.16886,1.16886,0.0,0,Sydney,Thursday
2026-01-22 03:47:25,FusionMarkets Zero,GBPUSD,1.34296,1.34296,0.0,0,Sydney,Thursday
2026-01-22 03:47:26,FusionMarkets Zero,USDJPY,158.31,158.31,0.0,0,Sydney,Thursday
2026-01-22 03:47:27,FusionMarkets Zero,AUDUSD,0.67931,0.67931,0.0,0,Sydney,Thursday
2026-01-22 03:47:31,ThinkMarkets ThinkZero,XAUUSD,4799.54,4799.62,0.08,8,Sydney,Thursday
2026-01-22 03:47:32,ThinkMarkets ThinkZero,EURUSD,1.16884,1.16887,3e-05,3,Sydney,Thursday
2026-01-22 03:47:33,ThinkMarkets ThinkZero,GBPUSD,1.34286,1.3429,4e-05,4,Sydney,Thursday
2026-01-22 03:47:33,ThinkMarkets ThinkZero,USDJPY,158.309,158.312,0.003,3,Sydney,Thursday
2026-01-22 03:47:34,ThinkMarkets ThinkZero,AUDUSD,0.67929,0.67933,4e-05,4,Sydney,Thursday
2026-01-22 03:47:38,ICMarkets Raw,XAUUSD,4800.16,4800.22,0.06,6,Sydney,Thursday
2026-01-22 03:47:39,ICMarkets Raw,EURUSD,1.16886,1.16886,0.0,0,Sydney,Thursday
2026-01-22 03:47:39,ICMarkets Raw,GBPUSD,1.34288,1.3429,2e-05,2,Sydney,Thursday
2026-01-22 03:47:40,ICMarkets Raw,USDJPY,158.308,158.308,0.0,0,Sydney,Thursday
2026-01-22 03:47:53,ICMarkets Raw,AUDUSD,0.67934,0.67934,0.0,0,Sydney,Thursday
2026-01-22 03:47:56,VantageMarkets Raw,XAUUSD,4799.93,4800.01,0.08,8,Sydney,Thursday
2026-01-22 03:47:57,VantageMarkets Raw,EURUSD,1.16886,1.16887,1e-05,1,Sydney,Thursday
2026-01-22 03:47:58,VantageMarkets Raw,GBPUSD,1.34286,1.34287,1e-05,1,Sydney,Thursday
2026-01-22 03:47:59,VantageMarkets Raw,USDJPY,158.318,158.32,0.002,2,Sydney,Thursday
2026-01-22 03:48:00,VantageMarkets Raw,AUDUSD,0.67931,0.67935,4e-05,4,Sydney,Thursday
2026-01-22 03:48:03,FPMarkets Raw,XAUUSD,4800.35,4800.42,0.07,7,Sydney,Thursday
2026-01-22 03:48:04,FPMarkets Raw,EURUSD,1.16889,1.1689,1e-05,1,Sydney,Thursday
2026-01-22 03:48:05,FPMarkets Raw,GBPUSD,1.34286,1.34291,5e-05,5,Sydney,Thursday
2026-01-22 03:48:06,FPMarkets Raw,USDJPY,158.309,158.313,0.004,4,Sydney,Thursday
2026-01-22 03:48:07,FPMarkets Raw,AUDUSD,0.67936,0.67939,3e-05,3,Sydney,Thursday
2026-01-22 03:48:09,8Cap Raw,XAUUSD,4801.55,4801.71,0.16,16,Sydney,Thursday
2026-01-22 03:48:09,8Cap Raw,EURUSD,1.16889,1.1689,1e-05,1,Sydney,Thursday
2026-01-22 03:48:10,8Cap Raw,GBPUSD,1.3429,1.34291,1e-05,1,Sydney,Thursday
2026-01-22 03:48:11,8Cap Raw,USDJPY,158.31,158.311,0.001,1,Sydney,Thursday
2026-01-22 03:48:11,8Cap Raw,AUDUSD,0.67933,0.67936,3e-05,3,Sydney,Thursday
2026-01-22 03:52:17,Pepperstone Razor,XAUUSD,4801.24,4801.41,0.17,17,Sydney,Thursday
2026-01-22 03:52:18,Pepperstone Razor,EURUSD,1.16872,1.16873,1e-05,1,Sydney,Thursday
2026-01-22 03:52:19,Pepperstone Razor,GBPUSD,1.34281,1.34284,3e-05,3,Sydney,Thursday
2026-01-22 03:52:20,Pepperstone Razor,USDJPY,158.342,158.344,0.002,2,Sydney,Thursday
2026-01-22 03:52:21,Pepperstone Razor,AUDUSD,0.67919,0.6792,1e-05,1,Sydney,Thursday
2026-01-22 03:52:24,FusionMarkets Zero,XAUUSD,4801.8,4801.91,0.11,11,Sydney,Thursday
2026-01-22 03:52:25,FusionMarkets Zero,EURUSD,1.16879,1.16879,0.0,0,Sydney,Thursday
2026-01-22 03:52:26,FusionMarkets Zero,GBPUSD,1.34287,1.34287,0.0,0,Sydney,Thursday
2026-01-22 03:52:27,FusionMarkets Zero,USDJPY,158.346,158.346,0.0,0,Sydney,Thursday
2026-01-22 03:52:28,FusionMarkets Zero,AUDUSD,0.67916,0.67916,0.0,0,Sydney,Thursday
2026-01-22 03:52:31,ThinkMarkets ThinkZero,XAUUSD,4802.05,4802.13,0.08,8,Sydney,Thursday
2026-01-22 03:52:32,ThinkMarkets ThinkZero,EURUSD,1.16869,1.16871,2e-05,2,Sydney,Thursday
2026-01-22 03:52:33,ThinkMarkets ThinkZero,GBPUSD,1.34279,1.34286,7e-05,7,Sydney,Thursday
2026-01-22 03:52:34,ThinkMarkets ThinkZero,USDJPY,158.334,158.338,0.004,4,Sydney,Thursday
2026-01-22 03:52:35,ThinkMarkets ThinkZero,AUDUSD,0.67913,0.67917,4e-05,4,Sydney,Thursday
2026-01-22 03:52:38,ICMarkets Raw,XAUUSD,4801.0,4801.07,0.07,7,Sydney,Thursday
2026-01-22 03:52:39,ICMarkets Raw,EURUSD,1.16874,1.16874,0.0,0,Sydney,Thursday
2026-01-22 03:52:40,ICMarkets Raw,GBPUSD,1.34287,1.34288,1e-05,1,Sydney,Thursday
2026-01-22 03:52:41,ICMarkets Raw,USDJPY,158.331,158.333,0.002,2,Sydney,Thursday
2026-01-22 03:52:42,ICMarkets Raw,AUDUSD,0.67917,0.67917,0.0,0,Sydney,Thursday
2026-01-22 03:52:45,VantageMarkets Raw,XAUUSD,4802.08,4802.16,0.08,8,Sydney,Thursday
2026-01-22 03:52:46,VantageMarkets Raw,EURUSD,1.16874,1.16879,5e-05,5,Sydney,Thursday
2026-01-22 03:52:47,VantageMarkets Raw,GBPUSD,1.34285,1.34287,2e-05,2,Sydney,Thursday
2026-01-22 03:52:48,VantageMarkets Raw,USDJPY,158.345,158.351,0.006,6,Sydney,Thursday
2026-01-22 03:52:49,VantageMarkets Raw,AUDUSD,0.67915,0.67918,3e-05,3,Sydney,Thursday
2026-01-22 03:52:52,FPMarkets Raw,XAUUSD,4801.26,4801.33,0.07,7,Sydney,Thursday
2026-01-22 03:52:53,FPMarkets Raw,EURUSD,1.16874,1.16876,2e-05,2,Sydney,Thursday
2026-01-22 03:52:54,FPMarkets Raw,GBPUSD,1.34282,1.34287,5e-05,5,Sydney,Thursday
2026-01-22 03:52:55,FPMarkets Raw,USDJPY,158.346,158.35,0.004,4,Sydney,Thursday
2026-01-22 03:52:56,FPMarkets Raw,AUDUSD,0.67921,0.67924,3e-05,3,Sydney,Thursday
2026-01-22 03:52:57,8Cap Raw,XAUUSD,4801.39,4801.55,0.16,16,Sydney,Thursday
2026-01-22 03:52:58,8Cap Raw,EURUSD,1.16874,1.16875,1e-05,1,Sydney,Thursday
2026-01-22 03:52:59,8Cap Raw,GBPUSD,1.34284,1.34286,2e-05,2,Sydney,Thursday
2026-01-22 03:52:59,8Cap Raw,USDJPY,158.346,158.348,0.002,2,Sydney,Thursday
2026-01-22 03:53:00,8Cap Raw,AUDUSD,0.67922,0.67924,2e-05,2,Sydney,Thursday
2026-01-22 03:57:17,Pepperstone Razor,XAUUSD,4801.76,4801.96,0.2,20,Sydney,Thursday
2026-01-22 03:57:18,Pepperstone Razor,EURUSD,1.16891,1.16891,0.0,0,Sydney,Thursday
2026-01-22 03:57:19,Pepperstone Razor,GBPUSD,1.34303,1.34303,0.0,0,Sydney,Thursday
2026-01-22 03:57:20,Pepperstone Razor,USDJPY,158.362,158.363,0.001,1,Sydney,Thursday
2026-01-22 03:57:20,Pepperstone Razor,AUDUSD,0.67961,0.67961,0.0,0,Sydney,Thursday
2026-01-22 03:57:24,FusionMarkets Zero,XAUUSD,4799.46,4799.55,0.09,9,Sydney,Thursday
2026-01-22 03:57:25,FusionMarkets Zero,EURUSD,1.16893,1.16893,0.0,0,Sydney,Thursday
2026-01-22 03:57:26,FusionMarkets Zero,GBPUSD,1.34304,1.34304,0.0,0,Sydney,Thursday
2026-01-22 03:57:27,FusionMarkets Zero,USDJPY,158.368,158.368,0.0,0,Sydney,Thursday
2026-01-22 03:57:28,FusionMarkets Zero,AUDUSD,0.67962,0.67962,0.0,0,Sydney,Thursday
2026-01-22 03:57:31,ThinkMarkets ThinkZero,XAUUSD,4799.8,4799.88,0.08,8,Sydney,Thursday
2026-01-22 03:57:32,ThinkMarkets ThinkZero,EURUSD,1.16891,1.16894,3e-05,3,Sydney,Thursday
2026-01-22 03:57:33,ThinkMarkets ThinkZero,GBPUSD,1.34302,1.34308,6e-05,6,Sydney,Thursday
2026-01-22 03:57:34,ThinkMarkets ThinkZero,USDJPY,158.367,158.37,0.003,3,Sydney,Thursday
2026-01-22 03:57:35,ThinkMarkets ThinkZero,AUDUSD,0.67962,0.67965,3e-05,3,Sydney,Thursday
2026-01-22 03:57:38,ICMarkets Raw,XAUUSD,4800.09,4800.14,0.05,5,Sydney,Thursday
2026-01-22 03:57:39,ICMarkets Raw,EURUSD,1.16893,1.16893,0.0,0,Sydney,Thursday
2026-01-22 03:57:40,ICMarkets Raw,GBPUSD,1.34307,1.34308,1e-05,1,Sydney,Thursday
2026-01-22 03:57:41,ICMarkets Raw,USDJPY,158.364,158.364,0.0,0,Sydney,Thursday
2026-01-22 03:57:42,ICMarkets Raw,AUDUSD,0.67965,0.67965,0.0,0,Sydney,Thursday
2026-01-22 03:57:45,VantageMarkets Raw,XAUUSD,4800.2,4800.28,0.08,8,Sydney,Thursday
2026-01-22 03:57:46,VantageMarkets Raw,EURUSD,1.16896,1.16897,1e-05,1,Sydney,Thursday
2026-01-22 03:57:47,VantageMarkets Raw,GBPUSD,1.34308,1.34309,1e-05,1,Sydney,Thursday
2026-01-22 03:57:48,VantageMarkets Raw,USDJPY,158.359,158.36,0.001,1,Sydney,Thursday
2026-01-22 03:57:48,VantageMarkets Raw,AUDUSD,0.67984,0.67988,4e-05,4,Sydney,Thursday
2026-01-22 03:57:51,FPMarkets Raw,XAUUSD,4801.17,4801.24,0.07,7,Sydney,Thursday
2026-01-22 03:57:52,FPMarkets Raw,EURUSD,1.16898,1.16899,1e-05,1,Sydney,Thursday
2026-01-22 03:57:53,FPMarkets Raw,GBPUSD,1.3431,1.34315,5e-05,5,Sydney,Thursday
2026-01-22 03:57:54,FPMarkets Raw,USDJPY,158.354,158.358,0.004,4,Sydney,Thursday
2026-01-22 03:57:55,FPMarkets Raw,AUDUSD,0.67975,0.67979,4e-05,4,Sydney,Thursday
2026-01-22 03:57:57,8Cap Raw,XAUUSD,4801.17,4801.33,0.16,16,Sydney,Thursday
2026-01-22 03:57:58,8Cap Raw,EURUSD,1.169,1.169,0.0,0,Sydney,Thursday
2026-01-22 03:57:58,8Cap Raw,GBPUSD,1.34314,1.34315,1e-05,1,Sydney,Thursday
2026-01-22 03:57:59,8Cap Raw,USDJPY,158.351,158.352,0.001,1,Sydney,Thursday
2026-01-22 03:58:00,8Cap Raw,AUDUSD,0.67972,0.67974,2e-05,2,Sydney,Thursday
2026-01-22 04:02:16,Pepperstone Razor,XAUUSD,4790.92,4791.15,0.23,23,Sydney,Thursday
2026-01-22 04:02:17,Pepperstone Razor,EURUSD,1.16893,1.16893,0.0,0,Sydney,Thursday
2026-01-22 04:02:18,Pepperstone Razor,GBPUSD,1.34316,1.34319,3e-05,3,Sydney,Thursday
2026-01-22 04:02:19,Pepperstone Razor,USDJPY,158.385,158.388,0.003,3,Sydney,Thursday
2026-01-22 04:02:20,Pepperstone Razor,AUDUSD,0.67959,0.6796,1e-05,1,Sydney,Thursday
2026-01-22 04:02:22,FusionMarkets Zero,XAUUSD,4790.82,4790.96,0.14,14,Sydney,Thursday
2026-01-22 04:02:23,FusionMarkets Zero,EURUSD,1.1689,1.1689,0.0,0,Sydney,Thursday
2026-01-22 04:02:24,FusionMarkets Zero,GBPUSD,1.34316,1.34316,0.0,0,Sydney,Thursday
2026-01-22 04:02:25,FusionMarkets Zero,USDJPY,158.393,158.393,0.0,0,Sydney,Thursday
2026-01-22 04:02:26,FusionMarkets Zero,AUDUSD,0.67963,0.67963,0.0,0,Sydney,Thursday
2026-01-22 04:02:29,ThinkMarkets ThinkZero,XAUUSD,4792.35,4792.43,0.08,8,Sydney,Thursday
2026-01-22 04:02:30,ThinkMarkets ThinkZero,EURUSD,1.16889,1.16891,2e-05,2,Sydney,Thursday
2026-01-22 04:02:31,ThinkMarkets ThinkZero,GBPUSD,1.34311,1.34318,7e-05,7,Sydney,Thursday
2026-01-22 04:02:31,ThinkMarkets ThinkZero,USDJPY,158.389,158.393,0.004,4,Sydney,Thursday
2026-01-22 04:02:32,ThinkMarkets ThinkZero,AUDUSD,0.67967,0.67971,4e-05,4,Sydney,Thursday
2026-01-22 04:02:35,ICMarkets Raw,XAUUSD,4793.22,4793.34,0.12,12,Sydney,Thursday
2026-01-22 04:02:36,ICMarkets Raw,EURUSD,1.16891,1.16892,1e-05,1,Sydney,Thursday
2026-01-22 04:02:37,ICMarkets Raw,GBPUSD,1.3432,1.34321,1e-05,1,Sydney,Thursday
2026-01-22 04:02:38,ICMarkets Raw,USDJPY,158.388,158.388,0.0,0,Sydney,Thursday
2026-01-22 04:02:39,ICMarkets Raw,AUDUSD,0.67967,0.67968,1e-05,1,Sydney,Thursday
2026-01-22 04:02:42,VantageMarkets Raw,XAUUSD,4792.12,4792.2,0.08,8,Sydney,Thursday
2026-01-22 04:02:43,VantageMarkets Raw,EURUSD,1.16891,1.16892,1e-05,1,Sydney,Thursday
2026-01-22 04:02:43,VantageMarkets Raw,GBPUSD,1.34318,1.34319,1e-05,1,Sydney,Thursday
2026-01-22 04:02:44,VantageMarkets Raw,USDJPY,158.389,158.391,0.002,2,Sydney,Thursday
2026-01-22 04:02:45,VantageMarkets Raw,AUDUSD,0.67967,0.6797,3e-05,3,Sydney,Thursday
2026-01-22 04:02:48,FPMarkets Raw,XAUUSD,4791.7,4791.77,0.07,7,Sydney,Thursday
2026-01-22 04:02:49,FPMarkets Raw,EURUSD,1.16887,1.16889,2e-05,2,Sydney,Thursday
2026-01-22 04:02:50,FPMarkets Raw,GBPUSD,1.34311,1.34316,5e-05,5,Sydney,Thursday
2026-01-22 04:02:51,FPMarkets Raw,USDJPY,158.385,158.389,0.004,4,Sydney,Thursday
2026-01-22 04:02:52,FPMarkets Raw,AUDUSD,0.67966,0.6797,4e-05,4,Sydney,Thursday
2026-01-22 04:02:54,8Cap Raw,XAUUSD,4791.69,4791.85,0.16,16,Sydney,Thursday
2026-01-22 04:02:55,8Cap Raw,EURUSD,1.16884,1.16885,1e-05,1,Sydney,Thursday
2026-01-22 04:02:55,8Cap Raw,GBPUSD,1.34315,1.34316,1e-05,1,Sydney,Thursday
2026-01-22 04:02:56,8Cap Raw,USDJPY,158.387,158.388,0.001,1,Sydney,Thursday
2026-01-22 04:02:57,8Cap Raw,AUDUSD,0.67968,0.6797,2e-05,2,Sydney,Thursday
2026-01-22 04:07:16,Pepperstone Razor,XAUUSD,4790.25,4790.48,0.23,23,Sydney,Thursday
2026-01-22 04:07:17,Pepperstone Razor,EURUSD,1.16916,1.16916,0.0,0,Sydney,Thursday
2026-01-22 04:07:18,Pepperstone Razor,GBPUSD,1.34333,1.34336,3e-05,3,Sydney,Thursday
2026-01-22 04:07:19,Pepperstone Razor,USDJPY,158.384,158.386,0.002,2,Sydney,Thursday
2026-01-22 04:07:19,Pepperstone Razor,AUDUSD,0.67989,0.67989,0.0,0,Sydney,Thursday
2026-01-22 04:07:22,FusionMarkets Zero,XAUUSD,4790.36,4790.5,0.14,14,Sydney,Thursday
2026-01-22 04:07:23,FusionMarkets Zero,EURUSD,1.16917,1.16917,0.0,0,Sydney,Thursday
2026-01-22 04:07:24,FusionMarkets Zero,GBPUSD,1.34333,1.34333,0.0,0,Sydney,Thursday
2026-01-22 04:07:25,FusionMarkets Zero,USDJPY,158.387,158.387,0.0,0,Sydney,Thursday
2026-01-22 04:07:26,FusionMarkets Zero,AUDUSD,0.67985,0.67985,0.0,0,Sydney,Thursday
2026-01-22 04:07:28,ThinkMarkets ThinkZero,XAUUSD,4790.69,4790.77,0.08,8,Sydney,Thursday
2026-01-22 04:07:29,ThinkMarkets ThinkZero,EURUSD,1.16915,1.16917,2e-05,2,Sydney,Thursday
2026-01-22 04:07:30,ThinkMarkets ThinkZero,GBPUSD,1.34329,1.34336,7e-05,7,Sydney,Thursday
2026-01-22 04:07:31,ThinkMarkets ThinkZero,USDJPY,158.385,158.39,0.005,5,Sydney,Thursday
2026-01-22 04:07:42,ThinkMarkets ThinkZero,AUDUSD,0.67983,0.67986,3e-05,3,Sydney,Thursday
2026-01-22 04:07:45,ICMarkets Raw,XAUUSD,4791.35,4791.43,0.08,8,Sydney,Thursday
2026-01-22 04:07:46,ICMarkets Raw,EURUSD,1.16919,1.16919,0.0,0,Sydney,Thursday
2026-01-22 04:07:47,ICMarkets Raw,GBPUSD,1.34336,1.34337,1e-05,1,Sydney,Thursday
2026-01-22 04:07:48,ICMarkets Raw,USDJPY,158.384,158.384,0.0,0,Sydney,Thursday
2026-01-22 04:07:48,ICMarkets Raw,AUDUSD,0.67984,0.67984,0.0,0,Sydney,Thursday
2026-01-22 04:07:51,VantageMarkets Raw,XAUUSD,4790.33,4790.41,0.08,8,Sydney,Thursday
2026-01-22 04:07:52,VantageMarkets Raw,EURUSD,1.16913,1.16915,2e-05,2,Sydney,Thursday
2026-01-22 04:07:53,VantageMarkets Raw,GBPUSD,1.34335,1.34336,1e-05,1,Sydney,Thursday
2026-01-22 04:07:53,VantageMarkets Raw,USDJPY,158.382,158.383,0.001,1,Sydney,Thursday
2026-01-22 04:07:54,VantageMarkets Raw,AUDUSD,0.67983,0.67986,3e-05,3,Sydney,Thursday
2026-01-22 04:07:57,FPMarkets Raw,XAUUSD,4789.72,4789.79,0.07,7,Sydney,Thursday
2026-01-22 04:07:58,FPMarkets Raw,EURUSD,1.16917,1.16918,1e-05,1,Sydney,Thursday
2026-01-22 04:08:00,FPMarkets Raw,GBPUSD,1.34333,1.34338,5e-05,5,Sydney,Thursday
2026-01-22 04:08:01,FPMarkets Raw,USDJPY,158.38,158.384,0.004,4,Sydney,Thursday
2026-01-22 04:08:02,FPMarkets Raw,AUDUSD,0.6798,0.67983,3e-05,3,Sydney,Thursday
2026-01-22 04:08:03,8Cap Raw,XAUUSD,4790.43,4790.59,0.16,16,Sydney,Thursday
2026-01-22 04:08:04,8Cap Raw,EURUSD,1.16919,1.16919,0.0,0,Sydney,Thursday
2026-01-22 04:08:05,8Cap Raw,GBPUSD,1.34336,1.34337,1e-05,1,Sydney,Thursday
2026-01-22 04:08:05,8Cap Raw,USDJPY,158.386,158.387,0.001,1,Sydney,Thursday
2026-01-22 04:08:06,8Cap Raw,AUDUSD,0.67984,0.67986,2e-05,2,Sydney,Thursday
2026-01-22 04:12:18,Pepperstone Razor,XAUUSD,4794.25,4794.45,0.2,20,Sydney,Thursday
2026-01-22 04:12:19,Pepperstone Razor,EURUSD,1.16931,1.16931,0.0,0,Sydney,Thursday
2026-01-22 04:12:20,Pepperstone Razor,GBPUSD,1.34333,1.34335,2e-05,2,Sydney,Thursday
2026-01-22 04:12:21,Pepperstone Razor,USDJPY,158.377,158.382,0.005,5,Sydney,Thursday
2026-01-22 04:12:21,Pepperstone Razor,AUDUSD,0.67977,0.67978,1e-05,1,Sydney,Thursday
2026-01-22 04:12:24,FusionMarkets Zero,XAUUSD,4794.74,4794.84,0.1,10,Sydney,Thursday
2026-01-22 04:12:25,FusionMarkets Zero,EURUSD,1.16929,1.16929,0.0,0,Sydney,Thursday
2026-01-22 04:12:26,FusionMarkets Zero,GBPUSD,1.34336,1.34336,0.0,0,Sydney,Thursday
2026-01-22 04:12:27,FusionMarkets Zero,USDJPY,158.382,158.382,0.0,0,Sydney,Thursday
2026-01-22 04:12:28,FusionMarkets Zero,AUDUSD,0.67978,0.67978,0.0,0,Sydney,Thursday
2026-01-22 04:12:31,ThinkMarkets ThinkZero,XAUUSD,4795.57,4795.65,0.08,8,Sydney,Thursday
2026-01-22 04:12:32,ThinkMarkets ThinkZero,EURUSD,1.16928,1.16931,3e-05,3,Sydney,Thursday
2026-01-22 04:12:33,ThinkMarkets ThinkZero,GBPUSD,1.3433,1.34338,8e-05,8,Sydney,Thursday
2026-01-22 04:12:34,ThinkMarkets ThinkZero,USDJPY,158.378,158.382,0.004,4,Sydney,Thursday
2026-01-22 04:12:35,ThinkMarkets ThinkZero,AUDUSD,0.67977,0.6798,3e-05,3,Sydney,Thursday
2026-01-22 04:12:38,ICMarkets Raw,XAUUSD,4795.38,4795.5,0.12,12,Sydney,Thursday
2026-01-22 04:12:38,ICMarkets Raw,EURUSD,1.1693,1.1693,0.0,0,Sydney,Thursday
2026-01-22 04:12:39,ICMarkets Raw,GBPUSD,1.34333,1.34334,1e-05,1,Sydney,Thursday
2026-01-22 04:12:40,ICMarkets Raw,USDJPY,158.38,158.38,0.0,0,Sydney,Thursday
2026-01-22 04:12:41,ICMarkets Raw,AUDUSD,0.67977,0.67977,0.0,0,Sydney,Thursday
2026-01-22 04:12:44,VantageMarkets Raw,XAUUSD,4795.21,4795.29,0.08,8,Sydney,Thursday
2026-01-22 04:12:45,VantageMarkets Raw,EURUSD,1.16929,1.1693,1e-05,1,Sydney,Thursday
2026-01-22 04:12:46,VantageMarkets Raw,GBPUSD,1.34336,1.34337,1e-05,1,Sydney,Thursday
2026-01-22 04:12:47,VantageMarkets Raw,USDJPY,158.381,158.383,0.002,2,Sydney,Thursday
2026-01-22 04:12:48,VantageMarkets Raw,AUDUSD,0.67976,0.67978,2e-05,2,Sydney,Thursday
2026-01-22 04:12:50,FPMarkets Raw,XAUUSD,4794.48,4794.55,0.07,7,Sydney,Thursday
2026-01-22 04:12:51,FPMarkets Raw,EURUSD,1.16929,1.1693,1e-05,1,Sydney,Thursday
2026-01-22 04:12:52,FPMarkets Raw,GBPUSD,1.34333,1.34334,1e-05,1,Sydney,Thursday
2026-01-22 04:12:53,FPMarkets Raw,USDJPY,158.374,158.378,0.004,4,Sydney,Thursday
2026-01-22 04:12:54,FPMarkets Raw,AUDUSD,0.67973,0.67976,3e-05,3,Sydney,Thursday
2026-01-22 04:12:56,8Cap Raw,XAUUSD,4794.77,4794.93,0.16,16,Sydney,Thursday
2026-01-22 04:12:57,8Cap Raw,EURUSD,1.16924,1.16925,1e-05,1,Sydney,Thursday
2026-01-22 04:12:57,8Cap Raw,GBPUSD,1.34332,1.34333,1e-05,1,Sydney,Thursday
2026-01-22 04:12:58,8Cap Raw,USDJPY,158.381,158.382,0.001,1,Sydney,Thursday
2026-01-22 04:12:59,8Cap Raw,AUDUSD,0.67972,0.67975,3e-05,3,Sydney,Thursday
2026-01-22 04:17:18,Pepperstone Razor,XAUUSD,4792.18,4792.36,0.18,18,Sydney,Thursday
2026-01-22 04:17:19,Pepperstone Razor,EURUSD,1.16907,1.16907,0.0,0,Sydney,Thursday
2026-01-22 04:17:20,Pepperstone Razor,GBPUSD,1.3431,1.34313,3e-05,3,Sydney,Thursday
2026-01-22 04:17:21,Pepperstone Razor,USDJPY,158.404,158.407,0.003,3,Sydney,Thursday
2026-01-22 04:17:22,Pepperstone Razor,AUDUSD,0.67978,0.67979,1e-05,1,Sydney,Thursday
2026-01-22 04:17:25,FusionMarkets Zero,XAUUSD,4792.31,4792.4,0.09,9,Sydney,Thursday
2026-01-22 04:17:26,FusionMarkets Zero,EURUSD,1.16908,1.16908,0.0,0,Sydney,Thursday
2026-01-22 04:17:27,FusionMarkets Zero,GBPUSD,1.34313,1.34313,0.0,0,Sydney,Thursday
2026-01-22 04:17:28,FusionMarkets Zero,USDJPY,158.406,158.406,0.0,0,Sydney,Thursday
2026-01-22 04:17:29,FusionMarkets Zero,AUDUSD,0.67982,0.67982,0.0,0,Sydney,Thursday
2026-01-22 04:17:32,ThinkMarkets ThinkZero,XAUUSD,4792.07,4792.15,0.08,8,Sydney,Thursday
2026-01-22 04:17:33,ThinkMarkets ThinkZero,EURUSD,1.16903,1.16905,2e-05,2,Sydney,Thursday
2026-01-22 04:17:33,ThinkMarkets ThinkZero,GBPUSD,1.34308,1.34314,6e-05,6,Sydney,Thursday
2026-01-22 04:17:34,ThinkMarkets ThinkZero,USDJPY,158.406,158.41,0.004,4,Sydney,Thursday
2026-01-22 04:17:35,ThinkMarkets ThinkZero,AUDUSD,0.67981,0.67984,3e-05,3,Sydney,Thursday
2026-01-22 04:17:38,ICMarkets Raw,XAUUSD,4792.62,4792.67,0.05,5,Sydney,Thursday
2026-01-22 04:17:39,ICMarkets Raw,EURUSD,1.16904,1.16904,0.0,0,Sydney,Thursday
2026-01-22 04:17:40,ICMarkets Raw,GBPUSD,1.34313,1.34314,1e-05,1,Sydney,Thursday
2026-01-22 04:17:41,ICMarkets Raw,USDJPY,158.408,158.408,0.0,0,Sydney,Thursday
2026-01-22 04:17:42,ICMarkets Raw,AUDUSD,0.67982,0.67982,0.0,0,Sydney,Thursday
2026-01-22 04:17:45,VantageMarkets Raw,XAUUSD,4794.07,4794.15,0.08,8,Sydney,Thursday
2026-01-22 04:17:45,VantageMarkets Raw,EURUSD,1.16905,1.16907,2e-05,2,Sydney,Thursday
2026-01-22 04:17:46,VantageMarkets Raw,GBPUSD,1.34314,1.34315,1e-05,1,Sydney,Thursday
2026-01-22 04:17:47,VantageMarkets Raw,USDJPY,158.406,158.408,0.002,2,Sydney,Thursday
2026-01-22 04:17:48,VantageMarkets Raw,AUDUSD,0.67981,0.67983,2e-05,2,Sydney,Thursday
2026-01-22 04:17:51,FPMarkets Raw,XAUUSD,4794.19,4794.26,0.07,7,Sydney,Thursday
2026-01-22 04:17:52,FPMarkets Raw,EURUSD,1.16906,1.16906,0.0,0,Sydney,Thursday
2026-01-22 04:17:53,FPMarkets Raw,GBPUSD,1.34311,1.34316,5e-05,5,Sydney,Thursday
2026-01-22 04:17:54,FPMarkets Raw,USDJPY,158.404,158.408,0.004,4,Sydney,Thursday
2026-01-22 04:17:55,FPMarkets Raw,AUDUSD,0.6798,0.67983,3e-05,3,Sydney,Thursday
2026-01-22 04:17:57,8Cap Raw,XAUUSD,4793.19,4793.35,0.16,16,Sydney,Thursday
2026-01-22 04:17:57,8Cap Raw,EURUSD,1.16905,1.16906,1e-05,1,Sydney,Thursday
2026-01-22 04:17:58,8Cap Raw,GBPUSD,1.34314,1.34315,1e-05,1,Sydney,Thursday
2026-01-22 04:17:59,8Cap Raw,USDJPY,158.406,158.407,0.001,1,Sydney,Thursday
2026-01-22 04:17:59,8Cap Raw,AUDUSD,0.67981,0.67984,3e-05,3,Sydney,Thursday
2026-01-22 04:22:16,Pepperstone Razor,XAUUSD,4792.92,4793.11,0.19,19,Sydney,Thursday
2026-01-22 04:22:17,Pepperstone Razor,EURUSD,1.16883,1.16883,0.0,0,Sydney,Thursday
2026-01-22 04:22:18,Pepperstone Razor,GBPUSD,1.34282,1.34284,2e-05,2,Sydney,Thursday
2026-01-22 04:22:20,Pepperstone Razor,USDJPY,158.447,158.447,0.0,0,Sydney,Thursday
2026-01-22 04:22:21,Pepperstone Razor,AUDUSD,0.67952,0.67952,0.0,0,Sydney,Thursday
2026-01-22 04:22:24,FusionMarkets Zero,XAUUSD,4791.92,4792.06,0.14,14,Sydney,Thursday
2026-01-22 04:22:25,FusionMarkets Zero,EURUSD,1.16878,1.16878,0.0,0,Sydney,Thursday
2026-01-22 04:22:26,FusionMarkets Zero,GBPUSD,1.34277,1.34277,0.0,0,Sydney,Thursday
2026-01-22 04:22:26,FusionMarkets Zero,USDJPY,158.448,158.448,0.0,0,Sydney,Thursday
2026-01-22 04:22:27,FusionMarkets Zero,AUDUSD,0.67955,0.67955,0.0,0,Sydney,Thursday
2026-01-22 04:22:30,ThinkMarkets ThinkZero,XAUUSD,4792.52,4792.6,0.08,8,Sydney,Thursday
2026-01-22 04:22:31,ThinkMarkets ThinkZero,EURUSD,1.16874,1.16877,3e-05,3,Sydney,Thursday
2026-01-22 04:22:32,ThinkMarkets ThinkZero,GBPUSD,1.34275,1.34281,6e-05,6,Sydney,Thursday
2026-01-22 04:22:33,ThinkMarkets ThinkZero,USDJPY,158.445,158.45,0.005,5,Sydney,Thursday
2026-01-22 04:22:34,ThinkMarkets ThinkZero,AUDUSD,0.67951,0.67954,3e-05,3,Sydney,Thursday
2026-01-22 04:22:37,ICMarkets Raw,XAUUSD,4793.01,4793.13,0.12,12,Sydney,Thursday
2026-01-22 04:22:38,ICMarkets Raw,EURUSD,1.16878,1.16879,1e-05,1,Sydney,Thursday
2026-01-22 04:22:39,ICMarkets Raw,GBPUSD,1.34278,1.34279,1e-05,1,Sydney,Thursday
2026-01-22 04:22:40,ICMarkets Raw,USDJPY,158.452,158.452,0.0,0,Sydney,Thursday
2026-01-22 04:22:41,ICMarkets Raw,AUDUSD,0.67955,0.67955,0.0,0,Sydney,Thursday
2026-01-22 04:22:44,VantageMarkets Raw,XAUUSD,4793.08,4793.16,0.08,8,Sydney,Thursday
2026-01-22 04:22:45,VantageMarkets Raw,EURUSD,1.16876,1.16877,1e-05,1,Sydney,Thursday
2026-01-22 04:22:45,VantageMarkets Raw,GBPUSD,1.34278,1.34279,1e-05,1,Sydney,Thursday
2026-01-22 04:22:46,VantageMarkets Raw,USDJPY,158.453,158.455,0.002,2,Sydney,Thursday
2026-01-22 04:22:47,VantageMarkets Raw,AUDUSD,0.67951,0.67954,3e-05,3,Sydney,Thursday
2026-01-22 04:22:50,FPMarkets Raw,XAUUSD,4792.16,4792.23,0.07,7,Sydney,Thursday
2026-01-22 04:22:51,FPMarkets Raw,EURUSD,1.16874,1.16875,1e-05,1,Sydney,Thursday
2026-01-22 04:22:52,FPMarkets Raw,GBPUSD,1.34273,1.34278,5e-05,5,Sydney,Thursday
2026-01-22 04:22:53,FPMarkets Raw,USDJPY,158.443,158.447,0.004,4,Sydney,Thursday
2026-01-22 04:22:54,FPMarkets Raw,AUDUSD,0.67948,0.67951,3e-05,3,Sydney,Thursday
2026-01-22 04:22:55,8Cap Raw,XAUUSD,4791.36,4791.52,0.16,16,Sydney,Thursday
2026-01-22 04:22:56,8Cap Raw,EURUSD,1.16874,1.16874,0.0,0,Sydney,Thursday
2026-01-22 04:22:57,8Cap Raw,GBPUSD,1.34272,1.34273,1e-05,1,Sydney,Thursday
2026-01-22 04:22:57,8Cap Raw,USDJPY,158.447,158.448,0.001,1,Sydney,Thursday
2026-01-22 04:22:58,8Cap Raw,AUDUSD,0.67949,0.67952,3e-05,3,Sydney,Thursday
2026-01-22 04:27:16,Pepperstone Razor,XAUUSD,4787.36,4787.52,0.16,16,Sydney,Thursday
2026-01-22 04:27:17,Pepperstone Razor,EURUSD,1.16843,1.16843,0.0,0,Sydney,Thursday
2026-01-22 04:27:18,Pepperstone Razor,GBPUSD,1.34243,1.34246,3e-05,3,Sydney,Thursday
2026-01-22 04:27:19,Pepperstone Razor,USDJPY,158.454,158.459,0.005,5,Sydney,Thursday
2026-01-22 04:27:20,Pepperstone Razor,AUDUSD,0.67926,0.67926,0.0,0,Sydney,Thursday
2026-01-22 04:27:23,FusionMarkets Zero,XAUUSD,4787.95,4788.06,0.11,11,Sydney,Thursday
2026-01-22 04:27:24,FusionMarkets Zero,EURUSD,1.16845,1.16845,0.0,0,Sydney,Thursday
2026-01-22 04:27:25,FusionMarkets Zero,GBPUSD,1.34243,1.34243,0.0,0,Sydney,Thursday
2026-01-22 04:27:26,FusionMarkets Zero,USDJPY,158.458,158.46,0.002,2,Sydney,Thursday
2026-01-22 04:27:26,FusionMarkets Zero,AUDUSD,0.67925,0.67925,0.0,0,Sydney,Thursday
2026-01-22 04:27:29,ThinkMarkets ThinkZero,XAUUSD,4788.19,4788.27,0.08,8,Sydney,Thursday
2026-01-22 04:27:30,ThinkMarkets ThinkZero,EURUSD,1.16842,1.16845,3e-05,3,Sydney,Thursday
2026-01-22 04:27:31,ThinkMarkets ThinkZero,GBPUSD,1.34234,1.3424,6e-05,6,Sydney,Thursday
2026-01-22 04:27:32,ThinkMarkets ThinkZero,USDJPY,158.455,158.459,0.004,4,Sydney,Thursday
2026-01-22 04:27:33,ThinkMarkets ThinkZero,AUDUSD,0.67915,0.67919,4e-05,4,Sydney,Thursday
2026-01-22 04:27:36,ICMarkets Raw,XAUUSD,4787.58,4787.63,0.05,5,Sydney,Thursday
2026-01-22 04:27:37,ICMarkets Raw,EURUSD,1.16845,1.16845,0.0,0,Sydney,Thursday
2026-01-22 04:27:38,ICMarkets Raw,GBPUSD,1.34238,1.34239,1e-05,1,Sydney,Thursday
2026-01-22 04:27:38,ICMarkets Raw,USDJPY,158.458,158.458,0.0,0,Sydney,Thursday
2026-01-22 04:27:39,ICMarkets Raw,AUDUSD,0.67921,0.67923,2e-05,2,Sydney,Thursday
2026-01-22 04:27:42,VantageMarkets Raw,XAUUSD,4787.87,4787.95,0.08,8,Sydney,Thursday
2026-01-22 04:27:43,VantageMarkets Raw,EURUSD,1.16846,1.16847,1e-05,1,Sydney,Thursday
2026-01-22 04:27:43,VantageMarkets Raw,GBPUSD,1.34237,1.34238,1e-05,1,Sydney,Thursday
2026-01-22 04:27:44,VantageMarkets Raw,USDJPY,158.454,158.461,0.007,7,Sydney,Thursday
2026-01-22 04:27:45,VantageMarkets Raw,AUDUSD,0.67917,0.67921,4e-05,4,Sydney,Thursday
2026-01-22 04:27:48,FPMarkets Raw,XAUUSD,4787.94,4788.01,0.07,7,Sydney,Thursday
2026-01-22 04:27:49,FPMarkets Raw,EURUSD,1.16843,1.16844,1e-05,1,Sydney,Thursday
2026-01-22 04:27:50,FPMarkets Raw,GBPUSD,1.34231,1.34236,5e-05,5,Sydney,Thursday
2026-01-22 04:27:51,FPMarkets Raw,USDJPY,158.453,158.457,0.004,4,Sydney,Thursday
2026-01-22 04:27:52,FPMarkets Raw,AUDUSD,0.67915,0.67918,3e-05,3,Sydney,Thursday
2026-01-22 04:27:54,8Cap Raw,XAUUSD,4787.7,4787.86,0.16,16,Sydney,Thursday
2026-01-22 04:27:54,8Cap Raw,EURUSD,1.16844,1.16844,0.0,0,Sydney,Thursday
2026-01-22 04:27:55,8Cap Raw,GBPUSD,1.34234,1.34235,1e-05,1,Sydney,Thursday
2026-01-22 04:27:56,8Cap Raw,USDJPY,158.454,158.456,0.002,2,Sydney,Thursday
2026-01-22 04:27:56,8Cap Raw,AUDUSD,0.67918,0.67921,3e-05,3,Sydney,Thursday
2026-01-22 04:32:16,Pepperstone Razor,XAUUSD,4784.38,4784.57,0.19,19,Sydney,Thursday
2026-01-22 04:32:17,Pepperstone Razor,EURUSD,1.1685,1.16852,2e-05,2,Sydney,Thursday
2026-01-22 04:32:18,Pepperstone Razor,GBPUSD,1.3425,1.34253,3e-05,3,Sydney,Thursday
2026-01-22 04:32:19,Pepperstone Razor,USDJPY,158.416,158.419,0.003,3,Sydney,Thursday
2026-01-22 04:32:20,Pepperstone Razor,AUDUSD,0.67929,0.6793,1e-05,1,Sydney,Thursday
2026-01-22 04:32:23,FusionMarkets Zero,XAUUSD,4784.05,4784.13,0.08,8,Sydney,Thursday
2026-01-22 04:32:24,FusionMarkets Zero,EURUSD,1.16849,1.16849,0.0,0,Sydney,Thursday
2026-01-22 04:32:25,FusionMarkets Zero,GBPUSD,1.34253,1.34253,0.0,0,Sydney,Thursday
2026-01-22 04:32:25,FusionMarkets Zero,USDJPY,158.425,158.425,0.0,0,Sydney,Thursday
2026-01-22 04:32:26,FusionMarkets Zero,AUDUSD,0.6793,0.6793,0.0,0,Sydney,Thursday
2026-01-22 04:32:29,ThinkMarkets ThinkZero,XAUUSD,4784.25,4784.33,0.08,8,Sydney,Thursday
2026-01-22 04:32:30,ThinkMarkets ThinkZero,EURUSD,1.16848,1.1685,2e-05,2,Sydney,Thursday
2026-01-22 04:32:31,ThinkMarkets ThinkZero,GBPUSD,1.34242,1.3425,8e-05,8,Sydney,Thursday
2026-01-22 04:32:32,ThinkMarkets ThinkZero,USDJPY,158.42,158.424,0.004,4,Sydney,Thursday
2026-01-22 04:32:33,ThinkMarkets ThinkZero,AUDUSD,0.67927,0.67931,4e-05,4,Sydney,Thursday
2026-01-22 04:32:36,ICMarkets Raw,XAUUSD,4785.09,4785.14,0.05,5,Sydney,Thursday
2026-01-22 04:32:37,ICMarkets Raw,EURUSD,1.16848,1.16848,0.0,0,Sydney,Thursday
2026-01-22 04:32:38,ICMarkets Raw,GBPUSD,1.34247,1.34249,2e-05,2,Sydney,Thursday
2026-01-22 04:32:38,ICMarkets Raw,USDJPY,158.42,158.42,0.0,0,Sydney,Thursday
2026-01-22 04:32:39,ICMarkets Raw,AUDUSD,0.67927,0.67927,0.0,0,Sydney,Thursday
2026-01-22 04:32:42,VantageMarkets Raw,XAUUSD,4784.0,4784.08,0.08,8,Sydney,Thursday
2026-01-22 04:32:43,VantageMarkets Raw,EURUSD,1.16845,1.16846,1e-05,1,Sydney,Thursday
2026-01-22 04:32:44,VantageMarkets Raw,GBPUSD,1.34243,1.34244,1e-05,1,Sydney,Thursday
2026-01-22 04:32:45,VantageMarkets Raw,USDJPY,158.427,158.429,0.002,2,Sydney,Thursday
2026-01-22 04:32:46,VantageMarkets Raw,AUDUSD,0.67924,0.67927,3e-05,3,Sydney,Thursday
2026-01-22 04:32:49,FPMarkets Raw,XAUUSD,4783.75,4783.82,0.07,7,Sydney,Thursday
2026-01-22 04:32:50,FPMarkets Raw,EURUSD,1.16842,1.16842,0.0,0,Sydney,Thursday
2026-01-22 04:32:51,FPMarkets Raw,GBPUSD,1.3424,1.34245,5e-05,5,Sydney,Thursday
2026-01-22 04:32:52,FPMarkets Raw,USDJPY,158.427,158.431,0.004,4,Sydney,Thursday
2026-01-22 04:32:53,FPMarkets Raw,AUDUSD,0.67918,0.67921,3e-05,3,Sydney,Thursday
2026-01-22 04:32:54,8Cap Raw,XAUUSD,4783.45,4783.61,0.16,16,Sydney,Thursday
2026-01-22 04:32:55,8Cap Raw,EURUSD,1.1684,1.1684,0.0,0,Sydney,Thursday
2026-01-22 04:32:56,8Cap Raw,GBPUSD,1.34239,1.3424,1e-05,1,Sydney,Thursday
2026-01-22 04:32:56,8Cap Raw,USDJPY,158.431,158.432,0.001,1,Sydney,Thursday
2026-01-22 04:32:57,8Cap Raw,AUDUSD,0.6792,0.67922,2e-05,2,Sydney,Thursday
2026-01-22 04:37:16,Pepperstone Razor,XAUUSD,4785.48,4785.64,0.16,16,Sydney,Thursday
2026-01-22 04:37:17,Pepperstone Razor,EURUSD,1.1685,1.1685,0.0,0,Sydney,Thursday
2026-01-22 04:37:18,Pepperstone Razor,GBPUSD,1.34236,1.34237,1e-05,1,Sydney,Thursday
2026-01-22 04:37:19,Pepperstone Razor,USDJPY,158.396,158.396,0.0,0,Sydney,Thursday
2026-01-22 04:37:20,Pepperstone Razor,AUDUSD,0.67917,0.67918,1e-05,1,Sydney,Thursday
2026-01-22 04:37:23,FusionMarkets Zero,XAUUSD,4785.39,4785.45,0.06,6,Sydney,Thursday
2026-01-22 04:37:24,FusionMarkets Zero,EURUSD,1.16849,1.16849,0.0,0,Sydney,Thursday
2026-01-22 04:37:25,FusionMarkets Zero,GBPUSD,1.3424,1.3424,0.0,0,Sydney,Thursday
2026-01-22 04:37:26,FusionMarkets Zero,USDJPY,158.396,158.396,0.0,0,Sydney,Thursday
2026-01-22 04:37:26,FusionMarkets Zero,AUDUSD,0.67918,0.67918,0.0,0,Sydney,Thursday
2026-01-22 04:37:30,ThinkMarkets ThinkZero,XAUUSD,4785.34,4785.42,0.08,8,Sydney,Thursday
2026-01-22 04:37:31,ThinkMarkets ThinkZero,EURUSD,1.16847,1.1685,3e-05,3,Sydney,Thursday
2026-01-22 04:37:31,ThinkMarkets ThinkZero,GBPUSD,1.34231,1.34238,7e-05,7,Sydney,Thursday
2026-01-22 04:37:32,ThinkMarkets ThinkZero,USDJPY,158.392,158.397,0.005,5,Sydney,Thursday
2026-01-22 04:37:33,ThinkMarkets ThinkZero,AUDUSD,0.67915,0.67919,4e-05,4,Sydney,Thursday
2026-01-22 04:37:36,ICMarkets Raw,XAUUSD,4783.53,4783.58,0.05,5,Sydney,Thursday
2026-01-22 04:37:37,ICMarkets Raw,EURUSD,1.16846,1.16846,0.0,0,Sydney,Thursday
2026-01-22 04:37:38,ICMarkets Raw,GBPUSD,1.34239,1.3424,1e-05,1,Sydney,Thursday
2026-01-22 04:37:39,ICMarkets Raw,USDJPY,158.395,158.395,0.0,0,Sydney,Thursday
2026-01-22 04:37:40,ICMarkets Raw,AUDUSD,0.67917,0.67917,0.0,0,Sydney,Thursday
2026-01-22 04:37:43,VantageMarkets Raw,XAUUSD,4782.1,4782.18,0.08,8,Sydney,Thursday
2026-01-22 04:37:43,VantageMarkets Raw,EURUSD,1.16848,1.1685,2e-05,2,Sydney,Thursday
2026-01-22 04:37:44,VantageMarkets Raw,GBPUSD,1.34238,1.34239,1e-05,1,Sydney,Thursday
2026-01-22 04:37:45,VantageMarkets Raw,USDJPY,158.393,158.394,0.001,1,Sydney,Thursday
2026-01-22 04:37:46,VantageMarkets Raw,AUDUSD,0.67918,0.67921,3e-05,3,Sydney,Thursday
2026-01-22 04:37:49,FPMarkets Raw,XAUUSD,4781.5,4781.57,0.07,7,Sydney,Thursday
2026-01-22 04:37:50,FPMarkets Raw,EURUSD,1.1685,1.1685,0.0,0,Sydney,Thursday
2026-01-22 04:37:51,FPMarkets Raw,GBPUSD,1.34238,1.34243,5e-05,5,Sydney,Thursday
2026-01-22 04:37:52,FPMarkets Raw,USDJPY,158.393,158.397,0.004,4,Sydney,Thursday
2026-01-22 04:37:53,FPMarkets Raw,AUDUSD,0.67912,0.67915,3e-05,3,Sydney,Thursday
2026-01-22 04:37:55,8Cap Raw,XAUUSD,4779.14,4779.3,0.16,16,Sydney,Thursday
2026-01-22 04:37:56,8Cap Raw,EURUSD,1.16847,1.16847,0.0,0,Sydney,Thursday
2026-01-22 04:37:56,8Cap Raw,GBPUSD,1.34236,1.34237,1e-05,1,Sydney,Thursday
2026-01-22 04:37:57,8Cap Raw,USDJPY,158.394,158.395,0.001,1,Sydney,Thursday
2026-01-22 04:37:58,8Cap Raw,AUDUSD,0.67911,0.67915,4e-05,4,Sydney,Thursday
2026-01-22 04:42:16,Pepperstone Razor,XAUUSD,4780.48,4780.72,0.24,24,Sydney,Thursday
2026-01-22 04:42:17,Pepperstone Razor,EURUSD,1.16867,1.16867,0.0,0,Sydney,Thursday
2026-01-22 04:42:18,Pepperstone Razor,GBPUSD,1.34258,1.34259,1e-05,1,Sydney,Thursday
2026-01-22 04:42:19,Pepperstone Razor,USDJPY,158.427,158.429,0.002,2,Sydney,Thursday
2026-01-22 04:42:20,Pepperstone Razor,AUDUSD,0.67934,0.67934,0.0,0,Sydney,Thursday
2026-01-22 04:42:23,FusionMarkets Zero,XAUUSD,4779.94,4780.08,0.14,14,Sydney,Thursday
2026-01-22 04:42:24,FusionMarkets Zero,EURUSD,1.16864,1.16864,0.0,0,Sydney,Thursday
2026-01-22 04:42:25,FusionMarkets Zero,GBPUSD,1.3426,1.3426,0.0,0,Sydney,Thursday
2026-01-22 04:42:26,FusionMarkets Zero,USDJPY,158.433,158.435,0.002,2,Sydney,Thursday
2026-01-22 04:42:27,FusionMarkets Zero,AUDUSD,0.67935,0.67935,0.0,0,Sydney,Thursday
2026-01-22 04:42:30,ThinkMarkets ThinkZero,XAUUSD,4779.11,4779.19,0.08,8,Sydney,Thursday
2026-01-22 04:42:31,ThinkMarkets ThinkZero,EURUSD,1.16861,1.16865,4e-05,4,Sydney,Thursday
2026-01-22 04:42:31,ThinkMarkets ThinkZero,GBPUSD,1.34256,1.3426,4e-05,4,Sydney,Thursday
2026-01-22 04:42:32,ThinkMarkets ThinkZero,USDJPY,158.426,158.43,0.004,4,Sydney,Thursday
2026-01-22 04:42:33,ThinkMarkets ThinkZero,AUDUSD,0.67931,0.67936,5e-05,5,Sydney,Thursday
2026-01-22 04:42:36,ICMarkets Raw,XAUUSD,4779.86,4779.98,0.12,12,Sydney,Thursday
2026-01-22 04:42:37,ICMarkets Raw,EURUSD,1.16851,1.16851,0.0,0,Sydney,Thursday
2026-01-22 04:42:38,ICMarkets Raw,GBPUSD,1.34259,1.3426,1e-05,1,Sydney,Thursday
2026-01-22 04:42:39,ICMarkets Raw,USDJPY,158.431,158.431,0.0,0,Sydney,Thursday
2026-01-22 04:42:40,ICMarkets Raw,AUDUSD,0.67933,0.67933,0.0,0,Sydney,Thursday
2026-01-22 04:42:43,VantageMarkets Raw,XAUUSD,4779.5,4779.58,0.08,8,Sydney,Thursday
2026-01-22 04:42:43,VantageMarkets Raw,EURUSD,1.16848,1.16853,5e-05,5,Sydney,Thursday
2026-01-22 04:42:44,VantageMarkets Raw,GBPUSD,1.34248,1.34254,6e-05,6,Sydney,Thursday
2026-01-22 04:42:45,VantageMarkets Raw,USDJPY,158.439,158.449,0.01,10,Sydney,Thursday
2026-01-22 04:42:46,VantageMarkets Raw,AUDUSD,0.67922,0.67926,4e-05,4,Sydney,Thursday
2026-01-22 04:42:49,FPMarkets Raw,XAUUSD,4780.44,4780.51,0.07,7,Sydney,Thursday
2026-01-22 04:42:50,FPMarkets Raw,EURUSD,1.16849,1.16851,2e-05,2,Sydney,Thursday
2026-01-22 04:42:51,FPMarkets Raw,GBPUSD,1.34249,1.34257,8e-05,8,Sydney,Thursday
2026-01-22 04:42:52,FPMarkets Raw,USDJPY,158.441,158.445,0.004,4,Sydney,Thursday
2026-01-22 04:42:53,FPMarkets Raw,AUDUSD,0.67923,0.67926,3e-05,3,Sydney,Thursday
2026-01-22 04:42:55,8Cap Raw,XAUUSD,4780.67,4780.83,0.16,16,Sydney,Thursday
2026-01-22 04:42:55,8Cap Raw,EURUSD,1.1685,1.16853,3e-05,3,Sydney,Thursday
2026-01-22 04:42:56,8Cap Raw,GBPUSD,1.34251,1.34253,2e-05,2,Sydney,Thursday
2026-01-22 04:42:57,8Cap Raw,USDJPY,158.439,158.442,0.003,3,Sydney,Thursday
2026-01-22 04:42:57,8Cap Raw,AUDUSD,0.67922,0.67926,4e-05,4,Sydney,Thursday
2026-01-22 04:47:16,Pepperstone Razor,XAUUSD,4786.6,4786.75,0.15,15,Sydney,Thursday
2026-01-22 04:47:17,Pepperstone Razor,EURUSD,1.16853,1.16853,0.0,0,Sydney,Thursday
2026-01-22 04:47:18,Pepperstone Razor,GBPUSD,1.34248,1.34251,3e-05,3,Sydney,Thursday
2026-01-22 04:47:19,Pepperstone Razor,USDJPY,158.431,158.434,0.003,3,Sydney,Thursday
2026-01-22 04:47:20,Pepperstone Razor,AUDUSD,0.67937,0.67938,1e-05,1,Sydney,Thursday
2026-01-22 04:47:23,FusionMarkets Zero,XAUUSD,4786.41,4786.48,0.07,7,Sydney,Thursday
2026-01-22 04:47:24,FusionMarkets Zero,EURUSD,1.16852,1.16852,0.0,0,Sydney,Thursday
2026-01-22 04:47:25,FusionMarkets Zero,GBPUSD,1.34247,1.34247,0.0,0,Sydney,Thursday
2026-01-22 04:47:26,FusionMarkets Zero,USDJPY,158.432,158.432,0.0,0,Sydney,Thursday
2026-01-22 04:47:27,FusionMarkets Zero,AUDUSD,0.67938,0.67938,0.0,0,Sydney,Thursday
2026-01-22 04:47:30,ThinkMarkets ThinkZero,XAUUSD,4785.64,4785.72,0.08,8,Sydney,Thursday
2026-01-22 04:47:31,ThinkMarkets ThinkZero,EURUSD,1.1685,1.16853,3e-05,3,Sydney,Thursday
2026-01-22 04:47:31,ThinkMarkets ThinkZero,GBPUSD,1.34242,1.34248,6e-05,6,Sydney,Thursday
2026-01-22 04:47:32,ThinkMarkets ThinkZero,USDJPY,158.43,158.434,0.004,4,Sydney,Thursday
2026-01-22 04:47:33,ThinkMarkets ThinkZero,AUDUSD,0.6794,0.67944,4e-05,4,Sydney,Thursday
2026-01-22 04:47:36,ICMarkets Raw,XAUUSD,4786.32,4786.37,0.05,5,Sydney,Thursday
2026-01-22 04:47:37,ICMarkets Raw,EURUSD,1.16851,1.16851,0.0,0,Sydney,Thursday
2026-01-22 04:47:38,ICMarkets Raw,GBPUSD,1.34246,1.34247,1e-05,1,Sydney,Thursday
2026-01-22 04:47:39,ICMarkets Raw,USDJPY,158.44,158.44,0.0,0,Sydney,Thursday
2026-01-22 04:47:40,ICMarkets Raw,AUDUSD,0.67934,0.67936,2e-05,2,Sydney,Thursday
2026-01-22 04:47:43,VantageMarkets Raw,XAUUSD,4786.11,4786.19,0.08,8,Sydney,Thursday
2026-01-22 04:47:44,VantageMarkets Raw,EURUSD,1.16839,1.16843,4e-05,4,Sydney,Thursday
2026-01-22 04:47:44,VantageMarkets Raw,GBPUSD,1.34246,1.34247,1e-05,1,Sydney,Thursday
2026-01-22 04:47:45,VantageMarkets Raw,USDJPY,158.435,158.437,0.002,2,Sydney,Thursday
2026-01-22 04:47:46,VantageMarkets Raw,AUDUSD,0.67937,0.67941,4e-05,4,Sydney,Thursday
2026-01-22 04:47:50,FPMarkets Raw,XAUUSD,4786.64,4786.71,0.07,7,Sydney,Thursday
2026-01-22 04:47:51,FPMarkets Raw,EURUSD,1.16846,1.16846,0.0,0,Sydney,Thursday
2026-01-22 04:47:51,FPMarkets Raw,GBPUSD,1.34243,1.34248,5e-05,5,Sydney,Thursday
2026-01-22 04:47:52,FPMarkets Raw,USDJPY,158.43,158.434,0.004,4,Sydney,Thursday
2026-01-22 04:47:53,FPMarkets Raw,AUDUSD,0.67947,0.6795,3e-05,3,Sydney,Thursday
2026-01-22 04:47:55,8Cap Raw,XAUUSD,4786.36,4786.52,0.16,16,Sydney,Thursday
2026-01-22 04:47:56,8Cap Raw,EURUSD,1.16842,1.16843,1e-05,1,Sydney,Thursday
2026-01-22 04:47:57,8Cap Raw,GBPUSD,1.34247,1.34248,1e-05,1,Sydney,Thursday
2026-01-22 04:47:57,8Cap Raw,USDJPY,158.435,158.436,0.001,1,Sydney,Thursday
2026-01-22 04:47:58,8Cap Raw,AUDUSD,0.67948,0.6795,2e-05,2,Sydney,Thursday
2026-01-22 04:52:16,Pepperstone Razor,XAUUSD,4788.58,4788.72,0.14,14,Sydney,Thursday
2026-01-22 04:52:17,Pepperstone Razor,EURUSD,1.16856,1.16859,3e-05,3,Sydney,Thursday
2026-01-22 04:52:18,Pepperstone Razor,GBPUSD,1.34247,1.34247,0.0,0,Sydney,Thursday
2026-01-22 04:52:19,Pepperstone Razor,USDJPY,158.443,158.444,0.001,1,Sydney,Thursday
2026-01-22 04:52:20,Pepperstone Razor,AUDUSD,0.67946,0.67946,0.0,0,Sydney,Thursday
2026-01-22 04:52:23,FusionMarkets Zero,XAUUSD,4788.76,4788.84,0.08,8,Sydney,Thursday
2026-01-22 04:52:24,FusionMarkets Zero,EURUSD,1.16859,1.16859,0.0,0,Sydney,Thursday
2026-01-22 04:52:25,FusionMarkets Zero,GBPUSD,1.34247,1.34247,0.0,0,Sydney,Thursday
2026-01-22 04:52:26,FusionMarkets Zero,USDJPY,158.444,158.444,0.0,0,Sydney,Thursday
2026-01-22 04:52:27,FusionMarkets Zero,AUDUSD,0.67949,0.67949,0.0,0,Sydney,Thursday
2026-01-22 04:52:30,ThinkMarkets ThinkZero,XAUUSD,4788.63,4788.71,0.08,8,Sydney,Thursday
2026-01-22 04:52:31,ThinkMarkets ThinkZero,EURUSD,1.16863,1.16865,2e-05,2,Sydney,Thursday
2026-01-22 04:52:32,ThinkMarkets ThinkZero,GBPUSD,1.34242,1.34248,6e-05,6,Sydney,Thursday
2026-01-22 04:52:33,ThinkMarkets ThinkZero,USDJPY,158.436,158.439,0.003,3,Sydney,Thursday
2026-01-22 04:52:34,ThinkMarkets ThinkZero,AUDUSD,0.67946,0.67949,3e-05,3,Sydney,Thursday
2026-01-22 04:52:37,ICMarkets Raw,XAUUSD,4789.5,4789.55,0.05,5,Sydney,Thursday
2026-01-22 04:52:38,ICMarkets Raw,EURUSD,1.16863,1.16864,1e-05,1,Sydney,Thursday
2026-01-22 04:52:38,ICMarkets Raw,GBPUSD,1.34246,1.34248,2e-05,2,Sydney,Thursday
2026-01-22 04:52:39,ICMarkets Raw,USDJPY,158.443,158.445,0.002,2,Sydney,Thursday
2026-01-22 04:52:40,ICMarkets Raw,AUDUSD,0.67949,0.67949,0.0,0,Sydney,Thursday
2026-01-22 04:52:43,VantageMarkets Raw,XAUUSD,4788.26,4788.34,0.08,8,Sydney,Thursday
2026-01-22 04:52:44,VantageMarkets Raw,EURUSD,1.16864,1.16866,2e-05,2,Sydney,Thursday
2026-01-22 04:52:45,VantageMarkets Raw,GBPUSD,1.34245,1.34246,1e-05,1,Sydney,Thursday
2026-01-22 04:52:46,VantageMarkets Raw,USDJPY,158.445,158.446,0.001,1,Sydney,Thursday
2026-01-22 04:52:47,VantageMarkets Raw,AUDUSD,0.67947,0.6795,3e-05,3,Sydney,Thursday
2026-01-22 04:52:50,FPMarkets Raw,XAUUSD,4788.57,4788.64,0.07,7,Sydney,Thursday
2026-01-22 04:52:51,FPMarkets Raw,EURUSD,1.16864,1.16865,1e-05,1,Sydney,Thursday
2026-01-22 04:52:51,FPMarkets Raw,GBPUSD,1.34246,1.34246,0.0,0,Sydney,Thursday
2026-01-22 04:52:52,FPMarkets Raw,USDJPY,158.441,158.445,0.004,4,Sydney,Thursday
2026-01-22 04:52:53,FPMarkets Raw,AUDUSD,0.67947,0.6795,3e-05,3,Sydney,Thursday
2026-01-22 04:52:55,8Cap Raw,XAUUSD,4788.84,4789.0,0.16,16,Sydney,Thursday
2026-01-22 04:52:56,8Cap Raw,EURUSD,1.16864,1.16864,0.0,0,Sydney,Thursday
2026-01-22 04:52:57,8Cap Raw,GBPUSD,1.34246,1.34247,1e-05,1,Sydney,Thursday
2026-01-22 04:52:57,8Cap Raw,USDJPY,158.445,158.446,0.001,1,Sydney,Thursday
2026-01-22 04:52:58,8Cap Raw,AUDUSD,0.67949,0.67951,2e-05,2,Sydney,Thursday
2026-01-22 04:57:17,Pepperstone Razor,XAUUSD,4785.76,4786.14,0.38,38,Sydney,Thursday
2026-01-22 04:57:17,Pepperstone Razor,EURUSD,1.16868,1.16868,0.0,0,Sydney,Thursday
2026-01-22 04:57:18,Pepperstone Razor,GBPUSD,1.34252,1.34253,1e-05,1,Sydney,Thursday
2026-01-22 04:57:19,Pepperstone Razor,USDJPY,158.464,158.467,0.003,3,Sydney,Thursday
2026-01-22 04:57:20,Pepperstone Razor,AUDUSD,0.67963,0.67963,0.0,0,Sydney,Thursday
2026-01-22 04:57:24,FusionMarkets Zero,XAUUSD,4785.45,4785.56,0.11,11,Sydney,Thursday
2026-01-22 04:57:24,FusionMarkets Zero,EURUSD,1.16865,1.16865,0.0,0,Sydney,Thursday
2026-01-22 04:57:25,FusionMarkets Zero,GBPUSD,1.34256,1.34256,0.0,0,Sydney,Thursday
2026-01-22 04:57:26,FusionMarkets Zero,USDJPY,158.463,158.465,0.002,2,Sydney,Thursday
2026-01-22 04:57:27,FusionMarkets Zero,AUDUSD,0.67965,0.67965,0.0,0,Sydney,Thursday
2026-01-22 04:57:31,ThinkMarkets ThinkZero,XAUUSD,4786.05,4786.13,0.08,8,Sydney,Thursday
2026-01-22 04:57:31,ThinkMarkets ThinkZero,EURUSD,1.16864,1.16867,3e-05,3,Sydney,Thursday
2026-01-22 04:57:32,ThinkMarkets ThinkZero,GBPUSD,1.34251,1.34258,7e-05,7,Sydney,Thursday
2026-01-22 04:57:33,ThinkMarkets ThinkZero,USDJPY,158.461,158.464,0.003,3,Sydney,Thursday
2026-01-22 04:57:34,ThinkMarkets ThinkZero,AUDUSD,0.67963,0.67965,2e-05,2,Sydney,Thursday
2026-01-22 04:57:38,ICMarkets Raw,XAUUSD,4786.03,4786.13,0.1,10,Sydney,Thursday
2026-01-22 04:57:39,ICMarkets Raw,EURUSD,1.16866,1.16866,0.0,0,Sydney,Thursday
2026-01-22 04:57:39,ICMarkets Raw,GBPUSD,1.34256,1.34257,1e-05,1,Sydney,Thursday
2026-01-22 04:57:40,ICMarkets Raw,USDJPY,158.471,158.472,0.001,1,Sydney,Thursday
2026-01-22 04:57:41,ICMarkets Raw,AUDUSD,0.67964,0.67964,0.0,0,Sydney,Thursday
2026-01-22 04:57:44,VantageMarkets Raw,XAUUSD,4786.07,4786.15,0.08,8,Sydney,Thursday
2026-01-22 04:57:45,VantageMarkets Raw,EURUSD,1.16866,1.16867,1e-05,1,Sydney,Thursday
2026-01-22 04:57:46,VantageMarkets Raw,GBPUSD,1.34256,1.34257,1e-05,1,Sydney,Thursday
2026-01-22 04:57:46,VantageMarkets Raw,USDJPY,158.466,158.474,0.008,8,Sydney,Thursday
2026-01-22 04:57:47,VantageMarkets Raw,AUDUSD,0.67964,0.67966,2e-05,2,Sydney,Thursday
2026-01-22 04:57:51,FPMarkets Raw,XAUUSD,4786.12,4786.19,0.07,7,Sydney,Thursday
2026-01-22 04:57:52,FPMarkets Raw,EURUSD,1.16866,1.16867,1e-05,1,Sydney,Thursday
2026-01-22 04:57:53,FPMarkets Raw,GBPUSD,1.34252,1.34257,5e-05,5,Sydney,Thursday
2026-01-22 04:57:54,FPMarkets Raw,USDJPY,158.468,158.472,0.004,4,Sydney,Thursday
2026-01-22 04:57:55,FPMarkets Raw,AUDUSD,0.67963,0.67966,3e-05,3,Sydney,Thursday
2026-01-22 04:57:57,8Cap Raw,XAUUSD,4785.95,4786.11,0.16,16,Sydney,Thursday
2026-01-22 04:57:57,8Cap Raw,EURUSD,1.16866,1.16867,1e-05,1,Sydney,Thursday
2026-01-22 04:57:58,8Cap Raw,GBPUSD,1.34256,1.34257,1e-05,1,Sydney,Thursday
2026-01-22 04:57:59,8Cap Raw,USDJPY,158.469,158.471,0.002,2,Sydney,Thursday
2026-01-22 04:57:59,8Cap Raw,AUDUSD,0.67964,0.67967,3e-05,3,Sydney,Thursday
2026-01-22 05:02:16,Pepperstone Razor,XAUUSD,4785.55,4785.96,0.41,41,Sydney,Thursday
2026-01-22 05:02:17,Pepperstone Razor,EURUSD,1.16855,1.16855,0.0,0,Sydney,Thursday
2026-01-22 05:02:18,Pepperstone Razor,GBPUSD,1.34266,1.34267,1e-05,1,Sydney,Thursday
2026-01-22 05:02:19,Pepperstone Razor,USDJPY,158.467,158.468,0.001,1,Sydney,Thursday
2026-01-22 05:02:20,Pepperstone Razor,AUDUSD,0.67979,0.67979,0.0,0,Sydney,Thursday
2026-01-22 05:02:22,FusionMarkets Zero,XAUUSD,4785.67,4785.8,0.13,13,Sydney,Thursday
2026-01-22 05:02:23,FusionMarkets Zero,EURUSD,1.16857,1.16857,0.0,0,Sydney,Thursday
2026-01-22 05:02:24,FusionMarkets Zero,GBPUSD,1.34267,1.34267,0.0,0,Sydney,Thursday
2026-01-22 05:02:25,FusionMarkets Zero,USDJPY,158.467,158.467,0.0,0,Sydney,Thursday
2026-01-22 05:02:26,FusionMarkets Zero,AUDUSD,0.67985,0.67985,0.0,0,Sydney,Thursday
2026-01-22 05:02:29,ThinkMarkets ThinkZero,XAUUSD,4785.78,4785.86,0.08,8,Sydney,Thursday
2026-01-22 05:02:30,ThinkMarkets ThinkZero,EURUSD,1.16855,1.16857,2e-05,2,Sydney,Thursday
2026-01-22 05:02:31,ThinkMarkets ThinkZero,GBPUSD,1.34264,1.3427,6e-05,6,Sydney,Thursday
2026-01-22 05:02:32,ThinkMarkets ThinkZero,USDJPY,158.46,158.464,0.004,4,Sydney,Thursday
2026-01-22 05:02:33,ThinkMarkets ThinkZero,AUDUSD,0.67982,0.67987,5e-05,5,Sydney,Thursday
2026-01-22 05:02:36,ICMarkets Raw,XAUUSD,4785.55,4785.63,0.08,8,Sydney,Thursday
2026-01-22 05:02:36,ICMarkets Raw,EURUSD,1.16856,1.16856,0.0,0,Sydney,Thursday
2026-01-22 05:02:37,ICMarkets Raw,GBPUSD,1.34267,1.34268,1e-05,1,Sydney,Thursday
2026-01-22 05:02:38,ICMarkets Raw,USDJPY,158.462,158.463,0.001,1,Sydney,Thursday
2026-01-22 05:02:39,ICMarkets Raw,AUDUSD,0.67986,0.67986,0.0,0,Sydney,Thursday
2026-01-22 05:02:42,VantageMarkets Raw,XAUUSD,4785.49,4785.57,0.08,8,Sydney,Thursday
2026-01-22 05:02:43,VantageMarkets Raw,EURUSD,1.16856,1.16857,1e-05,1,Sydney,Thursday
2026-01-22 05:02:44,VantageMarkets Raw,GBPUSD,1.34266,1.34268,2e-05,2,Sydney,Thursday
2026-01-22 05:02:45,VantageMarkets Raw,USDJPY,158.457,158.458,0.001,1,Sydney,Thursday
2026-01-22 05:02:46,VantageMarkets Raw,AUDUSD,0.67987,0.67991,4e-05,4,Sydney,Thursday
2026-01-22 05:02:48,FPMarkets Raw,XAUUSD,4785.53,4785.6,0.07,7,Sydney,Thursday
2026-01-22 05:02:49,FPMarkets Raw,EURUSD,1.16856,1.16858,2e-05,2,Sydney,Thursday
2026-01-22 05:02:50,FPMarkets Raw,GBPUSD,1.34264,1.34269,5e-05,5,Sydney,Thursday
2026-01-22 05:02:51,FPMarkets Raw,USDJPY,158.453,158.458,0.005,5,Sydney,Thursday
2026-01-22 05:02:52,FPMarkets Raw,AUDUSD,0.67982,0.67985,3e-05,3,Sydney,Thursday
2026-01-22 05:02:53,8Cap Raw,XAUUSD,4785.83,4785.99,0.16,16,Sydney,Thursday
2026-01-22 05:02:54,8Cap Raw,EURUSD,1.16856,1.16857,1e-05,1,Sydney,Thursday
2026-01-22 05:02:55,8Cap Raw,GBPUSD,1.34264,1.34266,2e-05,2,Sydney,Thursday
2026-01-22 05:02:55,8Cap Raw,USDJPY,158.455,158.456,0.001,1,Sydney,Thursday
2026-01-22 05:02:56,8Cap Raw,AUDUSD,0.67983,0.67985,2e-05,2,Sydney,Thursday
2026-01-22 05:07:16,Pepperstone Razor,XAUUSD,4791.04,4791.19,0.15,15,Sydney,Thursday
2026-01-22 05:07:17,Pepperstone Razor,EURUSD,1.16865,1.16866,1e-05,1,Sydney,Thursday
2026-01-22 05:07:18,Pepperstone Razor,GBPUSD,1.34282,1.34285,3e-05,3,Sydney,Thursday
2026-01-22 05:07:18,Pepperstone Razor,USDJPY,158.469,158.471,0.002,2,Sydney,Thursday
2026-01-22 05:07:19,Pepperstone Razor,AUDUSD,0.67997,0.67997,0.0,0,Sydney,Thursday
2026-01-22 05:07:22,FusionMarkets Zero,XAUUSD,4789.31,4789.38,0.07,7,Sydney,Thursday
2026-01-22 05:07:23,FusionMarkets Zero,EURUSD,1.16865,1.16865,0.0,0,Sydney,Thursday
2026-01-22 05:07:24,FusionMarkets Zero,GBPUSD,1.34282,1.34282,0.0,0,Sydney,Thursday
2026-01-22 05:07:25,FusionMarkets Zero,USDJPY,158.471,158.471,0.0,0,Sydney,Thursday
2026-01-22 05:07:26,FusionMarkets Zero,AUDUSD,0.67999,0.67999,0.0,0,Sydney,Thursday
2026-01-22 05:07:28,ThinkMarkets ThinkZero,XAUUSD,4788.45,4788.53,0.08,8,Sydney,Thursday
2026-01-22 05:07:29,ThinkMarkets ThinkZero,EURUSD,1.16862,1.16865,3e-05,3,Sydney,Thursday
2026-01-22 05:07:30,ThinkMarkets ThinkZero,GBPUSD,1.34278,1.34283,5e-05,5,Sydney,Thursday
2026-01-22 05:07:31,ThinkMarkets ThinkZero,USDJPY,158.469,158.473,0.004,4,Sydney,Thursday
2026-01-22 05:07:32,ThinkMarkets ThinkZero,AUDUSD,0.67997,0.68,3e-05,3,Sydney,Thursday
2026-01-22 05:07:34,ICMarkets Raw,XAUUSD,4788.45,4788.56,0.11,11,Sydney,Thursday
2026-01-22 05:07:35,ICMarkets Raw,EURUSD,1.16865,1.16865,0.0,0,Sydney,Thursday
2026-01-22 05:07:36,ICMarkets Raw,GBPUSD,1.34282,1.34283,1e-05,1,Sydney,Thursday
2026-01-22 05:07:37,ICMarkets Raw,USDJPY,158.47,158.47,0.0,0,Sydney,Thursday
2026-01-22 05:07:38,ICMarkets Raw,AUDUSD,0.67998,0.67999,1e-05,1,Sydney,Thursday
2026-01-22 05:07:40,VantageMarkets Raw,XAUUSD,4788.48,4788.56,0.08,8,Sydney,Thursday
2026-01-22 05:07:41,VantageMarkets Raw,EURUSD,1.16864,1.16865,1e-05,1,Sydney,Thursday
2026-01-22 05:07:42,VantageMarkets Raw,GBPUSD,1.34283,1.34284,1e-05,1,Sydney,Thursday
2026-01-22 05:07:43,VantageMarkets Raw,USDJPY,158.471,158.472,0.001,1,Sydney,Thursday
2026-01-22 05:07:44,VantageMarkets Raw,AUDUSD,0.68004,0.68007,3e-05,3,Sydney,Thursday
2026-01-22 05:07:47,FPMarkets Raw,XAUUSD,4788.74,4788.81,0.07,7,Sydney,Thursday
2026-01-22 05:07:47,FPMarkets Raw,EURUSD,1.16866,1.16867,1e-05,1,Sydney,Thursday
2026-01-22 05:07:48,FPMarkets Raw,GBPUSD,1.34285,1.34285,0.0,0,Sydney,Thursday
2026-01-22 05:07:49,FPMarkets Raw,USDJPY,158.469,158.473,0.004,4,Sydney,Thursday
2026-01-22 05:07:50,FPMarkets Raw,AUDUSD,0.68004,0.68008,4e-05,4,Sydney,Thursday
2026-01-22 05:07:52,8Cap Raw,XAUUSD,4788.31,4788.47,0.16,16,Sydney,Thursday
2026-01-22 05:07:53,8Cap Raw,EURUSD,1.16866,1.16866,0.0,0,Sydney,Thursday
2026-01-22 05:07:53,8Cap Raw,GBPUSD,1.34284,1.34285,1e-05,1,Sydney,Thursday
2026-01-22 05:07:54,8Cap Raw,USDJPY,158.466,158.467,0.001,1,Sydney,Thursday
2026-01-22 05:07:55,8Cap Raw,AUDUSD,0.68005,0.68007,2e-05,2,Sydney,Thursday
2026-01-22 05:12:16,Pepperstone Razor,XAUUSD,4787.05,4787.3,0.25,25,Sydney,Thursday
2026-01-22 05:12:17,Pepperstone Razor,EURUSD,1.16864,1.16864,0.0,0,Sydney,Thursday
2026-01-22 05:12:18,Pepperstone Razor,GBPUSD,1.3429,1.34292,2e-05,2,Sydney,Thursday
2026-01-22 05:12:19,Pepperstone Razor,USDJPY,158.444,158.446,0.002,2,Sydney,Thursday
2026-01-22 05:12:19,Pepperstone Razor,AUDUSD,0.67999,0.68,1e-05,1,Sydney,Thursday
2026-01-22 05:12:22,FusionMarkets Zero,XAUUSD,4786.82,4787.0,0.18,18,Sydney,Thursday
2026-01-22 05:12:23,FusionMarkets Zero,EURUSD,1.16868,1.16868,0.0,0,Sydney,Thursday
2026-01-22 05:12:24,FusionMarkets Zero,GBPUSD,1.34291,1.34291,0.0,0,Sydney,Thursday
2026-01-22 05:12:25,FusionMarkets Zero,USDJPY,158.445,158.447,0.002,2,Sydney,Thursday
2026-01-22 05:12:26,FusionMarkets Zero,AUDUSD,0.68,0.68,0.0,0,Sydney,Thursday
2026-01-22 05:12:29,ThinkMarkets ThinkZero,XAUUSD,4787.77,4787.85,0.08,8,Sydney,Thursday
2026-01-22 05:12:30,ThinkMarkets ThinkZero,EURUSD,1.16867,1.16869,2e-05,2,Sydney,Thursday
2026-01-22 05:12:31,ThinkMarkets ThinkZero,GBPUSD,1.34286,1.34293,7e-05,7,Sydney,Thursday
2026-01-22 05:12:32,ThinkMarkets ThinkZero,USDJPY,158.443,158.448,0.005,5,Sydney,Thursday
2026-01-22 05:12:32,ThinkMarkets ThinkZero,AUDUSD,0.67998,0.68001,3e-05,3,Sydney,Thursday
2026-01-22 05:12:36,ICMarkets Raw,XAUUSD,4787.52,4787.64,0.12,12,Sydney,Thursday
2026-01-22 05:12:36,ICMarkets Raw,EURUSD,1.16868,1.16869,1e-05,1,Sydney,Thursday
2026-01-22 05:12:37,ICMarkets Raw,GBPUSD,1.34291,1.34292,1e-05,1,Sydney,Thursday
2026-01-22 05:12:38,ICMarkets Raw,USDJPY,158.446,158.446,0.0,0,Sydney,Thursday
2026-01-22 05:12:39,ICMarkets Raw,AUDUSD,0.67999,0.67999,0.0,0,Sydney,Thursday
2026-01-22 05:12:42,VantageMarkets Raw,XAUUSD,4787.36,4787.44,0.08,8,Sydney,Thursday
2026-01-22 05:12:43,VantageMarkets Raw,EURUSD,1.16869,1.1687,1e-05,1,Sydney,Thursday
2026-01-22 05:12:44,VantageMarkets Raw,GBPUSD,1.34291,1.34292,1e-05,1,Sydney,Thursday
2026-01-22 05:12:45,VantageMarkets Raw,USDJPY,158.445,158.446,0.001,1,Sydney,Thursday
2026-01-22 05:12:45,VantageMarkets Raw,AUDUSD,0.68,0.68002,2e-05,2,Sydney,Thursday
2026-01-22 05:12:48,FPMarkets Raw,XAUUSD,4786.7,4786.77,0.07,7,Sydney,Thursday
2026-01-22 05:12:49,FPMarkets Raw,EURUSD,1.16868,1.16869,1e-05,1,Sydney,Thursday
2026-01-22 05:12:50,FPMarkets Raw,GBPUSD,1.34294,1.34299,5e-05,5,Sydney,Thursday
2026-01-22 05:12:51,FPMarkets Raw,USDJPY,158.438,158.444,0.006,6,Sydney,Thursday
2026-01-22 05:12:52,FPMarkets Raw,AUDUSD,0.67999,0.68003,4e-05,4,Sydney,Thursday
2026-01-22 05:12:53,8Cap Raw,XAUUSD,4786.47,4786.63,0.16,16,Sydney,Thursday
2026-01-22 05:12:54,8Cap Raw,EURUSD,1.16868,1.16869,1e-05,1,Sydney,Thursday
2026-01-22 05:12:55,8Cap Raw,GBPUSD,1.34295,1.34296,1e-05,1,Sydney,Thursday
2026-01-22 05:12:55,8Cap Raw,USDJPY,158.442,158.443,0.001,1,Sydney,Thursday
2026-01-22 05:12:56,8Cap Raw,AUDUSD,0.67996,0.68,4e-05,4,Sydney,Thursday
2026-01-22 05:17:16,Pepperstone Razor,XAUUSD,4788.51,4788.67,0.16,16,Sydney,Thursday
2026-01-22 05:17:17,Pepperstone Razor,EURUSD,1.16871,1.16871,0.0,0,Sydney,Thursday
2026-01-22 05:17:18,Pepperstone Razor,GBPUSD,1.34288,1.34288,0.0,0,Sydney,Thursday
2026-01-22 05:17:19,Pepperstone Razor,USDJPY,158.444,158.447,0.003,3,Sydney,Thursday
2026-01-22 05:17:20,Pepperstone Razor,AUDUSD,0.67989,0.67989,0.0,0,Sydney,Thursday
2026-01-22 05:17:23,FusionMarkets Zero,XAUUSD,4788.3,4788.36,0.06,6,Sydney,Thursday
2026-01-22 05:17:23,FusionMarkets Zero,EURUSD,1.16871,1.16871,0.0,0,Sydney,Thursday
2026-01-22 05:17:24,FusionMarkets Zero,GBPUSD,1.3429,1.3429,0.0,0,Sydney,Thursday
2026-01-22 05:17:25,FusionMarkets Zero,USDJPY,158.444,158.444,0.0,0,Sydney,Thursday
2026-01-22 05:17:26,FusionMarkets Zero,AUDUSD,0.67995,0.67995,0.0,0,Sydney,Thursday
2026-01-22 05:17:29,ThinkMarkets ThinkZero,XAUUSD,4789.48,4789.56,0.08,8,Sydney,Thursday
2026-01-22 05:17:30,ThinkMarkets ThinkZero,EURUSD,1.1687,1.16872,2e-05,2,Sydney,Thursday
2026-01-22 05:17:30,ThinkMarkets ThinkZero,GBPUSD,1.34283,1.3429,7e-05,7,Sydney,Thursday
2026-01-22 05:17:31,ThinkMarkets ThinkZero,USDJPY,158.445,158.449,0.004,4,Sydney,Thursday
2026-01-22 05:17:32,ThinkMarkets ThinkZero,AUDUSD,0.67993,0.67995,2e-05,2,Sydney,Thursday
2026-01-22 05:17:35,ICMarkets Raw,XAUUSD,4789.21,4789.28,0.07,7,Sydney,Thursday
2026-01-22 05:17:36,ICMarkets Raw,EURUSD,1.1687,1.1687,0.0,0,Sydney,Thursday
2026-01-22 05:17:37,ICMarkets Raw,GBPUSD,1.3429,1.34291,1e-05,1,Sydney,Thursday
2026-01-22 05:17:38,ICMarkets Raw,USDJPY,158.443,158.443,0.0,0,Sydney,Thursday
2026-01-22 05:17:39,ICMarkets Raw,AUDUSD,0.67995,0.67995,0.0,0,Sydney,Thursday
2026-01-22 05:17:41,VantageMarkets Raw,XAUUSD,4789.66,4789.74,0.08,8,Sydney,Thursday
2026-01-22 05:17:42,VantageMarkets Raw,EURUSD,1.1687,1.16871,1e-05,1,Sydney,Thursday
2026-01-22 05:17:43,VantageMarkets Raw,GBPUSD,1.34288,1.34291,3e-05,3,Sydney,Thursday
2026-01-22 05:17:44,VantageMarkets Raw,USDJPY,158.441,158.442,0.001,1,Sydney,Thursday
2026-01-22 05:17:45,VantageMarkets Raw,AUDUSD,0.67993,0.67996,3e-05,3,Sydney,Thursday
2026-01-22 05:17:47,FPMarkets Raw,XAUUSD,4789.82,4789.89,0.07,7,Sydney,Thursday
2026-01-22 05:17:48,FPMarkets Raw,EURUSD,1.16871,1.16873,2e-05,2,Sydney,Thursday
2026-01-22 05:17:49,FPMarkets Raw,GBPUSD,1.34288,1.34293,5e-05,5,Sydney,Thursday
2026-01-22 05:17:50,FPMarkets Raw,USDJPY,158.436,158.44,0.004,4,Sydney,Thursday
2026-01-22 05:17:51,FPMarkets Raw,AUDUSD,0.67993,0.67997,4e-05,4,Sydney,Thursday
2026-01-22 05:17:53,8Cap Raw,XAUUSD,4789.48,4789.64,0.16,16,Sydney,Thursday
2026-01-22 05:17:54,8Cap Raw,EURUSD,1.16872,1.16872,0.0,0,Sydney,Thursday
2026-01-22 05:17:54,8Cap Raw,GBPUSD,1.34289,1.34292,3e-05,3,Sydney,Thursday
2026-01-22 05:17:55,8Cap Raw,USDJPY,158.435,158.436,0.001,1,Sydney,Thursday
2026-01-22 05:17:56,8Cap Raw,AUDUSD,0.67994,0.67996,2e-05,2,Sydney,Thursday
2026-01-22 05:22:16,Pepperstone Razor,XAUUSD,4789.21,4789.39,0.18,18,Sydney,Thursday
2026-01-22 05:22:17,Pepperstone Razor,EURUSD,1.16865,1.16865,0.0,0,Sydney,Thursday
2026-01-22 05:22:18,Pepperstone Razor,GBPUSD,1.34279,1.3428,1e-05,1,Sydney,Thursday
2026-01-22 05:22:19,Pepperstone Razor,USDJPY,158.454,158.455,0.001,1,Sydney,Thursday
2026-01-22 05:22:20,Pepperstone Razor,AUDUSD,0.67986,0.67987,1e-05,1,Sydney,Thursday
2026-01-22 05:22:22,FusionMarkets Zero,XAUUSD,4789.07,4789.14,0.07,7,Sydney,Thursday
2026-01-22 05:22:23,FusionMarkets Zero,EURUSD,1.16865,1.16865,0.0,0,Sydney,Thursday
2026-01-22 05:22:24,FusionMarkets Zero,GBPUSD,1.34285,1.34285,0.0,0,Sydney,Thursday
2026-01-22 05:22:25,FusionMarkets Zero,USDJPY,158.452,158.452,0.0,0,Sydney,Thursday
2026-01-22 05:22:26,FusionMarkets Zero,AUDUSD,0.67997,0.67997,0.0,0,Sydney,Thursday
2026-01-22 05:22:29,ThinkMarkets ThinkZero,XAUUSD,4789.24,4789.32,0.08,8,Sydney,Thursday
2026-01-22 05:22:30,ThinkMarkets ThinkZero,EURUSD,1.16864,1.16867,3e-05,3,Sydney,Thursday
2026-01-22 05:22:31,ThinkMarkets ThinkZero,GBPUSD,1.3428,1.34288,8e-05,8,Sydney,Thursday
2026-01-22 05:22:32,ThinkMarkets ThinkZero,USDJPY,158.448,158.454,0.006,6,Sydney,Thursday
2026-01-22 05:22:33,ThinkMarkets ThinkZero,AUDUSD,0.67995,0.67998,3e-05,3,Sydney,Thursday
2026-01-22 05:22:35,ICMarkets Raw,XAUUSD,4789.21,4789.28,0.07,7,Sydney,Thursday
2026-01-22 05:22:36,ICMarkets Raw,EURUSD,1.16864,1.16864,0.0,0,Sydney,Thursday
2026-01-22 05:22:37,ICMarkets Raw,GBPUSD,1.34285,1.34286,1e-05,1,Sydney,Thursday
2026-01-22 05:22:38,ICMarkets Raw,USDJPY,158.457,158.457,0.0,0,Sydney,Thursday
2026-01-22 05:22:39,ICMarkets Raw,AUDUSD,0.67996,0.67997,1e-05,1,Sydney,Thursday
2026-01-22 05:22:42,VantageMarkets Raw,XAUUSD,4788.94,4789.02,0.08,8,Sydney,Thursday
2026-01-22 05:22:43,VantageMarkets Raw,EURUSD,1.16863,1.16865,2e-05,2,Sydney,Thursday
2026-01-22 05:22:44,VantageMarkets Raw,GBPUSD,1.34284,1.34285,1e-05,1,Sydney,Thursday
2026-01-22 05:22:44,VantageMarkets Raw,USDJPY,158.456,158.458,0.002,2,Sydney,Thursday
2026-01-22 05:22:45,VantageMarkets Raw,AUDUSD,0.67996,0.68,4e-05,4,Sydney,Thursday
2026-01-22 05:22:48,FPMarkets Raw,XAUUSD,4789.54,4789.61,0.07,7,Sydney,Thursday
2026-01-22 05:22:49,FPMarkets Raw,EURUSD,1.16866,1.16867,1e-05,1,Sydney,Thursday
2026-01-22 05:22:50,FPMarkets Raw,GBPUSD,1.34281,1.34286,5e-05,5,Sydney,Thursday
2026-01-22 05:22:51,FPMarkets Raw,USDJPY,158.455,158.459,0.004,4,Sydney,Thursday
2026-01-22 05:22:52,FPMarkets Raw,AUDUSD,0.67999,0.68002,3e-05,3,Sydney,Thursday
2026-01-22 05:22:54,8Cap Raw,XAUUSD,4789.71,4789.87,0.16,16,Sydney,Thursday
2026-01-22 05:22:54,8Cap Raw,EURUSD,1.16869,1.1687,1e-05,1,Sydney,Thursday
2026-01-22 05:22:55,8Cap Raw,GBPUSD,1.34285,1.34286,1e-05,1,Sydney,Thursday
2026-01-22 05:22:56,8Cap Raw,USDJPY,158.454,158.455,0.001,1,Sydney,Thursday
2026-01-22 05:22:56,8Cap Raw,AUDUSD,0.68001,0.68004,3e-05,3,Sydney,Thursday
2026-01-22 05:27:16,Pepperstone Razor,XAUUSD,4794.85,4795.07,0.22,22,Sydney,Thursday
2026-01-22 05:27:17,Pepperstone Razor,EURUSD,1.16885,1.16888,3e-05,3,Sydney,Thursday
2026-01-22 05:27:18,Pepperstone Razor,GBPUSD,1.34307,1.34308,1e-05,1,Sydney,Thursday
2026-01-22 05:27:19,Pepperstone Razor,USDJPY,158.43,158.433,0.003,3,Sydney,Thursday
2026-01-22 05:27:20,Pepperstone Razor,AUDUSD,0.67995,0.67998,3e-05,3,Sydney,Thursday
2026-01-22 05:27:22,FusionMarkets Zero,XAUUSD,4795.55,4795.69,0.14,14,Sydney,Thursday
2026-01-22 05:27:23,FusionMarkets Zero,EURUSD,1.16884,1.16884,0.0,0,Sydney,Thursday
2026-01-22 05:27:24,FusionMarkets Zero,GBPUSD,1.34305,1.34305,0.0,0,Sydney,Thursday
2026-01-22 05:27:25,FusionMarkets Zero,USDJPY,158.433,158.433,0.0,0,Sydney,Thursday
2026-01-22 05:27:26,FusionMarkets Zero,AUDUSD,0.67999,0.67999,0.0,0,Sydney,Thursday
2026-01-22 05:27:29,ThinkMarkets ThinkZero,XAUUSD,4794.76,4794.84,0.08,8,Sydney,Thursday
2026-01-22 05:27:30,ThinkMarkets ThinkZero,EURUSD,1.16881,1.16884,3e-05,3,Sydney,Thursday
2026-01-22 05:27:31,ThinkMarkets ThinkZero,GBPUSD,1.34301,1.34307,6e-05,6,Sydney,Thursday
2026-01-22 05:27:32,ThinkMarkets ThinkZero,USDJPY,158.428,158.432,0.004,4,Sydney,Thursday
2026-01-22 05:27:33,ThinkMarkets ThinkZero,AUDUSD,0.67998,0.68,2e-05,2,Sydney,Thursday
2026-01-22 05:27:36,ICMarkets Raw,XAUUSD,4795.1,4795.21,0.11,11,Sydney,Thursday
2026-01-22 05:27:36,ICMarkets Raw,EURUSD,1.16883,1.16883,0.0,0,Sydney,Thursday
2026-01-22 05:27:37,ICMarkets Raw,GBPUSD,1.34307,1.34308,1e-05,1,Sydney,Thursday
2026-01-22 05:27:38,ICMarkets Raw,USDJPY,158.431,158.431,0.0,0,Sydney,Thursday
2026-01-22 05:27:39,ICMarkets Raw,AUDUSD,0.67999,0.67999,0.0,0,Sydney,Thursday
2026-01-22 05:27:42,VantageMarkets Raw,XAUUSD,4794.8,4794.88,0.08,8,Sydney,Thursday
2026-01-22 05:27:43,VantageMarkets Raw,EURUSD,1.16885,1.16886,1e-05,1,Sydney,Thursday
2026-01-22 05:27:44,VantageMarkets Raw,GBPUSD,1.34305,1.34306,1e-05,1,Sydney,Thursday
2026-01-22 05:27:44,VantageMarkets Raw,USDJPY,158.432,158.433,0.001,1,Sydney,Thursday
2026-01-22 05:27:45,VantageMarkets Raw,AUDUSD,0.67997,0.68001,4e-05,4,Sydney,Thursday
2026-01-22 05:27:48,FPMarkets Raw,XAUUSD,4794.76,4794.83,0.07,7,Sydney,Thursday
2026-01-22 05:27:49,FPMarkets Raw,EURUSD,1.1688,1.16882,2e-05,2,Sydney,Thursday
2026-01-22 05:27:50,FPMarkets Raw,GBPUSD,1.34303,1.34308,5e-05,5,Sydney,Thursday
2026-01-22 05:27:51,FPMarkets Raw,USDJPY,158.43,158.437,0.007,7,Sydney,Thursday
2026-01-22 05:27:52,FPMarkets Raw,AUDUSD,0.68002,0.68005,3e-05,3,Sydney,Thursday
2026-01-22 05:27:54,8Cap Raw,XAUUSD,4794.03,4794.19,0.16,16,Sydney,Thursday
2026-01-22 05:27:54,8Cap Raw,EURUSD,1.16882,1.16882,0.0,0,Sydney,Thursday
2026-01-22 05:27:55,8Cap Raw,GBPUSD,1.34307,1.34308,1e-05,1,Sydney,Thursday
2026-01-22 05:27:56,8Cap Raw,USDJPY,158.433,158.434,0.001,1,Sydney,Thursday
2026-01-22 05:27:56,8Cap Raw,AUDUSD,0.68003,0.68005,2e-05,2,Sydney,Thursday
2026-01-22 05:32:16,Pepperstone Razor,XAUUSD,4793.71,4793.93,0.22,22,Sydney,Thursday
2026-01-22 05:32:17,Pepperstone Razor,EURUSD,1.16865,1.16865,0.0,0,Sydney,Thursday
2026-01-22 05:32:18,Pepperstone Razor,GBPUSD,1.34284,1.34285,1e-05,1,Sydney,Thursday
2026-01-22 05:32:19,Pepperstone Razor,USDJPY,158.434,158.437,0.003,3,Sydney,Thursday
2026-01-22 05:32:20,Pepperstone Razor,AUDUSD,0.68006,0.68006,0.0,0,Sydney,Thursday
2026-01-22 05:32:23,FusionMarkets Zero,XAUUSD,4794.03,4794.17,0.14,14,Sydney,Thursday
2026-01-22 05:32:24,FusionMarkets Zero,EURUSD,1.1687,1.1687,0.0,0,Sydney,Thursday
2026-01-22 05:32:25,FusionMarkets Zero,GBPUSD,1.34286,1.34286,0.0,0,Sydney,Thursday
2026-01-22 05:32:26,FusionMarkets Zero,USDJPY,158.432,158.434,0.002,2,Sydney,Thursday
2026-01-22 05:32:27,FusionMarkets Zero,AUDUSD,0.68009,0.68009,0.0,0,Sydney,Thursday
2026-01-22 05:32:30,ThinkMarkets ThinkZero,XAUUSD,4792.8,4792.88,0.08,8,Sydney,Thursday
2026-01-22 05:32:31,ThinkMarkets ThinkZero,EURUSD,1.16868,1.1687,2e-05,2,Sydney,Thursday
2026-01-22 05:32:31,ThinkMarkets ThinkZero,GBPUSD,1.34282,1.3429,8e-05,8,Sydney,Thursday
2026-01-22 05:32:32,ThinkMarkets ThinkZero,USDJPY,158.43,158.435,0.005,5,Sydney,Thursday
2026-01-22 05:32:33,ThinkMarkets ThinkZero,AUDUSD,0.68006,0.68009,3e-05,3,Sydney,Thursday
2026-01-22 05:32:36,ICMarkets Raw,XAUUSD,4792.59,4792.71,0.12,12,Sydney,Thursday
2026-01-22 05:32:37,ICMarkets Raw,EURUSD,1.16869,1.16869,0.0,0,Sydney,Thursday
2026-01-22 05:32:38,ICMarkets Raw,GBPUSD,1.34287,1.34288,1e-05,1,Sydney,Thursday
2026-01-22 05:32:39,ICMarkets Raw,USDJPY,158.434,158.434,0.0,0,Sydney,Thursday
2026-01-22 05:32:40,ICMarkets Raw,AUDUSD,0.68008,0.68008,0.0,0,Sydney,Thursday
2026-01-22 05:32:42,VantageMarkets Raw,XAUUSD,4793.39,4793.47,0.08,8,Sydney,Thursday
2026-01-22 05:32:43,VantageMarkets Raw,EURUSD,1.16869,1.1687,1e-05,1,Sydney,Thursday
2026-01-22 05:32:44,VantageMarkets Raw,GBPUSD,1.34286,1.34287,1e-05,1,Sydney,Thursday
2026-01-22 05:32:45,VantageMarkets Raw,USDJPY,158.432,158.435,0.003,3,Sydney,Thursday
2026-01-22 05:32:46,VantageMarkets Raw,AUDUSD,0.68006,0.68009,3e-05,3,Sydney,Thursday
2026-01-22 05:32:49,FPMarkets Raw,XAUUSD,4792.2,4792.27,0.07,7,Sydney,Thursday
2026-01-22 05:32:50,FPMarkets Raw,EURUSD,1.16872,1.16872,0.0,0,Sydney,Thursday
2026-01-22 05:32:51,FPMarkets Raw,GBPUSD,1.34287,1.34292,5e-05,5,Sydney,Thursday
2026-01-22 05:32:52,FPMarkets Raw,USDJPY,158.434,158.438,0.004,4,Sydney,Thursday
2026-01-22 05:32:53,FPMarkets Raw,AUDUSD,0.68007,0.68009,2e-05,2,Sydney,Thursday
2026-01-22 05:32:55,8Cap Raw,XAUUSD,4792.18,4792.34,0.16,16,Sydney,Thursday
2026-01-22 05:32:55,8Cap Raw,EURUSD,1.16869,1.1687,1e-05,1,Sydney,Thursday
2026-01-22 05:32:56,8Cap Raw,GBPUSD,1.34287,1.34288,1e-05,1,Sydney,Thursday
2026-01-22 05:32:57,8Cap Raw,USDJPY,158.43,158.431,0.001,1,Sydney,Thursday
2026-01-22 05:32:57,8Cap Raw,AUDUSD,0.68007,0.68009,2e-05,2,Sydney,Thursday
2026-01-22 05:37:16,Pepperstone Razor,XAUUSD,4792.56,4792.75,0.19,19,Sydney,Thursday
2026-01-22 05:37:17,Pepperstone Razor,EURUSD,1.16877,1.16877,0.0,0,Sydney,Thursday
2026-01-22 05:37:18,Pepperstone Razor,GBPUSD,1.34298,1.34298,0.0,0,Sydney,Thursday
2026-01-22 05:37:19,Pepperstone Razor,USDJPY,158.406,158.408,0.002,2,Sydney,Thursday
2026-01-22 05:37:20,Pepperstone Razor,AUDUSD,0.68022,0.68022,0.0,0,Sydney,Thursday
2026-01-22 05:37:23,FusionMarkets Zero,XAUUSD,4792.34,4792.4,0.06,6,Sydney,Thursday
2026-01-22 05:37:24,FusionMarkets Zero,EURUSD,1.1688,1.1688,0.0,0,Sydney,Thursday
2026-01-22 05:37:25,FusionMarkets Zero,GBPUSD,1.34299,1.34299,0.0,0,Sydney,Thursday
2026-01-22 05:37:26,FusionMarkets Zero,USDJPY,158.405,158.406,0.001,1,Sydney,Thursday
2026-01-22 05:37:27,FusionMarkets Zero,AUDUSD,0.68024,0.68024,0.0,0,Sydney,Thursday
2026-01-22 05:37:30,ThinkMarkets ThinkZero,XAUUSD,4792.42,4792.5,0.08,8,Sydney,Thursday
2026-01-22 05:37:31,ThinkMarkets ThinkZero,EURUSD,1.16878,1.16881,3e-05,3,Sydney,Thursday
2026-01-22 05:37:32,ThinkMarkets ThinkZero,GBPUSD,1.34299,1.34306,7e-05,7,Sydney,Thursday
2026-01-22 05:37:33,ThinkMarkets ThinkZero,USDJPY,158.404,158.407,0.003,3,Sydney,Thursday
2026-01-22 05:37:33,ThinkMarkets ThinkZero,AUDUSD,0.68021,0.68025,4e-05,4,Sydney,Thursday
2026-01-22 05:37:36,ICMarkets Raw,XAUUSD,4792.45,4792.5,0.05,5,Sydney,Thursday
2026-01-22 05:37:37,ICMarkets Raw,EURUSD,1.1688,1.16881,1e-05,1,Sydney,Thursday
2026-01-22 05:37:38,ICMarkets Raw,GBPUSD,1.34304,1.34305,1e-05,1,Sydney,Thursday
2026-01-22 05:37:39,ICMarkets Raw,USDJPY,158.406,158.407,0.001,1,Sydney,Thursday
2026-01-22 05:37:40,ICMarkets Raw,AUDUSD,0.68023,0.68024,1e-05,1,Sydney,Thursday
2026-01-22 05:37:43,VantageMarkets Raw,XAUUSD,4792.22,4792.3,0.08,8,Sydney,Thursday
2026-01-22 05:37:44,VantageMarkets Raw,EURUSD,1.16876,1.16877,1e-05,1,Sydney,Thursday
2026-01-22 05:37:45,VantageMarkets Raw,GBPUSD,1.34303,1.34304,1e-05,1,Sydney,Thursday
2026-01-22 05:37:45,VantageMarkets Raw,USDJPY,158.412,158.413,0.001,1,Sydney,Thursday
2026-01-22 05:37:46,VantageMarkets Raw,AUDUSD,0.68022,0.68025,3e-05,3,Sydney,Thursday
2026-01-22 05:37:50,FPMarkets Raw,XAUUSD,4792.27,4792.34,0.07,7,Sydney,Thursday
2026-01-22 05:37:50,FPMarkets Raw,EURUSD,1.16874,1.16875,1e-05,1,Sydney,Thursday
2026-01-22 05:37:51,FPMarkets Raw,GBPUSD,1.34295,1.343,5e-05,5,Sydney,Thursday
2026-01-22 05:37:52,FPMarkets Raw,USDJPY,158.416,158.42,0.004,4,Sydney,Thursday
2026-01-22 05:37:53,FPMarkets Raw,AUDUSD,0.68023,0.68026,3e-05,3,Sydney,Thursday
2026-01-22 05:37:55,8Cap Raw,XAUUSD,4792.09,4792.25,0.16,16,Sydney,Thursday
2026-01-22 05:37:56,8Cap Raw,EURUSD,1.16874,1.16874,0.0,0,Sydney,Thursday
2026-01-22 05:37:56,8Cap Raw,GBPUSD,1.34296,1.34297,1e-05,1,Sydney,Thursday
2026-01-22 05:37:57,8Cap Raw,USDJPY,158.427,158.428,0.001,1,Sydney,Thursday
2026-01-22 05:37:58,8Cap Raw,AUDUSD,0.68022,0.68025,3e-05,3,Sydney,Thursday
2026-01-22 05:42:17,Pepperstone Razor,XAUUSD,4790.96,4791.18,0.22,22,Sydney,Thursday
2026-01-22 05:42:18,Pepperstone Razor,EURUSD,1.16866,1.16866,0.0,0,Sydney,Thursday
2026-01-22 05:42:18,Pepperstone Razor,GBPUSD,1.34285,1.34285,0.0,0,Sydney,Thursday
2026-01-22 05:42:19,Pepperstone Razor,USDJPY,158.432,158.434,0.002,2,Sydney,Thursday
2026-01-22 05:42:20,Pepperstone Razor,AUDUSD,0.68003,0.68003,0.0,0,Sydney,Thursday
2026-01-22 05:42:23,FusionMarkets Zero,XAUUSD,4791.17,4791.3,0.13,13,Sydney,Thursday
2026-01-22 05:42:24,FusionMarkets Zero,EURUSD,1.16866,1.16866,0.0,0,Sydney,Thursday
2026-01-22 05:42:25,FusionMarkets Zero,GBPUSD,1.34285,1.34285,0.0,0,Sydney,Thursday
2026-01-22 05:42:26,FusionMarkets Zero,USDJPY,158.433,158.435,0.002,2,Sydney,Thursday
2026-01-22 05:42:27,FusionMarkets Zero,AUDUSD,0.68004,0.68004,0.0,0,Sydney,Thursday
2026-01-22 05:42:30,ThinkMarkets ThinkZero,XAUUSD,4791.45,4791.53,0.08,8,Sydney,Thursday
2026-01-22 05:42:31,ThinkMarkets ThinkZero,EURUSD,1.16864,1.16866,2e-05,2,Sydney,Thursday
2026-01-22 05:42:32,ThinkMarkets ThinkZero,GBPUSD,1.34283,1.34287,4e-05,4,Sydney,Thursday
2026-01-22 05:42:32,ThinkMarkets ThinkZero,USDJPY,158.431,158.436,0.005,5,Sydney,Thursday
2026-01-22 05:42:33,ThinkMarkets ThinkZero,AUDUSD,0.68002,0.68005,3e-05,3,Sydney,Thursday
2026-01-22 05:42:36,ICMarkets Raw,XAUUSD,4791.83,4791.92,0.09,9,Sydney,Thursday
2026-01-22 05:42:37,ICMarkets Raw,EURUSD,1.16864,1.16864,0.0,0,Sydney,Thursday
2026-01-22 05:42:38,ICMarkets Raw,GBPUSD,1.34285,1.34286,1e-05,1,Sydney,Thursday
2026-01-22 05:42:39,ICMarkets Raw,USDJPY,158.433,158.434,0.001,1,Sydney,Thursday
2026-01-22 05:42:40,ICMarkets Raw,AUDUSD,0.68001,0.68001,0.0,0,Sydney,Thursday
2026-01-22 05:42:43,VantageMarkets Raw,XAUUSD,4791.73,4791.81,0.08,8,Sydney,Thursday
2026-01-22 05:42:44,VantageMarkets Raw,EURUSD,1.16864,1.16865,1e-05,1,Sydney,Thursday
2026-01-22 05:42:44,VantageMarkets Raw,GBPUSD,1.34285,1.34286,1e-05,1,Sydney,Thursday
2026-01-22 05:42:45,VantageMarkets Raw,USDJPY,158.434,158.444,0.01,10,Sydney,Thursday
2026-01-22 05:42:46,VantageMarkets Raw,AUDUSD,0.67999,0.68003,4e-05,4,Sydney,Thursday
2026-01-22 05:42:49,FPMarkets Raw,XAUUSD,4791.77,4791.84,0.07,7,Sydney,Thursday
2026-01-22 05:42:50,FPMarkets Raw,EURUSD,1.16865,1.16866,1e-05,1,Sydney,Thursday
2026-01-22 05:42:51,FPMarkets Raw,GBPUSD,1.34285,1.34285,0.0,0,Sydney,Thursday
2026-01-22 05:42:52,FPMarkets Raw,USDJPY,158.432,158.436,0.004,4,Sydney,Thursday
2026-01-22 05:42:53,FPMarkets Raw,AUDUSD,0.68001,0.68004,3e-05,3,Sydney,Thursday
2026-01-22 05:42:55,8Cap Raw,XAUUSD,4791.76,4791.92,0.16,16,Sydney,Thursday
2026-01-22 05:42:56,8Cap Raw,EURUSD,1.16865,1.16866,1e-05,1,Sydney,Thursday
2026-01-22 05:42:56,8Cap Raw,GBPUSD,1.34285,1.34286,1e-05,1,Sydney,Thursday
2026-01-22 05:42:57,8Cap Raw,USDJPY,158.431,158.433,0.002,2,Sydney,Thursday
2026-01-22 05:42:57,8Cap Raw,AUDUSD,0.68002,0.68005,3e-05,3,Sydney,Thursday
2026-01-22 05:47:16,Pepperstone Razor,XAUUSD,4793.28,4793.45,0.17,17,Sydney,Thursday
2026-01-22 05:47:17,Pepperstone Razor,EURUSD,1.16865,1.16865,0.0,0,Sydney,Thursday
2026-01-22 05:47:18,Pepperstone Razor,GBPUSD,1.34294,1.34294,0.0,0,Sydney,Thursday
2026-01-22 05:47:19,Pepperstone Razor,USDJPY,158.485,158.486,0.001,1,Sydney,Thursday
2026-01-22 05:47:20,Pepperstone Razor,AUDUSD,0.68013,0.68013,0.0,0,Sydney,Thursday
2026-01-22 05:47:23,FusionMarkets Zero,XAUUSD,4792.88,4792.99,0.11,11,Sydney,Thursday
2026-01-22 05:47:24,FusionMarkets Zero,EURUSD,1.16867,1.16867,0.0,0,Sydney,Thursday
2026-01-22 05:47:25,FusionMarkets Zero,GBPUSD,1.34295,1.34295,0.0,0,Sydney,Thursday
2026-01-22 05:47:26,FusionMarkets Zero,USDJPY,158.483,158.485,0.002,2,Sydney,Thursday
2026-01-22 05:47:27,FusionMarkets Zero,AUDUSD,0.68021,0.68021,0.0,0,Sydney,Thursday
2026-01-22 05:47:30,ThinkMarkets ThinkZero,XAUUSD,4792.75,4792.83,0.08,8,Sydney,Thursday
2026-01-22 05:47:31,ThinkMarkets ThinkZero,EURUSD,1.16865,1.16868,3e-05,3,Sydney,Thursday
2026-01-22 05:47:32,ThinkMarkets ThinkZero,GBPUSD,1.34292,1.34296,4e-05,4,Sydney,Thursday
2026-01-22 05:47:33,ThinkMarkets ThinkZero,USDJPY,158.484,158.486,0.002,2,Sydney,Thursday
2026-01-22 05:47:34,ThinkMarkets ThinkZero,AUDUSD,0.68019,0.68022,3e-05,3,Sydney,Thursday
2026-01-22 05:47:37,ICMarkets Raw,XAUUSD,4793.13,4793.18,0.05,5,Sydney,Thursday
2026-01-22 05:47:38,ICMarkets Raw,EURUSD,1.16868,1.16868,0.0,0,Sydney,Thursday
2026-01-22 05:47:39,ICMarkets Raw,GBPUSD,1.34296,1.34297,1e-05,1,Sydney,Thursday
2026-01-22 05:47:40,ICMarkets Raw,USDJPY,158.484,158.485,0.001,1,Sydney,Thursday
2026-01-22 05:47:41,ICMarkets Raw,AUDUSD,0.68021,0.68021,0.0,0,Sydney,Thursday
2026-01-22 05:47:44,VantageMarkets Raw,XAUUSD,4793.3,4793.38,0.08,8,Sydney,Thursday
2026-01-22 05:47:44,VantageMarkets Raw,EURUSD,1.16868,1.1687,2e-05,2,Sydney,Thursday
2026-01-22 05:47:45,VantageMarkets Raw,GBPUSD,1.34294,1.34295,1e-05,1,Sydney,Thursday
2026-01-22 05:47:46,VantageMarkets Raw,USDJPY,158.484,158.486,0.002,2,Sydney,Thursday
2026-01-22 05:47:47,VantageMarkets Raw,AUDUSD,0.68019,0.68021,2e-05,2,Sydney,Thursday
2026-01-22 05:47:50,FPMarkets Raw,XAUUSD,4793.27,4793.34,0.07,7,Sydney,Thursday
2026-01-22 05:47:51,FPMarkets Raw,EURUSD,1.16869,1.16869,0.0,0,Sydney,Thursday
2026-01-22 05:47:52,FPMarkets Raw,GBPUSD,1.34296,1.34296,0.0,0,Sydney,Thursday
2026-01-22 05:47:53,FPMarkets Raw,USDJPY,158.481,158.485,0.004,4,Sydney,Thursday
2026-01-22 05:47:54,FPMarkets Raw,AUDUSD,0.68019,0.68022,3e-05,3,Sydney,Thursday
2026-01-22 05:47:56,8Cap Raw,XAUUSD,4793.51,4793.67,0.16,16,Sydney,Thursday
2026-01-22 05:47:56,8Cap Raw,EURUSD,1.16868,1.16869,1e-05,1,Sydney,Thursday
2026-01-22 05:47:57,8Cap Raw,GBPUSD,1.34295,1.34296,1e-05,1,Sydney,Thursday
2026-01-22 05:47:58,8Cap Raw,USDJPY,158.484,158.485,0.001,1,Sydney,Thursday
2026-01-22 05:47:58,8Cap Raw,AUDUSD,0.68019,0.68022,3e-05,3,Sydney,Thursday
2026-01-22 05:52:16,Pepperstone Razor,XAUUSD,4795.95,4796.1,0.15,15,Sydney,Thursday
2026-01-22 05:52:17,Pepperstone Razor,EURUSD,1.16887,1.16887,0.0,0,Sydney,Thursday
2026-01-22 05:52:18,Pepperstone Razor,GBPUSD,1.34316,1.34319,3e-05,3,Sydney,Thursday
2026-01-22 05:52:19,Pepperstone Razor,USDJPY,158.575,158.576,0.001,1,Sydney,Thursday
2026-01-22 05:52:20,Pepperstone Razor,AUDUSD,0.68043,0.68045,2e-05,2,Sydney,Thursday
2026-01-22 05:52:23,FusionMarkets Zero,XAUUSD,4795.88,4796.02,0.14,14,Sydney,Thursday
2026-01-22 05:52:24,FusionMarkets Zero,EURUSD,1.16887,1.16887,0.0,0,Sydney,Thursday
2026-01-22 05:52:25,FusionMarkets Zero,GBPUSD,1.34314,1.34314,0.0,0,Sydney,Thursday
2026-01-22 05:52:26,FusionMarkets Zero,USDJPY,158.577,158.579,0.002,2,Sydney,Thursday
2026-01-22 05:52:27,FusionMarkets Zero,AUDUSD,0.68045,0.68045,0.0,0,Sydney,Thursday
2026-01-22 05:52:30,ThinkMarkets ThinkZero,XAUUSD,4796.07,4796.15,0.08,8,Sydney,Thursday
2026-01-22 05:52:31,ThinkMarkets ThinkZero,EURUSD,1.16884,1.16888,4e-05,4,Sydney,Thursday
2026-01-22 05:52:32,ThinkMarkets ThinkZero,GBPUSD,1.3431,1.34314,4e-05,4,Sydney,Thursday
2026-01-22 05:52:33,ThinkMarkets ThinkZero,USDJPY,158.572,158.576,0.004,4,Sydney,Thursday
2026-01-22 05:52:34,ThinkMarkets ThinkZero,AUDUSD,0.68042,0.68046,4e-05,4,Sydney,Thursday
2026-01-22 05:52:37,ICMarkets Raw,XAUUSD,4795.61,4795.73,0.12,12,Sydney,Thursday
2026-01-22 05:52:38,ICMarkets Raw,EURUSD,1.16882,1.16882,0.0,0,Sydney,Thursday
2026-01-22 05:52:39,ICMarkets Raw,GBPUSD,1.34312,1.34313,1e-05,1,Sydney,Thursday
2026-01-22 05:52:40,ICMarkets Raw,USDJPY,158.574,158.575,0.001,1,Sydney,Thursday
2026-01-22 05:52:41,ICMarkets Raw,AUDUSD,0.68045,0.68045,0.0,0,Sydney,Thursday
2026-01-22 05:52:44,VantageMarkets Raw,XAUUSD,4795.56,4795.64,0.08,8,Sydney,Thursday
2026-01-22 05:52:45,VantageMarkets Raw,EURUSD,1.16887,1.16889,2e-05,2,Sydney,Thursday
2026-01-22 05:52:46,VantageMarkets Raw,GBPUSD,1.34311,1.34316,5e-05,5,Sydney,Thursday
2026-01-22 05:52:47,VantageMarkets Raw,USDJPY,158.573,158.574,0.001,1,Sydney,Thursday
2026-01-22 05:52:48,VantageMarkets Raw,AUDUSD,0.6804,0.68042,2e-05,2,Sydney,Thursday
2026-01-22 05:52:51,FPMarkets Raw,XAUUSD,4795.68,4795.75,0.07,7,Sydney,Thursday
2026-01-22 05:52:52,FPMarkets Raw,EURUSD,1.16887,1.16888,1e-05,1,Sydney,Thursday
2026-01-22 05:52:53,FPMarkets Raw,GBPUSD,1.34305,1.3431,5e-05,5,Sydney,Thursday
2026-01-22 05:52:54,FPMarkets Raw,USDJPY,158.574,158.578,0.004,4,Sydney,Thursday
2026-01-22 05:52:55,FPMarkets Raw,AUDUSD,0.68038,0.68042,4e-05,4,Sydney,Thursday
2026-01-22 05:52:57,8Cap Raw,XAUUSD,4795.52,4795.68,0.16,16,Sydney,Thursday
2026-01-22 05:52:57,8Cap Raw,EURUSD,1.16884,1.16885,1e-05,1,Sydney,Thursday
2026-01-22 05:52:58,8Cap Raw,GBPUSD,1.34309,1.34313,4e-05,4,Sydney,Thursday
2026-01-22 05:52:59,8Cap Raw,USDJPY,158.576,158.577,0.001,1,Sydney,Thursday
2026-01-22 05:52:59,8Cap Raw,AUDUSD,0.68038,0.68041,3e-05,3,Sydney,Thursday
2026-01-22 05:57:17,Pepperstone Razor,XAUUSD,4796.11,4796.26,0.15,15,Sydney,Thursday
2026-01-22 05:57:18,Pepperstone Razor,EURUSD,1.16893,1.16893,0.0,0,Sydney,Thursday
2026-01-22 05:57:19,Pepperstone Razor,GBPUSD,1.34306,1.34307,1e-05,1,Sydney,Thursday
2026-01-22 05:57:19,Pepperstone Razor,USDJPY,158.556,158.556,0.0,0,Sydney,Thursday
2026-01-22 05:57:20,Pepperstone Razor,AUDUSD,0.68056,0.68057,1e-05,1,Sydney,Thursday
2026-01-22 05:57:24,FusionMarkets Zero,XAUUSD,4795.76,4795.84,0.08,8,Sydney,Thursday
2026-01-22 05:57:25,FusionMarkets Zero,EURUSD,1.16898,1.16898,0.0,0,Sydney,Thursday
2026-01-22 05:57:25,FusionMarkets Zero,GBPUSD,1.3431,1.3431,0.0,0,Sydney,Thursday
2026-01-22 05:57:26,FusionMarkets Zero,USDJPY,158.554,158.554,0.0,0,Sydney,Thursday
2026-01-22 05:57:27,FusionMarkets Zero,AUDUSD,0.68058,0.68058,0.0,0,Sydney,Thursday
2026-01-22 05:57:31,ThinkMarkets ThinkZero,XAUUSD,4795.83,4795.91,0.08,8,Sydney,Thursday
2026-01-22 05:57:32,ThinkMarkets ThinkZero,EURUSD,1.16895,1.16899,4e-05,4,Sydney,Thursday
2026-01-22 05:57:32,ThinkMarkets ThinkZero,GBPUSD,1.34309,1.34314,5e-05,5,Sydney,Thursday
2026-01-22 05:57:33,ThinkMarkets ThinkZero,USDJPY,158.553,158.557,0.004,4,Sydney,Thursday
2026-01-22 05:57:34,ThinkMarkets ThinkZero,AUDUSD,0.68056,0.68059,3e-05,3,Sydney,Thursday
2026-01-22 05:57:38,ICMarkets Raw,XAUUSD,4795.74,4795.82,0.08,8,Sydney,Thursday
2026-01-22 05:57:39,ICMarkets Raw,EURUSD,1.16898,1.16899,1e-05,1,Sydney,Thursday
2026-01-22 05:57:40,ICMarkets Raw,GBPUSD,1.34316,1.34317,1e-05,1,Sydney,Thursday
2026-01-22 05:57:40,ICMarkets Raw,USDJPY,158.556,158.556,0.0,0,Sydney,Thursday
2026-01-22 05:57:41,ICMarkets Raw,AUDUSD,0.68058,0.68058,0.0,0,Sydney,Thursday
2026-01-22 05:57:45,VantageMarkets Raw,XAUUSD,4796.24,4796.32,0.08,8,Sydney,Thursday
2026-01-22 05:57:46,VantageMarkets Raw,EURUSD,1.16902,1.16904,2e-05,2,Sydney,Thursday
2026-01-22 05:57:46,VantageMarkets Raw,GBPUSD,1.34323,1.34324,1e-05,1,Sydney,Thursday
2026-01-22 05:57:47,VantageMarkets Raw,USDJPY,158.554,158.556,0.002,2,Sydney,Thursday
2026-01-22 05:57:48,VantageMarkets Raw,AUDUSD,0.68058,0.68061,3e-05,3,Sydney,Thursday
2026-01-22 05:57:51,FPMarkets Raw,XAUUSD,4796.1,4796.17,0.07,7,Sydney,Thursday
2026-01-22 05:57:52,FPMarkets Raw,EURUSD,1.16903,1.16904,1e-05,1,Sydney,Thursday
2026-01-22 05:57:53,FPMarkets Raw,GBPUSD,1.34331,1.34338,7e-05,7,Sydney,Thursday
2026-01-22 05:57:54,FPMarkets Raw,USDJPY,158.554,158.558,0.004,4,Sydney,Thursday
2026-01-22 05:57:55,FPMarkets Raw,AUDUSD,0.68058,0.68062,4e-05,4,Sydney,Thursday
2026-01-22 05:57:57,8Cap Raw,XAUUSD,4795.66,4795.82,0.16,16,Sydney,Thursday
2026-01-22 05:57:58,8Cap Raw,EURUSD,1.16904,1.16904,0.0,0,Sydney,Thursday
2026-01-22 05:57:58,8Cap Raw,GBPUSD,1.34334,1.34338,4e-05,4,Sydney,Thursday
2026-01-22 05:57:59,8Cap Raw,USDJPY,158.555,158.556,0.001,1,Sydney,Thursday
2026-01-22 05:58:00,8Cap Raw,AUDUSD,0.68059,0.68062,3e-05,3,Sydney,Thursday
2026-01-22 06:02:16,Pepperstone Razor,XAUUSD,4796.33,4796.58,0.25,25,Closed,Thursday
2026-01-22 06:02:17,Pepperstone Razor,EURUSD,1.16912,1.16912,0.0,0,Closed,Thursday
2026-01-22 06:02:18,Pepperstone Razor,GBPUSD,1.34341,1.34344,3e-05,3,Closed,Thursday
2026-01-22 06:02:19,Pepperstone Razor,USDJPY,158.579,158.581,0.002,2,Closed,Thursday
2026-01-22 06:02:20,Pepperstone Razor,AUDUSD,0.68063,0.68064,1e-05,1,Closed,Thursday
2026-01-22 06:02:23,FusionMarkets Zero,XAUUSD,4796.12,4796.26,0.14,14,Closed,Thursday
2026-01-22 06:02:23,FusionMarkets Zero,EURUSD,1.16911,1.16911,0.0,0,Closed,Thursday
2026-01-22 06:02:24,FusionMarkets Zero,GBPUSD,1.34345,1.34345,0.0,0,Closed,Thursday
2026-01-22 06:02:25,FusionMarkets Zero,USDJPY,158.569,158.571,0.002,2,Closed,Thursday
2026-01-22 06:02:26,FusionMarkets Zero,AUDUSD,0.68065,0.68065,0.0,0,Closed,Thursday
2026-01-22 06:02:29,ThinkMarkets ThinkZero,XAUUSD,4795.8,4795.88,0.08,8,Closed,Thursday
2026-01-22 06:02:30,ThinkMarkets ThinkZero,EURUSD,1.16909,1.16913,4e-05,4,Closed,Thursday
2026-01-22 06:02:31,ThinkMarkets ThinkZero,GBPUSD,1.3434,1.34344,4e-05,4,Closed,Thursday
2026-01-22 06:02:32,ThinkMarkets ThinkZero,USDJPY,158.567,158.571,0.004,4,Closed,Thursday
2026-01-22 06:02:33,ThinkMarkets ThinkZero,AUDUSD,0.68063,0.68066,3e-05,3,Closed,Thursday
2026-01-22 06:02:36,ICMarkets Raw,XAUUSD,4796.14,4796.26,0.12,12,Closed,Thursday
2026-01-22 06:02:37,ICMarkets Raw,EURUSD,1.16908,1.16908,0.0,0,Closed,Thursday
2026-01-22 06:02:38,ICMarkets Raw,GBPUSD,1.34347,1.34348,1e-05,1,Closed,Thursday
2026-01-22 06:02:38,ICMarkets Raw,USDJPY,158.57,158.571,0.001,1,Closed,Thursday
2026-01-22 06:02:39,ICMarkets Raw,AUDUSD,0.68064,0.68065,1e-05,1,Closed,Thursday
2026-01-22 06:02:42,VantageMarkets Raw,XAUUSD,4795.91,4795.99,0.08,8,Closed,Thursday
2026-01-22 06:02:43,VantageMarkets Raw,EURUSD,1.16907,1.1691,3e-05,3,Closed,Thursday
2026-01-22 06:02:44,VantageMarkets Raw,GBPUSD,1.34347,1.34348,1e-05,1,Closed,Thursday
2026-01-22 06:02:45,VantageMarkets Raw,USDJPY,158.566,158.568,0.002,2,Closed,Thursday
2026-01-22 06:02:46,VantageMarkets Raw,AUDUSD,0.68064,0.68067,3e-05,3,Closed,Thursday
2026-01-22 06:02:48,FPMarkets Raw,XAUUSD,4796.12,4796.19,0.07,7,Closed,Thursday
2026-01-22 06:02:49,FPMarkets Raw,EURUSD,1.16911,1.16913,2e-05,2,Closed,Thursday
2026-01-22 06:02:50,FPMarkets Raw,GBPUSD,1.34346,1.34351,5e-05,5,Closed,Thursday
2026-01-22 06:02:51,FPMarkets Raw,USDJPY,158.565,158.569,0.004,4,Closed,Thursday
2026-01-22 06:02:52,FPMarkets Raw,AUDUSD,0.68063,0.68066,3e-05,3,Closed,Thursday
2026-01-22 06:02:54,8Cap Raw,XAUUSD,4796.04,4796.2,0.16,16,Closed,Thursday
2026-01-22 06:02:55,8Cap Raw,EURUSD,1.16911,1.16912,1e-05,1,Closed,Thursday
2026-01-22 06:02:55,8Cap Raw,GBPUSD,1.34347,1.34348,1e-05,1,Closed,Thursday
2026-01-22 06:02:56,8Cap Raw,USDJPY,158.569,158.57,0.001,1,Closed,Thursday
2026-01-22 06:02:57,8Cap Raw,AUDUSD,0.68065,0.68067,2e-05,2,Closed,Thursday
2026-01-22 06:07:16,Pepperstone Razor,XAUUSD,4798.25,4798.48,0.23,23,Closed,Thursday
2026-01-22 06:07:17,Pepperstone Razor,EURUSD,1.16934,1.16934,0.0,0,Closed,Thursday
2026-01-22 06:07:18,Pepperstone Razor,GBPUSD,1.34364,1.34365,1e-05,1,Closed,Thursday
2026-01-22 06:07:19,Pepperstone Razor,USDJPY,158.627,158.628,0.001,1,Closed,Thursday
2026-01-22 06:07:19,Pepperstone Razor,AUDUSD,0.68069,0.68072,3e-05,3,Closed,Thursday
2026-01-22 06:07:22,FusionMarkets Zero,XAUUSD,4798.31,4798.45,0.14,14,Closed,Thursday
2026-01-22 06:07:23,FusionMarkets Zero,EURUSD,1.16935,1.16935,0.0,0,Closed,Thursday
2026-01-22 06:07:24,FusionMarkets Zero,GBPUSD,1.34367,1.34367,0.0,0,Closed,Thursday
2026-01-22 06:07:25,FusionMarkets Zero,USDJPY,158.63,158.63,0.0,0,Closed,Thursday
2026-01-22 06:07:26,FusionMarkets Zero,AUDUSD,0.68074,0.68074,0.0,0,Closed,Thursday
2026-01-22 06:07:29,ThinkMarkets ThinkZero,XAUUSD,4798.12,4798.2,0.08,8,Closed,Thursday
2026-01-22 06:07:30,ThinkMarkets ThinkZero,EURUSD,1.16934,1.16936,2e-05,2,Closed,Thursday
2026-01-22 06:07:30,ThinkMarkets ThinkZero,GBPUSD,1.34363,1.34368,5e-05,5,Closed,Thursday
2026-01-22 06:07:31,ThinkMarkets ThinkZero,USDJPY,158.617,158.621,0.004,4,Closed,Thursday
2026-01-22 06:07:32,ThinkMarkets ThinkZero,AUDUSD,0.68074,0.68077,3e-05,3,Closed,Thursday
2026-01-22 06:07:35,ICMarkets Raw,XAUUSD,4798.21,4798.32,0.11,11,Closed,Thursday
2026-01-22 06:07:36,ICMarkets Raw,EURUSD,1.16935,1.16935,0.0,0,Closed,Thursday
2026-01-22 06:07:37,ICMarkets Raw,GBPUSD,1.34366,1.34369,3e-05,3,Closed,Thursday
2026-01-22 06:07:38,ICMarkets Raw,USDJPY,158.622,158.622,0.0,0,Closed,Thursday
2026-01-22 06:07:39,ICMarkets Raw,AUDUSD,0.68071,0.68072,1e-05,1,Closed,Thursday
2026-01-22 06:07:41,VantageMarkets Raw,XAUUSD,4798.38,4798.46,0.08,8,Closed,Thursday
2026-01-22 06:07:42,VantageMarkets Raw,EURUSD,1.16937,1.16942,5e-05,5,Closed,Thursday
2026-01-22 06:07:43,VantageMarkets Raw,GBPUSD,1.34367,1.34369,2e-05,2,Closed,Thursday
2026-01-22 06:07:44,VantageMarkets Raw,USDJPY,158.624,158.626,0.002,2,Closed,Thursday
2026-01-22 06:07:44,VantageMarkets Raw,AUDUSD,0.68072,0.68076,4e-05,4,Closed,Thursday
2026-01-22 06:07:47,FPMarkets Raw,XAUUSD,4798.66,4798.73,0.07,7,Closed,Thursday
2026-01-22 06:07:48,FPMarkets Raw,EURUSD,1.16939,1.1694,1e-05,1,Closed,Thursday
2026-01-22 06:07:49,FPMarkets Raw,GBPUSD,1.34367,1.34372,5e-05,5,Closed,Thursday
2026-01-22 06:07:50,FPMarkets Raw,USDJPY,158.625,158.629,0.004,4,Closed,Thursday
2026-01-22 06:07:51,FPMarkets Raw,AUDUSD,0.68074,0.68078,4e-05,4,Closed,Thursday
2026-01-22 06:07:53,8Cap Raw,XAUUSD,4797.56,4797.72,0.16,16,Closed,Thursday
2026-01-22 06:07:54,8Cap Raw,EURUSD,1.1694,1.16941,1e-05,1,Closed,Thursday
2026-01-22 06:07:54,8Cap Raw,GBPUSD,1.34367,1.34368,1e-05,1,Closed,Thursday
2026-01-22 06:07:55,8Cap Raw,USDJPY,158.628,158.629,0.001,1,Closed,Thursday
2026-01-22 06:07:56,8Cap Raw,AUDUSD,0.68073,0.68077,4e-05,4,Closed,Thursday
2026-01-22 06:12:16,Pepperstone Razor,XAUUSD,4799.01,4799.18,0.17,17,Closed,Thursday
2026-01-22 06:12:17,Pepperstone Razor,EURUSD,1.16944,1.16944,0.0,0,Closed,Thursday
2026-01-22 06:12:18,Pepperstone Razor,GBPUSD,1.34371,1.34372,1e-05,1,Closed,Thursday
2026-01-22 06:12:19,Pepperstone Razor,USDJPY,158.633,158.633,0.0,0,Closed,Thursday
2026-01-22 06:12:20,Pepperstone Razor,AUDUSD,0.68084,0.68085,1e-05,1,Closed,Thursday
2026-01-22 06:12:22,FusionMarkets Zero,XAUUSD,4798.63,4798.77,0.14,14,Closed,Thursday
2026-01-22 06:12:23,FusionMarkets Zero,EURUSD,1.1695,1.1695,0.0,0,Closed,Thursday
2026-01-22 06:12:24,FusionMarkets Zero,GBPUSD,1.34381,1.34381,0.0,0,Closed,Thursday
2026-01-22 06:12:25,FusionMarkets Zero,USDJPY,158.621,158.622,0.001,1,Closed,Thursday
2026-01-22 06:12:26,FusionMarkets Zero,AUDUSD,0.68086,0.68086,0.0,0,Closed,Thursday
2026-01-22 06:12:29,ThinkMarkets ThinkZero,XAUUSD,4798.12,4798.2,0.08,8,Closed,Thursday
2026-01-22 06:12:30,ThinkMarkets ThinkZero,EURUSD,1.16949,1.16951,2e-05,2,Closed,Thursday
2026-01-22 06:12:31,ThinkMarkets ThinkZero,GBPUSD,1.34372,1.34379,7e-05,7,Closed,Thursday
2026-01-22 06:12:32,ThinkMarkets ThinkZero,USDJPY,158.627,158.63,0.003,3,Closed,Thursday
2026-01-22 06:12:33,ThinkMarkets ThinkZero,AUDUSD,0.68083,0.68087,4e-05,4,Closed,Thursday
2026-01-22 06:12:36,ICMarkets Raw,XAUUSD,4798.08,4798.14,0.06,6,Closed,Thursday
2026-01-22 06:12:37,ICMarkets Raw,EURUSD,1.1695,1.1695,0.0,0,Closed,Thursday
2026-01-22 06:12:37,ICMarkets Raw,GBPUSD,1.34377,1.34378,1e-05,1,Closed,Thursday
2026-01-22 06:12:38,ICMarkets Raw,USDJPY,158.631,158.631,0.0,0,Closed,Thursday
2026-01-22 06:12:39,ICMarkets Raw,AUDUSD,0.68081,0.68081,0.0,0,Closed,Thursday
2026-01-22 06:12:42,VantageMarkets Raw,XAUUSD,4797.64,4797.72,0.08,8,Closed,Thursday
2026-01-22 06:12:43,VantageMarkets Raw,EURUSD,1.16949,1.16951,2e-05,2,Closed,Thursday
2026-01-22 06:12:44,VantageMarkets Raw,GBPUSD,1.34377,1.34378,1e-05,1,Closed,Thursday
2026-01-22 06:12:45,VantageMarkets Raw,USDJPY,158.628,158.629,0.001,1,Closed,Thursday
2026-01-22 06:12:46,VantageMarkets Raw,AUDUSD,0.68079,0.68082,3e-05,3,Closed,Thursday
2026-01-22 06:12:48,FPMarkets Raw,XAUUSD,4798.09,4798.16,0.07,7,Closed,Thursday
2026-01-22 06:12:49,FPMarkets Raw,EURUSD,1.1695,1.16951,1e-05,1,Closed,Thursday
2026-01-22 06:12:50,FPMarkets Raw,GBPUSD,1.34375,1.3438,5e-05,5,Closed,Thursday
2026-01-22 06:12:51,FPMarkets Raw,USDJPY,158.624,158.628,0.004,4,Closed,Thursday
2026-01-22 06:12:52,FPMarkets Raw,AUDUSD,0.68081,0.68082,1e-05,1,Closed,Thursday
2026-01-22 06:12:54,8Cap Raw,XAUUSD,4797.89,4798.05,0.16,16,Closed,Thursday
2026-01-22 06:12:55,8Cap Raw,EURUSD,1.1695,1.1695,0.0,0,Closed,Thursday
2026-01-22 06:12:55,8Cap Raw,GBPUSD,1.34375,1.34376,1e-05,1,Closed,Thursday
2026-01-22 06:12:56,8Cap Raw,USDJPY,158.623,158.629,0.006,6,Closed,Thursday
2026-01-22 06:12:57,8Cap Raw,AUDUSD,0.68081,0.68083,2e-05,2,Closed,Thursday
2026-01-22 06:17:16,Pepperstone Razor,XAUUSD,4799.07,4799.22,0.15,15,Closed,Thursday
2026-01-22 06:17:17,Pepperstone Razor,EURUSD,1.16967,1.16967,0.0,0,Closed,Thursday
2026-01-22 06:17:18,Pepperstone Razor,GBPUSD,1.34384,1.34385,1e-05,1,Closed,Thursday
2026-01-22 06:17:19,Pepperstone Razor,USDJPY,158.631,158.632,0.001,1,Closed,Thursday
2026-01-22 06:17:20,Pepperstone Razor,AUDUSD,0.68087,0.68088,1e-05,1,Closed,Thursday
2026-01-22 06:17:23,FusionMarkets Zero,XAUUSD,4798.32,4798.47,0.15,15,Closed,Thursday
2026-01-22 06:17:24,FusionMarkets Zero,EURUSD,1.16969,1.16969,0.0,0,Closed,Thursday
2026-01-22 06:17:25,FusionMarkets Zero,GBPUSD,1.34383,1.34383,0.0,0,Closed,Thursday
2026-01-22 06:17:26,FusionMarkets Zero,USDJPY,158.633,158.633,0.0,0,Closed,Thursday
2026-01-22 06:17:27,FusionMarkets Zero,AUDUSD,0.68094,0.68094,0.0,0,Closed,Thursday
2026-01-22 06:17:29,ThinkMarkets ThinkZero,XAUUSD,4798.42,4798.5,0.08,8,Closed,Thursday
2026-01-22 06:17:30,ThinkMarkets ThinkZero,EURUSD,1.1697,1.16973,3e-05,3,Closed,Thursday
2026-01-22 06:17:31,ThinkMarkets ThinkZero,GBPUSD,1.34382,1.34387,5e-05,5,Closed,Thursday
2026-01-22 06:17:32,ThinkMarkets ThinkZero,USDJPY,158.63,158.633,0.003,3,Closed,Thursday
2026-01-22 06:17:33,ThinkMarkets ThinkZero,AUDUSD,0.68087,0.6809,3e-05,3,Closed,Thursday
2026-01-22 06:17:36,ICMarkets Raw,XAUUSD,4798.46,4798.58,0.12,12,Closed,Thursday
2026-01-22 06:17:37,ICMarkets Raw,EURUSD,1.1697,1.1697,0.0,0,Closed,Thursday
2026-01-22 06:17:38,ICMarkets Raw,GBPUSD,1.34384,1.34385,1e-05,1,Closed,Thursday
2026-01-22 06:17:39,ICMarkets Raw,USDJPY,158.634,158.634,0.0,0,Closed,Thursday
2026-01-22 06:17:40,ICMarkets Raw,AUDUSD,0.68092,0.68092,0.0,0,Closed,Thursday
2026-01-22 06:17:42,VantageMarkets Raw,XAUUSD,4798.08,4798.16,0.08,8,Closed,Thursday
2026-01-22 06:17:43,VantageMarkets Raw,EURUSD,1.16965,1.16969,4e-05,4,Closed,Thursday
2026-01-22 06:17:44,VantageMarkets Raw,GBPUSD,1.34377,1.34383,6e-05,6,Closed,Thursday
2026-01-22 06:17:45,VantageMarkets Raw,USDJPY,158.639,158.642,0.003,3,Closed,Thursday
2026-01-22 06:17:46,VantageMarkets Raw,AUDUSD,0.68092,0.68094,2e-05,2,Closed,Thursday
2026-01-22 06:17:49,FPMarkets Raw,XAUUSD,4798.12,4798.19,0.07,7,Closed,Thursday
2026-01-22 06:17:50,FPMarkets Raw,EURUSD,1.16965,1.16967,2e-05,2,Closed,Thursday
2026-01-22 06:17:51,FPMarkets Raw,GBPUSD,1.34377,1.34382,5e-05,5,Closed,Thursday
2026-01-22 06:17:52,FPMarkets Raw,USDJPY,158.637,158.641,0.004,4,Closed,Thursday
2026-01-22 06:17:52,FPMarkets Raw,AUDUSD,0.68092,0.68096,4e-05,4,Closed,Thursday
2026-01-22 06:17:54,8Cap Raw,XAUUSD,4798.23,4798.39,0.16,16,Closed,Thursday
2026-01-22 06:17:55,8Cap Raw,EURUSD,1.16966,1.16967,1e-05,1,Closed,Thursday
2026-01-22 06:17:55,8Cap Raw,GBPUSD,1.34378,1.34382,4e-05,4,Closed,Thursday
2026-01-22 06:17:56,8Cap Raw,USDJPY,158.64,158.641,0.001,1,Closed,Thursday
2026-01-22 06:17:57,8Cap Raw,AUDUSD,0.68093,0.68096,3e-05,3,Closed,Thursday
2026-01-22 06:22:17,Pepperstone Razor,XAUUSD,4796.82,4796.98,0.16,16,Closed,Thursday
2026-01-22 06:22:18,Pepperstone Razor,EURUSD,1.16946,1.16946,0.0,0,Closed,Thursday
2026-01-22 06:22:18,Pepperstone Razor,GBPUSD,1.34353,1.34356,3e-05,3,Closed,Thursday
2026-01-22 06:22:19,Pepperstone Razor,USDJPY,158.641,158.644,0.003,3,Closed,Thursday
2026-01-22 06:22:20,Pepperstone Razor,AUDUSD,0.68074,0.68074,0.0,0,Closed,Thursday
2026-01-22 06:22:23,FusionMarkets Zero,XAUUSD,4797.03,4797.1,0.07,7,Closed,Thursday
2026-01-22 06:22:24,FusionMarkets Zero,EURUSD,1.16945,1.16945,0.0,0,Closed,Thursday
2026-01-22 06:22:25,FusionMarkets Zero,GBPUSD,1.34359,1.34359,0.0,0,Closed,Thursday
2026-01-22 06:22:26,FusionMarkets Zero,USDJPY,158.64,158.642,0.002,2,Closed,Thursday
2026-01-22 06:22:27,FusionMarkets Zero,AUDUSD,0.68076,0.68076,0.0,0,Closed,Thursday
2026-01-22 06:22:30,ThinkMarkets ThinkZero,XAUUSD,4796.88,4796.96,0.08,8,Closed,Thursday
2026-01-22 06:22:31,ThinkMarkets ThinkZero,EURUSD,1.16942,1.16944,2e-05,2,Closed,Thursday
2026-01-22 06:22:32,ThinkMarkets ThinkZero,GBPUSD,1.34356,1.34361,5e-05,5,Closed,Thursday
2026-01-22 06:22:33,ThinkMarkets ThinkZero,USDJPY,158.644,158.646,0.002,2,Closed,Thursday
2026-01-22 06:22:34,ThinkMarkets ThinkZero,AUDUSD,0.68075,0.68078,3e-05,3,Closed,Thursday
2026-01-22 06:22:37,ICMarkets Raw,XAUUSD,4796.98,4797.04,0.06,6,Closed,Thursday
2026-01-22 06:22:37,ICMarkets Raw,EURUSD,1.16944,1.16944,0.0,0,Closed,Thursday
2026-01-22 06:22:38,ICMarkets Raw,GBPUSD,1.34355,1.34357,2e-05,2,Closed,Thursday
2026-01-22 06:22:39,ICMarkets Raw,USDJPY,158.649,158.649,0.0,0,Closed,Thursday
2026-01-22 06:22:40,ICMarkets Raw,AUDUSD,0.68078,0.68078,0.0,0,Closed,Thursday
2026-01-22 06:22:43,VantageMarkets Raw,XAUUSD,4797.11,4797.19,0.08,8,Closed,Thursday
2026-01-22 06:22:44,VantageMarkets Raw,EURUSD,1.16944,1.16947,3e-05,3,Closed,Thursday
2026-01-22 06:22:45,VantageMarkets Raw,GBPUSD,1.34356,1.34358,2e-05,2,Closed,Thursday
2026-01-22 06:22:46,VantageMarkets Raw,USDJPY,158.652,158.654,0.002,2,Closed,Thursday
2026-01-22 06:22:46,VantageMarkets Raw,AUDUSD,0.68078,0.68082,4e-05,4,Closed,Thursday
2026-01-22 06:22:50,FPMarkets Raw,XAUUSD,4796.76,4796.83,0.07,7,Closed,Thursday
2026-01-22 06:22:51,FPMarkets Raw,EURUSD,1.16943,1.16944,1e-05,1,Closed,Thursday
2026-01-22 06:22:52,FPMarkets Raw,GBPUSD,1.34357,1.34362,5e-05,5,Closed,Thursday
2026-01-22 06:22:52,FPMarkets Raw,USDJPY,158.65,158.654,0.004,4,Closed,Thursday
2026-01-22 06:22:53,FPMarkets Raw,AUDUSD,0.68078,0.68081,3e-05,3,Closed,Thursday
2026-01-22 06:22:55,8Cap Raw,XAUUSD,4796.59,4796.75,0.16,16,Closed,Thursday
2026-01-22 06:22:56,8Cap Raw,EURUSD,1.16944,1.16945,1e-05,1,Closed,Thursday
2026-01-22 06:22:56,8Cap Raw,GBPUSD,1.34356,1.34357,1e-05,1,Closed,Thursday
2026-01-22 06:22:57,8Cap Raw,USDJPY,158.653,158.654,0.001,1,Closed,Thursday
2026-01-22 06:22:58,8Cap Raw,AUDUSD,0.68078,0.68081,3e-05,3,Closed,Thursday
2026-01-22 06:27:16,Pepperstone Razor,XAUUSD,4796.25,4796.39,0.14,14,Closed,Thursday
2026-01-22 06:27:17,Pepperstone Razor,EURUSD,1.16943,1.16943,0.0,0,Closed,Thursday
2026-01-22 06:27:18,Pepperstone Razor,GBPUSD,1.34362,1.34363,1e-05,1,Closed,Thursday
2026-01-22 06:27:19,Pepperstone Razor,USDJPY,158.621,158.622,0.001,1,Closed,Thursday
2026-01-22 06:27:20,Pepperstone Razor,AUDUSD,0.68077,0.68078,1e-05,1,Closed,Thursday
2026-01-22 06:27:23,FusionMarkets Zero,XAUUSD,4796.02,4796.08,0.06,6,Closed,Thursday
2026-01-22 06:27:24,FusionMarkets Zero,EURUSD,1.16944,1.16944,0.0,0,Closed,Thursday
2026-01-22 06:27:25,FusionMarkets Zero,GBPUSD,1.34361,1.34361,0.0,0,Closed,Thursday
2026-01-22 06:27:26,FusionMarkets Zero,USDJPY,158.619,158.619,0.0,0,Closed,Thursday
2026-01-22 06:27:27,FusionMarkets Zero,AUDUSD,0.6808,0.6808,0.0,0,Closed,Thursday
2026-01-22 06:27:30,ThinkMarkets ThinkZero,XAUUSD,4796.03,4796.11,0.08,8,Closed,Thursday
2026-01-22 06:27:31,ThinkMarkets ThinkZero,EURUSD,1.16939,1.16941,2e-05,2,Closed,Thursday
2026-01-22 06:27:32,ThinkMarkets ThinkZero,GBPUSD,1.34355,1.34362,7e-05,7,Closed,Thursday
2026-01-22 06:27:33,ThinkMarkets ThinkZero,USDJPY,158.62,158.625,0.005,5,Closed,Thursday
2026-01-22 06:27:33,ThinkMarkets ThinkZero,AUDUSD,0.68077,0.68081,4e-05,4,Closed,Thursday
2026-01-22 06:27:36,ICMarkets Raw,XAUUSD,4795.68,4795.74,0.06,6,Closed,Thursday
2026-01-22 06:27:37,ICMarkets Raw,EURUSD,1.16943,1.16944,1e-05,1,Closed,Thursday
2026-01-22 06:27:38,ICMarkets Raw,GBPUSD,1.34359,1.3436,1e-05,1,Closed,Thursday
2026-01-22 06:27:39,ICMarkets Raw,USDJPY,158.621,158.621,0.0,0,Closed,Thursday
2026-01-22 06:27:40,ICMarkets Raw,AUDUSD,0.68078,0.68078,0.0,0,Closed,Thursday
2026-01-22 06:27:43,VantageMarkets Raw,XAUUSD,4795.89,4795.97,0.08,8,Closed,Thursday
2026-01-22 06:27:44,VantageMarkets Raw,EURUSD,1.16942,1.16944,2e-05,2,Closed,Thursday
2026-01-22 06:27:45,VantageMarkets Raw,GBPUSD,1.3436,1.34361,1e-05,1,Closed,Thursday
2026-01-22 06:27:45,VantageMarkets Raw,USDJPY,158.617,158.624,0.007,7,Closed,Thursday
2026-01-22 06:27:46,VantageMarkets Raw,AUDUSD,0.68077,0.6808,3e-05,3,Closed,Thursday
2026-01-22 06:27:49,FPMarkets Raw,XAUUSD,4795.95,4796.02,0.07,7,Closed,Thursday
2026-01-22 06:27:50,FPMarkets Raw,EURUSD,1.16942,1.16944,2e-05,2,Closed,Thursday
2026-01-22 06:27:51,FPMarkets Raw,GBPUSD,1.34359,1.34364,5e-05,5,Closed,Thursday
2026-01-22 06:27:52,FPMarkets Raw,USDJPY,158.621,158.625,0.004,4,Closed,Thursday
2026-01-22 06:27:53,FPMarkets Raw,AUDUSD,0.68079,0.68081,2e-05,2,Closed,Thursday
2026-01-22 06:27:55,8Cap Raw,XAUUSD,4795.95,4796.11,0.16,16,Closed,Thursday
2026-01-22 06:27:56,8Cap Raw,EURUSD,1.16941,1.16942,1e-05,1,Closed,Thursday
2026-01-22 06:27:56,8Cap Raw,GBPUSD,1.34362,1.34363,1e-05,1,Closed,Thursday
2026-01-22 06:27:57,8Cap Raw,USDJPY,158.626,158.627,0.001,1,Closed,Thursday
2026-01-22 06:27:58,8Cap Raw,AUDUSD,0.68078,0.6808,2e-05,2,Closed,Thursday
2026-01-22 06:32:16,Pepperstone Razor,XAUUSD,4796.14,4796.29,0.15,15,Closed,Thursday
2026-01-22 06:32:17,Pepperstone Razor,EURUSD,1.16932,1.16932,0.0,0,Closed,Thursday
2026-01-22 06:32:18,Pepperstone Razor,GBPUSD,1.34355,1.34356,1e-05,1,Closed,Thursday
2026-01-22 06:32:19,Pepperstone Razor,USDJPY,158.632,158.633,0.001,1,Closed,Thursday
2026-01-22 06:32:20,Pepperstone Razor,AUDUSD,0.68077,0.68077,0.0,0,Closed,Thursday
2026-01-22 06:32:23,FusionMarkets Zero,XAUUSD,4795.85,4795.99,0.14,14,Closed,Thursday
2026-01-22 06:32:24,FusionMarkets Zero,EURUSD,1.16934,1.16934,0.0,0,Closed,Thursday
2026-01-22 06:32:25,FusionMarkets Zero,GBPUSD,1.3435,1.3435,0.0,0,Closed,Thursday
2026-01-22 06:32:26,FusionMarkets Zero,USDJPY,158.631,158.632,0.001,1,Closed,Thursday
2026-01-22 06:32:27,FusionMarkets Zero,AUDUSD,0.68075,0.68075,0.0,0,Closed,Thursday
2026-01-22 06:32:30,ThinkMarkets ThinkZero,XAUUSD,4795.38,4795.46,0.08,8,Closed,Thursday
2026-01-22 06:32:31,ThinkMarkets ThinkZero,EURUSD,1.16933,1.16936,3e-05,3,Closed,Thursday
2026-01-22 06:32:31,ThinkMarkets ThinkZero,GBPUSD,1.34345,1.34353,8e-05,8,Closed,Thursday
2026-01-22 06:32:32,ThinkMarkets ThinkZero,USDJPY,158.629,158.634,0.005,5,Closed,Thursday
2026-01-22 06:32:33,ThinkMarkets ThinkZero,AUDUSD,0.68073,0.68076,3e-05,3,Closed,Thursday
2026-01-22 06:32:37,ICMarkets Raw,XAUUSD,4795.65,4795.77,0.12,12,Closed,Thursday
2026-01-22 06:32:37,ICMarkets Raw,EURUSD,1.16933,1.16934,1e-05,1,Closed,Thursday
2026-01-22 06:32:38,ICMarkets Raw,GBPUSD,1.34348,1.34349,1e-05,1,Closed,Thursday
2026-01-22 06:32:39,ICMarkets Raw,USDJPY,158.632,158.632,0.0,0,Closed,Thursday
2026-01-22 06:32:40,ICMarkets Raw,AUDUSD,0.68075,0.68075,0.0,0,Closed,Thursday
2026-01-22 06:32:43,VantageMarkets Raw,XAUUSD,4794.92,4795.0,0.08,8,Closed,Thursday
2026-01-22 06:32:44,VantageMarkets Raw,EURUSD,1.16935,1.16936,1e-05,1,Closed,Thursday
2026-01-22 06:32:45,VantageMarkets Raw,GBPUSD,1.34349,1.3435,1e-05,1,Closed,Thursday
2026-01-22 06:32:46,VantageMarkets Raw,USDJPY,158.632,158.633,0.001,1,Closed,Thursday
2026-01-22 06:32:47,VantageMarkets Raw,AUDUSD,0.68074,0.68076,2e-05,2,Closed,Thursday
2026-01-22 06:32:50,FPMarkets Raw,XAUUSD,4795.61,4795.68,0.07,7,Closed,Thursday
2026-01-22 06:32:51,FPMarkets Raw,EURUSD,1.16933,1.16935,2e-05,2,Closed,Thursday
2026-01-22 06:32:52,FPMarkets Raw,GBPUSD,1.34347,1.34352,5e-05,5,Closed,Thursday
2026-01-22 06:32:53,FPMarkets Raw,USDJPY,158.627,158.631,0.004,4,Closed,Thursday
2026-01-22 06:32:54,FPMarkets Raw,AUDUSD,0.68073,0.68076,3e-05,3,Closed,Thursday
2026-01-22 06:32:55,8Cap Raw,XAUUSD,4795.54,4795.7,0.16,16,Closed,Thursday
2026-01-22 06:32:56,8Cap Raw,EURUSD,1.16936,1.16936,0.0,0,Closed,Thursday
2026-01-22 06:32:57,8Cap Raw,GBPUSD,1.3435,1.34351,1e-05,1,Closed,Thursday
2026-01-22 06:32:57,8Cap Raw,USDJPY,158.629,158.63,0.001,1,Closed,Thursday
2026-01-22 06:32:58,8Cap Raw,AUDUSD,0.68073,0.68077,4e-05,4,Closed,Thursday
2026-01-22 06:37:16,Pepperstone Razor,XAUUSD,4797.37,4797.51,0.14,14,Closed,Thursday
2026-01-22 06:37:17,Pepperstone Razor,EURUSD,1.16934,1.16934,0.0,0,Closed,Thursday
2026-01-22 06:37:18,Pepperstone Razor,GBPUSD,1.3435,1.34352,2e-05,2,Closed,Thursday
2026-01-22 06:37:19,Pepperstone Razor,USDJPY,158.672,158.675,0.003,3,Closed,Thursday
2026-01-22 06:37:20,Pepperstone Razor,AUDUSD,0.68081,0.68082,1e-05,1,Closed,Thursday
2026-01-22 06:37:23,FusionMarkets Zero,XAUUSD,4797.5,4797.64,0.14,14,Closed,Thursday
2026-01-22 06:37:24,FusionMarkets Zero,EURUSD,1.16936,1.16936,0.0,0,Closed,Thursday
2026-01-22 06:37:25,FusionMarkets Zero,GBPUSD,1.34349,1.34349,0.0,0,Closed,Thursday
2026-01-22 06:37:26,FusionMarkets Zero,USDJPY,158.674,158.674,0.0,0,Closed,Thursday
2026-01-22 06:37:27,FusionMarkets Zero,AUDUSD,0.68086,0.68086,0.0,0,Closed,Thursday
2026-01-22 06:37:30,ThinkMarkets ThinkZero,XAUUSD,4797.79,4797.87,0.08,8,Closed,Thursday
2026-01-22 06:37:31,ThinkMarkets ThinkZero,EURUSD,1.16933,1.16935,2e-05,2,Closed,Thursday
2026-01-22 06:37:32,ThinkMarkets ThinkZero,GBPUSD,1.34341,1.34348,7e-05,7,Closed,Thursday
2026-01-22 06:37:33,ThinkMarkets ThinkZero,USDJPY,158.671,158.676,0.005,5,Closed,Thursday
2026-01-22 06:37:34,ThinkMarkets ThinkZero,AUDUSD,0.68082,0.68085,3e-05,3,Closed,Thursday
2026-01-22 06:37:37,ICMarkets Raw,XAUUSD,4797.29,4797.41,0.12,12,Closed,Thursday
2026-01-22 06:37:38,ICMarkets Raw,EURUSD,1.16936,1.16936,0.0,0,Closed,Thursday
2026-01-22 06:37:39,ICMarkets Raw,GBPUSD,1.34345,1.34346,1e-05,1,Closed,Thursday
2026-01-22 06:37:40,ICMarkets Raw,USDJPY,158.672,158.672,0.0,0,Closed,Thursday
2026-01-22 06:37:41,ICMarkets Raw,AUDUSD,0.68081,0.68081,0.0,0,Closed,Thursday
2026-01-22 06:37:43,VantageMarkets Raw,XAUUSD,4797.4,4797.48,0.08,8,Closed,Thursday
2026-01-22 06:37:44,VantageMarkets Raw,EURUSD,1.16935,1.16937,2e-05,2,Closed,Thursday
2026-01-22 06:37:45,VantageMarkets Raw,GBPUSD,1.34347,1.34348,1e-05,1,Closed,Thursday
2026-01-22 06:37:46,VantageMarkets Raw,USDJPY,158.677,158.678,0.001,1,Closed,Thursday
2026-01-22 06:37:47,VantageMarkets Raw,AUDUSD,0.68079,0.68082,3e-05,3,Closed,Thursday
2026-01-22 06:37:50,FPMarkets Raw,XAUUSD,4797.21,4797.28,0.07,7,Closed,Thursday
2026-01-22 06:37:51,FPMarkets Raw,EURUSD,1.16934,1.16935,1e-05,1,Closed,Thursday
2026-01-22 06:37:52,FPMarkets Raw,GBPUSD,1.34347,1.34348,1e-05,1,Closed,Thursday
2026-01-22 06:37:53,FPMarkets Raw,USDJPY,158.674,158.678,0.004,4,Closed,Thursday
2026-01-22 06:37:54,FPMarkets Raw,AUDUSD,0.68078,0.68082,4e-05,4,Closed,Thursday
2026-01-22 06:37:56,8Cap Raw,XAUUSD,4797.18,4797.34,0.16,16,Closed,Thursday
2026-01-22 06:37:56,8Cap Raw,EURUSD,1.16935,1.16936,1e-05,1,Closed,Thursday
2026-01-22 06:37:57,8Cap Raw,GBPUSD,1.34346,1.34347,1e-05,1,Closed,Thursday
2026-01-22 06:37:58,8Cap Raw,USDJPY,158.678,158.679,0.001,1,Closed,Thursday
2026-01-22 06:37:58,8Cap Raw,AUDUSD,0.68078,0.68082,4e-05,4,Closed,Thursday
2026-01-22 06:42:17,Pepperstone Razor,XAUUSD,4795.61,4795.76,0.15,15,Closed,Thursday
2026-01-22 06:42:18,Pepperstone Razor,EURUSD,1.16916,1.16916,0.0,0,Closed,Thursday
2026-01-22 06:42:19,Pepperstone Razor,GBPUSD,1.3432,1.3432,0.0,0,Closed,Thursday
2026-01-22 06:42:20,Pepperstone Razor,USDJPY,158.669,158.672,0.003,3,Closed,Thursday
2026-01-22 06:42:21,Pepperstone Razor,AUDUSD,0.68068,0.68068,0.0,0,Closed,Thursday
2026-01-22 06:42:24,FusionMarkets Zero,XAUUSD,4795.4,4795.54,0.14,14,Closed,Thursday
2026-01-22 06:42:25,FusionMarkets Zero,EURUSD,1.16912,1.16912,0.0,0,Closed,Thursday
2026-01-22 06:42:25,FusionMarkets Zero,GBPUSD,1.34318,1.34318,0.0,0,Closed,Thursday
2026-01-22 06:42:26,FusionMarkets Zero,USDJPY,158.677,158.677,0.0,0,Closed,Thursday
2026-01-22 06:42:27,FusionMarkets Zero,AUDUSD,0.68065,0.68065,0.0,0,Closed,Thursday
2026-01-22 06:42:31,ThinkMarkets ThinkZero,XAUUSD,4796.03,4796.11,0.08,8,Closed,Thursday
2026-01-22 06:42:32,ThinkMarkets ThinkZero,EURUSD,1.16912,1.16914,2e-05,2,Closed,Thursday
2026-01-22 06:42:33,ThinkMarkets ThinkZero,GBPUSD,1.34312,1.34318,6e-05,6,Closed,Thursday
2026-01-22 06:42:33,ThinkMarkets ThinkZero,USDJPY,158.679,158.682,0.003,3,Closed,Thursday
2026-01-22 06:42:34,ThinkMarkets ThinkZero,AUDUSD,0.68062,0.68066,4e-05,4,Closed,Thursday
2026-01-22 06:42:38,ICMarkets Raw,XAUUSD,4795.83,4795.88,0.05,5,Closed,Thursday
2026-01-22 06:42:39,ICMarkets Raw,EURUSD,1.16913,1.16913,0.0,0,Closed,Thursday
2026-01-22 06:42:40,ICMarkets Raw,GBPUSD,1.34316,1.34317,1e-05,1,Closed,Thursday
2026-01-22 06:42:41,ICMarkets Raw,USDJPY,158.681,158.681,0.0,0,Closed,Thursday
2026-01-22 06:42:41,ICMarkets Raw,AUDUSD,0.68063,0.68063,0.0,0,Closed,Thursday
2026-01-22 06:42:44,VantageMarkets Raw,XAUUSD,4795.81,4795.89,0.08,8,Closed,Thursday
2026-01-22 06:42:45,VantageMarkets Raw,EURUSD,1.16913,1.16915,2e-05,2,Closed,Thursday
2026-01-22 06:42:46,VantageMarkets Raw,GBPUSD,1.34314,1.34315,1e-05,1,Closed,Thursday
2026-01-22 06:42:47,VantageMarkets Raw,USDJPY,158.679,158.681,0.002,2,Closed,Thursday
2026-01-22 06:42:48,VantageMarkets Raw,AUDUSD,0.68063,0.68065,2e-05,2,Closed,Thursday
2026-01-22 06:42:51,FPMarkets Raw,XAUUSD,4795.92,4795.99,0.07,7,Closed,Thursday
2026-01-22 06:42:52,FPMarkets Raw,EURUSD,1.16913,1.16914,1e-05,1,Closed,Thursday
2026-01-22 06:42:53,FPMarkets Raw,GBPUSD,1.34313,1.34318,5e-05,5,Closed,Thursday
2026-01-22 06:42:54,FPMarkets Raw,USDJPY,158.678,158.682,0.004,4,Closed,Thursday
2026-01-22 06:42:55,FPMarkets Raw,AUDUSD,0.68059,0.68061,2e-05,2,Closed,Thursday
2026-01-22 06:42:57,8Cap Raw,XAUUSD,4796.01,4796.17,0.16,16,Closed,Thursday
2026-01-22 06:42:58,8Cap Raw,EURUSD,1.16913,1.16913,0.0,0,Closed,Thursday
2026-01-22 06:42:58,8Cap Raw,GBPUSD,1.34316,1.34317,1e-05,1,Closed,Thursday
2026-01-22 06:42:59,8Cap Raw,USDJPY,158.681,158.682,0.001,1,Closed,Thursday
2026-01-22 06:43:00,8Cap Raw,AUDUSD,0.68062,0.68066,4e-05,4,Closed,Thursday
2026-01-22 06:47:17,Pepperstone Razor,XAUUSD,4794.61,4794.79,0.18,18,Closed,Thursday
2026-01-22 06:47:18,Pepperstone Razor,EURUSD,1.16902,1.16902,0.0,0,Closed,Thursday
2026-01-22 06:47:19,Pepperstone Razor,GBPUSD,1.34307,1.34307,0.0,0,Closed,Thursday
2026-01-22 06:47:19,Pepperstone Razor,USDJPY,158.677,158.68,0.003,3,Closed,Thursday
2026-01-22 06:47:20,Pepperstone Razor,AUDUSD,0.68051,0.68051,0.0,0,Closed,Thursday
2026-01-22 06:47:24,FusionMarkets Zero,XAUUSD,4794.67,4794.73,0.06,6,Closed,Thursday
2026-01-22 06:47:25,FusionMarkets Zero,EURUSD,1.16904,1.16904,0.0,0,Closed,Thursday
2026-01-22 06:47:25,FusionMarkets Zero,GBPUSD,1.34305,1.34305,0.0,0,Closed,Thursday
2026-01-22 06:47:26,FusionMarkets Zero,USDJPY,158.682,158.682,0.0,0,Closed,Thursday
2026-01-22 06:47:27,FusionMarkets Zero,AUDUSD,0.6805,0.6805,0.0,0,Closed,Thursday
2026-01-22 06:47:30,ThinkMarkets ThinkZero,XAUUSD,4795.31,4795.39,0.08,8,Closed,Thursday
2026-01-22 06:47:31,ThinkMarkets ThinkZero,EURUSD,1.16902,1.16905,3e-05,3,Closed,Thursday
2026-01-22 06:47:32,ThinkMarkets ThinkZero,GBPUSD,1.343,1.34308,8e-05,8,Closed,Thursday
2026-01-22 06:47:33,ThinkMarkets ThinkZero,USDJPY,158.678,158.683,0.005,5,Closed,Thursday
2026-01-22 06:47:34,ThinkMarkets ThinkZero,AUDUSD,0.68048,0.6805,2e-05,2,Closed,Thursday
2026-01-22 06:47:37,ICMarkets Raw,XAUUSD,4795.24,4795.29,0.05,5,Closed,Thursday
2026-01-22 06:47:38,ICMarkets Raw,EURUSD,1.16904,1.16904,0.0,0,Closed,Thursday
2026-01-22 06:47:39,ICMarkets Raw,GBPUSD,1.34305,1.34306,1e-05,1,Closed,Thursday
2026-01-22 06:47:40,ICMarkets Raw,USDJPY,158.678,158.678,0.0,0,Closed,Thursday
2026-01-22 06:47:41,ICMarkets Raw,AUDUSD,0.68048,0.68049,1e-05,1,Closed,Thursday
2026-01-22 06:47:44,VantageMarkets Raw,XAUUSD,4795.74,4795.82,0.08,8,Closed,Thursday
2026-01-22 06:47:45,VantageMarkets Raw,EURUSD,1.16904,1.16905,1e-05,1,Closed,Thursday
2026-01-22 06:47:46,VantageMarkets Raw,GBPUSD,1.34305,1.34306,1e-05,1,Closed,Thursday
2026-01-22 06:47:47,VantageMarkets Raw,USDJPY,158.678,158.681,0.003,3,Closed,Thursday
2026-01-22 06:47:48,VantageMarkets Raw,AUDUSD,0.68048,0.68051,3e-05,3,Closed,Thursday
2026-01-22 06:47:51,FPMarkets Raw,XAUUSD,4795.68,4795.75,0.07,7,Closed,Thursday
2026-01-22 06:47:52,FPMarkets Raw,EURUSD,1.16905,1.16905,0.0,0,Closed,Thursday
2026-01-22 06:47:53,FPMarkets Raw,GBPUSD,1.34304,1.34309,5e-05,5,Closed,Thursday
2026-01-22 06:47:54,FPMarkets Raw,USDJPY,158.675,158.679,0.004,4,Closed,Thursday
2026-01-22 06:47:55,FPMarkets Raw,AUDUSD,0.68046,0.6805,4e-05,4,Closed,Thursday
2026-01-22 06:47:57,8Cap Raw,XAUUSD,4795.73,4795.89,0.16,16,Closed,Thursday
2026-01-22 06:47:57,8Cap Raw,EURUSD,1.16905,1.16905,0.0,0,Closed,Thursday
2026-01-22 06:47:58,8Cap Raw,GBPUSD,1.34305,1.34306,1e-05,1,Closed,Thursday
2026-01-22 06:47:59,8Cap Raw,USDJPY,158.678,158.679,0.001,1,Closed,Thursday
2026-01-22 06:47:59,8Cap Raw,AUDUSD,0.68048,0.68051,3e-05,3,Closed,Thursday
2026-01-22 06:52:17,Pepperstone Razor,XAUUSD,4795.79,4795.95,0.16,16,Closed,Thursday
2026-01-22 06:52:18,Pepperstone Razor,EURUSD,1.16919,1.16919,0.0,0,Closed,Thursday
2026-01-22 06:52:19,Pepperstone Razor,GBPUSD,1.34314,1.34316,2e-05,2,Closed,Thursday
2026-01-22 06:52:20,Pepperstone Razor,USDJPY,158.688,158.69,0.002,2,Closed,Thursday
2026-01-22 06:52:20,Pepperstone Razor,AUDUSD,0.68046,0.68047,1e-05,1,Closed,Thursday
2026-01-22 06:52:24,FusionMarkets Zero,XAUUSD,4795.82,4795.88,0.06,6,Closed,Thursday
2026-01-22 06:52:25,FusionMarkets Zero,EURUSD,1.1692,1.1692,0.0,0,Closed,Thursday
2026-01-22 06:52:26,FusionMarkets Zero,GBPUSD,1.34319,1.34319,0.0,0,Closed,Thursday
2026-01-22 06:52:26,FusionMarkets Zero,USDJPY,158.684,158.686,0.002,2,Closed,Thursday
2026-01-22 06:52:27,FusionMarkets Zero,AUDUSD,0.68044,0.68044,0.0,0,Closed,Thursday
2026-01-22 06:52:31,ThinkMarkets ThinkZero,XAUUSD,4795.61,4795.69,0.08,8,Closed,Thursday
2026-01-22 06:52:32,ThinkMarkets ThinkZero,EURUSD,1.16918,1.16921,3e-05,3,Closed,Thursday
2026-01-22 06:52:33,ThinkMarkets ThinkZero,GBPUSD,1.34314,1.3432,6e-05,6,Closed,Thursday
2026-01-22 06:52:33,ThinkMarkets ThinkZero,USDJPY,158.684,158.689,0.005,5,Closed,Thursday
2026-01-22 06:52:34,ThinkMarkets ThinkZero,AUDUSD,0.68043,0.68046,3e-05,3,Closed,Thursday
2026-01-22 06:52:38,ICMarkets Raw,XAUUSD,4796.01,4796.08,0.07,7,Closed,Thursday
2026-01-22 06:52:39,ICMarkets Raw,EURUSD,1.1692,1.1692,0.0,0,Closed,Thursday
2026-01-22 06:52:40,ICMarkets Raw,GBPUSD,1.34319,1.3432,1e-05,1,Closed,Thursday
2026-01-22 06:52:41,ICMarkets Raw,USDJPY,158.683,158.684,0.001,1,Closed,Thursday
2026-01-22 06:52:41,ICMarkets Raw,AUDUSD,0.68044,0.68044,0.0,0,Closed,Thursday
2026-01-22 06:52:45,VantageMarkets Raw,XAUUSD,4795.98,4796.06,0.08,8,Closed,Thursday
2026-01-22 06:52:46,VantageMarkets Raw,EURUSD,1.1692,1.16922,2e-05,2,Closed,Thursday
2026-01-22 06:52:46,VantageMarkets Raw,GBPUSD,1.3432,1.34321,1e-05,1,Closed,Thursday
2026-01-22 06:52:47,VantageMarkets Raw,USDJPY,158.683,158.684,0.001,1,Closed,Thursday
2026-01-22 06:52:48,VantageMarkets Raw,AUDUSD,0.68044,0.68046,2e-05,2,Closed,Thursday
2026-01-22 06:52:52,FPMarkets Raw,XAUUSD,4795.97,4796.04,0.07,7,Closed,Thursday
2026-01-22 06:52:53,FPMarkets Raw,EURUSD,1.1692,1.16921,1e-05,1,Closed,Thursday
2026-01-22 06:52:53,FPMarkets Raw,GBPUSD,1.34318,1.34323,5e-05,5,Closed,Thursday
2026-01-22 06:52:54,FPMarkets Raw,USDJPY,158.676,158.68,0.004,4,Closed,Thursday
2026-01-22 06:52:55,FPMarkets Raw,AUDUSD,0.68043,0.68046,3e-05,3,Closed,Thursday
2026-01-22 06:52:57,8Cap Raw,XAUUSD,4796.52,4796.68,0.16,16,Closed,Thursday
2026-01-22 06:52:58,8Cap Raw,EURUSD,1.1692,1.16921,1e-05,1,Closed,Thursday
2026-01-22 06:52:59,8Cap Raw,GBPUSD,1.34319,1.34321,2e-05,2,Closed,Thursday
2026-01-22 06:52:59,8Cap Raw,USDJPY,158.681,158.682,0.001,1,Closed,Thursday
2026-01-22 06:53:00,8Cap Raw,AUDUSD,0.68043,0.68047,4e-05,4,Closed,Thursday
2026-01-22 06:57:43,Pepperstone Razor,XAUUSD,4797.71,4798.02,0.31,31,Closed,Thursday
2026-01-22 06:57:44,Pepperstone Razor,EURUSD,1.16919,1.16919,0.0,0,Closed,Thursday
2026-01-22 06:57:45,Pepperstone Razor,GBPUSD,1.3432,1.34323,3e-05,3,Closed,Thursday
2026-01-22 06:57:46,Pepperstone Razor,USDJPY,158.643,158.644,0.001,1,Closed,Thursday
2026-01-22 06:57:46,Pepperstone Razor,AUDUSD,0.68052,0.68052,0.0,0,Closed,Thursday
2026-01-22 06:57:50,FusionMarkets Zero,XAUUSD,4797.07,4797.21,0.14,14,Closed,Thursday
2026-01-22 06:57:51,FusionMarkets Zero,EURUSD,1.16919,1.16919,0.0,0,Closed,Thursday
2026-01-22 06:57:52,FusionMarkets Zero,GBPUSD,1.34323,1.34323,0.0,0,Closed,Thursday
2026-01-22 06:57:53,FusionMarkets Zero,USDJPY,158.642,158.644,0.002,2,Closed,Thursday
2026-01-22 06:57:53,FusionMarkets Zero,AUDUSD,0.68053,0.68053,0.0,0,Closed,Thursday
2026-01-22 06:57:57,ThinkMarkets ThinkZero,XAUUSD,4797.29,4797.37,0.08,8,Closed,Thursday
2026-01-22 06:57:58,ThinkMarkets ThinkZero,EURUSD,1.16917,1.16919,2e-05,2,Closed,Thursday
2026-01-22 06:57:59,ThinkMarkets ThinkZero,GBPUSD,1.34319,1.34325,6e-05,6,Closed,Thursday
2026-01-22 06:58:00,ThinkMarkets ThinkZero,USDJPY,158.639,158.643,0.004,4,Closed,Thursday
2026-01-22 06:58:00,ThinkMarkets ThinkZero,AUDUSD,0.68052,0.68055,3e-05,3,Closed,Thursday
2026-01-22 06:58:04,ICMarkets Raw,XAUUSD,4796.78,4796.9,0.12,12,Closed,Thursday
2026-01-22 06:58:05,ICMarkets Raw,EURUSD,1.16919,1.16919,0.0,0,Closed,Thursday
2026-01-22 06:58:06,ICMarkets Raw,GBPUSD,1.34318,1.34319,1e-05,1,Closed,Thursday
2026-01-22 06:58:07,ICMarkets Raw,USDJPY,158.64,158.641,0.001,1,Closed,Thursday
2026-01-22 06:58:08,ICMarkets Raw,AUDUSD,0.68048,0.68049,1e-05,1,Closed,Thursday
2026-01-22 06:58:11,VantageMarkets Raw,XAUUSD,4796.9,4796.98,0.08,8,Closed,Thursday
2026-01-22 06:58:12,VantageMarkets Raw,EURUSD,1.16916,1.16918,2e-05,2,Closed,Thursday
2026-01-22 06:58:13,VantageMarkets Raw,GBPUSD,1.34314,1.34319,5e-05,5,Closed,Thursday
2026-01-22 06:58:13,VantageMarkets Raw,USDJPY,158.642,158.644,0.002,2,Closed,Thursday
2026-01-22 06:58:14,VantageMarkets Raw,AUDUSD,0.68045,0.68049,4e-05,4,Closed,Thursday
2026-01-22 06:58:18,FPMarkets Raw,XAUUSD,4796.94,4797.01,0.07,7,Closed,Thursday
2026-01-22 06:58:19,FPMarkets Raw,EURUSD,1.16915,1.16916,1e-05,1,Closed,Thursday
2026-01-22 06:58:20,FPMarkets Raw,GBPUSD,1.34314,1.34318,4e-05,4,Closed,Thursday
2026-01-22 06:58:20,FPMarkets Raw,USDJPY,158.641,158.645,0.004,4,Closed,Thursday
2026-01-22 06:58:21,FPMarkets Raw,AUDUSD,0.68048,0.68051,3e-05,3,Closed,Thursday
2026-01-22 06:58:23,8Cap Raw,XAUUSD,4796.86,4797.02,0.16,16,Closed,Thursday
2026-01-22 06:58:24,8Cap Raw,EURUSD,1.16916,1.16916,0.0,0,Closed,Thursday
2026-01-22 06:58:25,8Cap Raw,GBPUSD,1.34315,1.34317,2e-05,2,Closed,Thursday
2026-01-22 06:58:25,8Cap Raw,USDJPY,158.643,158.644,0.001,1,Closed,Thursday
2026-01-22 06:58:26,8Cap Raw,AUDUSD,0.68046,0.68048,2e-05,2,Closed,Thursday
2026-01-22 07:02:16,Pepperstone Razor,XAUUSD,4794.56,4794.8,0.24,24,London,Thursday
2026-01-22 07:02:17,Pepperstone Razor,EURUSD,1.16912,1.16912,0.0,0,London,Thursday
2026-01-22 07:02:18,Pepperstone Razor,GBPUSD,1.34296,1.34299,3e-05,3,London,Thursday
2026-01-22 07:02:19,Pepperstone Razor,USDJPY,158.664,158.665,0.001,1,London,Thursday
2026-01-22 07:02:20,Pepperstone Razor,AUDUSD,0.68044,0.68045,1e-05,1,London,Thursday
2026-01-22 07:02:22,FusionMarkets Zero,XAUUSD,4795.12,4795.26,0.14,14,London,Thursday
2026-01-22 07:02:23,FusionMarkets Zero,EURUSD,1.16909,1.16909,0.0,0,London,Thursday
2026-01-22 07:02:24,FusionMarkets Zero,GBPUSD,1.34296,1.34296,0.0,0,London,Thursday
2026-01-22 07:02:25,FusionMarkets Zero,USDJPY,158.663,158.663,0.0,0,London,Thursday
2026-01-22 07:02:26,FusionMarkets Zero,AUDUSD,0.68044,0.68044,0.0,0,London,Thursday
2026-01-22 07:02:29,ThinkMarkets ThinkZero,XAUUSD,4796.0,4796.08,0.08,8,London,Thursday
2026-01-22 07:02:30,ThinkMarkets ThinkZero,EURUSD,1.16908,1.16911,3e-05,3,London,Thursday
2026-01-22 07:02:31,ThinkMarkets ThinkZero,GBPUSD,1.3429,1.34298,8e-05,8,London,Thursday
2026-01-22 07:02:32,ThinkMarkets ThinkZero,USDJPY,158.657,158.66,0.003,3,London,Thursday
2026-01-22 07:02:33,ThinkMarkets ThinkZero,AUDUSD,0.68037,0.68041,4e-05,4,London,Thursday
2026-01-22 07:02:36,ICMarkets Raw,XAUUSD,4795.84,4795.96,0.12,12,London,Thursday
2026-01-22 07:02:37,ICMarkets Raw,EURUSD,1.1691,1.1691,0.0,0,London,Thursday
2026-01-22 07:02:37,ICMarkets Raw,GBPUSD,1.34295,1.34296,1e-05,1,London,Thursday
2026-01-22 07:02:38,ICMarkets Raw,USDJPY,158.655,158.656,0.001,1,London,Thursday
2026-01-22 07:02:39,ICMarkets Raw,AUDUSD,0.68039,0.68039,0.0,0,London,Thursday
2026-01-22 07:02:42,VantageMarkets Raw,XAUUSD,4795.86,4795.94,0.08,8,London,Thursday
2026-01-22 07:02:43,VantageMarkets Raw,EURUSD,1.1691,1.16914,4e-05,4,London,Thursday
2026-01-22 07:02:44,VantageMarkets Raw,GBPUSD,1.34296,1.34297,1e-05,1,London,Thursday
2026-01-22 07:02:45,VantageMarkets Raw,USDJPY,158.658,158.66,0.002,2,London,Thursday
2026-01-22 07:02:46,VantageMarkets Raw,AUDUSD,0.68039,0.68042,3e-05,3,London,Thursday
2026-01-22 07:02:58,FPMarkets Raw,XAUUSD,4796.48,4796.55,0.07,7,London,Thursday
2026-01-22 07:02:59,FPMarkets Raw,EURUSD,1.16911,1.16912,1e-05,1,London,Thursday
2026-01-22 07:03:00,FPMarkets Raw,GBPUSD,1.34296,1.34296,0.0,0,London,Thursday
2026-01-22 07:03:01,FPMarkets Raw,USDJPY,158.659,158.663,0.004,4,London,Thursday
2026-01-22 07:03:02,FPMarkets Raw,AUDUSD,0.68039,0.68042,3e-05,3,London,Thursday
2026-01-22 07:03:04,8Cap Raw,XAUUSD,4795.76,4795.92,0.16,16,London,Thursday
2026-01-22 07:03:05,8Cap Raw,EURUSD,1.1691,1.16912,2e-05,2,London,Thursday
2026-01-22 07:03:06,8Cap Raw,GBPUSD,1.34294,1.34295,1e-05,1,London,Thursday
2026-01-22 07:03:06,8Cap Raw,USDJPY,158.665,158.666,0.001,1,London,Thursday
2026-01-22 07:03:07,8Cap Raw,AUDUSD,0.6804,0.68042,2e-05,2,London,Thursday
2026-01-22 07:07:16,Pepperstone Razor,XAUUSD,4799.51,4799.71,0.2,20,London,Thursday
2026-01-22 07:07:17,Pepperstone Razor,EURUSD,1.16903,1.16903,0.0,0,London,Thursday
2026-01-22 07:07:18,Pepperstone Razor,GBPUSD,1.34293,1.34296,3e-05,3,London,Thursday
2026-01-22 07:07:19,Pepperstone Razor,USDJPY,158.685,158.687,0.002,2,London,Thursday
2026-01-22 07:07:19,Pepperstone Razor,AUDUSD,0.68055,0.68056,1e-05,1,London,Thursday
2026-01-22 07:07:22,FusionMarkets Zero,XAUUSD,4799.18,4799.32,0.14,14,London,Thursday
2026-01-22 07:07:23,FusionMarkets Zero,EURUSD,1.16906,1.16906,0.0,0,London,Thursday
2026-01-22 07:07:24,FusionMarkets Zero,GBPUSD,1.34294,1.34294,0.0,0,London,Thursday
2026-01-22 07:07:25,FusionMarkets Zero,USDJPY,158.676,158.678,0.002,2,London,Thursday
2026-01-22 07:07:26,FusionMarkets Zero,AUDUSD,0.68056,0.68056,0.0,0,London,Thursday
2026-01-22 07:07:29,ThinkMarkets ThinkZero,XAUUSD,4798.97,4799.05,0.08,8,London,Thursday
2026-01-22 07:07:30,ThinkMarkets ThinkZero,EURUSD,1.16897,1.16899,2e-05,2,London,Thursday
2026-01-22 07:07:31,ThinkMarkets ThinkZero,GBPUSD,1.34283,1.34288,5e-05,5,London,Thursday
2026-01-22 07:07:31,ThinkMarkets ThinkZero,USDJPY,158.681,158.685,0.004,4,London,Thursday
2026-01-22 07:07:32,ThinkMarkets ThinkZero,AUDUSD,0.68058,0.68062,4e-05,4,London,Thursday
2026-01-22 07:07:35,ICMarkets Raw,XAUUSD,4798.86,4798.97,0.11,11,London,Thursday
2026-01-22 07:07:36,ICMarkets Raw,EURUSD,1.16898,1.16898,0.0,0,London,Thursday
2026-01-22 07:07:37,ICMarkets Raw,GBPUSD,1.34288,1.34289,1e-05,1,London,Thursday
2026-01-22 07:07:37,ICMarkets Raw,USDJPY,158.685,158.687,0.002,2,London,Thursday
2026-01-22 07:07:38,ICMarkets Raw,AUDUSD,0.68061,0.68063,2e-05,2,London,Thursday
2026-01-22 07:07:41,VantageMarkets Raw,XAUUSD,4798.77,4798.85,0.08,8,London,Thursday
2026-01-22 07:07:42,VantageMarkets Raw,EURUSD,1.169,1.16902,2e-05,2,London,Thursday
2026-01-22 07:07:42,VantageMarkets Raw,GBPUSD,1.34291,1.34297,6e-05,6,London,Thursday
2026-01-22 07:07:43,VantageMarkets Raw,USDJPY,158.684,158.686,0.002,2,London,Thursday
2026-01-22 07:07:59,VantageMarkets Raw,AUDUSD,0.68063,0.68067,4e-05,4,London,Thursday
2026-01-22 07:08:02,FPMarkets Raw,XAUUSD,4798.71,4798.78,0.07,7,London,Thursday
2026-01-22 07:08:03,FPMarkets Raw,EURUSD,1.16902,1.16904,2e-05,2,London,Thursday
2026-01-22 07:08:04,FPMarkets Raw,GBPUSD,1.34291,1.34297,6e-05,6,London,Thursday
2026-01-22 07:08:05,FPMarkets Raw,USDJPY,158.685,158.689,0.004,4,London,Thursday
2026-01-22 07:08:06,FPMarkets Raw,AUDUSD,0.68065,0.68068,3e-05,3,London,Thursday
2026-01-22 07:08:08,8Cap Raw,XAUUSD,4798.47,4798.63,0.16,16,London,Thursday
2026-01-22 07:08:09,8Cap Raw,EURUSD,1.16903,1.16903,0.0,0,London,Thursday
2026-01-22 07:08:09,8Cap Raw,GBPUSD,1.34294,1.34296,2e-05,2,London,Thursday
2026-01-22 07:08:10,8Cap Raw,USDJPY,158.687,158.689,0.002,2,London,Thursday
2026-01-22 07:08:11,8Cap Raw,AUDUSD,0.68066,0.68069,3e-05,3,London,Thursday
2026-01-22 07:12:16,Pepperstone Razor,XAUUSD,4797.35,4797.48,0.13,13,London,Thursday
2026-01-22 07:12:17,Pepperstone Razor,EURUSD,1.169,1.169,0.0,0,London,Thursday
2026-01-22 07:12:18,Pepperstone Razor,GBPUSD,1.34282,1.34285,3e-05,3,London,Thursday
2026-01-22 07:12:19,Pepperstone Razor,USDJPY,158.734,158.736,0.002,2,London,Thursday
2026-01-22 07:12:20,Pepperstone Razor,AUDUSD,0.6805,0.68051,1e-05,1,London,Thursday
2026-01-22 07:12:22,FusionMarkets Zero,XAUUSD,4797.14,4797.2,0.06,6,London,Thursday
2026-01-22 07:12:23,FusionMarkets Zero,EURUSD,1.16901,1.16901,0.0,0,London,Thursday
2026-01-22 07:12:24,FusionMarkets Zero,GBPUSD,1.34283,1.34283,0.0,0,London,Thursday
2026-01-22 07:12:25,FusionMarkets Zero,USDJPY,158.728,158.73,0.002,2,London,Thursday
2026-01-22 07:12:26,FusionMarkets Zero,AUDUSD,0.68055,0.68055,0.0,0,London,Thursday
2026-01-22 07:12:29,ThinkMarkets ThinkZero,XAUUSD,4797.55,4797.63,0.08,8,London,Thursday
2026-01-22 07:12:30,ThinkMarkets ThinkZero,EURUSD,1.16899,1.16902,3e-05,3,London,Thursday
2026-01-22 07:12:31,ThinkMarkets ThinkZero,GBPUSD,1.34282,1.34288,6e-05,6,London,Thursday
2026-01-22 07:12:32,ThinkMarkets ThinkZero,USDJPY,158.723,158.728,0.005,5,London,Thursday
2026-01-22 07:12:32,ThinkMarkets ThinkZero,AUDUSD,0.68056,0.68059,3e-05,3,London,Thursday
2026-01-22 07:12:35,ICMarkets Raw,XAUUSD,4798.13,4798.2,0.07,7,London,Thursday
2026-01-22 07:12:36,ICMarkets Raw,EURUSD,1.16906,1.16907,1e-05,1,London,Thursday
2026-01-22 07:12:37,ICMarkets Raw,GBPUSD,1.34289,1.3429,1e-05,1,London,Thursday
2026-01-22 07:12:38,ICMarkets Raw,USDJPY,158.715,158.717,0.002,2,London,Thursday
2026-01-22 07:12:39,ICMarkets Raw,AUDUSD,0.68057,0.68057,0.0,0,London,Thursday
2026-01-22 07:12:42,VantageMarkets Raw,XAUUSD,4798.34,4798.42,0.08,8,London,Thursday
2026-01-22 07:12:43,VantageMarkets Raw,EURUSD,1.16906,1.16907,1e-05,1,London,Thursday
2026-01-22 07:12:44,VantageMarkets Raw,GBPUSD,1.34289,1.34294,5e-05,5,London,Thursday
2026-01-22 07:12:44,VantageMarkets Raw,USDJPY,158.716,158.721,0.005,5,London,Thursday
2026-01-22 07:12:45,VantageMarkets Raw,AUDUSD,0.68056,0.68058,2e-05,2,London,Thursday
2026-01-22 07:12:48,FPMarkets Raw,XAUUSD,4798.22,4798.29,0.07,7,London,Thursday
2026-01-22 07:12:49,FPMarkets Raw,EURUSD,1.169,1.16901,1e-05,1,London,Thursday
2026-01-22 07:12:50,FPMarkets Raw,GBPUSD,1.34286,1.34291,5e-05,5,London,Thursday
2026-01-22 07:12:51,FPMarkets Raw,USDJPY,158.717,158.721,0.004,4,London,Thursday
2026-01-22 07:12:52,FPMarkets Raw,AUDUSD,0.68048,0.68051,3e-05,3,London,Thursday
2026-01-22 07:12:54,8Cap Raw,XAUUSD,4797.96,4798.12,0.16,16,London,Thursday
2026-01-22 07:12:54,8Cap Raw,EURUSD,1.169,1.16901,1e-05,1,London,Thursday
2026-01-22 07:12:55,8Cap Raw,GBPUSD,1.34283,1.34287,4e-05,4,London,Thursday
2026-01-22 07:12:56,8Cap Raw,USDJPY,158.721,158.722,0.001,1,London,Thursday
2026-01-22 07:12:56,8Cap Raw,AUDUSD,0.68049,0.68051,2e-05,2,London,Thursday
2026-01-22 07:17:16,Pepperstone Razor,XAUUSD,4797.96,4798.11,0.15,15,London,Thursday
2026-01-22 07:17:17,Pepperstone Razor,EURUSD,1.16913,1.16913,0.0,0,London,Thursday
2026-01-22 07:17:18,Pepperstone Razor,GBPUSD,1.34296,1.34299,3e-05,3,London,Thursday
2026-01-22 07:17:19,Pepperstone Razor,USDJPY,158.648,158.651,0.003,3,London,Thursday
2026-01-22 07:17:19,Pepperstone Razor,AUDUSD,0.68033,0.68033,0.0,0,London,Thursday
2026-01-22 07:17:22,FusionMarkets Zero,XAUUSD,4797.99,4798.05,0.06,6,London,Thursday
2026-01-22 07:17:23,FusionMarkets Zero,EURUSD,1.16915,1.16915,0.0,0,London,Thursday
2026-01-22 07:17:24,FusionMarkets Zero,GBPUSD,1.34296,1.34296,0.0,0,London,Thursday
2026-01-22 07:17:25,FusionMarkets Zero,USDJPY,158.648,158.649,0.001,1,London,Thursday
2026-01-22 07:17:26,FusionMarkets Zero,AUDUSD,0.68034,0.68034,0.0,0,London,Thursday
2026-01-22 07:17:29,ThinkMarkets ThinkZero,XAUUSD,4798.28,4798.36,0.08,8,London,Thursday
2026-01-22 07:17:30,ThinkMarkets ThinkZero,EURUSD,1.16914,1.16916,2e-05,2,London,Thursday
2026-01-22 07:17:31,ThinkMarkets ThinkZero,GBPUSD,1.34292,1.34296,4e-05,4,London,Thursday
2026-01-22 07:17:32,ThinkMarkets ThinkZero,USDJPY,158.641,158.646,0.005,5,London,Thursday
2026-01-22 07:17:32,ThinkMarkets ThinkZero,AUDUSD,0.68034,0.68035,1e-05,1,London,Thursday
2026-01-22 07:17:35,ICMarkets Raw,XAUUSD,4798.9,4798.95,0.05,5,London,Thursday
2026-01-22 07:17:36,ICMarkets Raw,EURUSD,1.16913,1.16913,0.0,0,London,Thursday
2026-01-22 07:17:37,ICMarkets Raw,GBPUSD,1.34295,1.34296,1e-05,1,London,Thursday
2026-01-22 07:17:38,ICMarkets Raw,USDJPY,158.645,158.646,0.001,1,London,Thursday
2026-01-22 07:17:39,ICMarkets Raw,AUDUSD,0.6803,0.68031,1e-05,1,London,Thursday
2026-01-22 07:17:42,VantageMarkets Raw,XAUUSD,4798.64,4798.72,0.08,8,London,Thursday
2026-01-22 07:17:43,VantageMarkets Raw,EURUSD,1.16913,1.16914,1e-05,1,London,Thursday
2026-01-22 07:17:44,VantageMarkets Raw,GBPUSD,1.34296,1.34297,1e-05,1,London,Thursday
2026-01-22 07:17:44,VantageMarkets Raw,USDJPY,158.638,158.639,0.001,1,London,Thursday
2026-01-22 07:17:45,VantageMarkets Raw,AUDUSD,0.6803,0.68032,2e-05,2,London,Thursday
2026-01-22 07:17:48,FPMarkets Raw,XAUUSD,4798.6,4798.67,0.07,7,London,Thursday
2026-01-22 07:17:49,FPMarkets Raw,EURUSD,1.16913,1.16915,2e-05,2,London,Thursday
2026-01-22 07:17:50,FPMarkets Raw,GBPUSD,1.34292,1.34297,5e-05,5,London,Thursday
2026-01-22 07:17:51,FPMarkets Raw,USDJPY,158.633,158.637,0.004,4,London,Thursday
2026-01-22 07:17:52,FPMarkets Raw,AUDUSD,0.68032,0.68034,2e-05,2,London,Thursday
2026-01-22 07:17:53,8Cap Raw,XAUUSD,4798.7,4798.86,0.16,16,London,Thursday
2026-01-22 07:17:54,8Cap Raw,EURUSD,1.16913,1.16913,0.0,0,London,Thursday
2026-01-22 07:17:55,8Cap Raw,GBPUSD,1.34295,1.34296,1e-05,1,London,Thursday
2026-01-22 07:17:55,8Cap Raw,USDJPY,158.631,158.634,0.003,3,London,Thursday
2026-01-22 07:17:56,8Cap Raw,AUDUSD,0.68032,0.68034,2e-05,2,London,Thursday
2026-01-22 07:22:17,Pepperstone Razor,XAUUSD,4796.12,4796.28,0.16,16,London,Thursday
2026-01-22 07:22:17,Pepperstone Razor,EURUSD,1.16887,1.16887,0.0,0,London,Thursday
2026-01-22 07:22:18,Pepperstone Razor,GBPUSD,1.34267,1.34267,0.0,0,London,Thursday
2026-01-22 07:22:19,Pepperstone Razor,USDJPY,158.658,158.66,0.002,2,London,Thursday
2026-01-22 07:22:20,Pepperstone Razor,AUDUSD,0.6801,0.6801,0.0,0,London,Thursday
2026-01-22 07:22:23,FusionMarkets Zero,XAUUSD,4795.99,4796.13,0.14,14,London,Thursday
2026-01-22 07:22:24,FusionMarkets Zero,EURUSD,1.16886,1.16886,0.0,0,London,Thursday
2026-01-22 07:22:25,FusionMarkets Zero,GBPUSD,1.34257,1.34257,0.0,0,London,Thursday
2026-01-22 07:22:26,FusionMarkets Zero,USDJPY,158.662,158.662,0.0,0,London,Thursday
2026-01-22 07:22:27,FusionMarkets Zero,AUDUSD,0.68012,0.68012,0.0,0,London,Thursday
2026-01-22 07:22:30,ThinkMarkets ThinkZero,XAUUSD,4795.73,4795.81,0.08,8,London,Thursday
2026-01-22 07:22:31,ThinkMarkets ThinkZero,EURUSD,1.16885,1.16886,1e-05,1,London,Thursday
2026-01-22 07:22:32,ThinkMarkets ThinkZero,GBPUSD,1.34251,1.34258,7e-05,7,London,Thursday
2026-01-22 07:22:32,ThinkMarkets ThinkZero,USDJPY,158.66,158.664,0.004,4,London,Thursday
2026-01-22 07:22:33,ThinkMarkets ThinkZero,AUDUSD,0.68007,0.68011,4e-05,4,London,Thursday
2026-01-22 07:22:36,ICMarkets Raw,XAUUSD,4795.98,4796.06,0.08,8,London,Thursday
2026-01-22 07:22:37,ICMarkets Raw,EURUSD,1.16885,1.16885,0.0,0,London,Thursday
2026-01-22 07:22:38,ICMarkets Raw,GBPUSD,1.34257,1.34258,1e-05,1,London,Thursday
2026-01-22 07:22:39,ICMarkets Raw,USDJPY,158.662,158.663,0.001,1,London,Thursday
2026-01-22 07:22:40,ICMarkets Raw,AUDUSD,0.68013,0.68013,0.0,0,London,Thursday
2026-01-22 07:22:43,VantageMarkets Raw,XAUUSD,4796.31,4796.39,0.08,8,London,Thursday
2026-01-22 07:22:43,VantageMarkets Raw,EURUSD,1.16884,1.16887,3e-05,3,London,Thursday
2026-01-22 07:22:44,VantageMarkets Raw,GBPUSD,1.34257,1.34259,2e-05,2,London,Thursday
2026-01-22 07:22:45,VantageMarkets Raw,USDJPY,158.661,158.663,0.002,2,London,Thursday
2026-01-22 07:22:46,VantageMarkets Raw,AUDUSD,0.6801,0.68013,3e-05,3,London,Thursday
2026-01-22 07:22:49,FPMarkets Raw,XAUUSD,4796.24,4796.31,0.07,7,London,Thursday
2026-01-22 07:22:50,FPMarkets Raw,EURUSD,1.16886,1.16886,0.0,0,London,Thursday
2026-01-22 07:22:51,FPMarkets Raw,GBPUSD,1.34255,1.3426,5e-05,5,London,Thursday
2026-01-22 07:22:52,FPMarkets Raw,USDJPY,158.672,158.676,0.004,4,London,Thursday
2026-01-22 07:22:53,FPMarkets Raw,AUDUSD,0.68012,0.68015,3e-05,3,London,Thursday
2026-01-22 07:22:54,8Cap Raw,XAUUSD,4796.09,4796.25,0.16,16,London,Thursday
2026-01-22 07:22:55,8Cap Raw,EURUSD,1.16886,1.16887,1e-05,1,London,Thursday
2026-01-22 07:22:56,8Cap Raw,GBPUSD,1.34256,1.34258,2e-05,2,London,Thursday
2026-01-22 07:22:56,8Cap Raw,USDJPY,158.68,158.684,0.004,4,London,Thursday
2026-01-22 07:22:57,8Cap Raw,AUDUSD,0.68012,0.68014,2e-05,2,London,Thursday
2026-01-22 07:27:16,Pepperstone Razor,XAUUSD,4796.96,4797.11,0.15,15,London,Thursday
2026-01-22 07:27:17,Pepperstone Razor,EURUSD,1.16881,1.16881,0.0,0,London,Thursday
2026-01-22 07:27:18,Pepperstone Razor,GBPUSD,1.34258,1.3426,2e-05,2,London,Thursday
2026-01-22 07:27:19,Pepperstone Razor,USDJPY,158.665,158.668,0.003,3,London,Thursday
2026-01-22 07:27:20,Pepperstone Razor,AUDUSD,0.68023,0.68024,1e-05,1,London,Thursday
2026-01-22 07:27:23,FusionMarkets Zero,XAUUSD,4796.24,4796.3,0.06,6,London,Thursday
2026-01-22 07:27:24,FusionMarkets Zero,EURUSD,1.1688,1.1688,0.0,0,London,Thursday
2026-01-22 07:27:25,FusionMarkets Zero,GBPUSD,1.34261,1.34261,0.0,0,London,Thursday
2026-01-22 07:27:26,FusionMarkets Zero,USDJPY,158.667,158.669,0.002,2,London,Thursday
2026-01-22 07:27:27,FusionMarkets Zero,AUDUSD,0.68025,0.68025,0.0,0,London,Thursday
2026-01-22 07:27:30,ThinkMarkets ThinkZero,XAUUSD,4795.44,4795.52,0.08,8,London,Thursday
2026-01-22 07:27:31,ThinkMarkets ThinkZero,EURUSD,1.16882,1.16885,3e-05,3,London,Thursday
2026-01-22 07:27:31,ThinkMarkets ThinkZero,GBPUSD,1.34257,1.34264,7e-05,7,London,Thursday
2026-01-22 07:27:32,ThinkMarkets ThinkZero,USDJPY,158.67,158.675,0.005,5,London,Thursday
2026-01-22 07:27:33,ThinkMarkets ThinkZero,AUDUSD,0.68021,0.68024,3e-05,3,London,Thursday
2026-01-22 07:27:36,ICMarkets Raw,XAUUSD,4795.37,4795.46,0.09,9,London,Thursday
2026-01-22 07:27:37,ICMarkets Raw,EURUSD,1.16883,1.16884,1e-05,1,London,Thursday
2026-01-22 07:27:38,ICMarkets Raw,GBPUSD,1.34265,1.34267,2e-05,2,London,Thursday
2026-01-22 07:27:39,ICMarkets Raw,USDJPY,158.667,158.669,0.002,2,London,Thursday
2026-01-22 07:27:40,ICMarkets Raw,AUDUSD,0.68028,0.6803,2e-05,2,London,Thursday
2026-01-22 07:27:42,VantageMarkets Raw,XAUUSD,4795.56,4795.64,0.08,8,London,Thursday
2026-01-22 07:27:43,VantageMarkets Raw,EURUSD,1.16883,1.16885,2e-05,2,London,Thursday
2026-01-22 07:27:44,VantageMarkets Raw,GBPUSD,1.34265,1.3427,5e-05,5,London,Thursday
2026-01-22 07:27:45,VantageMarkets Raw,USDJPY,158.671,158.673,0.002,2,London,Thursday
2026-01-22 07:27:46,VantageMarkets Raw,AUDUSD,0.68026,0.6803,4e-05,4,London,Thursday
2026-01-22 07:27:49,FPMarkets Raw,XAUUSD,4795.23,4795.3,0.07,7,London,Thursday
2026-01-22 07:27:50,FPMarkets Raw,EURUSD,1.16884,1.16885,1e-05,1,London,Thursday
2026-01-22 07:27:51,FPMarkets Raw,GBPUSD,1.34264,1.34269,5e-05,5,London,Thursday
2026-01-22 07:27:52,FPMarkets Raw,USDJPY,158.666,158.67,0.004,4,London,Thursday
2026-01-22 07:27:52,FPMarkets Raw,AUDUSD,0.68029,0.68032,3e-05,3,London,Thursday
2026-01-22 07:27:54,8Cap Raw,XAUUSD,4795.33,4795.49,0.16,16,London,Thursday
2026-01-22 07:27:55,8Cap Raw,EURUSD,1.16884,1.16885,1e-05,1,London,Thursday
2026-01-22 07:27:55,8Cap Raw,GBPUSD,1.34265,1.34268,3e-05,3,London,Thursday
2026-01-22 07:27:56,8Cap Raw,USDJPY,158.666,158.667,0.001,1,London,Thursday
2026-01-22 07:27:57,8Cap Raw,AUDUSD,0.68028,0.68031,3e-05,3,London,Thursday
2026-01-22 07:32:17,Pepperstone Razor,XAUUSD,4798.95,4799.2,0.25,25,London,Thursday
2026-01-22 07:32:17,Pepperstone Razor,EURUSD,1.16889,1.16889,0.0,0,London,Thursday
2026-01-22 07:32:18,Pepperstone Razor,GBPUSD,1.34277,1.3428,3e-05,3,London,Thursday
2026-01-22 07:32:19,Pepperstone Razor,USDJPY,158.685,158.685,0.0,0,London,Thursday
2026-01-22 07:32:20,Pepperstone Razor,AUDUSD,0.68053,0.68054,1e-05,1,London,Thursday
2026-01-22 07:32:23,FusionMarkets Zero,XAUUSD,4798.79,4798.93,0.14,14,London,Thursday
2026-01-22 07:32:24,FusionMarkets Zero,EURUSD,1.16888,1.16888,0.0,0,London,Thursday
2026-01-22 07:32:25,FusionMarkets Zero,GBPUSD,1.34277,1.34277,0.0,0,London,Thursday
2026-01-22 07:32:26,FusionMarkets Zero,USDJPY,158.685,158.685,0.0,0,London,Thursday
2026-01-22 07:32:27,FusionMarkets Zero,AUDUSD,0.6806,0.6806,0.0,0,London,Thursday
2026-01-22 07:32:30,ThinkMarkets ThinkZero,XAUUSD,4798.96,4799.04,0.08,8,London,Thursday
2026-01-22 07:32:31,ThinkMarkets ThinkZero,EURUSD,1.16887,1.16889,2e-05,2,London,Thursday
2026-01-22 07:32:32,ThinkMarkets ThinkZero,GBPUSD,1.3427,1.34278,8e-05,8,London,Thursday
2026-01-22 07:32:33,ThinkMarkets ThinkZero,USDJPY,158.682,158.686,0.004,4,London,Thursday
2026-01-22 07:32:34,ThinkMarkets ThinkZero,AUDUSD,0.68062,0.68065,3e-05,3,London,Thursday
2026-01-22 07:32:37,ICMarkets Raw,XAUUSD,4798.64,4798.76,0.12,12,London,Thursday
2026-01-22 07:32:37,ICMarkets Raw,EURUSD,1.16888,1.16889,1e-05,1,London,Thursday
2026-01-22 07:32:38,ICMarkets Raw,GBPUSD,1.34277,1.34278,1e-05,1,London,Thursday
2026-01-22 07:32:39,ICMarkets Raw,USDJPY,158.678,158.678,0.0,0,London,Thursday
2026-01-22 07:32:40,ICMarkets Raw,AUDUSD,0.68061,0.68061,0.0,0,London,Thursday
2026-01-22 07:32:43,VantageMarkets Raw,XAUUSD,4798.19,4798.27,0.08,8,London,Thursday
2026-01-22 07:32:44,VantageMarkets Raw,EURUSD,1.16889,1.16891,2e-05,2,London,Thursday
2026-01-22 07:32:45,VantageMarkets Raw,GBPUSD,1.34277,1.34278,1e-05,1,London,Thursday
2026-01-22 07:32:46,VantageMarkets Raw,USDJPY,158.676,158.682,0.006,6,London,Thursday
2026-01-22 07:32:46,VantageMarkets Raw,AUDUSD,0.6806,0.68062,2e-05,2,London,Thursday
2026-01-22 07:32:50,FPMarkets Raw,XAUUSD,4798.07,4798.14,0.07,7,London,Thursday
2026-01-22 07:32:50,FPMarkets Raw,EURUSD,1.16888,1.1689,2e-05,2,London,Thursday
2026-01-22 07:32:51,FPMarkets Raw,GBPUSD,1.34277,1.34277,0.0,0,London,Thursday
2026-01-22 07:32:52,FPMarkets Raw,USDJPY,158.668,158.673,0.005,5,London,Thursday
2026-01-22 07:32:53,FPMarkets Raw,AUDUSD,0.68059,0.68063,4e-05,4,London,Thursday
2026-01-22 07:32:55,8Cap Raw,XAUUSD,4797.52,4797.68,0.16,16,London,Thursday
2026-01-22 07:32:56,8Cap Raw,EURUSD,1.16889,1.16889,0.0,0,London,Thursday
2026-01-22 07:32:56,8Cap Raw,GBPUSD,1.34277,1.34278,1e-05,1,London,Thursday
2026-01-22 07:32:57,8Cap Raw,USDJPY,158.669,158.67,0.001,1,London,Thursday
2026-01-22 07:32:58,8Cap Raw,AUDUSD,0.68059,0.68062,3e-05,3,London,Thursday
2026-01-22 07:37:16,Pepperstone Razor,XAUUSD,4798.24,4798.46,0.22,22,London,Thursday
2026-01-22 07:37:17,Pepperstone Razor,EURUSD,1.16886,1.16886,0.0,0,London,Thursday
2026-01-22 07:37:18,Pepperstone Razor,GBPUSD,1.34269,1.34271,2e-05,2,London,Thursday
2026-01-22 07:37:19,Pepperstone Razor,USDJPY,158.664,158.666,0.002,2,London,Thursday
2026-01-22 07:37:20,Pepperstone Razor,AUDUSD,0.6805,0.6805,0.0,0,London,Thursday
2026-01-22 07:37:23,FusionMarkets Zero,XAUUSD,4798.51,4798.65,0.14,14,London,Thursday
2026-01-22 07:37:24,FusionMarkets Zero,EURUSD,1.16883,1.16883,0.0,0,London,Thursday
2026-01-22 07:37:25,FusionMarkets Zero,GBPUSD,1.34266,1.34266,0.0,0,London,Thursday
2026-01-22 07:37:26,FusionMarkets Zero,USDJPY,158.67,158.672,0.002,2,London,Thursday
2026-01-22 07:37:27,FusionMarkets Zero,AUDUSD,0.68052,0.68052,0.0,0,London,Thursday
2026-01-22 07:37:30,ThinkMarkets ThinkZero,XAUUSD,4797.98,4798.06,0.08,8,London,Thursday
2026-01-22 07:37:31,ThinkMarkets ThinkZero,EURUSD,1.16882,1.16884,2e-05,2,London,Thursday
2026-01-22 07:37:32,ThinkMarkets ThinkZero,GBPUSD,1.34263,1.34269,6e-05,6,London,Thursday
2026-01-22 07:37:32,ThinkMarkets ThinkZero,USDJPY,158.669,158.673,0.004,4,London,Thursday
2026-01-22 07:37:33,ThinkMarkets ThinkZero,AUDUSD,0.68051,0.68054,3e-05,3,London,Thursday
2026-01-22 07:37:36,ICMarkets Raw,XAUUSD,4797.8,4797.89,0.09,9,London,Thursday
2026-01-22 07:37:37,ICMarkets Raw,EURUSD,1.16886,1.16886,0.0,0,London,Thursday
2026-01-22 07:37:38,ICMarkets Raw,GBPUSD,1.3427,1.34271,1e-05,1,London,Thursday
2026-01-22 07:37:39,ICMarkets Raw,USDJPY,158.669,158.671,0.002,2,London,Thursday
2026-01-22 07:37:40,ICMarkets Raw,AUDUSD,0.68056,0.68056,0.0,0,London,Thursday
2026-01-22 07:37:43,VantageMarkets Raw,XAUUSD,4797.99,4798.07,0.08,8,London,Thursday
2026-01-22 07:37:44,VantageMarkets Raw,EURUSD,1.16885,1.16887,2e-05,2,London,Thursday
2026-01-22 07:37:45,VantageMarkets Raw,GBPUSD,1.34269,1.34275,6e-05,6,London,Thursday
2026-01-22 07:37:45,VantageMarkets Raw,USDJPY,158.67,158.671,0.001,1,London,Thursday
2026-01-22 07:37:46,VantageMarkets Raw,AUDUSD,0.68054,0.68057,3e-05,3,London,Thursday
2026-01-22 07:37:50,FPMarkets Raw,XAUUSD,4798.12,4798.19,0.07,7,London,Thursday
2026-01-22 07:37:50,FPMarkets Raw,EURUSD,1.16886,1.16886,0.0,0,London,Thursday
2026-01-22 07:37:51,FPMarkets Raw,GBPUSD,1.3427,1.34275,5e-05,5,London,Thursday
2026-01-22 07:37:52,FPMarkets Raw,USDJPY,158.667,158.671,0.004,4,London,Thursday
2026-01-22 07:37:53,FPMarkets Raw,AUDUSD,0.68054,0.68057,3e-05,3,London,Thursday
2026-01-22 07:37:55,8Cap Raw,XAUUSD,4798.63,4798.79,0.16,16,London,Thursday
2026-01-22 07:37:56,8Cap Raw,EURUSD,1.16886,1.16886,0.0,0,London,Thursday
2026-01-22 07:37:56,8Cap Raw,GBPUSD,1.34272,1.34276,4e-05,4,London,Thursday
2026-01-22 07:37:57,8Cap Raw,USDJPY,158.668,158.669,0.001,1,London,Thursday
2026-01-22 07:37:58,8Cap Raw,AUDUSD,0.68055,0.68058,3e-05,3,London,Thursday
2026-01-22 07:42:17,Pepperstone Razor,XAUUSD,4801.02,4801.26,0.24,24,London,Thursday
2026-01-22 07:42:18,Pepperstone Razor,EURUSD,1.16881,1.16881,0.0,0,London,Thursday
2026-01-22 07:42:18,Pepperstone Razor,GBPUSD,1.34267,1.34268,1e-05,1,London,Thursday
2026-01-22 07:42:19,Pepperstone Razor,USDJPY,158.674,158.676,0.002,2,London,Thursday
2026-01-22 07:42:20,Pepperstone Razor,AUDUSD,0.68024,0.68024,0.0,0,London,Thursday
2026-01-22 07:42:23,FusionMarkets Zero,XAUUSD,4800.89,4801.03,0.14,14,London,Thursday
2026-01-22 07:42:24,FusionMarkets Zero,EURUSD,1.16879,1.16879,0.0,0,London,Thursday
2026-01-22 07:42:25,FusionMarkets Zero,GBPUSD,1.34265,1.34265,0.0,0,London,Thursday
2026-01-22 07:42:26,FusionMarkets Zero,USDJPY,158.677,158.679,0.002,2,London,Thursday
2026-01-22 07:42:27,FusionMarkets Zero,AUDUSD,0.68024,0.68024,0.0,0,London,Thursday
2026-01-22 07:42:30,ThinkMarkets ThinkZero,XAUUSD,4801.05,4801.13,0.08,8,London,Thursday
2026-01-22 07:42:31,ThinkMarkets ThinkZero,EURUSD,1.16878,1.16881,3e-05,3,London,Thursday
2026-01-22 07:42:32,ThinkMarkets ThinkZero,GBPUSD,1.3426,1.34265,5e-05,5,London,Thursday
2026-01-22 07:42:33,ThinkMarkets ThinkZero,USDJPY,158.683,158.686,0.003,3,London,Thursday
2026-01-22 07:42:34,ThinkMarkets ThinkZero,AUDUSD,0.68022,0.68026,4e-05,4,London,Thursday
2026-01-22 07:42:37,ICMarkets Raw,XAUUSD,4800.46,4800.55,0.09,9,London,Thursday
2026-01-22 07:42:38,ICMarkets Raw,EURUSD,1.16879,1.16879,0.0,0,London,Thursday
2026-01-22 07:42:39,ICMarkets Raw,GBPUSD,1.34266,1.34267,1e-05,1,London,Thursday
2026-01-22 07:42:40,ICMarkets Raw,USDJPY,158.681,158.683,0.002,2,London,Thursday
2026-01-22 07:42:40,ICMarkets Raw,AUDUSD,0.68028,0.6803,2e-05,2,London,Thursday
2026-01-22 07:42:43,VantageMarkets Raw,XAUUSD,4801.66,4801.74,0.08,8,London,Thursday
2026-01-22 07:42:44,VantageMarkets Raw,EURUSD,1.16878,1.1688,2e-05,2,London,Thursday
2026-01-22 07:42:45,VantageMarkets Raw,GBPUSD,1.34264,1.34265,1e-05,1,London,Thursday
2026-01-22 07:42:46,VantageMarkets Raw,USDJPY,158.689,158.697,0.008,8,London,Thursday
2026-01-22 07:42:47,VantageMarkets Raw,AUDUSD,0.68031,0.68034,3e-05,3,London,Thursday
2026-01-22 07:42:50,FPMarkets Raw,XAUUSD,4801.41,4801.48,0.07,7,London,Thursday
2026-01-22 07:42:51,FPMarkets Raw,EURUSD,1.16875,1.16876,1e-05,1,London,Thursday
2026-01-22 07:42:52,FPMarkets Raw,GBPUSD,1.34262,1.34267,5e-05,5,London,Thursday
2026-01-22 07:42:53,FPMarkets Raw,USDJPY,158.693,158.697,0.004,4,London,Thursday
2026-01-22 07:42:53,FPMarkets Raw,AUDUSD,0.68029,0.68031,2e-05,2,London,Thursday
2026-01-22 07:42:55,8Cap Raw,XAUUSD,4801.47,4801.63,0.16,16,London,Thursday
2026-01-22 07:42:56,8Cap Raw,EURUSD,1.16878,1.16879,1e-05,1,London,Thursday
2026-01-22 07:42:57,8Cap Raw,GBPUSD,1.34264,1.34265,1e-05,1,London,Thursday
2026-01-22 07:42:57,8Cap Raw,USDJPY,158.691,158.692,0.001,1,London,Thursday
2026-01-22 07:42:58,8Cap Raw,AUDUSD,0.68029,0.68032,3e-05,3,London,Thursday
2026-01-22 07:47:16,Pepperstone Razor,XAUUSD,4804.71,4804.94,0.23,23,London,Thursday
2026-01-22 07:47:17,Pepperstone Razor,EURUSD,1.16857,1.16857,0.0,0,London,Thursday
2026-01-22 07:47:19,Pepperstone Razor,GBPUSD,1.34252,1.34254,2e-05,2,London,Thursday
2026-01-22 07:47:20,Pepperstone Razor,USDJPY,158.696,158.698,0.002,2,London,Thursday
2026-01-22 07:47:21,Pepperstone Razor,AUDUSD,0.68026,0.68026,0.0,0,London,Thursday
2026-01-22 07:47:24,FusionMarkets Zero,XAUUSD,4805.6,4805.74,0.14,14,London,Thursday
2026-01-22 07:47:25,FusionMarkets Zero,EURUSD,1.16852,1.16852,0.0,0,London,Thursday
2026-01-22 07:47:26,FusionMarkets Zero,GBPUSD,1.34253,1.34253,0.0,0,London,Thursday
2026-01-22 07:47:26,FusionMarkets Zero,USDJPY,158.691,158.693,0.002,2,London,Thursday
2026-01-22 07:47:27,FusionMarkets Zero,AUDUSD,0.68023,0.68023,0.0,0,London,Thursday
2026-01-22 07:47:31,ThinkMarkets ThinkZero,XAUUSD,4805.31,4805.39,0.08,8,London,Thursday
2026-01-22 07:47:32,ThinkMarkets ThinkZero,EURUSD,1.16848,1.16852,4e-05,4,London,Thursday
2026-01-22 07:47:33,ThinkMarkets ThinkZero,GBPUSD,1.34246,1.34251,5e-05,5,London,Thursday
2026-01-22 07:47:33,ThinkMarkets ThinkZero,USDJPY,158.693,158.696,0.003,3,London,Thursday
2026-01-22 07:47:34,ThinkMarkets ThinkZero,AUDUSD,0.6802,0.68021,1e-05,1,London,Thursday
2026-01-22 07:47:37,ICMarkets Raw,XAUUSD,4805.18,4805.3,0.12,12,London,Thursday
2026-01-22 07:47:38,ICMarkets Raw,EURUSD,1.16849,1.16849,0.0,0,London,Thursday
2026-01-22 07:47:39,ICMarkets Raw,GBPUSD,1.34247,1.3425,3e-05,3,London,Thursday
2026-01-22 07:47:40,ICMarkets Raw,USDJPY,158.693,158.694,0.001,1,London,Thursday
2026-01-22 07:47:41,ICMarkets Raw,AUDUSD,0.68019,0.68019,0.0,0,London,Thursday
2026-01-22 07:47:44,VantageMarkets Raw,XAUUSD,4805.17,4805.25,0.08,8,London,Thursday
2026-01-22 07:47:45,VantageMarkets Raw,EURUSD,1.16844,1.16849,5e-05,5,London,Thursday
2026-01-22 07:47:46,VantageMarkets Raw,GBPUSD,1.34244,1.34245,1e-05,1,London,Thursday
2026-01-22 07:47:47,VantageMarkets Raw,USDJPY,158.703,158.709,0.006,6,London,Thursday
2026-01-22 07:47:48,VantageMarkets Raw,AUDUSD,0.68017,0.68021,4e-05,4,London,Thursday
2026-01-22 07:47:51,FPMarkets Raw,XAUUSD,4805.1,4805.17,0.07,7,London,Thursday
2026-01-22 07:47:52,FPMarkets Raw,EURUSD,1.16846,1.16847,1e-05,1,London,Thursday
2026-01-22 07:47:53,FPMarkets Raw,GBPUSD,1.34245,1.3425,5e-05,5,London,Thursday
2026-01-22 07:47:54,FPMarkets Raw,USDJPY,158.694,158.698,0.004,4,London,Thursday
2026-01-22 07:47:55,FPMarkets Raw,AUDUSD,0.68019,0.68022,3e-05,3,London,Thursday
2026-01-22 07:47:56,8Cap Raw,XAUUSD,4805.19,4805.35,0.16,16,London,Thursday
2026-01-22 07:47:57,8Cap Raw,EURUSD,1.16848,1.16849,1e-05,1,London,Thursday
2026-01-22 07:47:57,8Cap Raw,GBPUSD,1.34245,1.34246,1e-05,1,London,Thursday
2026-01-22 07:47:58,8Cap Raw,USDJPY,158.694,158.695,0.001,1,London,Thursday
2026-01-22 07:47:59,8Cap Raw,AUDUSD,0.68019,0.68022,3e-05,3,London,Thursday
2026-01-22 07:52:16,Pepperstone Razor,XAUUSD,4816.11,4816.31,0.2,20,London,Thursday
2026-01-22 07:52:17,Pepperstone Razor,EURUSD,1.16867,1.16867,0.0,0,London,Thursday
2026-01-22 07:52:18,Pepperstone Razor,GBPUSD,1.3427,1.34273,3e-05,3,London,Thursday
2026-01-22 07:52:19,Pepperstone Razor,USDJPY,158.667,158.669,0.002,2,London,Thursday
2026-01-22 07:52:20,Pepperstone Razor,AUDUSD,0.68019,0.6802,1e-05,1,London,Thursday
2026-01-22 07:52:23,FusionMarkets Zero,XAUUSD,4816.55,4816.7,0.15,15,London,Thursday
2026-01-22 07:52:24,FusionMarkets Zero,EURUSD,1.16866,1.16866,0.0,0,London,Thursday
2026-01-22 07:52:25,FusionMarkets Zero,GBPUSD,1.3427,1.3427,0.0,0,London,Thursday
2026-01-22 07:52:26,FusionMarkets Zero,USDJPY,158.673,158.673,0.0,0,London,Thursday
2026-01-22 07:52:27,FusionMarkets Zero,AUDUSD,0.68022,0.68022,0.0,0,London,Thursday
2026-01-22 07:52:30,ThinkMarkets ThinkZero,XAUUSD,4816.63,4816.71,0.08,8,London,Thursday
2026-01-22 07:52:31,ThinkMarkets ThinkZero,EURUSD,1.16864,1.16867,3e-05,3,London,Thursday
2026-01-22 07:52:32,ThinkMarkets ThinkZero,GBPUSD,1.34262,1.34268,6e-05,6,London,Thursday
2026-01-22 07:52:33,ThinkMarkets ThinkZero,USDJPY,158.677,158.681,0.004,4,London,Thursday
2026-01-22 07:52:34,ThinkMarkets ThinkZero,AUDUSD,0.68021,0.68024,3e-05,3,London,Thursday
2026-01-22 07:52:37,ICMarkets Raw,XAUUSD,4817.63,4817.73,0.1,10,London,Thursday
2026-01-22 07:52:38,ICMarkets Raw,EURUSD,1.16868,1.16868,0.0,0,London,Thursday
2026-01-22 07:52:39,ICMarkets Raw,GBPUSD,1.34265,1.34266,1e-05,1,London,Thursday
2026-01-22 07:52:40,ICMarkets Raw,USDJPY,158.678,158.679,0.001,1,London,Thursday
2026-01-22 07:52:41,ICMarkets Raw,AUDUSD,0.68021,0.68021,0.0,0,London,Thursday
2026-01-22 07:52:44,VantageMarkets Raw,XAUUSD,4817.03,4817.11,0.08,8,London,Thursday
2026-01-22 07:52:45,VantageMarkets Raw,EURUSD,1.16866,1.16871,5e-05,5,London,Thursday
2026-01-22 07:52:46,VantageMarkets Raw,GBPUSD,1.34264,1.34268,4e-05,4,London,Thursday
2026-01-22 07:52:47,VantageMarkets Raw,USDJPY,158.679,158.681,0.002,2,London,Thursday
2026-01-22 07:52:48,VantageMarkets Raw,AUDUSD,0.68017,0.68021,4e-05,4,London,Thursday
2026-01-22 07:52:51,FPMarkets Raw,XAUUSD,4817.18,4817.25,0.07,7,London,Thursday
2026-01-22 07:52:52,FPMarkets Raw,EURUSD,1.16864,1.16865,1e-05,1,London,Thursday
2026-01-22 07:52:53,FPMarkets Raw,GBPUSD,1.34264,1.34269,5e-05,5,London,Thursday
2026-01-22 07:52:54,FPMarkets Raw,USDJPY,158.676,158.682,0.006,6,London,Thursday
2026-01-22 07:52:54,FPMarkets Raw,AUDUSD,0.68019,0.68022,3e-05,3,London,Thursday
2026-01-22 07:52:56,8Cap Raw,XAUUSD,4817.2,4817.36,0.16,16,London,Thursday
2026-01-22 07:52:57,8Cap Raw,EURUSD,1.16864,1.16866,2e-05,2,London,Thursday
2026-01-22 07:52:58,8Cap Raw,GBPUSD,1.34263,1.34266,3e-05,3,London,Thursday
2026-01-22 07:52:58,8Cap Raw,USDJPY,158.679,158.68,0.001,1,London,Thursday
2026-01-22 07:52:59,8Cap Raw,AUDUSD,0.68017,0.6802,3e-05,3,London,Thursday
2026-01-22 07:57:17,Pepperstone Razor,XAUUSD,4817.02,4817.26,0.24,24,London,Thursday
2026-01-22 07:57:18,Pepperstone Razor,EURUSD,1.16882,1.16882,0.0,0,London,Thursday
2026-01-22 07:57:19,Pepperstone Razor,GBPUSD,1.34278,1.34281,3e-05,3,London,Thursday
2026-01-22 07:57:20,Pepperstone Razor,USDJPY,158.721,158.723,0.002,2,London,Thursday
2026-01-22 07:57:21,Pepperstone Razor,AUDUSD,0.68028,0.68029,1e-05,1,London,Thursday
2026-01-22 07:57:24,FusionMarkets Zero,XAUUSD,4816.73,4816.87,0.14,14,London,Thursday
2026-01-22 07:57:25,FusionMarkets Zero,EURUSD,1.16878,1.16878,0.0,0,London,Thursday
2026-01-22 07:57:26,FusionMarkets Zero,GBPUSD,1.34274,1.34274,0.0,0,London,Thursday
2026-01-22 07:57:26,FusionMarkets Zero,USDJPY,158.729,158.731,0.002,2,London,Thursday
2026-01-22 07:57:27,FusionMarkets Zero,AUDUSD,0.68027,0.68027,0.0,0,London,Thursday
2026-01-22 07:57:31,ThinkMarkets ThinkZero,XAUUSD,4816.08,4816.16,0.08,8,London,Thursday
2026-01-22 07:57:32,ThinkMarkets ThinkZero,EURUSD,1.16877,1.1688,3e-05,3,London,Thursday
2026-01-22 07:57:32,ThinkMarkets ThinkZero,GBPUSD,1.3427,1.34276,6e-05,6,London,Thursday
2026-01-22 07:57:33,ThinkMarkets ThinkZero,USDJPY,158.725,158.729,0.004,4,London,Thursday
2026-01-22 07:57:34,ThinkMarkets ThinkZero,AUDUSD,0.68026,0.68028,2e-05,2,London,Thursday
2026-01-22 07:57:38,ICMarkets Raw,XAUUSD,4816.54,4816.66,0.12,12,London,Thursday
2026-01-22 07:57:39,ICMarkets Raw,EURUSD,1.1688,1.16881,1e-05,1,London,Thursday
2026-01-22 07:57:40,ICMarkets Raw,GBPUSD,1.34276,1.34277,1e-05,1,London,Thursday
2026-01-22 07:57:40,ICMarkets Raw,USDJPY,158.73,158.731,0.001,1,London,Thursday
2026-01-22 07:57:41,ICMarkets Raw,AUDUSD,0.68026,0.68026,0.0,0,London,Thursday
2026-01-22 07:57:44,VantageMarkets Raw,XAUUSD,4816.51,4816.59,0.08,8,London,Thursday
2026-01-22 07:57:45,VantageMarkets Raw,EURUSD,1.16882,1.16886,4e-05,4,London,Thursday
2026-01-22 07:57:46,VantageMarkets Raw,GBPUSD,1.34275,1.34276,1e-05,1,London,Thursday
2026-01-22 07:57:47,VantageMarkets Raw,USDJPY,158.731,158.732,0.001,1,London,Thursday
2026-01-22 07:57:48,VantageMarkets Raw,AUDUSD,0.68025,0.68028,3e-05,3,London,Thursday
2026-01-22 07:57:51,FPMarkets Raw,XAUUSD,4816.93,4817.0,0.07,7,London,Thursday
2026-01-22 07:57:52,FPMarkets Raw,EURUSD,1.16885,1.16886,1e-05,1,London,Thursday
2026-01-22 07:57:53,FPMarkets Raw,GBPUSD,1.34277,1.34278,1e-05,1,London,Thursday
2026-01-22 07:57:54,FPMarkets Raw,USDJPY,158.725,158.729,0.004,4,London,Thursday
2026-01-22 07:57:55,FPMarkets Raw,AUDUSD,0.68026,0.68029,3e-05,3,London,Thursday
2026-01-22 07:57:57,8Cap Raw,XAUUSD,4816.87,4817.03,0.16,16,London,Thursday
2026-01-22 07:57:57,8Cap Raw,EURUSD,1.16888,1.1689,2e-05,2,London,Thursday
2026-01-22 07:57:58,8Cap Raw,GBPUSD,1.34278,1.34279,1e-05,1,London,Thursday
2026-01-22 07:57:59,8Cap Raw,USDJPY,158.725,158.727,0.002,2,London,Thursday
2026-01-22 07:57:59,8Cap Raw,AUDUSD,0.68025,0.68029,4e-05,4,London,Thursday
2026-01-22 08:02:16,Pepperstone Razor,XAUUSD,4823.46,4823.64,0.18,18,London,Thursday
2026-01-22 08:02:17,Pepperstone Razor,EURUSD,1.16896,1.16896,0.0,0,London,Thursday
2026-01-22 08:02:18,Pepperstone Razor,GBPUSD,1.34288,1.3429,2e-05,2,London,Thursday
2026-01-22 08:02:19,Pepperstone Razor,USDJPY,158.72,158.721,0.001,1,London,Thursday
2026-01-22 08:02:20,Pepperstone Razor,AUDUSD,0.68042,0.68042,0.0,0,London,Thursday
2026-01-22 08:02:23,FusionMarkets Zero,XAUUSD,4824.29,4824.43,0.14,14,London,Thursday
2026-01-22 08:02:24,FusionMarkets Zero,EURUSD,1.16898,1.16898,0.0,0,London,Thursday
2026-01-22 08:02:24,FusionMarkets Zero,GBPUSD,1.34291,1.34291,0.0,0,London,Thursday
2026-01-22 08:02:25,FusionMarkets Zero,USDJPY,158.705,158.707,0.002,2,London,Thursday
2026-01-22 08:02:26,FusionMarkets Zero,AUDUSD,0.6805,0.6805,0.0,0,London,Thursday
2026-01-22 08:02:29,ThinkMarkets ThinkZero,XAUUSD,4823.47,4823.55,0.08,8,London,Thursday
2026-01-22 08:02:30,ThinkMarkets ThinkZero,EURUSD,1.16895,1.16899,4e-05,4,London,Thursday
2026-01-22 08:02:31,ThinkMarkets ThinkZero,GBPUSD,1.34283,1.34288,5e-05,5,London,Thursday
2026-01-22 08:02:32,ThinkMarkets ThinkZero,USDJPY,158.709,158.712,0.003,3,London,Thursday
2026-01-22 08:02:33,ThinkMarkets ThinkZero,AUDUSD,0.68047,0.68049,2e-05,2,London,Thursday
2026-01-22 08:02:36,ICMarkets Raw,XAUUSD,4823.68,4823.76,0.08,8,London,Thursday
2026-01-22 08:02:37,ICMarkets Raw,EURUSD,1.16898,1.16898,0.0,0,London,Thursday
2026-01-22 08:02:38,ICMarkets Raw,GBPUSD,1.34287,1.34288,1e-05,1,London,Thursday
2026-01-22 08:02:39,ICMarkets Raw,USDJPY,158.718,158.72,0.002,2,London,Thursday
2026-01-22 08:02:40,ICMarkets Raw,AUDUSD,0.68043,0.68044,1e-05,1,London,Thursday
2026-01-22 08:02:42,VantageMarkets Raw,XAUUSD,4824.74,4824.82,0.08,8,London,Thursday
2026-01-22 08:02:43,VantageMarkets Raw,EURUSD,1.16897,1.169,3e-05,3,London,Thursday
2026-01-22 08:02:44,VantageMarkets Raw,GBPUSD,1.34283,1.34289,6e-05,6,London,Thursday
2026-01-22 08:02:45,VantageMarkets Raw,USDJPY,158.719,158.72,0.001,1,London,Thursday
2026-01-22 08:02:46,VantageMarkets Raw,AUDUSD,0.68042,0.68045,3e-05,3,London,Thursday
2026-01-22 08:02:49,FPMarkets Raw,XAUUSD,4824.52,4824.59,0.07,7,London,Thursday
2026-01-22 08:02:50,FPMarkets Raw,EURUSD,1.16897,1.16899,2e-05,2,London,Thursday
2026-01-22 08:02:51,FPMarkets Raw,GBPUSD,1.34291,1.34299,8e-05,8,London,Thursday
2026-01-22 08:02:51,FPMarkets Raw,USDJPY,158.712,158.716,0.004,4,London,Thursday
2026-01-22 08:02:52,FPMarkets Raw,AUDUSD,0.68036,0.68039,3e-05,3,London,Thursday
2026-01-22 08:02:54,8Cap Raw,XAUUSD,4824.18,4824.34,0.16,16,London,Thursday
2026-01-22 08:02:55,8Cap Raw,EURUSD,1.16898,1.169,2e-05,2,London,Thursday
2026-01-22 08:02:56,8Cap Raw,GBPUSD,1.34294,1.34298,4e-05,4,London,Thursday
2026-01-22 08:02:56,8Cap Raw,USDJPY,158.715,158.716,0.001,1,London,Thursday
2026-01-22 08:02:57,8Cap Raw,AUDUSD,0.68037,0.6804,3e-05,3,London,Thursday
2026-01-22 08:07:16,Pepperstone Razor,XAUUSD,4822.73,4822.89,0.16,16,London,Thursday
2026-01-22 08:07:17,Pepperstone Razor,EURUSD,1.16866,1.16866,0.0,0,London,Thursday
2026-01-22 08:07:17,Pepperstone Razor,GBPUSD,1.34265,1.34266,1e-05,1,London,Thursday
2026-01-22 08:07:18,Pepperstone Razor,USDJPY,158.768,158.772,0.004,4,London,Thursday
2026-01-22 08:07:19,Pepperstone Razor,AUDUSD,0.6801,0.6801,0.0,0,London,Thursday
2026-01-22 08:07:22,FusionMarkets Zero,XAUUSD,4822.46,4822.61,0.15,15,London,Thursday
2026-01-22 08:07:23,FusionMarkets Zero,EURUSD,1.16863,1.16863,0.0,0,London,Thursday
2026-01-22 08:07:24,FusionMarkets Zero,GBPUSD,1.34262,1.34262,0.0,0,London,Thursday
2026-01-22 08:07:25,FusionMarkets Zero,USDJPY,158.776,158.776,0.0,0,London,Thursday
2026-01-22 08:07:26,FusionMarkets Zero,AUDUSD,0.68009,0.68009,0.0,0,London,Thursday
2026-01-22 08:07:29,ThinkMarkets ThinkZero,XAUUSD,4822.97,4823.05,0.08,8,London,Thursday
2026-01-22 08:07:30,ThinkMarkets ThinkZero,EURUSD,1.1687,1.16873,3e-05,3,London,Thursday
2026-01-22 08:07:31,ThinkMarkets ThinkZero,GBPUSD,1.34262,1.34269,7e-05,7,London,Thursday
2026-01-22 08:07:32,ThinkMarkets ThinkZero,USDJPY,158.768,158.771,0.003,3,London,Thursday
2026-01-22 08:07:32,ThinkMarkets ThinkZero,AUDUSD,0.68009,0.68011,2e-05,2,London,Thursday
2026-01-22 08:07:35,ICMarkets Raw,XAUUSD,4822.69,4822.77,0.08,8,London,Thursday
2026-01-22 08:07:36,ICMarkets Raw,EURUSD,1.16872,1.16872,0.0,0,London,Thursday
2026-01-22 08:07:37,ICMarkets Raw,GBPUSD,1.34266,1.34267,1e-05,1,London,Thursday
2026-01-22 08:07:38,ICMarkets Raw,USDJPY,158.77,158.771,0.001,1,London,Thursday
2026-01-22 08:07:39,ICMarkets Raw,AUDUSD,0.68008,0.68008,0.0,0,London,Thursday
2026-01-22 08:07:41,VantageMarkets Raw,XAUUSD,4822.55,4822.63,0.08,8,London,Thursday
2026-01-22 08:07:42,VantageMarkets Raw,EURUSD,1.16872,1.16876,4e-05,4,London,Thursday
2026-01-22 08:07:43,VantageMarkets Raw,GBPUSD,1.34264,1.34265,1e-05,1,London,Thursday
2026-01-22 08:07:44,VantageMarkets Raw,USDJPY,158.769,158.772,0.003,3,London,Thursday
2026-01-22 08:07:45,VantageMarkets Raw,AUDUSD,0.68007,0.6801,3e-05,3,London,Thursday
2026-01-22 08:07:47,FPMarkets Raw,XAUUSD,4822.43,4822.5,0.07,7,London,Thursday
2026-01-22 08:07:48,FPMarkets Raw,EURUSD,1.1687,1.16871,1e-05,1,London,Thursday
2026-01-22 08:07:49,FPMarkets Raw,GBPUSD,1.34262,1.34267,5e-05,5,London,Thursday
2026-01-22 08:07:50,FPMarkets Raw,USDJPY,158.767,158.771,0.004,4,London,Thursday
2026-01-22 08:07:51,FPMarkets Raw,AUDUSD,0.68004,0.68007,3e-05,3,London,Thursday
2026-01-22 08:07:53,8Cap Raw,XAUUSD,4821.74,4821.9,0.16,16,London,Thursday
2026-01-22 08:07:54,8Cap Raw,EURUSD,1.1687,1.16872,2e-05,2,London,Thursday
2026-01-22 08:07:54,8Cap Raw,GBPUSD,1.34264,1.34265,1e-05,1,London,Thursday
2026-01-22 08:07:55,8Cap Raw,USDJPY,158.77,158.771,0.001,1,London,Thursday
2026-01-22 08:07:56,8Cap Raw,AUDUSD,0.68003,0.68007,4e-05,4,London,Thursday
2026-01-22 08:12:16,Pepperstone Razor,XAUUSD,4819.37,4819.53,0.16,16,London,Thursday
2026-01-22 08:12:17,Pepperstone Razor,EURUSD,1.16859,1.16861,2e-05,2,London,Thursday
2026-01-22 08:12:18,Pepperstone Razor,GBPUSD,1.34246,1.34248,2e-05,2,London,Thursday
2026-01-22 08:12:19,Pepperstone Razor,USDJPY,158.788,158.789,0.001,1,London,Thursday
2026-01-22 08:12:20,Pepperstone Razor,AUDUSD,0.68004,0.68005,1e-05,1,London,Thursday
2026-01-22 08:12:23,FusionMarkets Zero,XAUUSD,4817.86,4818.0,0.14,14,London,Thursday
2026-01-22 08:12:23,FusionMarkets Zero,EURUSD,1.16861,1.16861,0.0,0,London,Thursday
2026-01-22 08:12:24,FusionMarkets Zero,GBPUSD,1.34241,1.34241,0.0,0,London,Thursday
2026-01-22 08:12:25,FusionMarkets Zero,USDJPY,158.791,158.793,0.002,2,London,Thursday
2026-01-22 08:12:26,FusionMarkets Zero,AUDUSD,0.68005,0.68005,0.0,0,London,Thursday
2026-01-22 08:12:29,ThinkMarkets ThinkZero,XAUUSD,4818.31,4818.39,0.08,8,London,Thursday
2026-01-22 08:12:30,ThinkMarkets ThinkZero,EURUSD,1.16859,1.16861,2e-05,2,London,Thursday
2026-01-22 08:12:31,ThinkMarkets ThinkZero,GBPUSD,1.34236,1.34243,7e-05,7,London,Thursday
2026-01-22 08:12:32,ThinkMarkets ThinkZero,USDJPY,158.789,158.794,0.005,5,London,Thursday
2026-01-22 08:12:33,ThinkMarkets ThinkZero,AUDUSD,0.68,0.68002,2e-05,2,London,Thursday
2026-01-22 08:12:36,ICMarkets Raw,XAUUSD,4818.06,4818.13,0.07,7,London,Thursday
2026-01-22 08:12:37,ICMarkets Raw,EURUSD,1.16852,1.16854,2e-05,2,London,Thursday
2026-01-22 08:12:38,ICMarkets Raw,GBPUSD,1.34235,1.34238,3e-05,3,London,Thursday
2026-01-22 08:12:38,ICMarkets Raw,USDJPY,158.794,158.795,0.001,1,London,Thursday
2026-01-22 08:12:39,ICMarkets Raw,AUDUSD,0.68001,0.68002,1e-05,1,London,Thursday
2026-01-22 08:12:42,VantageMarkets Raw,XAUUSD,4817.88,4817.96,0.08,8,London,Thursday
2026-01-22 08:12:43,VantageMarkets Raw,EURUSD,1.16852,1.16854,2e-05,2,London,Thursday
2026-01-22 08:12:44,VantageMarkets Raw,GBPUSD,1.34237,1.34238,1e-05,1,London,Thursday
2026-01-22 08:12:45,VantageMarkets Raw,USDJPY,158.795,158.796,0.001,1,London,Thursday
2026-01-22 08:12:46,VantageMarkets Raw,AUDUSD,0.68003,0.68007,4e-05,4,London,Thursday
2026-01-22 08:12:48,FPMarkets Raw,XAUUSD,4817.49,4817.56,0.07,7,London,Thursday
2026-01-22 08:12:49,FPMarkets Raw,EURUSD,1.16856,1.16857,1e-05,1,London,Thursday
2026-01-22 08:12:50,FPMarkets Raw,GBPUSD,1.34247,1.34252,5e-05,5,London,Thursday
2026-01-22 08:12:51,FPMarkets Raw,USDJPY,158.779,158.783,0.004,4,London,Thursday
2026-01-22 08:12:52,FPMarkets Raw,AUDUSD,0.68003,0.68007,4e-05,4,London,Thursday
2026-01-22 08:12:54,8Cap Raw,XAUUSD,4817.13,4817.29,0.16,16,London,Thursday
2026-01-22 08:12:55,8Cap Raw,EURUSD,1.16861,1.16861,0.0,0,London,Thursday
2026-01-22 08:12:55,8Cap Raw,GBPUSD,1.34247,1.3425,3e-05,3,London,Thursday
2026-01-22 08:12:56,8Cap Raw,USDJPY,158.78,158.781,0.001,1,London,Thursday
2026-01-22 08:12:57,8Cap Raw,AUDUSD,0.68009,0.68011,2e-05,2,London,Thursday
2026-01-22 08:17:16,Pepperstone Razor,XAUUSD,4818.07,4818.22,0.15,15,London,Thursday
2026-01-22 08:17:17,Pepperstone Razor,EURUSD,1.1688,1.1688,0.0,0,London,Thursday
2026-01-22 08:17:18,Pepperstone Razor,GBPUSD,1.34248,1.3425,2e-05,2,London,Thursday
2026-01-22 08:17:19,Pepperstone Razor,USDJPY,158.795,158.796,0.001,1,London,Thursday
2026-01-22 08:17:20,Pepperstone Razor,AUDUSD,0.68003,0.68004,1e-05,1,London,Thursday
2026-01-22 08:17:23,FusionMarkets Zero,XAUUSD,4817.66,4817.73,0.07,7,London,Thursday
2026-01-22 08:17:23,FusionMarkets Zero,EURUSD,1.16876,1.16876,0.0,0,London,Thursday
2026-01-22 08:17:24,FusionMarkets Zero,GBPUSD,1.34248,1.34248,0.0,0,London,Thursday
2026-01-22 08:17:25,FusionMarkets Zero,USDJPY,158.798,158.798,0.0,0,London,Thursday
2026-01-22 08:17:26,FusionMarkets Zero,AUDUSD,0.68002,0.68002,0.0,0,London,Thursday
2026-01-22 08:17:29,ThinkMarkets ThinkZero,XAUUSD,4817.7,4817.78,0.08,8,London,Thursday
2026-01-22 08:17:30,ThinkMarkets ThinkZero,EURUSD,1.16882,1.16884,2e-05,2,London,Thursday
2026-01-22 08:17:31,ThinkMarkets ThinkZero,GBPUSD,1.34248,1.34255,7e-05,7,London,Thursday
2026-01-22 08:17:32,ThinkMarkets ThinkZero,USDJPY,158.797,158.8,0.003,3,London,Thursday
2026-01-22 08:17:33,ThinkMarkets ThinkZero,AUDUSD,0.67998,0.68002,4e-05,4,London,Thursday
2026-01-22 08:17:36,ICMarkets Raw,XAUUSD,4817.75,4817.81,0.06,6,London,Thursday
2026-01-22 08:17:37,ICMarkets Raw,EURUSD,1.16883,1.16883,0.0,0,London,Thursday
2026-01-22 08:17:38,ICMarkets Raw,GBPUSD,1.34257,1.34258,1e-05,1,London,Thursday
2026-01-22 08:17:38,ICMarkets Raw,USDJPY,158.801,158.802,0.001,1,London,Thursday
2026-01-22 08:17:39,ICMarkets Raw,AUDUSD,0.68,0.68001,1e-05,1,London,Thursday
2026-01-22 08:17:42,VantageMarkets Raw,XAUUSD,4817.9,4817.98,0.08,8,London,Thursday
2026-01-22 08:17:43,VantageMarkets Raw,EURUSD,1.16893,1.16897,4e-05,4,London,Thursday
2026-01-22 08:17:44,VantageMarkets Raw,GBPUSD,1.34265,1.3427,5e-05,5,London,Thursday
2026-01-22 08:17:45,VantageMarkets Raw,USDJPY,158.817,158.827,0.01,10,London,Thursday
2026-01-22 08:17:46,VantageMarkets Raw,AUDUSD,0.67998,0.68002,4e-05,4,London,Thursday
2026-01-22 08:17:49,FPMarkets Raw,XAUUSD,4817.84,4817.91,0.07,7,London,Thursday
2026-01-22 08:17:49,FPMarkets Raw,EURUSD,1.16889,1.16891,2e-05,2,London,Thursday
2026-01-22 08:17:50,FPMarkets Raw,GBPUSD,1.34256,1.34261,5e-05,5,London,Thursday
2026-01-22 08:17:51,FPMarkets Raw,USDJPY,158.819,158.823,0.004,4,London,Thursday
2026-01-22 08:17:52,FPMarkets Raw,AUDUSD,0.67997,0.68001,4e-05,4,London,Thursday
2026-01-22 08:17:54,8Cap Raw,XAUUSD,4817.47,4817.63,0.16,16,London,Thursday
2026-01-22 08:17:55,8Cap Raw,EURUSD,1.16891,1.16892,1e-05,1,London,Thursday
2026-01-22 08:17:55,8Cap Raw,GBPUSD,1.34257,1.34261,4e-05,4,London,Thursday
2026-01-22 08:17:56,8Cap Raw,USDJPY,158.816,158.821,0.005,5,London,Thursday
2026-01-22 08:17:57,8Cap Raw,AUDUSD,0.68,0.68002,2e-05,2,London,Thursday
2026-01-22 08:22:16,Pepperstone Razor,XAUUSD,4824.67,4824.9,0.23,23,London,Thursday
2026-01-22 08:22:17,Pepperstone Razor,EURUSD,1.16888,1.16888,0.0,0,London,Thursday
2026-01-22 08:22:18,Pepperstone Razor,GBPUSD,1.34259,1.3426,1e-05,1,London,Thursday
2026-01-22 08:22:19,Pepperstone Razor,USDJPY,158.83,158.831,0.001,1,London,Thursday
2026-01-22 08:22:20,Pepperstone Razor,AUDUSD,0.68002,0.68003,1e-05,1,London,Thursday
2026-01-22 08:22:23,FusionMarkets Zero,XAUUSD,4825.05,4825.18,0.13,13,London,Thursday
2026-01-22 08:22:24,FusionMarkets Zero,EURUSD,1.16891,1.16891,0.0,0,London,Thursday
2026-01-22 08:22:25,FusionMarkets Zero,GBPUSD,1.34258,1.34258,0.0,0,London,Thursday
2026-01-22 08:22:26,FusionMarkets Zero,USDJPY,158.831,158.831,0.0,0,London,Thursday
2026-01-22 08:22:27,FusionMarkets Zero,AUDUSD,0.68004,0.68004,0.0,0,London,Thursday
2026-01-22 08:22:30,ThinkMarkets ThinkZero,XAUUSD,4824.63,4824.71,0.08,8,London,Thursday
2026-01-22 08:22:31,ThinkMarkets ThinkZero,EURUSD,1.16892,1.16894,2e-05,2,London,Thursday
2026-01-22 08:22:31,ThinkMarkets ThinkZero,GBPUSD,1.34251,1.34259,8e-05,8,London,Thursday
2026-01-22 08:22:32,ThinkMarkets ThinkZero,USDJPY,158.838,158.842,0.004,4,London,Thursday
2026-01-22 08:22:33,ThinkMarkets ThinkZero,AUDUSD,0.68001,0.68003,2e-05,2,London,Thursday
2026-01-22 08:22:36,ICMarkets Raw,XAUUSD,4825.3,4825.4,0.1,10,London,Thursday
2026-01-22 08:22:37,ICMarkets Raw,EURUSD,1.16894,1.16894,0.0,0,London,Thursday
2026-01-22 08:22:38,ICMarkets Raw,GBPUSD,1.34258,1.34259,1e-05,1,London,Thursday
2026-01-22 08:22:39,ICMarkets Raw,USDJPY,158.842,158.843,0.001,1,London,Thursday
2026-01-22 08:22:40,ICMarkets Raw,AUDUSD,0.68002,0.68002,0.0,0,London,Thursday
2026-01-22 08:22:42,VantageMarkets Raw,XAUUSD,4826.17,4826.25,0.08,8,London,Thursday
2026-01-22 08:22:43,VantageMarkets Raw,EURUSD,1.16894,1.16896,2e-05,2,London,Thursday
2026-01-22 08:22:44,VantageMarkets Raw,GBPUSD,1.34256,1.34257,1e-05,1,London,Thursday
2026-01-22 08:22:45,VantageMarkets Raw,USDJPY,158.838,158.839,0.001,1,London,Thursday
2026-01-22 08:22:46,VantageMarkets Raw,AUDUSD,0.68001,0.68003,2e-05,2,London,Thursday
2026-01-22 08:22:49,FPMarkets Raw,XAUUSD,4825.99,4826.06,0.07,7,London,Thursday
2026-01-22 08:22:50,FPMarkets Raw,EURUSD,1.16895,1.16897,2e-05,2,London,Thursday
2026-01-22 08:22:51,FPMarkets Raw,GBPUSD,1.34252,1.34257,5e-05,5,London,Thursday
2026-01-22 08:22:52,FPMarkets Raw,USDJPY,158.832,158.836,0.004,4,London,Thursday
2026-01-22 08:22:52,FPMarkets Raw,AUDUSD,0.68,0.68004,4e-05,4,London,Thursday
2026-01-22 08:22:54,8Cap Raw,XAUUSD,4826.01,4826.17,0.16,16,London,Thursday
2026-01-22 08:22:55,8Cap Raw,EURUSD,1.16895,1.16896,1e-05,1,London,Thursday
2026-01-22 08:22:55,8Cap Raw,GBPUSD,1.34255,1.34256,1e-05,1,London,Thursday
2026-01-22 08:22:56,8Cap Raw,USDJPY,158.833,158.835,0.002,2,London,Thursday
2026-01-22 08:22:57,8Cap Raw,AUDUSD,0.68001,0.68003,2e-05,2,London,Thursday
2026-01-22 08:27:17,Pepperstone Razor,XAUUSD,4827.48,4827.73,0.25,25,London,Thursday
2026-01-22 08:27:17,Pepperstone Razor,EURUSD,1.16882,1.16882,0.0,0,London,Thursday
2026-01-22 08:27:18,Pepperstone Razor,GBPUSD,1.3424,1.34241,1e-05,1,London,Thursday
2026-01-22 08:27:19,Pepperstone Razor,USDJPY,158.792,158.796,0.004,4,London,Thursday
2026-01-22 08:27:20,Pepperstone Razor,AUDUSD,0.67999,0.67999,0.0,0,London,Thursday
2026-01-22 08:27:23,FusionMarkets Zero,XAUUSD,4827.19,4827.34,0.15,15,London,Thursday
2026-01-22 08:27:24,FusionMarkets Zero,EURUSD,1.16883,1.16883,0.0,0,London,Thursday
2026-01-22 08:27:25,FusionMarkets Zero,GBPUSD,1.34237,1.34237,0.0,0,London,Thursday
2026-01-22 08:27:26,FusionMarkets Zero,USDJPY,158.793,158.793,0.0,0,London,Thursday
2026-01-22 08:27:27,FusionMarkets Zero,AUDUSD,0.67998,0.67998,0.0,0,London,Thursday
2026-01-22 08:27:30,ThinkMarkets ThinkZero,XAUUSD,4827.01,4827.09,0.08,8,London,Thursday
2026-01-22 08:27:31,ThinkMarkets ThinkZero,EURUSD,1.16881,1.16884,3e-05,3,London,Thursday
2026-01-22 08:27:32,ThinkMarkets ThinkZero,GBPUSD,1.34239,1.34245,6e-05,6,London,Thursday
2026-01-22 08:27:33,ThinkMarkets ThinkZero,USDJPY,158.793,158.798,0.005,5,London,Thursday
2026-01-22 08:27:34,ThinkMarkets ThinkZero,AUDUSD,0.67996,0.67998,2e-05,2,London,Thursday
2026-01-22 08:27:36,ICMarkets Raw,XAUUSD,4826.95,4827.07,0.12,12,London,Thursday
2026-01-22 08:27:37,ICMarkets Raw,EURUSD,1.16889,1.16889,0.0,0,London,Thursday
2026-01-22 08:27:38,ICMarkets Raw,GBPUSD,1.34246,1.34249,3e-05,3,London,Thursday
2026-01-22 08:27:39,ICMarkets Raw,USDJPY,158.794,158.794,0.0,0,London,Thursday
2026-01-22 08:27:40,ICMarkets Raw,AUDUSD,0.67998,0.67998,0.0,0,London,Thursday
2026-01-22 08:27:43,VantageMarkets Raw,XAUUSD,4827.32,4827.4,0.08,8,London,Thursday
2026-01-22 08:27:43,VantageMarkets Raw,EURUSD,1.1689,1.16892,2e-05,2,London,Thursday
2026-01-22 08:27:44,VantageMarkets Raw,GBPUSD,1.34244,1.34245,1e-05,1,London,Thursday
2026-01-22 08:27:45,VantageMarkets Raw,USDJPY,158.798,158.808,0.01,10,London,Thursday
2026-01-22 08:27:46,VantageMarkets Raw,AUDUSD,0.67998,0.68002,4e-05,4,London,Thursday
2026-01-22 08:27:49,FPMarkets Raw,XAUUSD,4826.89,4826.96,0.07,7,London,Thursday
2026-01-22 08:27:50,FPMarkets Raw,EURUSD,1.1689,1.16891,1e-05,1,London,Thursday
2026-01-22 08:27:51,FPMarkets Raw,GBPUSD,1.34245,1.3425,5e-05,5,London,Thursday
2026-01-22 08:27:52,FPMarkets Raw,USDJPY,158.795,158.799,0.004,4,London,Thursday
2026-01-22 08:27:53,FPMarkets Raw,AUDUSD,0.67999,0.68002,3e-05,3,London,Thursday
2026-01-22 08:27:54,8Cap Raw,XAUUSD,4826.99,4827.15,0.16,16,London,Thursday
2026-01-22 08:27:55,8Cap Raw,EURUSD,1.16892,1.16893,1e-05,1,London,Thursday
2026-01-22 08:27:56,8Cap Raw,GBPUSD,1.34245,1.34246,1e-05,1,London,Thursday
2026-01-22 08:27:56,8Cap Raw,USDJPY,158.794,158.797,0.003,3,London,Thursday
2026-01-22 08:27:57,8Cap Raw,AUDUSD,0.67999,0.68002,3e-05,3,London,Thursday
2026-01-22 08:32:16,Pepperstone Razor,XAUUSD,4826.83,4827.0,0.17,17,London,Thursday
2026-01-22 08:32:17,Pepperstone Razor,EURUSD,1.16911,1.16911,0.0,0,London,Thursday
2026-01-22 08:32:18,Pepperstone Razor,GBPUSD,1.3426,1.34261,1e-05,1,London,Thursday
2026-01-22 08:32:19,Pepperstone Razor,USDJPY,158.794,158.797,0.003,3,London,Thursday
2026-01-22 08:32:20,Pepperstone Razor,AUDUSD,0.68022,0.68023,1e-05,1,London,Thursday
2026-01-22 08:32:23,FusionMarkets Zero,XAUUSD,4825.79,4825.85,0.06,6,London,Thursday
2026-01-22 08:32:24,FusionMarkets Zero,EURUSD,1.16906,1.16906,0.0,0,London,Thursday
2026-01-22 08:32:25,FusionMarkets Zero,GBPUSD,1.34255,1.34255,0.0,0,London,Thursday
2026-01-22 08:32:26,FusionMarkets Zero,USDJPY,158.807,158.808,0.001,1,London,Thursday
2026-01-22 08:32:27,FusionMarkets Zero,AUDUSD,0.68016,0.68016,0.0,0,London,Thursday
2026-01-22 08:32:31,ThinkMarkets ThinkZero,XAUUSD,4825.74,4825.82,0.08,8,London,Thursday
2026-01-22 08:32:32,ThinkMarkets ThinkZero,EURUSD,1.16903,1.16905,2e-05,2,London,Thursday
2026-01-22 08:32:33,ThinkMarkets ThinkZero,GBPUSD,1.34249,1.34258,9e-05,9,London,Thursday
2026-01-22 08:32:34,ThinkMarkets ThinkZero,USDJPY,158.808,158.813,0.005,5,London,Thursday
2026-01-22 08:32:35,ThinkMarkets ThinkZero,AUDUSD,0.68008,0.68012,4e-05,4,London,Thursday
2026-01-22 08:32:38,ICMarkets Raw,XAUUSD,4825.53,4825.58,0.05,5,London,Thursday
2026-01-22 08:32:39,ICMarkets Raw,EURUSD,1.16904,1.16904,0.0,0,London,Thursday
2026-01-22 08:32:40,ICMarkets Raw,GBPUSD,1.34259,1.3426,1e-05,1,London,Thursday
2026-01-22 08:32:41,ICMarkets Raw,USDJPY,158.808,158.808,0.0,0,London,Thursday
2026-01-22 08:32:41,ICMarkets Raw,AUDUSD,0.68019,0.68021,2e-05,2,London,Thursday
2026-01-22 08:32:44,VantageMarkets Raw,XAUUSD,4825.08,4825.16,0.08,8,London,Thursday
2026-01-22 08:32:46,VantageMarkets Raw,EURUSD,1.16904,1.16906,2e-05,2,London,Thursday
2026-01-22 08:32:46,VantageMarkets Raw,GBPUSD,1.34257,1.34258,1e-05,1,London,Thursday
2026-01-22 08:32:47,VantageMarkets Raw,USDJPY,158.795,158.801,0.006,6,London,Thursday
2026-01-22 08:32:48,VantageMarkets Raw,AUDUSD,0.68016,0.6802,4e-05,4,London,Thursday
2026-01-22 08:32:51,FPMarkets Raw,XAUUSD,4824.88,4824.95,0.07,7,London,Thursday
2026-01-22 08:32:53,FPMarkets Raw,EURUSD,1.16904,1.16905,1e-05,1,London,Thursday
2026-01-22 08:32:53,FPMarkets Raw,GBPUSD,1.34255,1.3426,5e-05,5,London,Thursday
2026-01-22 08:32:54,FPMarkets Raw,USDJPY,158.795,158.799,0.004,4,London,Thursday
2026-01-22 08:32:55,FPMarkets Raw,AUDUSD,0.68019,0.68022,3e-05,3,London,Thursday
2026-01-22 08:32:57,8Cap Raw,XAUUSD,4825.07,4825.23,0.16,16,London,Thursday
2026-01-22 08:32:58,8Cap Raw,EURUSD,1.16905,1.16905,0.0,0,London,Thursday
2026-01-22 08:32:58,8Cap Raw,GBPUSD,1.34264,1.34267,3e-05,3,London,Thursday
2026-01-22 08:32:59,8Cap Raw,USDJPY,158.797,158.798,0.001,1,London,Thursday
2026-01-22 08:33:00,8Cap Raw,AUDUSD,0.6802,0.68022,2e-05,2,London,Thursday
2026-01-22 08:37:17,Pepperstone Razor,XAUUSD,4825.9,4826.06,0.16,16,London,Thursday
2026-01-22 08:37:18,Pepperstone Razor,EURUSD,1.16888,1.16888,0.0,0,London,Thursday
2026-01-22 08:37:19,Pepperstone Razor,GBPUSD,1.34233,1.34235,2e-05,2,London,Thursday
2026-01-22 08:37:20,Pepperstone Razor,USDJPY,158.794,158.798,0.004,4,London,Thursday
2026-01-22 08:37:20,Pepperstone Razor,AUDUSD,0.68019,0.68021,2e-05,2,London,Thursday
2026-01-22 08:37:24,FusionMarkets Zero,XAUUSD,4825.84,4825.9,0.06,6,London,Thursday
2026-01-22 08:37:25,FusionMarkets Zero,EURUSD,1.16888,1.16888,0.0,0,London,Thursday
2026-01-22 08:37:26,FusionMarkets Zero,GBPUSD,1.34238,1.34238,0.0,0,London,Thursday
2026-01-22 08:37:27,FusionMarkets Zero,USDJPY,158.796,158.797,0.001,1,London,Thursday
2026-01-22 08:37:28,FusionMarkets Zero,AUDUSD,0.68022,0.68022,0.0,0,London,Thursday
2026-01-22 08:37:31,ThinkMarkets ThinkZero,XAUUSD,4826.05,4826.13,0.08,8,London,Thursday
2026-01-22 08:37:32,ThinkMarkets ThinkZero,EURUSD,1.16886,1.16888,2e-05,2,London,Thursday
2026-01-22 08:37:33,ThinkMarkets ThinkZero,GBPUSD,1.34233,1.34238,5e-05,5,London,Thursday
2026-01-22 08:37:34,ThinkMarkets ThinkZero,USDJPY,158.796,158.799,0.003,3,London,Thursday
2026-01-22 08:37:35,ThinkMarkets ThinkZero,AUDUSD,0.68019,0.68022,3e-05,3,London,Thursday
2026-01-22 08:37:38,ICMarkets Raw,XAUUSD,4826.1,4826.16,0.06,6,London,Thursday
2026-01-22 08:37:38,ICMarkets Raw,EURUSD,1.16883,1.16883,0.0,0,London,Thursday
2026-01-22 08:37:39,ICMarkets Raw,GBPUSD,1.34238,1.34239,1e-05,1,London,Thursday
2026-01-22 08:37:40,ICMarkets Raw,USDJPY,158.797,158.797,0.0,0,London,Thursday
2026-01-22 08:37:41,ICMarkets Raw,AUDUSD,0.68021,0.68023,2e-05,2,London,Thursday
2026-01-22 08:37:44,VantageMarkets Raw,XAUUSD,4826.67,4826.75,0.08,8,London,Thursday
2026-01-22 08:37:45,VantageMarkets Raw,EURUSD,1.1688,1.16882,2e-05,2,London,Thursday
2026-01-22 08:37:46,VantageMarkets Raw,GBPUSD,1.34234,1.34235,1e-05,1,London,Thursday
2026-01-22 08:37:47,VantageMarkets Raw,USDJPY,158.797,158.798,0.001,1,London,Thursday
2026-01-22 08:37:48,VantageMarkets Raw,AUDUSD,0.68016,0.6802,4e-05,4,London,Thursday
2026-01-22 08:37:51,FPMarkets Raw,XAUUSD,4826.63,4826.7,0.07,7,London,Thursday
2026-01-22 08:37:53,FPMarkets Raw,EURUSD,1.16877,1.16879,2e-05,2,London,Thursday
2026-01-22 08:37:54,FPMarkets Raw,GBPUSD,1.34234,1.34239,5e-05,5,London,Thursday
2026-01-22 08:37:55,FPMarkets Raw,USDJPY,158.798,158.802,0.004,4,London,Thursday
2026-01-22 08:37:55,FPMarkets Raw,AUDUSD,0.68012,0.68015,3e-05,3,London,Thursday
2026-01-22 08:37:58,8Cap Raw,XAUUSD,4826.54,4826.7,0.16,16,London,Thursday
2026-01-22 08:37:58,8Cap Raw,EURUSD,1.16878,1.16879,1e-05,1,London,Thursday
2026-01-22 08:37:59,8Cap Raw,GBPUSD,1.34235,1.34236,1e-05,1,London,Thursday
2026-01-22 08:38:00,8Cap Raw,USDJPY,158.802,158.803,0.001,1,London,Thursday
2026-01-22 08:38:00,8Cap Raw,AUDUSD,0.68013,0.68015,2e-05,2,London,Thursday
2026-01-22 08:42:17,Pepperstone Razor,XAUUSD,4823.88,4824.02,0.14,14,London,Thursday
2026-01-22 08:42:17,Pepperstone Razor,EURUSD,1.16884,1.16884,0.0,0,London,Thursday
2026-01-22 08:42:18,Pepperstone Razor,GBPUSD,1.34245,1.34248,3e-05,3,London,Thursday
2026-01-22 08:42:19,Pepperstone Razor,USDJPY,158.743,158.746,0.003,3,London,Thursday
2026-01-22 08:42:20,Pepperstone Razor,AUDUSD,0.68023,0.68023,0.0,0,London,Thursday
2026-01-22 08:42:24,FusionMarkets Zero,XAUUSD,4824.56,4824.62,0.06,6,London,Thursday
2026-01-22 08:42:24,FusionMarkets Zero,EURUSD,1.16884,1.16884,0.0,0,London,Thursday
2026-01-22 08:42:25,FusionMarkets Zero,GBPUSD,1.34243,1.34243,0.0,0,London,Thursday
2026-01-22 08:42:26,FusionMarkets Zero,USDJPY,158.757,158.757,0.0,0,London,Thursday
2026-01-22 08:42:27,FusionMarkets Zero,AUDUSD,0.68024,0.68024,0.0,0,London,Thursday
2026-01-22 08:42:31,ThinkMarkets ThinkZero,XAUUSD,4824.07,4824.15,0.08,8,London,Thursday
2026-01-22 08:42:32,ThinkMarkets ThinkZero,EURUSD,1.1688,1.16882,2e-05,2,London,Thursday
2026-01-22 08:42:32,ThinkMarkets ThinkZero,GBPUSD,1.34242,1.34248,6e-05,6,London,Thursday
2026-01-22 08:42:33,ThinkMarkets ThinkZero,USDJPY,158.758,158.763,0.005,5,London,Thursday
2026-01-22 08:42:34,ThinkMarkets ThinkZero,AUDUSD,0.68023,0.68026,3e-05,3,London,Thursday
2026-01-22 08:42:37,ICMarkets Raw,XAUUSD,4824.28,4824.4,0.12,12,London,Thursday
2026-01-22 08:42:38,ICMarkets Raw,EURUSD,1.16885,1.16886,1e-05,1,London,Thursday
2026-01-22 08:42:39,ICMarkets Raw,GBPUSD,1.34243,1.34244,1e-05,1,London,Thursday
2026-01-22 08:42:40,ICMarkets Raw,USDJPY,158.758,158.758,0.0,0,London,Thursday
2026-01-22 08:42:41,ICMarkets Raw,AUDUSD,0.68024,0.68024,0.0,0,London,Thursday
2026-01-22 08:42:44,VantageMarkets Raw,XAUUSD,4824.35,4824.43,0.08,8,London,Thursday
2026-01-22 08:42:45,VantageMarkets Raw,EURUSD,1.16884,1.16885,1e-05,1,London,Thursday
2026-01-22 08:42:46,VantageMarkets Raw,GBPUSD,1.34244,1.34245,1e-05,1,London,Thursday
2026-01-22 08:42:46,VantageMarkets Raw,USDJPY,158.76,158.762,0.002,2,London,Thursday
2026-01-22 08:42:47,VantageMarkets Raw,AUDUSD,0.68024,0.68026,2e-05,2,London,Thursday
2026-01-22 08:42:51,FPMarkets Raw,XAUUSD,4824.12,4824.19,0.07,7,London,Thursday
2026-01-22 08:42:51,FPMarkets Raw,EURUSD,1.16883,1.16884,1e-05,1,London,Thursday
2026-01-22 08:42:52,FPMarkets Raw,GBPUSD,1.34244,1.34249,5e-05,5,London,Thursday
2026-01-22 08:42:53,FPMarkets Raw,USDJPY,158.762,158.766,0.004,4,London,Thursday
2026-01-22 08:42:54,FPMarkets Raw,AUDUSD,0.68027,0.6803,3e-05,3,London,Thursday
2026-01-22 08:42:56,8Cap Raw,XAUUSD,4824.1,4824.26,0.16,16,London,Thursday
2026-01-22 08:42:57,8Cap Raw,EURUSD,1.16884,1.16884,0.0,0,London,Thursday
2026-01-22 08:42:58,8Cap Raw,GBPUSD,1.34243,1.34244,1e-05,1,London,Thursday
2026-01-22 08:42:58,8Cap Raw,USDJPY,158.759,158.76,0.001,1,London,Thursday
2026-01-22 08:42:59,8Cap Raw,AUDUSD,0.68027,0.68031,4e-05,4,London,Thursday
2026-01-22 08:47:17,Pepperstone Razor,XAUUSD,4824.76,4824.87,0.11,11,London,Thursday
2026-01-22 08:47:18,Pepperstone Razor,EURUSD,1.16875,1.16875,0.0,0,London,Thursday
2026-01-22 08:47:19,Pepperstone Razor,GBPUSD,1.34235,1.34238,3e-05,3,London,Thursday
2026-01-22 08:47:19,Pepperstone Razor,USDJPY,158.741,158.744,0.003,3,London,Thursday
2026-01-22 08:47:20,Pepperstone Razor,AUDUSD,0.68033,0.68034,1e-05,1,London,Thursday
2026-01-22 08:47:24,FusionMarkets Zero,XAUUSD,4825.1,4825.16,0.06,6,London,Thursday
2026-01-22 08:47:24,FusionMarkets Zero,EURUSD,1.16875,1.16875,0.0,0,London,Thursday
2026-01-22 08:47:25,FusionMarkets Zero,GBPUSD,1.34245,1.34245,0.0,0,London,Thursday
2026-01-22 08:47:26,FusionMarkets Zero,USDJPY,158.741,158.741,0.0,0,London,Thursday
2026-01-22 08:47:27,FusionMarkets Zero,AUDUSD,0.68036,0.68036,0.0,0,London,Thursday
2026-01-22 08:47:31,ThinkMarkets ThinkZero,XAUUSD,4825.16,4825.24,0.08,8,London,Thursday
2026-01-22 08:47:32,ThinkMarkets ThinkZero,EURUSD,1.16871,1.16874,3e-05,3,London,Thursday
2026-01-22 08:47:32,ThinkMarkets ThinkZero,GBPUSD,1.34237,1.34241,4e-05,4,London,Thursday
2026-01-22 08:47:33,ThinkMarkets ThinkZero,USDJPY,158.741,158.746,0.005,5,London,Thursday
2026-01-22 08:47:34,ThinkMarkets ThinkZero,AUDUSD,0.68034,0.68037,3e-05,3,London,Thursday
2026-01-22 08:47:38,ICMarkets Raw,XAUUSD,4825.23,4825.3,0.07,7,London,Thursday
2026-01-22 08:47:39,ICMarkets Raw,EURUSD,1.16874,1.16874,0.0,0,London,Thursday
2026-01-22 08:47:39,ICMarkets Raw,GBPUSD,1.34242,1.34245,3e-05,3,London,Thursday
2026-01-22 08:47:40,ICMarkets Raw,USDJPY,158.75,158.75,0.0,0,London,Thursday
2026-01-22 08:47:41,ICMarkets Raw,AUDUSD,0.68037,0.68037,0.0,0,London,Thursday
2026-01-22 08:47:44,VantageMarkets Raw,XAUUSD,4824.76,4824.84,0.08,8,London,Thursday
2026-01-22 08:47:45,VantageMarkets Raw,EURUSD,1.16876,1.16877,1e-05,1,London,Thursday
2026-01-22 08:47:46,VantageMarkets Raw,GBPUSD,1.34241,1.34246,5e-05,5,London,Thursday
2026-01-22 08:47:47,VantageMarkets Raw,USDJPY,158.739,158.745,0.006,6,London,Thursday
2026-01-22 08:47:48,VantageMarkets Raw,AUDUSD,0.68035,0.68038,3e-05,3,London,Thursday
2026-01-22 08:47:51,FPMarkets Raw,XAUUSD,4825.0,4825.07,0.07,7,London,Thursday
2026-01-22 08:47:52,FPMarkets Raw,EURUSD,1.16876,1.16878,2e-05,2,London,Thursday
2026-01-22 08:47:53,FPMarkets Raw,GBPUSD,1.34244,1.34249,5e-05,5,London,Thursday
2026-01-22 08:47:54,FPMarkets Raw,USDJPY,158.739,158.745,0.006,6,London,Thursday
2026-01-22 08:47:55,FPMarkets Raw,AUDUSD,0.68036,0.68039,3e-05,3,London,Thursday
2026-01-22 08:47:57,8Cap Raw,XAUUSD,4825.28,4825.44,0.16,16,London,Thursday
2026-01-22 08:47:58,8Cap Raw,EURUSD,1.16877,1.16877,0.0,0,London,Thursday
2026-01-22 08:47:58,8Cap Raw,GBPUSD,1.34245,1.34248,3e-05,3,London,Thursday
2026-01-22 08:47:59,8Cap Raw,USDJPY,158.741,158.742,0.001,1,London,Thursday
2026-01-22 08:48:00,8Cap Raw,AUDUSD,0.68036,0.68038,2e-05,2,London,Thursday
2026-01-22 08:52:17,Pepperstone Razor,XAUUSD,4822.43,4822.6,0.17,17,London,Thursday
2026-01-22 08:52:18,Pepperstone Razor,EURUSD,1.16855,1.16855,0.0,0,London,Thursday
2026-01-22 08:52:19,Pepperstone Razor,GBPUSD,1.3422,1.34221,1e-05,1,London,Thursday
2026-01-22 08:52:19,Pepperstone Razor,USDJPY,158.77,158.773,0.003,3,London,Thursday
2026-01-22 08:52:20,Pepperstone Razor,AUDUSD,0.68028,0.68029,1e-05,1,London,Thursday
2026-01-22 08:52:24,FusionMarkets Zero,XAUUSD,4822.08,4822.17,0.09,9,London,Thursday
2026-01-22 08:52:24,FusionMarkets Zero,EURUSD,1.16858,1.16858,0.0,0,London,Thursday
2026-01-22 08:52:25,FusionMarkets Zero,GBPUSD,1.34221,1.34221,0.0,0,London,Thursday
2026-01-22 08:52:26,FusionMarkets Zero,USDJPY,158.771,158.771,0.0,0,London,Thursday
2026-01-22 08:52:27,FusionMarkets Zero,AUDUSD,0.68029,0.68029,0.0,0,London,Thursday
2026-01-22 08:52:30,ThinkMarkets ThinkZero,XAUUSD,4822.17,4822.25,0.08,8,London,Thursday
2026-01-22 08:52:31,ThinkMarkets ThinkZero,EURUSD,1.16851,1.16855,4e-05,4,London,Thursday
2026-01-22 08:52:32,ThinkMarkets ThinkZero,GBPUSD,1.34218,1.34226,8e-05,8,London,Thursday
2026-01-22 08:52:33,ThinkMarkets ThinkZero,USDJPY,158.768,158.774,0.006,6,London,Thursday
2026-01-22 08:52:34,ThinkMarkets ThinkZero,AUDUSD,0.6803,0.68031,1e-05,1,London,Thursday
2026-01-22 08:52:38,ICMarkets Raw,XAUUSD,4822.83,4822.95,0.12,12,London,Thursday
2026-01-22 08:52:39,ICMarkets Raw,EURUSD,1.16854,1.16854,0.0,0,London,Thursday
2026-01-22 08:52:40,ICMarkets Raw,GBPUSD,1.34223,1.34224,1e-05,1,London,Thursday
2026-01-22 08:52:40,ICMarkets Raw,USDJPY,158.771,158.771,0.0,0,London,Thursday
2026-01-22 08:52:41,ICMarkets Raw,AUDUSD,0.68029,0.68029,0.0,0,London,Thursday
2026-01-22 08:52:44,VantageMarkets Raw,XAUUSD,4823.29,4823.37,0.08,8,London,Thursday
2026-01-22 08:52:45,VantageMarkets Raw,EURUSD,1.16853,1.16855,2e-05,2,London,Thursday
2026-01-22 08:52:46,VantageMarkets Raw,GBPUSD,1.34222,1.34224,2e-05,2,London,Thursday
2026-01-22 08:52:47,VantageMarkets Raw,USDJPY,158.771,158.772,0.001,1,London,Thursday
2026-01-22 08:52:48,VantageMarkets Raw,AUDUSD,0.68028,0.68031,3e-05,3,London,Thursday
2026-01-22 08:52:51,FPMarkets Raw,XAUUSD,4823.88,4823.95,0.07,7,London,Thursday
2026-01-22 08:52:52,FPMarkets Raw,EURUSD,1.16853,1.16854,1e-05,1,London,Thursday
2026-01-22 08:52:53,FPMarkets Raw,GBPUSD,1.34221,1.34226,5e-05,5,London,Thursday
2026-01-22 08:52:54,FPMarkets Raw,USDJPY,158.771,158.775,0.004,4,London,Thursday
2026-01-22 08:52:55,FPMarkets Raw,AUDUSD,0.68028,0.68031,3e-05,3,London,Thursday
2026-01-22 08:52:57,8Cap Raw,XAUUSD,4823.71,4823.87,0.16,16,London,Thursday
2026-01-22 08:52:58,8Cap Raw,EURUSD,1.16854,1.16855,1e-05,1,London,Thursday
2026-01-22 08:52:58,8Cap Raw,GBPUSD,1.34222,1.34223,1e-05,1,London,Thursday
2026-01-22 08:52:59,8Cap Raw,USDJPY,158.774,158.775,0.001,1,London,Thursday
2026-01-22 08:53:00,8Cap Raw,AUDUSD,0.68028,0.68031,3e-05,3,London,Thursday
2026-01-22 08:57:17,Pepperstone Razor,XAUUSD,4825.87,4826.04,0.17,17,London,Thursday
2026-01-22 08:57:18,Pepperstone Razor,EURUSD,1.16887,1.16888,1e-05,1,London,Thursday
2026-01-22 08:57:18,Pepperstone Razor,GBPUSD,1.3422,1.34221,1e-05,1,London,Thursday
2026-01-22 08:57:19,Pepperstone Razor,USDJPY,158.777,158.78,0.003,3,London,Thursday
2026-01-22 08:57:20,Pepperstone Razor,AUDUSD,0.6804,0.68041,1e-05,1,London,Thursday
2026-01-22 08:57:23,FusionMarkets Zero,XAUUSD,4825.71,4825.79,0.08,8,London,Thursday
2026-01-22 08:57:24,FusionMarkets Zero,EURUSD,1.16888,1.16888,0.0,0,London,Thursday
2026-01-22 08:57:25,FusionMarkets Zero,GBPUSD,1.34217,1.34217,0.0,0,London,Thursday
2026-01-22 08:57:26,FusionMarkets Zero,USDJPY,158.78,158.781,0.001,1,London,Thursday
2026-01-22 08:57:27,FusionMarkets Zero,AUDUSD,0.68041,0.68041,0.0,0,London,Thursday
2026-01-22 08:57:31,ThinkMarkets ThinkZero,XAUUSD,4825.71,4825.79,0.08,8,London,Thursday
2026-01-22 08:57:32,ThinkMarkets ThinkZero,EURUSD,1.16883,1.16886,3e-05,3,London,Thursday
2026-01-22 08:57:33,ThinkMarkets ThinkZero,GBPUSD,1.34217,1.3422,3e-05,3,London,Thursday
2026-01-22 08:57:33,ThinkMarkets ThinkZero,USDJPY,158.78,158.785,0.005,5,London,Thursday
2026-01-22 08:57:34,ThinkMarkets ThinkZero,AUDUSD,0.68039,0.68041,2e-05,2,London,Thursday
2026-01-22 08:57:38,ICMarkets Raw,XAUUSD,4825.94,4825.99,0.05,5,London,Thursday
2026-01-22 08:57:39,ICMarkets Raw,EURUSD,1.16881,1.16882,1e-05,1,London,Thursday
2026-01-22 08:57:39,ICMarkets Raw,GBPUSD,1.34219,1.3422,1e-05,1,London,Thursday
2026-01-22 08:57:40,ICMarkets Raw,USDJPY,158.783,158.783,0.0,0,London,Thursday
2026-01-22 08:57:41,ICMarkets Raw,AUDUSD,0.68039,0.68039,0.0,0,London,Thursday
2026-01-22 08:57:44,VantageMarkets Raw,XAUUSD,4825.77,4825.85,0.08,8,London,Thursday
2026-01-22 08:57:45,VantageMarkets Raw,EURUSD,1.1688,1.16885,5e-05,5,London,Thursday
2026-01-22 08:57:46,VantageMarkets Raw,GBPUSD,1.34219,1.34221,2e-05,2,London,Thursday
2026-01-22 08:57:47,VantageMarkets Raw,USDJPY,158.783,158.784,0.001,1,London,Thursday
2026-01-22 08:57:48,VantageMarkets Raw,AUDUSD,0.68038,0.6804,2e-05,2,London,Thursday
2026-01-22 08:57:51,FPMarkets Raw,XAUUSD,4825.88,4825.95,0.07,7,London,Thursday
2026-01-22 08:57:52,FPMarkets Raw,EURUSD,1.16883,1.16884,1e-05,1,London,Thursday
2026-01-22 08:57:53,FPMarkets Raw,GBPUSD,1.34225,1.3423,5e-05,5,London,Thursday
2026-01-22 08:57:54,FPMarkets Raw,USDJPY,158.779,158.783,0.004,4,London,Thursday
2026-01-22 08:57:55,FPMarkets Raw,AUDUSD,0.68041,0.68045,4e-05,4,London,Thursday
2026-01-22 08:57:57,8Cap Raw,XAUUSD,4825.93,4826.09,0.16,16,London,Thursday
2026-01-22 08:57:58,8Cap Raw,EURUSD,1.16884,1.16885,1e-05,1,London,Thursday
2026-01-22 08:57:58,8Cap Raw,GBPUSD,1.34225,1.34227,2e-05,2,London,Thursday
2026-01-22 08:57:59,8Cap Raw,USDJPY,158.782,158.783,0.001,1,London,Thursday
2026-01-22 08:58:00,8Cap Raw,AUDUSD,0.68042,0.68045,3e-05,3,London,Thursday
2026-01-22 09:02:16,Pepperstone Razor,XAUUSD,4828.46,4828.67,0.21,21,London,Thursday
2026-01-22 09:02:17,Pepperstone Razor,EURUSD,1.16891,1.16891,0.0,0,London,Thursday
2026-01-22 09:02:18,Pepperstone Razor,GBPUSD,1.34296,1.34296,0.0,0,London,Thursday
2026-01-22 09:02:19,Pepperstone Razor,USDJPY,158.821,158.824,0.003,3,London,Thursday
2026-01-22 09:02:20,Pepperstone Razor,AUDUSD,0.68071,0.68073,2e-05,2,London,Thursday
2026-01-22 09:02:22,FusionMarkets Zero,XAUUSD,4828.69,4828.79,0.1,10,London,Thursday
2026-01-22 09:02:23,FusionMarkets Zero,EURUSD,1.16878,1.16878,0.0,0,London,Thursday
2026-01-22 09:02:24,FusionMarkets Zero,GBPUSD,1.3428,1.3428,0.0,0,London,Thursday
2026-01-22 09:02:25,FusionMarkets Zero,USDJPY,158.835,158.837,0.002,2,London,Thursday
2026-01-22 09:02:26,FusionMarkets Zero,AUDUSD,0.68073,0.68073,0.0,0,London,Thursday
2026-01-22 09:02:29,ThinkMarkets ThinkZero,XAUUSD,4829.23,4829.31,0.08,8,London,Thursday
2026-01-22 09:02:30,ThinkMarkets ThinkZero,EURUSD,1.16879,1.1688,1e-05,1,London,Thursday
2026-01-22 09:02:31,ThinkMarkets ThinkZero,GBPUSD,1.34275,1.34281,6e-05,6,London,Thursday
2026-01-22 09:02:32,ThinkMarkets ThinkZero,USDJPY,158.836,158.84,0.004,4,London,Thursday
2026-01-22 09:02:33,ThinkMarkets ThinkZero,AUDUSD,0.68069,0.68072,3e-05,3,London,Thursday
2026-01-22 09:02:36,ICMarkets Raw,XAUUSD,4830.06,4830.17,0.11,11,London,Thursday
2026-01-22 09:02:36,ICMarkets Raw,EURUSD,1.16875,1.16875,0.0,0,London,Thursday
2026-01-22 09:02:37,ICMarkets Raw,GBPUSD,1.34278,1.34279,1e-05,1,London,Thursday
2026-01-22 09:02:38,ICMarkets Raw,USDJPY,158.833,158.834,0.001,1,London,Thursday
2026-01-22 09:02:39,ICMarkets Raw,AUDUSD,0.68071,0.68071,0.0,0,London,Thursday
2026-01-22 09:02:42,VantageMarkets Raw,XAUUSD,4830.0,4830.08,0.08,8,London,Thursday
2026-01-22 09:02:43,VantageMarkets Raw,EURUSD,1.16877,1.16879,2e-05,2,London,Thursday
2026-01-22 09:02:44,VantageMarkets Raw,GBPUSD,1.34276,1.34277,1e-05,1,London,Thursday
2026-01-22 09:02:45,VantageMarkets Raw,USDJPY,158.826,158.829,0.003,3,London,Thursday
2026-01-22 09:02:45,VantageMarkets Raw,AUDUSD,0.6807,0.68073,3e-05,3,London,Thursday
2026-01-22 09:02:48,FPMarkets Raw,XAUUSD,4830.05,4830.12,0.07,7,London,Thursday
2026-01-22 09:02:49,FPMarkets Raw,EURUSD,1.16877,1.16879,2e-05,2,London,Thursday
2026-01-22 09:02:50,FPMarkets Raw,GBPUSD,1.34275,1.34278,3e-05,3,London,Thursday
2026-01-22 09:02:51,FPMarkets Raw,USDJPY,158.831,158.834,0.003,3,London,Thursday
2026-01-22 09:02:52,FPMarkets Raw,AUDUSD,0.68075,0.68078,3e-05,3,London,Thursday
2026-01-22 09:02:54,8Cap Raw,XAUUSD,4830.12,4830.28,0.16,16,London,Thursday
2026-01-22 09:02:54,8Cap Raw,EURUSD,1.16878,1.16878,0.0,0,London,Thursday
2026-01-22 09:02:55,8Cap Raw,GBPUSD,1.34277,1.34278,1e-05,1,London,Thursday
2026-01-22 09:02:56,8Cap Raw,USDJPY,158.832,158.833,0.001,1,London,Thursday
2026-01-22 09:02:56,8Cap Raw,AUDUSD,0.68077,0.6808,3e-05,3,London,Thursday
2026-01-22 09:07:16,Pepperstone Razor,XAUUSD,4833.23,4833.44,0.21,21,London,Thursday
2026-01-22 09:07:17,Pepperstone Razor,EURUSD,1.16887,1.16887,0.0,0,London,Thursday
2026-01-22 09:07:18,Pepperstone Razor,GBPUSD,1.34277,1.34278,1e-05,1,London,Thursday
2026-01-22 09:07:19,Pepperstone Razor,USDJPY,158.836,158.838,0.002,2,London,Thursday
2026-01-22 09:07:19,Pepperstone Razor,AUDUSD,0.68098,0.68099,1e-05,1,London,Thursday
2026-01-22 09:07:22,FusionMarkets Zero,XAUUSD,4833.62,4833.74,0.12,12,London,Thursday
2026-01-22 09:07:23,FusionMarkets Zero,EURUSD,1.16888,1.16888,0.0,0,London,Thursday
2026-01-22 09:07:24,FusionMarkets Zero,GBPUSD,1.34276,1.34276,0.0,0,London,Thursday
2026-01-22 09:07:25,FusionMarkets Zero,USDJPY,158.835,158.835,0.0,0,London,Thursday
2026-01-22 09:07:26,FusionMarkets Zero,AUDUSD,0.68104,0.68104,0.0,0,London,Thursday
2026-01-22 09:07:29,ThinkMarkets ThinkZero,XAUUSD,4833.54,4833.62,0.08,8,London,Thursday
2026-01-22 09:07:30,ThinkMarkets ThinkZero,EURUSD,1.16886,1.16888,2e-05,2,London,Thursday
2026-01-22 09:07:31,ThinkMarkets ThinkZero,GBPUSD,1.34273,1.3428,7e-05,7,London,Thursday
2026-01-22 09:07:32,ThinkMarkets ThinkZero,USDJPY,158.832,158.837,0.005,5,London,Thursday
2026-01-22 09:07:33,ThinkMarkets ThinkZero,AUDUSD,0.68099,0.68101,2e-05,2,London,Thursday
2026-01-22 09:07:35,ICMarkets Raw,XAUUSD,4834.82,4834.93,0.11,11,London,Thursday
2026-01-22 09:07:36,ICMarkets Raw,EURUSD,1.16886,1.16887,1e-05,1,London,Thursday
2026-01-22 09:07:37,ICMarkets Raw,GBPUSD,1.34278,1.34279,1e-05,1,London,Thursday
2026-01-22 09:07:38,ICMarkets Raw,USDJPY,158.82,158.821,0.001,1,London,Thursday
2026-01-22 09:07:39,ICMarkets Raw,AUDUSD,0.68103,0.68103,0.0,0,London,Thursday
2026-01-22 09:07:41,VantageMarkets Raw,XAUUSD,4834.8,4834.88,0.08,8,London,Thursday
2026-01-22 09:07:42,VantageMarkets Raw,EURUSD,1.16888,1.1689,2e-05,2,London,Thursday
2026-01-22 09:07:43,VantageMarkets Raw,GBPUSD,1.34277,1.34278,1e-05,1,London,Thursday
2026-01-22 09:07:44,VantageMarkets Raw,USDJPY,158.817,158.824,0.007,7,London,Thursday
2026-01-22 09:07:45,VantageMarkets Raw,AUDUSD,0.68102,0.68105,3e-05,3,London,Thursday
2026-01-22 09:07:48,FPMarkets Raw,XAUUSD,4834.42,4834.49,0.07,7,London,Thursday
2026-01-22 09:07:49,FPMarkets Raw,EURUSD,1.16887,1.16888,1e-05,1,London,Thursday
2026-01-22 09:07:50,FPMarkets Raw,GBPUSD,1.34275,1.34279,4e-05,4,London,Thursday
2026-01-22 09:07:50,FPMarkets Raw,USDJPY,158.82,158.823,0.003,3,London,Thursday
2026-01-22 09:07:51,FPMarkets Raw,AUDUSD,0.68104,0.68108,4e-05,4,London,Thursday
2026-01-22 09:07:53,8Cap Raw,XAUUSD,4833.93,4834.09,0.16,16,London,Thursday
2026-01-22 09:07:54,8Cap Raw,EURUSD,1.16888,1.16888,0.0,0,London,Thursday
2026-01-22 09:07:55,8Cap Raw,GBPUSD,1.34278,1.34279,1e-05,1,London,Thursday
2026-01-22 09:07:55,8Cap Raw,USDJPY,158.82,158.821,0.001,1,London,Thursday
2026-01-22 09:07:56,8Cap Raw,AUDUSD,0.68105,0.68108,3e-05,3,London,Thursday
2026-01-22 09:12:16,Pepperstone Razor,XAUUSD,4832.4,4832.56,0.16,16,London,Thursday
2026-01-22 09:12:17,Pepperstone Razor,EURUSD,1.16882,1.16882,0.0,0,London,Thursday
2026-01-22 09:12:18,Pepperstone Razor,GBPUSD,1.34259,1.3426,1e-05,1,London,Thursday
2026-01-22 09:12:19,Pepperstone Razor,USDJPY,158.859,158.861,0.002,2,London,Thursday
2026-01-22 09:12:20,Pepperstone Razor,AUDUSD,0.68089,0.68089,0.0,0,London,Thursday
2026-01-22 09:12:22,FusionMarkets Zero,XAUUSD,4832.65,4832.7,0.05,5,London,Thursday
2026-01-22 09:12:23,FusionMarkets Zero,EURUSD,1.16886,1.16886,0.0,0,London,Thursday
2026-01-22 09:12:24,FusionMarkets Zero,GBPUSD,1.34266,1.34266,0.0,0,London,Thursday
2026-01-22 09:12:25,FusionMarkets Zero,USDJPY,158.861,158.862,0.001,1,London,Thursday
2026-01-22 09:12:26,FusionMarkets Zero,AUDUSD,0.68094,0.68094,0.0,0,London,Thursday
2026-01-22 09:12:29,ThinkMarkets ThinkZero,XAUUSD,4832.32,4832.4,0.08,8,London,Thursday
2026-01-22 09:12:30,ThinkMarkets ThinkZero,EURUSD,1.16886,1.16888,2e-05,2,London,Thursday
2026-01-22 09:12:31,ThinkMarkets ThinkZero,GBPUSD,1.3426,1.34267,7e-05,7,London,Thursday
2026-01-22 09:12:32,ThinkMarkets ThinkZero,USDJPY,158.858,158.861,0.003,3,London,Thursday
2026-01-22 09:12:32,ThinkMarkets ThinkZero,AUDUSD,0.68088,0.68092,4e-05,4,London,Thursday
2026-01-22 09:12:35,ICMarkets Raw,XAUUSD,4833.13,4833.19,0.06,6,London,Thursday
2026-01-22 09:12:36,ICMarkets Raw,EURUSD,1.16886,1.16886,0.0,0,London,Thursday
2026-01-22 09:12:37,ICMarkets Raw,GBPUSD,1.34266,1.34267,1e-05,1,London,Thursday
2026-01-22 09:12:38,ICMarkets Raw,USDJPY,158.86,158.861,0.001,1,London,Thursday
2026-01-22 09:12:39,ICMarkets Raw,AUDUSD,0.68088,0.68088,0.0,0,London,Thursday
2026-01-22 09:12:42,VantageMarkets Raw,XAUUSD,4832.69,4832.77,0.08,8,London,Thursday
2026-01-22 09:12:43,VantageMarkets Raw,EURUSD,1.16879,1.16882,3e-05,3,London,Thursday
2026-01-22 09:12:43,VantageMarkets Raw,GBPUSD,1.34257,1.34258,1e-05,1,London,Thursday
2026-01-22 09:12:44,VantageMarkets Raw,USDJPY,158.863,158.864,0.001,1,London,Thursday
2026-01-22 09:12:45,VantageMarkets Raw,AUDUSD,0.6809,0.68093,3e-05,3,London,Thursday
2026-01-22 09:12:48,FPMarkets Raw,XAUUSD,4833.36,4833.43,0.07,7,London,Thursday
2026-01-22 09:12:49,FPMarkets Raw,EURUSD,1.16878,1.16879,1e-05,1,London,Thursday
2026-01-22 09:12:50,FPMarkets Raw,GBPUSD,1.34253,1.34256,3e-05,3,London,Thursday
2026-01-22 09:12:51,FPMarkets Raw,USDJPY,158.87,158.873,0.003,3,London,Thursday
2026-01-22 09:12:52,FPMarkets Raw,AUDUSD,0.68086,0.68089,3e-05,3,London,Thursday
2026-01-22 09:12:54,8Cap Raw,XAUUSD,4833.18,4833.34,0.16,16,London,Thursday
2026-01-22 09:12:54,8Cap Raw,EURUSD,1.16875,1.16876,1e-05,1,London,Thursday
2026-01-22 09:12:55,8Cap Raw,GBPUSD,1.34255,1.34256,1e-05,1,London,Thursday
2026-01-22 09:12:56,8Cap Raw,USDJPY,158.869,158.873,0.004,4,London,Thursday
2026-01-22 09:12:56,8Cap Raw,AUDUSD,0.68085,0.68088,3e-05,3,London,Thursday
2026-01-22 09:17:16,Pepperstone Razor,XAUUSD,4835.26,4835.48,0.22,22,London,Thursday
2026-01-22 09:17:17,Pepperstone Razor,EURUSD,1.16867,1.16867,0.0,0,London,Thursday
2026-01-22 09:17:18,Pepperstone Razor,GBPUSD,1.34238,1.34241,3e-05,3,London,Thursday
2026-01-22 09:17:19,Pepperstone Razor,USDJPY,158.848,158.85,0.002,2,London,Thursday
2026-01-22 09:17:20,Pepperstone Razor,AUDUSD,0.6809,0.6809,0.0,0,London,Thursday
2026-01-22 09:17:22,FusionMarkets Zero,XAUUSD,4834.43,4834.55,0.12,12,London,Thursday
2026-01-22 09:17:23,FusionMarkets Zero,EURUSD,1.16866,1.16866,0.0,0,London,Thursday
2026-01-22 09:17:24,FusionMarkets Zero,GBPUSD,1.34242,1.34242,0.0,0,London,Thursday
2026-01-22 09:17:25,FusionMarkets Zero,USDJPY,158.849,158.849,0.0,0,London,Thursday
2026-01-22 09:17:26,FusionMarkets Zero,AUDUSD,0.68092,0.68092,0.0,0,London,Thursday
2026-01-22 09:17:29,ThinkMarkets ThinkZero,XAUUSD,4833.57,4833.65,0.08,8,London,Thursday
2026-01-22 09:17:30,ThinkMarkets ThinkZero,EURUSD,1.16868,1.1687,2e-05,2,London,Thursday
2026-01-22 09:17:31,ThinkMarkets ThinkZero,GBPUSD,1.34255,1.34261,6e-05,6,London,Thursday
2026-01-22 09:17:32,ThinkMarkets ThinkZero,USDJPY,158.832,158.837,0.005,5,London,Thursday
2026-01-22 09:17:33,ThinkMarkets ThinkZero,AUDUSD,0.68097,0.68099,2e-05,2,London,Thursday
2026-01-22 09:17:35,ICMarkets Raw,XAUUSD,4833.59,4833.7,0.11,11,London,Thursday
2026-01-22 09:17:36,ICMarkets Raw,EURUSD,1.16867,1.16867,0.0,0,London,Thursday
2026-01-22 09:17:37,ICMarkets Raw,GBPUSD,1.34257,1.3426,3e-05,3,London,Thursday
2026-01-22 09:17:38,ICMarkets Raw,USDJPY,158.843,158.844,0.001,1,London,Thursday
2026-01-22 09:17:39,ICMarkets Raw,AUDUSD,0.68094,0.68096,2e-05,2,London,Thursday
2026-01-22 09:17:42,VantageMarkets Raw,XAUUSD,4833.42,4833.5,0.08,8,London,Thursday
2026-01-22 09:17:43,VantageMarkets Raw,EURUSD,1.16868,1.1687,2e-05,2,London,Thursday
2026-01-22 09:17:47,VantageMarkets Raw,GBPUSD,1.34256,1.34257,1e-05,1,London,Thursday
2026-01-22 09:17:48,VantageMarkets Raw,USDJPY,158.844,158.846,0.002,2,London,Thursday
2026-01-22 09:17:49,VantageMarkets Raw,AUDUSD,0.68099,0.68103,4e-05,4,London,Thursday
2026-01-22 09:17:52,FPMarkets Raw,XAUUSD,4835.01,4835.08,0.07,7,London,Thursday
2026-01-22 09:17:53,FPMarkets Raw,EURUSD,1.16875,1.16876,1e-05,1,London,Thursday
2026-01-22 09:17:54,FPMarkets Raw,GBPUSD,1.34268,1.34272,4e-05,4,London,Thursday
2026-01-22 09:17:55,FPMarkets Raw,USDJPY,158.835,158.838,0.003,3,London,Thursday
2026-01-22 09:17:56,FPMarkets Raw,AUDUSD,0.68101,0.68105,4e-05,4,London,Thursday
2026-01-22 09:17:57,8Cap Raw,XAUUSD,4835.05,4835.21,0.16,16,London,Thursday
2026-01-22 09:17:58,8Cap Raw,EURUSD,1.16871,1.16872,1e-05,1,London,Thursday
2026-01-22 09:17:59,8Cap Raw,GBPUSD,1.34265,1.34268,3e-05,3,London,Thursday
2026-01-22 09:17:59,8Cap Raw,USDJPY,158.836,158.837,0.001,1,London,Thursday
2026-01-22 09:18:00,8Cap Raw,AUDUSD,0.68104,0.68107,3e-05,3,London,Thursday
2026-01-22 09:22:16,Pepperstone Razor,XAUUSD,4834.93,4835.08,0.15,15,London,Thursday
2026-01-22 09:22:17,Pepperstone Razor,EURUSD,1.16871,1.16871,0.0,0,London,Thursday
2026-01-22 09:22:18,Pepperstone Razor,GBPUSD,1.34277,1.34279,2e-05,2,London,Thursday
2026-01-22 09:22:19,Pepperstone Razor,USDJPY,158.862,158.863,0.001,1,London,Thursday
2026-01-22 09:22:20,Pepperstone Razor,AUDUSD,0.68103,0.68103,0.0,0,London,Thursday
2026-01-22 09:22:23,FusionMarkets Zero,XAUUSD,4834.94,4835.01,0.07,7,London,Thursday
2026-01-22 09:22:24,FusionMarkets Zero,EURUSD,1.16873,1.16873,0.0,0,London,Thursday
2026-01-22 09:22:25,FusionMarkets Zero,GBPUSD,1.34275,1.34275,0.0,0,London,Thursday
2026-01-22 09:22:25,FusionMarkets Zero,USDJPY,158.862,158.862,0.0,0,London,Thursday
2026-01-22 09:22:26,FusionMarkets Zero,AUDUSD,0.68103,0.68103,0.0,0,London,Thursday
2026-01-22 09:22:29,ThinkMarkets ThinkZero,XAUUSD,4833.98,4834.06,0.08,8,London,Thursday
2026-01-22 09:22:30,ThinkMarkets ThinkZero,EURUSD,1.16871,1.16874,3e-05,3,London,Thursday
2026-01-22 09:22:31,ThinkMarkets ThinkZero,GBPUSD,1.34271,1.34275,4e-05,4,London,Thursday
2026-01-22 09:22:32,ThinkMarkets ThinkZero,USDJPY,158.86,158.864,0.004,4,London,Thursday
2026-01-22 09:22:33,ThinkMarkets ThinkZero,AUDUSD,0.68098,0.68102,4e-05,4,London,Thursday
2026-01-22 09:22:36,ICMarkets Raw,XAUUSD,4833.66,4833.75,0.09,9,London,Thursday
2026-01-22 09:22:37,ICMarkets Raw,EURUSD,1.16876,1.16876,0.0,0,London,Thursday
2026-01-22 09:22:38,ICMarkets Raw,GBPUSD,1.34278,1.34279,1e-05,1,London,Thursday
2026-01-22 09:22:38,ICMarkets Raw,USDJPY,158.861,158.861,0.0,0,London,Thursday
2026-01-22 09:22:39,ICMarkets Raw,AUDUSD,0.681,0.681,0.0,0,London,Thursday
2026-01-22 09:22:42,VantageMarkets Raw,XAUUSD,4833.48,4833.56,0.08,8,London,Thursday
2026-01-22 09:22:43,VantageMarkets Raw,EURUSD,1.16879,1.1688,1e-05,1,London,Thursday
2026-01-22 09:22:44,VantageMarkets Raw,GBPUSD,1.34278,1.34279,1e-05,1,London,Thursday
2026-01-22 09:22:45,VantageMarkets Raw,USDJPY,158.858,158.86,0.002,2,London,Thursday
2026-01-22 09:22:46,VantageMarkets Raw,AUDUSD,0.68099,0.68102,3e-05,3,London,Thursday
2026-01-22 09:22:49,FPMarkets Raw,XAUUSD,4833.05,4833.12,0.07,7,London,Thursday
2026-01-22 09:22:50,FPMarkets Raw,EURUSD,1.1688,1.16882,2e-05,2,London,Thursday
2026-01-22 09:22:50,FPMarkets Raw,GBPUSD,1.34275,1.34279,4e-05,4,London,Thursday
2026-01-22 09:22:51,FPMarkets Raw,USDJPY,158.858,158.861,0.003,3,London,Thursday
2026-01-22 09:22:52,FPMarkets Raw,AUDUSD,0.68097,0.68101,4e-05,4,London,Thursday
2026-01-22 09:22:54,8Cap Raw,XAUUSD,4833.16,4833.32,0.16,16,London,Thursday
2026-01-22 09:22:55,8Cap Raw,EURUSD,1.16884,1.16885,1e-05,1,London,Thursday
2026-01-22 09:22:55,8Cap Raw,GBPUSD,1.34287,1.34288,1e-05,1,London,Thursday
2026-01-22 09:22:56,8Cap Raw,USDJPY,158.858,158.859,0.001,1,London,Thursday
2026-01-22 09:22:57,8Cap Raw,AUDUSD,0.681,0.68102,2e-05,2,London,Thursday
2026-01-22 09:27:16,Pepperstone Razor,XAUUSD,4834.72,4834.88,0.16,16,London,Thursday
2026-01-22 09:27:17,Pepperstone Razor,EURUSD,1.16891,1.16891,0.0,0,London,Thursday
2026-01-22 09:27:18,Pepperstone Razor,GBPUSD,1.34296,1.34299,3e-05,3,London,Thursday
2026-01-22 09:27:19,Pepperstone Razor,USDJPY,158.843,158.844,0.001,1,London,Thursday
2026-01-22 09:27:20,Pepperstone Razor,AUDUSD,0.68095,0.68095,0.0,0,London,Thursday
2026-01-22 09:27:23,FusionMarkets Zero,XAUUSD,4835.22,4835.28,0.06,6,London,Thursday
2026-01-22 09:27:24,FusionMarkets Zero,EURUSD,1.16891,1.16891,0.0,0,London,Thursday
2026-01-22 09:27:25,FusionMarkets Zero,GBPUSD,1.34299,1.34299,0.0,0,London,Thursday
2026-01-22 09:27:26,FusionMarkets Zero,USDJPY,158.846,158.846,0.0,0,London,Thursday
2026-01-22 09:27:27,FusionMarkets Zero,AUDUSD,0.68096,0.68096,0.0,0,London,Thursday
2026-01-22 09:27:30,ThinkMarkets ThinkZero,XAUUSD,4835.03,4835.11,0.08,8,London,Thursday
2026-01-22 09:27:31,ThinkMarkets ThinkZero,EURUSD,1.16887,1.16891,4e-05,4,London,Thursday
2026-01-22 09:27:31,ThinkMarkets ThinkZero,GBPUSD,1.34295,1.34301,6e-05,6,London,Thursday
2026-01-22 09:27:32,ThinkMarkets ThinkZero,USDJPY,158.847,158.85,0.003,3,London,Thursday
2026-01-22 09:27:33,ThinkMarkets ThinkZero,AUDUSD,0.68095,0.68096,1e-05,1,London,Thursday
2026-01-22 09:27:36,ICMarkets Raw,XAUUSD,4835.3,4835.35,0.05,5,London,Thursday
2026-01-22 09:27:37,ICMarkets Raw,EURUSD,1.16885,1.16885,0.0,0,London,Thursday
2026-01-22 09:27:38,ICMarkets Raw,GBPUSD,1.34299,1.343,1e-05,1,London,Thursday
2026-01-22 09:27:39,ICMarkets Raw,USDJPY,158.857,158.857,0.0,0,London,Thursday
2026-01-22 09:27:40,ICMarkets Raw,AUDUSD,0.68095,0.68095,0.0,0,London,Thursday
2026-01-22 09:27:42,VantageMarkets Raw,XAUUSD,4835.38,4835.46,0.08,8,London,Thursday
2026-01-22 09:27:43,VantageMarkets Raw,EURUSD,1.16889,1.16891,2e-05,2,London,Thursday
2026-01-22 09:27:44,VantageMarkets Raw,GBPUSD,1.34299,1.343,1e-05,1,London,Thursday
2026-01-22 09:27:45,VantageMarkets Raw,USDJPY,158.844,158.852,0.008,8,London,Thursday
2026-01-22 09:27:46,VantageMarkets Raw,AUDUSD,0.68096,0.68099,3e-05,3,London,Thursday
2026-01-22 09:27:49,FPMarkets Raw,XAUUSD,4835.29,4835.36,0.07,7,London,Thursday
2026-01-22 09:27:50,FPMarkets Raw,EURUSD,1.16894,1.16895,1e-05,1,London,Thursday
2026-01-22 09:27:51,FPMarkets Raw,GBPUSD,1.34302,1.34305,3e-05,3,London,Thursday
2026-01-22 09:27:52,FPMarkets Raw,USDJPY,158.85,158.853,0.003,3,London,Thursday
2026-01-22 09:27:53,FPMarkets Raw,AUDUSD,0.68099,0.68102,3e-05,3,London,Thursday
2026-01-22 09:27:54,8Cap Raw,XAUUSD,4835.28,4835.44,0.16,16,London,Thursday
2026-01-22 09:27:55,8Cap Raw,EURUSD,1.16894,1.16894,0.0,0,London,Thursday
2026-01-22 09:27:56,8Cap Raw,GBPUSD,1.34306,1.34307,1e-05,1,London,Thursday
2026-01-22 09:27:56,8Cap Raw,USDJPY,158.85,158.851,0.001,1,London,Thursday
2026-01-22 09:27:57,8Cap Raw,AUDUSD,0.68099,0.68101,2e-05,2,London,Thursday
2026-01-22 09:32:16,Pepperstone Razor,XAUUSD,4836.23,4836.41,0.18,18,London,Thursday
2026-01-22 09:32:17,Pepperstone Razor,EURUSD,1.1689,1.1689,0.0,0,London,Thursday
2026-01-22 09:32:18,Pepperstone Razor,GBPUSD,1.34322,1.34325,3e-05,3,London,Thursday
2026-01-22 09:32:19,Pepperstone Razor,USDJPY,158.847,158.848,0.001,1,London,Thursday
2026-01-22 09:32:20,Pepperstone Razor,AUDUSD,0.68088,0.68089,1e-05,1,London,Thursday
2026-01-22 09:32:23,FusionMarkets Zero,XAUUSD,4835.74,4835.81,0.07,7,London,Thursday
2026-01-22 09:32:24,FusionMarkets Zero,EURUSD,1.16889,1.16889,0.0,0,London,Thursday
2026-01-22 09:32:25,FusionMarkets Zero,GBPUSD,1.34328,1.34328,0.0,0,London,Thursday
2026-01-22 09:32:26,FusionMarkets Zero,USDJPY,158.85,158.85,0.0,0,London,Thursday
2026-01-22 09:32:27,FusionMarkets Zero,AUDUSD,0.68085,0.68085,0.0,0,London,Thursday
2026-01-22 09:32:30,ThinkMarkets ThinkZero,XAUUSD,4835.61,4835.69,0.08,8,London,Thursday
2026-01-22 09:32:31,ThinkMarkets ThinkZero,EURUSD,1.16882,1.16885,3e-05,3,London,Thursday
2026-01-22 09:32:31,ThinkMarkets ThinkZero,GBPUSD,1.34317,1.34323,6e-05,6,London,Thursday
2026-01-22 09:32:32,ThinkMarkets ThinkZero,USDJPY,158.856,158.86,0.004,4,London,Thursday
2026-01-22 09:32:33,ThinkMarkets ThinkZero,AUDUSD,0.68069,0.68072,3e-05,3,London,Thursday
2026-01-22 09:32:36,ICMarkets Raw,XAUUSD,4836.12,4836.22,0.1,10,London,Thursday
2026-01-22 09:32:37,ICMarkets Raw,EURUSD,1.16879,1.16879,0.0,0,London,Thursday
2026-01-22 09:32:38,ICMarkets Raw,GBPUSD,1.3432,1.34321,1e-05,1,London,Thursday
2026-01-22 09:32:39,ICMarkets Raw,USDJPY,158.852,158.852,0.0,0,London,Thursday
2026-01-22 09:32:40,ICMarkets Raw,AUDUSD,0.68068,0.6807,2e-05,2,London,Thursday
2026-01-22 09:32:43,VantageMarkets Raw,XAUUSD,4836.11,4836.19,0.08,8,London,Thursday
2026-01-22 09:32:44,VantageMarkets Raw,EURUSD,1.16884,1.16885,1e-05,1,London,Thursday
2026-01-22 09:32:44,VantageMarkets Raw,GBPUSD,1.34325,1.34326,1e-05,1,London,Thursday
2026-01-22 09:32:45,VantageMarkets Raw,USDJPY,158.849,158.856,0.007,7,London,Thursday
2026-01-22 09:32:46,VantageMarkets Raw,AUDUSD,0.68065,0.68069,4e-05,4,London,Thursday
2026-01-22 09:32:49,FPMarkets Raw,XAUUSD,4835.95,4836.02,0.07,7,London,Thursday
2026-01-22 09:32:50,FPMarkets Raw,EURUSD,1.16877,1.16878,1e-05,1,London,Thursday
2026-01-22 09:32:51,FPMarkets Raw,GBPUSD,1.34322,1.34325,3e-05,3,London,Thursday
2026-01-22 09:32:52,FPMarkets Raw,USDJPY,158.858,158.861,0.003,3,London,Thursday
2026-01-22 09:32:53,FPMarkets Raw,AUDUSD,0.68061,0.68064,3e-05,3,London,Thursday
2026-01-22 09:32:55,8Cap Raw,XAUUSD,4836.14,4836.3,0.16,16,London,Thursday
2026-01-22 09:32:55,8Cap Raw,EURUSD,1.16874,1.16875,1e-05,1,London,Thursday
2026-01-22 09:32:56,8Cap Raw,GBPUSD,1.34318,1.3432,2e-05,2,London,Thursday
2026-01-22 09:32:57,8Cap Raw,USDJPY,158.857,158.859,0.002,2,London,Thursday
2026-01-22 09:32:57,8Cap Raw,AUDUSD,0.68062,0.68065,3e-05,3,London,Thursday
2026-01-22 09:37:17,Pepperstone Razor,XAUUSD,4835.69,4835.84,0.15,15,London,Thursday
2026-01-22 09:37:18,Pepperstone Razor,EURUSD,1.16916,1.16916,0.0,0,London,Thursday
2026-01-22 09:37:19,Pepperstone Razor,GBPUSD,1.34356,1.34357,1e-05,1,London,Thursday
2026-01-22 09:37:19,Pepperstone Razor,USDJPY,158.851,158.853,0.002,2,London,Thursday
2026-01-22 09:37:20,Pepperstone Razor,AUDUSD,0.68081,0.68082,1e-05,1,London,Thursday
2026-01-22 09:37:25,FusionMarkets Zero,XAUUSD,4835.34,4835.39,0.05,5,London,Thursday
2026-01-22 09:37:26,FusionMarkets Zero,EURUSD,1.16904,1.16904,0.0,0,London,Thursday
2026-01-22 09:37:26,FusionMarkets Zero,GBPUSD,1.34355,1.34355,0.0,0,London,Thursday
2026-01-22 09:37:27,FusionMarkets Zero,USDJPY,158.85,158.85,0.0,0,London,Thursday
2026-01-22 09:37:28,FusionMarkets Zero,AUDUSD,0.68081,0.68081,0.0,0,London,Thursday
2026-01-22 09:37:32,ThinkMarkets ThinkZero,XAUUSD,4835.41,4835.49,0.08,8,London,Thursday
2026-01-22 09:37:33,ThinkMarkets ThinkZero,EURUSD,1.16904,1.16907,3e-05,3,London,Thursday
2026-01-22 09:37:34,ThinkMarkets ThinkZero,GBPUSD,1.34355,1.34358,3e-05,3,London,Thursday
2026-01-22 09:37:35,ThinkMarkets ThinkZero,USDJPY,158.846,158.85,0.004,4,London,Thursday
2026-01-22 09:37:35,ThinkMarkets ThinkZero,AUDUSD,0.68078,0.68081,3e-05,3,London,Thursday
2026-01-22 09:37:38,ICMarkets Raw,XAUUSD,4835.27,4835.32,0.05,5,London,Thursday
2026-01-22 09:37:39,ICMarkets Raw,EURUSD,1.16905,1.16905,0.0,0,London,Thursday
2026-01-22 09:37:40,ICMarkets Raw,GBPUSD,1.34358,1.34359,1e-05,1,London,Thursday
2026-01-22 09:37:41,ICMarkets Raw,USDJPY,158.842,158.842,0.0,0,London,Thursday
2026-01-22 09:37:42,ICMarkets Raw,AUDUSD,0.68075,0.68076,1e-05,1,London,Thursday
2026-01-22 09:37:45,VantageMarkets Raw,XAUUSD,4835.65,4835.73,0.08,8,London,Thursday
2026-01-22 09:37:46,VantageMarkets Raw,EURUSD,1.1691,1.16912,2e-05,2,London,Thursday
2026-01-22 09:37:47,VantageMarkets Raw,GBPUSD,1.34358,1.34359,1e-05,1,London,Thursday
2026-01-22 09:37:48,VantageMarkets Raw,USDJPY,158.841,158.844,0.003,3,London,Thursday
2026-01-22 09:37:49,VantageMarkets Raw,AUDUSD,0.68075,0.68079,4e-05,4,London,Thursday
2026-01-22 09:37:52,FPMarkets Raw,XAUUSD,4837.34,4837.41,0.07,7,London,Thursday
2026-01-22 09:37:53,FPMarkets Raw,EURUSD,1.16914,1.16915,1e-05,1,London,Thursday
2026-01-22 09:37:54,FPMarkets Raw,GBPUSD,1.34364,1.34367,3e-05,3,London,Thursday
2026-01-22 09:37:55,FPMarkets Raw,USDJPY,158.83,158.833,0.003,3,London,Thursday
2026-01-22 09:37:56,FPMarkets Raw,AUDUSD,0.68075,0.68078,3e-05,3,London,Thursday
2026-01-22 09:37:58,8Cap Raw,XAUUSD,4837.22,4837.38,0.16,16,London,Thursday
2026-01-22 09:37:58,8Cap Raw,EURUSD,1.16916,1.16916,0.0,0,London,Thursday
2026-01-22 09:37:59,8Cap Raw,GBPUSD,1.34364,1.34365,1e-05,1,London,Thursday
2026-01-22 09:38:00,8Cap Raw,USDJPY,158.829,158.83,0.001,1,London,Thursday
2026-01-22 09:38:01,8Cap Raw,AUDUSD,0.68075,0.68077,2e-05,2,London,Thursday
2026-01-22 09:42:17,Pepperstone Razor,XAUUSD,4834.82,4834.99,0.17,17,London,Thursday
2026-01-22 09:42:18,Pepperstone Razor,EURUSD,1.16909,1.16909,0.0,0,London,Thursday
2026-01-22 09:42:19,Pepperstone Razor,GBPUSD,1.34356,1.34359,3e-05,3,London,Thursday
2026-01-22 09:42:20,Pepperstone Razor,USDJPY,158.785,158.787,0.002,2,London,Thursday
2026-01-22 09:42:20,Pepperstone Razor,AUDUSD,0.68073,0.68074,1e-05,1,London,Thursday
2026-01-22 09:42:24,FusionMarkets Zero,XAUUSD,4835.05,4835.1,0.05,5,London,Thursday
2026-01-22 09:42:25,FusionMarkets Zero,EURUSD,1.16901,1.16901,0.0,0,London,Thursday
2026-01-22 09:42:26,FusionMarkets Zero,GBPUSD,1.34356,1.34356,0.0,0,London,Thursday
2026-01-22 09:42:27,FusionMarkets Zero,USDJPY,158.786,158.788,0.002,2,London,Thursday
2026-01-22 09:42:27,FusionMarkets Zero,AUDUSD,0.6807,0.6807,0.0,0,London,Thursday
2026-01-22 09:42:31,ThinkMarkets ThinkZero,XAUUSD,4834.86,4834.94,0.08,8,London,Thursday
2026-01-22 09:42:32,ThinkMarkets ThinkZero,EURUSD,1.16901,1.16903,2e-05,2,London,Thursday
2026-01-22 09:42:33,ThinkMarkets ThinkZero,GBPUSD,1.34351,1.34356,5e-05,5,London,Thursday
2026-01-22 09:42:34,ThinkMarkets ThinkZero,USDJPY,158.771,158.774,0.003,3,London,Thursday
2026-01-22 09:42:35,ThinkMarkets ThinkZero,AUDUSD,0.68069,0.68072,3e-05,3,London,Thursday
2026-01-22 09:42:38,ICMarkets Raw,XAUUSD,4834.69,4834.75,0.06,6,London,Thursday
2026-01-22 09:42:39,ICMarkets Raw,EURUSD,1.16901,1.16901,0.0,0,London,Thursday
2026-01-22 09:42:40,ICMarkets Raw,GBPUSD,1.34352,1.34355,3e-05,3,London,Thursday
2026-01-22 09:42:41,ICMarkets Raw,USDJPY,158.781,158.783,0.002,2,London,Thursday
2026-01-22 09:42:42,ICMarkets Raw,AUDUSD,0.68079,0.6808,1e-05,1,London,Thursday
2026-01-22 09:42:45,VantageMarkets Raw,XAUUSD,4834.68,4834.76,0.08,8,London,Thursday
2026-01-22 09:42:46,VantageMarkets Raw,EURUSD,1.16906,1.16907,1e-05,1,London,Thursday
2026-01-22 09:42:47,VantageMarkets Raw,GBPUSD,1.34352,1.34355,3e-05,3,London,Thursday
2026-01-22 09:42:48,VantageMarkets Raw,USDJPY,158.779,158.781,0.002,2,London,Thursday
2026-01-22 09:42:49,VantageMarkets Raw,AUDUSD,0.68075,0.68079,4e-05,4,London,Thursday
2026-01-22 09:42:52,FPMarkets Raw,XAUUSD,4835.66,4835.73,0.07,7,London,Thursday
2026-01-22 09:42:53,FPMarkets Raw,EURUSD,1.169,1.16901,1e-05,1,London,Thursday
2026-01-22 09:42:54,FPMarkets Raw,GBPUSD,1.34348,1.34351,3e-05,3,London,Thursday
2026-01-22 09:42:55,FPMarkets Raw,USDJPY,158.776,158.779,0.003,3,London,Thursday
2026-01-22 09:42:56,FPMarkets Raw,AUDUSD,0.68074,0.68077,3e-05,3,London,Thursday
2026-01-22 09:42:58,8Cap Raw,XAUUSD,4835.46,4835.62,0.16,16,London,Thursday
2026-01-22 09:42:59,8Cap Raw,EURUSD,1.169,1.169,0.0,0,London,Thursday
2026-01-22 09:43:00,8Cap Raw,GBPUSD,1.34348,1.3435,2e-05,2,London,Thursday
2026-01-22 09:43:00,8Cap Raw,USDJPY,158.784,158.785,0.001,1,London,Thursday
2026-01-22 09:43:01,8Cap Raw,AUDUSD,0.68077,0.6808,3e-05,3,London,Thursday
2026-01-22 09:47:17,Pepperstone Razor,XAUUSD,4831.78,4831.91,0.13,13,London,Thursday
2026-01-22 09:47:18,Pepperstone Razor,EURUSD,1.16916,1.16916,0.0,0,London,Thursday
2026-01-22 09:47:19,Pepperstone Razor,GBPUSD,1.34359,1.34361,2e-05,2,London,Thursday
2026-01-22 09:47:20,Pepperstone Razor,USDJPY,158.849,158.852,0.003,3,London,Thursday
2026-01-22 09:47:21,Pepperstone Razor,AUDUSD,0.68079,0.6808,1e-05,1,London,Thursday
2026-01-22 09:47:24,FusionMarkets Zero,XAUUSD,4831.28,4831.36,0.08,8,London,Thursday
2026-01-22 09:47:25,FusionMarkets Zero,EURUSD,1.16916,1.16916,0.0,0,London,Thursday
2026-01-22 09:47:26,FusionMarkets Zero,GBPUSD,1.34357,1.34357,0.0,0,London,Thursday
2026-01-22 09:47:27,FusionMarkets Zero,USDJPY,158.851,158.851,0.0,0,London,Thursday
2026-01-22 09:47:28,FusionMarkets Zero,AUDUSD,0.68078,0.68078,0.0,0,London,Thursday
2026-01-22 09:47:31,ThinkMarkets ThinkZero,XAUUSD,4831.53,4831.61,0.08,8,London,Thursday
2026-01-22 09:47:32,ThinkMarkets ThinkZero,EURUSD,1.16912,1.16914,2e-05,2,London,Thursday
2026-01-22 09:47:33,ThinkMarkets ThinkZero,GBPUSD,1.34351,1.34355,4e-05,4,London,Thursday
2026-01-22 09:47:34,ThinkMarkets ThinkZero,USDJPY,158.848,158.851,0.003,3,London,Thursday
2026-01-22 09:47:35,ThinkMarkets ThinkZero,AUDUSD,0.68071,0.68074,3e-05,3,London,Thursday
2026-01-22 09:47:38,ICMarkets Raw,XAUUSD,4831.69,4831.79,0.1,10,London,Thursday
2026-01-22 09:47:39,ICMarkets Raw,EURUSD,1.16911,1.16911,0.0,0,London,Thursday
2026-01-22 09:47:40,ICMarkets Raw,GBPUSD,1.34347,1.34349,2e-05,2,London,Thursday
2026-01-22 09:47:41,ICMarkets Raw,USDJPY,158.85,158.85,0.0,0,London,Thursday
2026-01-22 09:47:42,ICMarkets Raw,AUDUSD,0.68069,0.68069,0.0,0,London,Thursday
2026-01-22 09:47:44,VantageMarkets Raw,XAUUSD,4831.87,4831.95,0.08,8,London,Thursday
2026-01-22 09:47:45,VantageMarkets Raw,EURUSD,1.1691,1.16912,2e-05,2,London,Thursday
2026-01-22 09:47:46,VantageMarkets Raw,GBPUSD,1.34347,1.34348,1e-05,1,London,Thursday
2026-01-22 09:47:47,VantageMarkets Raw,USDJPY,158.851,158.852,0.001,1,London,Thursday
2026-01-22 09:47:48,VantageMarkets Raw,AUDUSD,0.68068,0.6807,2e-05,2,London,Thursday
2026-01-22 09:47:51,FPMarkets Raw,XAUUSD,4831.87,4831.94,0.07,7,London,Thursday
2026-01-22 09:47:52,FPMarkets Raw,EURUSD,1.16912,1.16913,1e-05,1,London,Thursday
2026-01-22 09:47:53,FPMarkets Raw,GBPUSD,1.34345,1.34349,4e-05,4,London,Thursday
2026-01-22 09:47:54,FPMarkets Raw,USDJPY,158.85,158.852,0.002,2,London,Thursday
2026-01-22 09:47:55,FPMarkets Raw,AUDUSD,0.68069,0.68072,3e-05,3,London,Thursday
2026-01-22 09:47:57,8Cap Raw,XAUUSD,4831.94,4832.1,0.16,16,London,Thursday
2026-01-22 09:47:57,8Cap Raw,EURUSD,1.16912,1.16913,1e-05,1,London,Thursday
2026-01-22 09:47:58,8Cap Raw,GBPUSD,1.34349,1.3435,1e-05,1,London,Thursday
2026-01-22 09:47:59,8Cap Raw,USDJPY,158.848,158.849,0.001,1,London,Thursday
2026-01-22 09:47:59,8Cap Raw,AUDUSD,0.6807,0.68072,2e-05,2,London,Thursday
2026-01-22 09:52:17,Pepperstone Razor,XAUUSD,4832.96,4833.11,0.15,15,London,Thursday
2026-01-22 09:52:18,Pepperstone Razor,EURUSD,1.16941,1.16941,0.0,0,London,Thursday
2026-01-22 09:52:19,Pepperstone Razor,GBPUSD,1.34338,1.34338,0.0,0,London,Thursday
2026-01-22 09:52:20,Pepperstone Razor,USDJPY,158.831,158.833,0.002,2,London,Thursday
2026-01-22 09:52:21,Pepperstone Razor,AUDUSD,0.68078,0.68078,0.0,0,London,Thursday
2026-01-22 09:52:24,FusionMarkets Zero,XAUUSD,4833.13,4833.19,0.06,6,London,Thursday
2026-01-22 09:52:25,FusionMarkets Zero,EURUSD,1.16941,1.16941,0.0,0,London,Thursday
2026-01-22 09:52:26,FusionMarkets Zero,GBPUSD,1.34344,1.34344,0.0,0,London,Thursday
2026-01-22 09:52:27,FusionMarkets Zero,USDJPY,158.832,158.833,0.001,1,London,Thursday
2026-01-22 09:52:28,FusionMarkets Zero,AUDUSD,0.6808,0.6808,0.0,0,London,Thursday
2026-01-22 09:52:31,ThinkMarkets ThinkZero,XAUUSD,4832.78,4832.86,0.08,8,London,Thursday
2026-01-22 09:52:32,ThinkMarkets ThinkZero,EURUSD,1.16938,1.16942,4e-05,4,London,Thursday
2026-01-22 09:52:33,ThinkMarkets ThinkZero,GBPUSD,1.34341,1.34348,7e-05,7,London,Thursday
2026-01-22 09:52:34,ThinkMarkets ThinkZero,USDJPY,158.83,158.834,0.004,4,London,Thursday
2026-01-22 09:52:35,ThinkMarkets ThinkZero,AUDUSD,0.68077,0.68079,2e-05,2,London,Thursday
2026-01-22 09:52:38,ICMarkets Raw,XAUUSD,4833.28,4833.33,0.05,5,London,Thursday
2026-01-22 09:52:39,ICMarkets Raw,EURUSD,1.16948,1.16949,1e-05,1,London,Thursday
2026-01-22 09:52:40,ICMarkets Raw,GBPUSD,1.34355,1.34356,1e-05,1,London,Thursday
2026-01-22 09:52:41,ICMarkets Raw,USDJPY,158.827,158.828,0.001,1,London,Thursday
2026-01-22 09:52:42,ICMarkets Raw,AUDUSD,0.68079,0.68079,0.0,0,London,Thursday
2026-01-22 09:52:45,VantageMarkets Raw,XAUUSD,4833.22,4833.3,0.08,8,London,Thursday
2026-01-22 09:52:46,VantageMarkets Raw,EURUSD,1.16949,1.16951,2e-05,2,London,Thursday
2026-01-22 09:52:46,VantageMarkets Raw,GBPUSD,1.3435,1.34353,3e-05,3,London,Thursday
2026-01-22 09:52:47,VantageMarkets Raw,USDJPY,158.817,158.818,0.001,1,London,Thursday
2026-01-22 09:52:48,VantageMarkets Raw,AUDUSD,0.68077,0.6808,3e-05,3,London,Thursday
2026-01-22 09:52:52,FPMarkets Raw,XAUUSD,4833.45,4833.52,0.07,7,London,Thursday
2026-01-22 09:52:53,FPMarkets Raw,EURUSD,1.16948,1.16949,1e-05,1,London,Thursday
2026-01-22 09:52:54,FPMarkets Raw,GBPUSD,1.34345,1.34348,3e-05,3,London,Thursday
2026-01-22 09:52:55,FPMarkets Raw,USDJPY,158.82,158.823,0.003,3,London,Thursday
2026-01-22 09:52:56,FPMarkets Raw,AUDUSD,0.6807,0.68074,4e-05,4,London,Thursday
2026-01-22 09:52:57,8Cap Raw,XAUUSD,4833.18,4833.34,0.16,16,London,Thursday
2026-01-22 09:52:58,8Cap Raw,EURUSD,1.16949,1.1695,1e-05,1,London,Thursday
2026-01-22 09:52:59,8Cap Raw,GBPUSD,1.34345,1.34348,3e-05,3,London,Thursday
2026-01-22 09:52:59,8Cap Raw,USDJPY,158.82,158.821,0.001,1,London,Thursday
2026-01-22 09:53:00,8Cap Raw,AUDUSD,0.68071,0.68074,3e-05,3,London,Thursday
2026-01-22 09:57:17,Pepperstone Razor,XAUUSD,4833.58,4833.81,0.23,23,London,Thursday
2026-01-22 09:57:18,Pepperstone Razor,EURUSD,1.16919,1.1692,1e-05,1,London,Thursday
2026-01-22 09:57:18,Pepperstone Razor,GBPUSD,1.34318,1.34319,1e-05,1,London,Thursday
2026-01-22 09:57:19,Pepperstone Razor,USDJPY,158.81,158.813,0.003,3,London,Thursday
2026-01-22 09:57:20,Pepperstone Razor,AUDUSD,0.68035,0.68036,1e-05,1,London,Thursday
2026-01-22 09:57:24,FusionMarkets Zero,XAUUSD,4833.77,4833.86,0.09,9,London,Thursday
2026-01-22 09:57:25,FusionMarkets Zero,EURUSD,1.16918,1.16918,0.0,0,London,Thursday
2026-01-22 09:57:26,FusionMarkets Zero,GBPUSD,1.34317,1.34317,0.0,0,London,Thursday
2026-01-22 09:57:27,FusionMarkets Zero,USDJPY,158.808,158.808,0.0,0,London,Thursday
2026-01-22 09:57:28,FusionMarkets Zero,AUDUSD,0.68036,0.68036,0.0,0,London,Thursday
2026-01-22 09:57:31,ThinkMarkets ThinkZero,XAUUSD,4833.21,4833.29,0.08,8,London,Thursday
2026-01-22 09:57:32,ThinkMarkets ThinkZero,EURUSD,1.16904,1.16907,3e-05,3,London,Thursday
2026-01-22 09:57:33,ThinkMarkets ThinkZero,GBPUSD,1.34314,1.3432,6e-05,6,London,Thursday
2026-01-22 09:57:34,ThinkMarkets ThinkZero,USDJPY,158.818,158.822,0.004,4,London,Thursday
2026-01-22 09:57:34,ThinkMarkets ThinkZero,AUDUSD,0.68036,0.68038,2e-05,2,London,Thursday
2026-01-22 09:57:38,ICMarkets Raw,XAUUSD,4833.53,4833.65,0.12,12,London,Thursday
2026-01-22 09:57:39,ICMarkets Raw,EURUSD,1.16916,1.16916,0.0,0,London,Thursday
2026-01-22 09:57:40,ICMarkets Raw,GBPUSD,1.34328,1.3433,2e-05,2,London,Thursday
2026-01-22 09:57:40,ICMarkets Raw,USDJPY,158.809,158.811,0.002,2,London,Thursday
2026-01-22 09:57:41,ICMarkets Raw,AUDUSD,0.68037,0.68038,1e-05,1,London,Thursday
2026-01-22 09:57:44,VantageMarkets Raw,XAUUSD,4833.48,4833.56,0.08,8,London,Thursday
2026-01-22 09:57:45,VantageMarkets Raw,EURUSD,1.16916,1.16918,2e-05,2,London,Thursday
2026-01-22 09:57:46,VantageMarkets Raw,GBPUSD,1.34337,1.34338,1e-05,1,London,Thursday
2026-01-22 09:57:47,VantageMarkets Raw,USDJPY,158.805,158.81,0.005,5,London,Thursday
2026-01-22 09:57:48,VantageMarkets Raw,AUDUSD,0.68034,0.68038,4e-05,4,London,Thursday
2026-01-22 09:57:51,FPMarkets Raw,XAUUSD,4833.42,4833.49,0.07,7,London,Thursday
2026-01-22 09:57:52,FPMarkets Raw,EURUSD,1.16918,1.16919,1e-05,1,London,Thursday
2026-01-22 09:57:53,FPMarkets Raw,GBPUSD,1.34327,1.3433,3e-05,3,London,Thursday
2026-01-22 09:57:54,FPMarkets Raw,USDJPY,158.811,158.814,0.003,3,London,Thursday
2026-01-22 09:57:55,FPMarkets Raw,AUDUSD,0.68031,0.68034,3e-05,3,London,Thursday
2026-01-22 09:57:57,8Cap Raw,XAUUSD,4833.81,4833.97,0.16,16,London,Thursday
2026-01-22 09:57:57,8Cap Raw,EURUSD,1.16916,1.16917,1e-05,1,London,Thursday
2026-01-22 09:57:58,8Cap Raw,GBPUSD,1.34332,1.34333,1e-05,1,London,Thursday
2026-01-22 09:57:59,8Cap Raw,USDJPY,158.81,158.812,0.002,2,London,Thursday
2026-01-22 09:57:59,8Cap Raw,AUDUSD,0.68035,0.68039,4e-05,4,London,Thursday
2026-01-22 10:02:16,Pepperstone Razor,XAUUSD,4834.32,4834.46,0.14,14,London,Thursday
2026-01-22 10:02:17,Pepperstone Razor,EURUSD,1.169,1.16901,1e-05,1,London,Thursday
2026-01-22 10:02:18,Pepperstone Razor,GBPUSD,1.34285,1.34286,1e-05,1,London,Thursday
2026-01-22 10:02:19,Pepperstone Razor,USDJPY,158.774,158.776,0.002,2,London,Thursday
2026-01-22 10:02:19,Pepperstone Razor,AUDUSD,0.68031,0.68031,0.0,0,London,Thursday
2026-01-22 10:02:22,FusionMarkets Zero,XAUUSD,4834.19,4834.33,0.14,14,London,Thursday
2026-01-22 10:02:23,FusionMarkets Zero,EURUSD,1.16898,1.16898,0.0,0,London,Thursday
2026-01-22 10:02:24,FusionMarkets Zero,GBPUSD,1.34274,1.34274,0.0,0,London,Thursday
2026-01-22 10:02:25,FusionMarkets Zero,USDJPY,158.78,158.782,0.002,2,London,Thursday
2026-01-22 10:02:26,FusionMarkets Zero,AUDUSD,0.68031,0.68031,0.0,0,London,Thursday
2026-01-22 10:02:29,ThinkMarkets ThinkZero,XAUUSD,4835.37,4835.45,0.08,8,London,Thursday
2026-01-22 10:02:30,ThinkMarkets ThinkZero,EURUSD,1.16895,1.16896,1e-05,1,London,Thursday
2026-01-22 10:02:31,ThinkMarkets ThinkZero,GBPUSD,1.34268,1.34275,7e-05,7,London,Thursday
2026-01-22 10:02:32,ThinkMarkets ThinkZero,USDJPY,158.77,158.775,0.005,5,London,Thursday
2026-01-22 10:02:32,ThinkMarkets ThinkZero,AUDUSD,0.68023,0.68027,4e-05,4,London,Thursday
2026-01-22 10:02:35,ICMarkets Raw,XAUUSD,4835.05,4835.18,0.13,13,London,Thursday
2026-01-22 10:02:36,ICMarkets Raw,EURUSD,1.16895,1.16896,1e-05,1,London,Thursday
2026-01-22 10:02:37,ICMarkets Raw,GBPUSD,1.34275,1.34276,1e-05,1,London,Thursday
2026-01-22 10:02:38,ICMarkets Raw,USDJPY,158.769,158.771,0.002,2,London,Thursday
2026-01-22 10:02:39,ICMarkets Raw,AUDUSD,0.6803,0.68031,1e-05,1,London,Thursday
2026-01-22 10:02:42,VantageMarkets Raw,XAUUSD,4835.1,4835.18,0.08,8,London,Thursday
2026-01-22 10:02:43,VantageMarkets Raw,EURUSD,1.16896,1.16897,1e-05,1,London,Thursday
2026-01-22 10:02:44,VantageMarkets Raw,GBPUSD,1.34282,1.34283,1e-05,1,London,Thursday
2026-01-22 10:02:44,VantageMarkets Raw,USDJPY,158.773,158.775,0.002,2,London,Thursday
2026-01-22 10:02:45,VantageMarkets Raw,AUDUSD,0.68027,0.68031,4e-05,4,London,Thursday
2026-01-22 10:02:48,FPMarkets Raw,XAUUSD,4834.75,4834.82,0.07,7,London,Thursday
2026-01-22 10:02:49,FPMarkets Raw,EURUSD,1.16894,1.16895,1e-05,1,London,Thursday
2026-01-22 10:02:50,FPMarkets Raw,GBPUSD,1.34276,1.34279,3e-05,3,London,Thursday
2026-01-22 10:02:51,FPMarkets Raw,USDJPY,158.769,158.772,0.003,3,London,Thursday
2026-01-22 10:02:52,FPMarkets Raw,AUDUSD,0.68037,0.6804,3e-05,3,London,Thursday
2026-01-22 10:02:54,8Cap Raw,XAUUSD,4835.39,4835.55,0.16,16,London,Thursday
2026-01-22 10:02:54,8Cap Raw,EURUSD,1.16897,1.16898,1e-05,1,London,Thursday
2026-01-22 10:02:55,8Cap Raw,GBPUSD,1.34282,1.34284,2e-05,2,London,Thursday
2026-01-22 10:02:56,8Cap Raw,USDJPY,158.77,158.771,0.001,1,London,Thursday
2026-01-22 10:02:56,8Cap Raw,AUDUSD,0.68038,0.68042,4e-05,4,London,Thursday
2026-01-22 10:07:16,Pepperstone Razor,XAUUSD,4834.43,4834.58,0.15,15,London,Thursday
2026-01-22 10:07:17,Pepperstone Razor,EURUSD,1.16908,1.16908,0.0,0,London,Thursday
2026-01-22 10:07:18,Pepperstone Razor,GBPUSD,1.3429,1.34291,1e-05,1,London,Thursday
2026-01-22 10:07:19,Pepperstone Razor,USDJPY,158.77,158.771,0.001,1,London,Thursday
2026-01-22 10:07:19,Pepperstone Razor,AUDUSD,0.68039,0.6804,1e-05,1,London,Thursday
2026-01-22 10:07:22,FusionMarkets Zero,XAUUSD,4834.36,4834.41,0.05,5,London,Thursday
2026-01-22 10:07:23,FusionMarkets Zero,EURUSD,1.16905,1.16905,0.0,0,London,Thursday
2026-01-22 10:07:24,FusionMarkets Zero,GBPUSD,1.34295,1.34295,0.0,0,London,Thursday
2026-01-22 10:07:25,FusionMarkets Zero,USDJPY,158.771,158.771,0.0,0,London,Thursday
2026-01-22 10:07:26,FusionMarkets Zero,AUDUSD,0.68042,0.68042,0.0,0,London,Thursday
2026-01-22 10:07:28,ThinkMarkets ThinkZero,XAUUSD,4834.47,4834.55,0.08,8,London,Thursday
2026-01-22 10:07:29,ThinkMarkets ThinkZero,EURUSD,1.16904,1.16907,3e-05,3,London,Thursday
2026-01-22 10:07:30,ThinkMarkets ThinkZero,GBPUSD,1.3429,1.34298,8e-05,8,London,Thursday
2026-01-22 10:07:31,ThinkMarkets ThinkZero,USDJPY,158.768,158.774,0.006,6,London,Thursday
2026-01-22 10:07:32,ThinkMarkets ThinkZero,AUDUSD,0.68041,0.68044,3e-05,3,London,Thursday
2026-01-22 10:07:34,ICMarkets Raw,XAUUSD,4834.51,4834.56,0.05,5,London,Thursday
2026-01-22 10:07:35,ICMarkets Raw,EURUSD,1.16906,1.16906,0.0,0,London,Thursday
2026-01-22 10:07:36,ICMarkets Raw,GBPUSD,1.34294,1.34295,1e-05,1,London,Thursday
2026-01-22 10:07:37,ICMarkets Raw,USDJPY,158.761,158.761,0.0,0,London,Thursday
2026-01-22 10:07:38,ICMarkets Raw,AUDUSD,0.68043,0.68044,1e-05,1,London,Thursday
2026-01-22 10:07:40,VantageMarkets Raw,XAUUSD,4833.88,4833.96,0.08,8,London,Thursday
2026-01-22 10:07:41,VantageMarkets Raw,EURUSD,1.16903,1.16905,2e-05,2,London,Thursday
2026-01-22 10:07:42,VantageMarkets Raw,GBPUSD,1.34295,1.34296,1e-05,1,London,Thursday
2026-01-22 10:07:43,VantageMarkets Raw,USDJPY,158.76,158.764,0.004,4,London,Thursday
2026-01-22 10:07:44,VantageMarkets Raw,AUDUSD,0.68038,0.68041,3e-05,3,London,Thursday
2026-01-22 10:07:47,FPMarkets Raw,XAUUSD,4833.71,4833.78,0.07,7,London,Thursday
2026-01-22 10:07:48,FPMarkets Raw,EURUSD,1.16901,1.16902,1e-05,1,London,Thursday
2026-01-22 10:07:49,FPMarkets Raw,GBPUSD,1.34293,1.34297,4e-05,4,London,Thursday
2026-01-22 10:07:49,FPMarkets Raw,USDJPY,158.761,158.764,0.003,3,London,Thursday
2026-01-22 10:07:50,FPMarkets Raw,AUDUSD,0.68037,0.68041,4e-05,4,London,Thursday
2026-01-22 10:07:52,8Cap Raw,XAUUSD,4833.81,4833.97,0.16,16,London,Thursday
2026-01-22 10:07:53,8Cap Raw,EURUSD,1.16904,1.16904,0.0,0,London,Thursday
2026-01-22 10:07:54,8Cap Raw,GBPUSD,1.34294,1.34295,1e-05,1,London,Thursday
2026-01-22 10:07:54,8Cap Raw,USDJPY,158.761,158.762,0.001,1,London,Thursday
2026-01-22 10:07:55,8Cap Raw,AUDUSD,0.68038,0.6804,2e-05,2,London,Thursday
2026-01-22 10:12:16,Pepperstone Razor,XAUUSD,4827.49,4827.7,0.21,21,London,Thursday
2026-01-22 10:12:17,Pepperstone Razor,EURUSD,1.16887,1.16887,0.0,0,London,Thursday
2026-01-22 10:12:18,Pepperstone Razor,GBPUSD,1.34262,1.34263,1e-05,1,London,Thursday
2026-01-22 10:12:19,Pepperstone Razor,USDJPY,158.81,158.813,0.003,3,London,Thursday
2026-01-22 10:12:20,Pepperstone Razor,AUDUSD,0.68016,0.68017,1e-05,1,London,Thursday
2026-01-22 10:12:23,FusionMarkets Zero,XAUUSD,4827.74,4827.84,0.1,10,London,Thursday
2026-01-22 10:12:24,FusionMarkets Zero,EURUSD,1.16884,1.16884,0.0,0,London,Thursday
2026-01-22 10:12:24,FusionMarkets Zero,GBPUSD,1.34264,1.34264,0.0,0,London,Thursday
2026-01-22 10:12:25,FusionMarkets Zero,USDJPY,158.818,158.818,0.0,0,London,Thursday
2026-01-22 10:12:26,FusionMarkets Zero,AUDUSD,0.68014,0.68014,0.0,0,London,Thursday
2026-01-22 10:12:29,ThinkMarkets ThinkZero,XAUUSD,4827.55,4827.63,0.08,8,London,Thursday
2026-01-22 10:12:30,ThinkMarkets ThinkZero,EURUSD,1.16888,1.16891,3e-05,3,London,Thursday
2026-01-22 10:12:31,ThinkMarkets ThinkZero,GBPUSD,1.3426,1.34264,4e-05,4,London,Thursday
2026-01-22 10:12:32,ThinkMarkets ThinkZero,USDJPY,158.822,158.826,0.004,4,London,Thursday
2026-01-22 10:12:33,ThinkMarkets ThinkZero,AUDUSD,0.68012,0.68015,3e-05,3,London,Thursday
2026-01-22 10:12:36,ICMarkets Raw,XAUUSD,4828.68,4828.8,0.12,12,London,Thursday
2026-01-22 10:12:37,ICMarkets Raw,EURUSD,1.16885,1.16885,0.0,0,London,Thursday
2026-01-22 10:12:38,ICMarkets Raw,GBPUSD,1.34258,1.34259,1e-05,1,London,Thursday
2026-01-22 10:12:38,ICMarkets Raw,USDJPY,158.824,158.824,0.0,0,London,Thursday
2026-01-22 10:12:39,ICMarkets Raw,AUDUSD,0.68016,0.68016,0.0,0,London,Thursday
2026-01-22 10:12:42,VantageMarkets Raw,XAUUSD,4829.02,4829.1,0.08,8,London,Thursday
2026-01-22 10:12:43,VantageMarkets Raw,EURUSD,1.16885,1.16886,1e-05,1,London,Thursday
2026-01-22 10:12:43,VantageMarkets Raw,GBPUSD,1.34257,1.34258,1e-05,1,London,Thursday
2026-01-22 10:12:44,VantageMarkets Raw,USDJPY,158.824,158.826,0.002,2,London,Thursday
2026-01-22 10:12:45,VantageMarkets Raw,AUDUSD,0.68013,0.68016,3e-05,3,London,Thursday
2026-01-22 10:12:48,FPMarkets Raw,XAUUSD,4829.02,4829.09,0.07,7,London,Thursday
2026-01-22 10:12:49,FPMarkets Raw,EURUSD,1.16885,1.16887,2e-05,2,London,Thursday
2026-01-22 10:12:50,FPMarkets Raw,GBPUSD,1.34258,1.34261,3e-05,3,London,Thursday
2026-01-22 10:12:51,FPMarkets Raw,USDJPY,158.822,158.825,0.003,3,London,Thursday
2026-01-22 10:12:52,FPMarkets Raw,AUDUSD,0.68012,0.68016,4e-05,4,London,Thursday
2026-01-22 10:12:54,8Cap Raw,XAUUSD,4828.89,4829.05,0.16,16,London,Thursday
2026-01-22 10:12:54,8Cap Raw,EURUSD,1.16884,1.16885,1e-05,1,London,Thursday
2026-01-22 10:12:55,8Cap Raw,GBPUSD,1.34254,1.34255,1e-05,1,London,Thursday
2026-01-22 10:12:56,8Cap Raw,USDJPY,158.822,158.823,0.001,1,London,Thursday
2026-01-22 10:12:56,8Cap Raw,AUDUSD,0.68011,0.68013,2e-05,2,London,Thursday
2026-01-22 10:17:16,Pepperstone Razor,XAUUSD,4826.41,4826.54,0.13,13,London,Thursday
2026-01-22 10:17:17,Pepperstone Razor,EURUSD,1.16879,1.16879,0.0,0,London,Thursday
2026-01-22 10:17:18,Pepperstone Razor,GBPUSD,1.34257,1.34258,1e-05,1,London,Thursday
2026-01-22 10:17:19,Pepperstone Razor,USDJPY,158.828,158.829,0.001,1,London,Thursday
2026-01-22 10:17:20,Pepperstone Razor,AUDUSD,0.6804,0.6804,0.0,0,London,Thursday
2026-01-22 10:17:23,FusionMarkets Zero,XAUUSD,4827.35,4827.44,0.09,9,London,Thursday
2026-01-22 10:17:24,FusionMarkets Zero,EURUSD,1.16881,1.16881,0.0,0,London,Thursday
2026-01-22 10:17:24,FusionMarkets Zero,GBPUSD,1.3425,1.3425,0.0,0,London,Thursday
2026-01-22 10:17:25,FusionMarkets Zero,USDJPY,158.827,158.827,0.0,0,London,Thursday
2026-01-22 10:17:26,FusionMarkets Zero,AUDUSD,0.68039,0.68039,0.0,0,London,Thursday
2026-01-22 10:17:29,ThinkMarkets ThinkZero,XAUUSD,4827.45,4827.53,0.08,8,London,Thursday
2026-01-22 10:17:30,ThinkMarkets ThinkZero,EURUSD,1.16875,1.16877,2e-05,2,London,Thursday
2026-01-22 10:17:31,ThinkMarkets ThinkZero,GBPUSD,1.34241,1.34245,4e-05,4,London,Thursday
2026-01-22 10:17:31,ThinkMarkets ThinkZero,USDJPY,158.832,158.837,0.005,5,London,Thursday
2026-01-22 10:17:32,ThinkMarkets ThinkZero,AUDUSD,0.68037,0.6804,3e-05,3,London,Thursday
2026-01-22 10:17:35,ICMarkets Raw,XAUUSD,4826.64,4826.7,0.06,6,London,Thursday
2026-01-22 10:17:36,ICMarkets Raw,EURUSD,1.16877,1.16877,0.0,0,London,Thursday
2026-01-22 10:17:37,ICMarkets Raw,GBPUSD,1.34244,1.34246,2e-05,2,London,Thursday
2026-01-22 10:17:38,ICMarkets Raw,USDJPY,158.833,158.834,0.001,1,London,Thursday
2026-01-22 10:17:39,ICMarkets Raw,AUDUSD,0.68042,0.68042,0.0,0,London,Thursday
2026-01-22 10:17:42,VantageMarkets Raw,XAUUSD,4827.03,4827.11,0.08,8,London,Thursday
2026-01-22 10:17:43,VantageMarkets Raw,EURUSD,1.16882,1.16884,2e-05,2,London,Thursday
2026-01-22 10:17:43,VantageMarkets Raw,GBPUSD,1.34246,1.34247,1e-05,1,London,Thursday
2026-01-22 10:17:44,VantageMarkets Raw,USDJPY,158.829,158.831,0.002,2,London,Thursday
2026-01-22 10:17:45,VantageMarkets Raw,AUDUSD,0.68039,0.68042,3e-05,3,London,Thursday
2026-01-22 10:17:48,FPMarkets Raw,XAUUSD,4826.93,4827.0,0.07,7,London,Thursday
2026-01-22 10:17:49,FPMarkets Raw,EURUSD,1.16891,1.16893,2e-05,2,London,Thursday
2026-01-22 10:17:50,FPMarkets Raw,GBPUSD,1.34249,1.34253,4e-05,4,London,Thursday
2026-01-22 10:17:51,FPMarkets Raw,USDJPY,158.823,158.826,0.003,3,London,Thursday
2026-01-22 10:17:52,FPMarkets Raw,AUDUSD,0.68039,0.68042,3e-05,3,London,Thursday
2026-01-22 10:17:54,8Cap Raw,XAUUSD,4826.66,4826.82,0.16,16,London,Thursday
2026-01-22 10:17:54,8Cap Raw,EURUSD,1.1689,1.16891,1e-05,1,London,Thursday
2026-01-22 10:17:55,8Cap Raw,GBPUSD,1.34254,1.34255,1e-05,1,London,Thursday
2026-01-22 10:17:56,8Cap Raw,USDJPY,158.822,158.823,0.001,1,London,Thursday
2026-01-22 10:17:56,8Cap Raw,AUDUSD,0.68043,0.68046,3e-05,3,London,Thursday
2026-01-22 10:22:16,Pepperstone Razor,XAUUSD,4829.21,4829.45,0.24,24,London,Thursday
2026-01-22 10:22:17,Pepperstone Razor,EURUSD,1.16924,1.16924,0.0,0,London,Thursday
2026-01-22 10:22:18,Pepperstone Razor,GBPUSD,1.34235,1.34236,1e-05,1,London,Thursday
2026-01-22 10:22:19,Pepperstone Razor,USDJPY,158.806,158.811,0.005,5,London,Thursday
2026-01-22 10:22:20,Pepperstone Razor,AUDUSD,0.68029,0.6803,1e-05,1,London,Thursday
2026-01-22 10:22:23,FusionMarkets Zero,XAUUSD,4829.39,4829.44,0.05,5,London,Thursday
2026-01-22 10:22:24,FusionMarkets Zero,EURUSD,1.16924,1.16924,0.0,0,London,Thursday
2026-01-22 10:22:25,FusionMarkets Zero,GBPUSD,1.34237,1.34237,0.0,0,London,Thursday
2026-01-22 10:22:26,FusionMarkets Zero,USDJPY,158.809,158.809,0.0,0,London,Thursday
2026-01-22 10:22:27,FusionMarkets Zero,AUDUSD,0.68032,0.68032,0.0,0,London,Thursday
2026-01-22 10:22:30,ThinkMarkets ThinkZero,XAUUSD,4829.28,4829.36,0.08,8,London,Thursday
2026-01-22 10:22:31,ThinkMarkets ThinkZero,EURUSD,1.16921,1.16924,3e-05,3,London,Thursday
2026-01-22 10:22:32,ThinkMarkets ThinkZero,GBPUSD,1.34234,1.34241,7e-05,7,London,Thursday
2026-01-22 10:22:32,ThinkMarkets ThinkZero,USDJPY,158.807,158.81,0.003,3,London,Thursday
2026-01-22 10:22:33,ThinkMarkets ThinkZero,AUDUSD,0.68028,0.68031,3e-05,3,London,Thursday
2026-01-22 10:22:36,ICMarkets Raw,XAUUSD,4828.99,4829.05,0.06,6,London,Thursday
2026-01-22 10:22:37,ICMarkets Raw,EURUSD,1.16919,1.16919,0.0,0,London,Thursday
2026-01-22 10:22:38,ICMarkets Raw,GBPUSD,1.34239,1.3424,1e-05,1,London,Thursday
2026-01-22 10:22:39,ICMarkets Raw,USDJPY,158.809,158.809,0.0,0,London,Thursday
2026-01-22 10:22:40,ICMarkets Raw,AUDUSD,0.68031,0.68031,0.0,0,London,Thursday
2026-01-22 10:22:42,VantageMarkets Raw,XAUUSD,4828.93,4829.01,0.08,8,London,Thursday
2026-01-22 10:22:43,VantageMarkets Raw,EURUSD,1.16922,1.16923,1e-05,1,London,Thursday
2026-01-22 10:22:44,VantageMarkets Raw,GBPUSD,1.34239,1.3424,1e-05,1,London,Thursday
2026-01-22 10:22:45,VantageMarkets Raw,USDJPY,158.796,158.804,0.008,8,London,Thursday
2026-01-22 10:22:46,VantageMarkets Raw,AUDUSD,0.68031,0.68033,2e-05,2,London,Thursday
2026-01-22 10:22:49,FPMarkets Raw,XAUUSD,4828.65,4828.72,0.07,7,London,Thursday
2026-01-22 10:22:50,FPMarkets Raw,EURUSD,1.16923,1.16924,1e-05,1,London,Thursday
2026-01-22 10:22:51,FPMarkets Raw,GBPUSD,1.34239,1.34242,3e-05,3,London,Thursday
2026-01-22 10:22:52,FPMarkets Raw,USDJPY,158.786,158.79,0.004,4,London,Thursday
2026-01-22 10:22:53,FPMarkets Raw,AUDUSD,0.68029,0.68032,3e-05,3,London,Thursday
2026-01-22 10:22:54,8Cap Raw,XAUUSD,4828.75,4828.91,0.16,16,London,Thursday
2026-01-22 10:22:55,8Cap Raw,EURUSD,1.16919,1.16919,0.0,0,London,Thursday
2026-01-22 10:22:56,8Cap Raw,GBPUSD,1.34234,1.34235,1e-05,1,London,Thursday
2026-01-22 10:22:57,8Cap Raw,USDJPY,158.793,158.797,0.004,4,London,Thursday
2026-01-22 10:22:57,8Cap Raw,AUDUSD,0.68029,0.68031,2e-05,2,London,Thursday
2026-01-22 10:27:17,Pepperstone Razor,XAUUSD,4828.73,4828.89,0.16,16,London,Thursday
2026-01-22 10:27:18,Pepperstone Razor,EURUSD,1.16937,1.16937,0.0,0,London,Thursday
2026-01-22 10:27:19,Pepperstone Razor,GBPUSD,1.34246,1.34247,1e-05,1,London,Thursday
2026-01-22 10:27:20,Pepperstone Razor,USDJPY,158.748,158.749,0.001,1,London,Thursday
2026-01-22 10:27:21,Pepperstone Razor,AUDUSD,0.68041,0.68042,1e-05,1,London,Thursday
2026-01-22 10:27:24,FusionMarkets Zero,XAUUSD,4828.87,4828.92,0.05,5,London,Thursday
2026-01-22 10:27:25,FusionMarkets Zero,EURUSD,1.1694,1.1694,0.0,0,London,Thursday
2026-01-22 10:27:26,FusionMarkets Zero,GBPUSD,1.34255,1.34255,0.0,0,London,Thursday
2026-01-22 10:27:27,FusionMarkets Zero,USDJPY,158.746,158.746,0.0,0,London,Thursday
2026-01-22 10:27:28,FusionMarkets Zero,AUDUSD,0.68043,0.68043,0.0,0,London,Thursday
2026-01-22 10:27:32,ThinkMarkets ThinkZero,XAUUSD,4828.59,4828.67,0.08,8,London,Thursday
2026-01-22 10:27:33,ThinkMarkets ThinkZero,EURUSD,1.16933,1.16935,2e-05,2,London,Thursday
2026-01-22 10:27:34,ThinkMarkets ThinkZero,GBPUSD,1.34245,1.34252,7e-05,7,London,Thursday
2026-01-22 10:27:35,ThinkMarkets ThinkZero,USDJPY,158.745,158.75,0.005,5,London,Thursday
2026-01-22 10:27:35,ThinkMarkets ThinkZero,AUDUSD,0.68039,0.68042,3e-05,3,London,Thursday
2026-01-22 10:27:40,ICMarkets Raw,XAUUSD,4828.44,4828.49,0.05,5,London,Thursday
2026-01-22 10:27:41,ICMarkets Raw,EURUSD,1.16933,1.16933,0.0,0,London,Thursday
2026-01-22 10:27:42,ICMarkets Raw,GBPUSD,1.34253,1.34254,1e-05,1,London,Thursday
2026-01-22 10:27:43,ICMarkets Raw,USDJPY,158.75,158.75,0.0,0,London,Thursday
2026-01-22 10:27:44,ICMarkets Raw,AUDUSD,0.68042,0.68042,0.0,0,London,Thursday
2026-01-22 10:27:47,VantageMarkets Raw,XAUUSD,4828.38,4828.46,0.08,8,London,Thursday
2026-01-22 10:27:48,VantageMarkets Raw,EURUSD,1.16932,1.16934,2e-05,2,London,Thursday
2026-01-22 10:27:49,VantageMarkets Raw,GBPUSD,1.34254,1.34255,1e-05,1,London,Thursday
2026-01-22 10:27:50,VantageMarkets Raw,USDJPY,158.748,158.749,0.001,1,London,Thursday
2026-01-22 10:27:51,VantageMarkets Raw,AUDUSD,0.68041,0.68043,2e-05,2,London,Thursday
2026-01-22 10:27:54,FPMarkets Raw,XAUUSD,4828.46,4828.53,0.07,7,London,Thursday
2026-01-22 10:27:55,FPMarkets Raw,EURUSD,1.16931,1.16933,2e-05,2,London,Thursday
2026-01-22 10:27:56,FPMarkets Raw,GBPUSD,1.34248,1.34252,4e-05,4,London,Thursday
2026-01-22 10:27:57,FPMarkets Raw,USDJPY,158.745,158.748,0.003,3,London,Thursday
2026-01-22 10:27:58,FPMarkets Raw,AUDUSD,0.68043,0.68046,3e-05,3,London,Thursday
2026-01-22 10:27:59,8Cap Raw,XAUUSD,4828.14,4828.3,0.16,16,London,Thursday
2026-01-22 10:28:00,8Cap Raw,EURUSD,1.1693,1.1693,0.0,0,London,Thursday
2026-01-22 10:28:01,8Cap Raw,GBPUSD,1.3425,1.34251,1e-05,1,London,Thursday
2026-01-22 10:28:01,8Cap Raw,USDJPY,158.744,158.745,0.001,1,London,Thursday
2026-01-22 10:28:02,8Cap Raw,AUDUSD,0.68044,0.68047,3e-05,3,London,Thursday
2026-01-22 10:32:16,Pepperstone Razor,XAUUSD,4823.75,4823.96,0.21,21,London,Thursday
2026-01-22 10:32:17,Pepperstone Razor,EURUSD,1.16885,1.16885,0.0,0,London,Thursday
2026-01-22 10:32:18,Pepperstone Razor,GBPUSD,1.34175,1.34178,3e-05,3,London,Thursday
2026-01-22 10:32:19,Pepperstone Razor,USDJPY,158.765,158.765,0.0,0,London,Thursday
2026-01-22 10:32:20,Pepperstone Razor,AUDUSD,0.67994,0.67995,1e-05,1,London,Thursday
2026-01-22 10:32:23,FusionMarkets Zero,XAUUSD,4823.3,4823.43,0.13,13,London,Thursday
2026-01-22 10:32:24,FusionMarkets Zero,EURUSD,1.16882,1.16882,0.0,0,London,Thursday
2026-01-22 10:32:25,FusionMarkets Zero,GBPUSD,1.34168,1.34168,0.0,0,London,Thursday
2026-01-22 10:32:26,FusionMarkets Zero,USDJPY,158.765,158.765,0.0,0,London,Thursday
2026-01-22 10:32:27,FusionMarkets Zero,AUDUSD,0.67997,0.67997,0.0,0,London,Thursday
2026-01-22 10:32:30,ThinkMarkets ThinkZero,XAUUSD,4823.3,4823.38,0.08,8,London,Thursday
2026-01-22 10:32:31,ThinkMarkets ThinkZero,EURUSD,1.16877,1.16879,2e-05,2,London,Thursday
2026-01-22 10:32:32,ThinkMarkets ThinkZero,GBPUSD,1.34171,1.34174,3e-05,3,London,Thursday
2026-01-22 10:32:32,ThinkMarkets ThinkZero,USDJPY,158.771,158.774,0.003,3,London,Thursday
2026-01-22 10:32:33,ThinkMarkets ThinkZero,AUDUSD,0.67996,0.67999,3e-05,3,London,Thursday
2026-01-22 10:32:36,ICMarkets Raw,XAUUSD,4822.93,4823.04,0.11,11,London,Thursday
2026-01-22 10:32:37,ICMarkets Raw,EURUSD,1.1688,1.16881,1e-05,1,London,Thursday
2026-01-22 10:32:38,ICMarkets Raw,GBPUSD,1.34171,1.34172,1e-05,1,London,Thursday
2026-01-22 10:32:39,ICMarkets Raw,USDJPY,158.771,158.771,0.0,0,London,Thursday
2026-01-22 10:32:40,ICMarkets Raw,AUDUSD,0.68,0.68,0.0,0,London,Thursday
2026-01-22 10:32:43,VantageMarkets Raw,XAUUSD,4823.26,4823.34,0.08,8,London,Thursday
2026-01-22 10:32:44,VantageMarkets Raw,EURUSD,1.16879,1.1688,1e-05,1,London,Thursday
2026-01-22 10:32:44,VantageMarkets Raw,GBPUSD,1.34169,1.3417,1e-05,1,London,Thursday
2026-01-22 10:32:45,VantageMarkets Raw,USDJPY,158.767,158.772,0.005,5,London,Thursday
2026-01-22 10:32:46,VantageMarkets Raw,AUDUSD,0.67999,0.68001,2e-05,2,London,Thursday
2026-01-22 10:32:49,FPMarkets Raw,XAUUSD,4822.85,4822.92,0.07,7,London,Thursday
2026-01-22 10:32:50,FPMarkets Raw,EURUSD,1.16881,1.16883,2e-05,2,London,Thursday
2026-01-22 10:32:51,FPMarkets Raw,GBPUSD,1.34157,1.3416,3e-05,3,London,Thursday
2026-01-22 10:32:52,FPMarkets Raw,USDJPY,158.77,158.773,0.003,3,London,Thursday
2026-01-22 10:32:53,FPMarkets Raw,AUDUSD,0.67999,0.68002,3e-05,3,London,Thursday
2026-01-22 10:32:54,8Cap Raw,XAUUSD,4822.57,4822.73,0.16,16,London,Thursday
2026-01-22 10:32:55,8Cap Raw,EURUSD,1.16885,1.16885,0.0,0,London,Thursday
2026-01-22 10:32:56,8Cap Raw,GBPUSD,1.34154,1.34156,2e-05,2,London,Thursday
2026-01-22 10:32:57,8Cap Raw,USDJPY,158.773,158.774,0.001,1,London,Thursday
2026-01-22 10:32:57,8Cap Raw,AUDUSD,0.67998,0.68,2e-05,2,London,Thursday
2026-01-22 10:37:16,Pepperstone Razor,XAUUSD,4823.58,4823.75,0.17,17,London,Thursday
2026-01-22 10:37:17,Pepperstone Razor,EURUSD,1.16852,1.16852,0.0,0,London,Thursday
2026-01-22 10:37:18,Pepperstone Razor,GBPUSD,1.34097,1.34098,1e-05,1,London,Thursday
2026-01-22 10:37:19,Pepperstone Razor,USDJPY,158.782,158.784,0.002,2,London,Thursday
2026-01-22 10:37:20,Pepperstone Razor,AUDUSD,0.67988,0.67988,0.0,0,London,Thursday
2026-01-22 10:37:23,FusionMarkets Zero,XAUUSD,4823.76,4823.81,0.05,5,London,Thursday
2026-01-22 10:37:24,FusionMarkets Zero,EURUSD,1.16856,1.16856,0.0,0,London,Thursday
2026-01-22 10:37:25,FusionMarkets Zero,GBPUSD,1.34097,1.34097,0.0,0,London,Thursday
2026-01-22 10:37:26,FusionMarkets Zero,USDJPY,158.782,158.782,0.0,0,London,Thursday
2026-01-22 10:37:27,FusionMarkets Zero,AUDUSD,0.67988,0.67988,0.0,0,London,Thursday
2026-01-22 10:37:30,ThinkMarkets ThinkZero,XAUUSD,4824.2,4824.28,0.08,8,London,Thursday
2026-01-22 10:37:30,ThinkMarkets ThinkZero,EURUSD,1.16855,1.16858,3e-05,3,London,Thursday
2026-01-22 10:37:31,ThinkMarkets ThinkZero,GBPUSD,1.34097,1.34102,5e-05,5,London,Thursday
2026-01-22 10:37:32,ThinkMarkets ThinkZero,USDJPY,158.778,158.783,0.005,5,London,Thursday
2026-01-22 10:37:33,ThinkMarkets ThinkZero,AUDUSD,0.67985,0.67987,2e-05,2,London,Thursday
2026-01-22 10:37:36,ICMarkets Raw,XAUUSD,4823.88,4823.93,0.05,5,London,Thursday
2026-01-22 10:37:37,ICMarkets Raw,EURUSD,1.16856,1.16856,0.0,0,London,Thursday
2026-01-22 10:37:38,ICMarkets Raw,GBPUSD,1.34105,1.34106,1e-05,1,London,Thursday
2026-01-22 10:37:39,ICMarkets Raw,USDJPY,158.782,158.783,0.001,1,London,Thursday
2026-01-22 10:37:40,ICMarkets Raw,AUDUSD,0.67986,0.67986,0.0,0,London,Thursday
2026-01-22 10:37:43,VantageMarkets Raw,XAUUSD,4823.77,4823.85,0.08,8,London,Thursday
2026-01-22 10:37:43,VantageMarkets Raw,EURUSD,1.16856,1.16858,2e-05,2,London,Thursday
2026-01-22 10:37:44,VantageMarkets Raw,GBPUSD,1.34103,1.34104,1e-05,1,London,Thursday
2026-01-22 10:37:45,VantageMarkets Raw,USDJPY,158.786,158.788,0.002,2,London,Thursday
2026-01-22 10:37:46,VantageMarkets Raw,AUDUSD,0.67986,0.67989,3e-05,3,London,Thursday
2026-01-22 10:37:49,FPMarkets Raw,XAUUSD,4823.69,4823.76,0.07,7,London,Thursday
2026-01-22 10:37:50,FPMarkets Raw,EURUSD,1.16852,1.16853,1e-05,1,London,Thursday
2026-01-22 10:37:51,FPMarkets Raw,GBPUSD,1.34102,1.34105,3e-05,3,London,Thursday
2026-01-22 10:37:52,FPMarkets Raw,USDJPY,158.791,158.794,0.003,3,London,Thursday
2026-01-22 10:37:53,FPMarkets Raw,AUDUSD,0.67983,0.67986,3e-05,3,London,Thursday
2026-01-22 10:37:55,8Cap Raw,XAUUSD,4822.93,4823.09,0.16,16,London,Thursday
2026-01-22 10:37:56,8Cap Raw,EURUSD,1.16856,1.16857,1e-05,1,London,Thursday
2026-01-22 10:37:56,8Cap Raw,GBPUSD,1.34104,1.34105,1e-05,1,London,Thursday
2026-01-22 10:37:57,8Cap Raw,USDJPY,158.794,158.795,0.001,1,London,Thursday
2026-01-22 10:37:58,8Cap Raw,AUDUSD,0.67984,0.67986,2e-05,2,London,Thursday
2026-01-22 10:42:16,Pepperstone Razor,XAUUSD,4825.18,4825.34,0.16,16,London,Thursday
2026-01-22 10:42:17,Pepperstone Razor,EURUSD,1.16871,1.16871,0.0,0,London,Thursday
2026-01-22 10:42:18,Pepperstone Razor,GBPUSD,1.34136,1.34138,2e-05,2,London,Thursday
2026-01-22 10:42:19,Pepperstone Razor,USDJPY,158.8,158.803,0.003,3,London,Thursday
2026-01-22 10:42:20,Pepperstone Razor,AUDUSD,0.68002,0.68003,1e-05,1,London,Thursday
2026-01-22 10:42:23,FusionMarkets Zero,XAUUSD,4825.3,4825.35,0.05,5,London,Thursday
2026-01-22 10:42:24,FusionMarkets Zero,EURUSD,1.16873,1.16873,0.0,0,London,Thursday
2026-01-22 10:42:25,FusionMarkets Zero,GBPUSD,1.34145,1.34145,0.0,0,London,Thursday
2026-01-22 10:42:26,FusionMarkets Zero,USDJPY,158.808,158.809,0.001,1,London,Thursday
2026-01-22 10:42:27,FusionMarkets Zero,AUDUSD,0.68006,0.68006,0.0,0,London,Thursday
2026-01-22 10:42:30,ThinkMarkets ThinkZero,XAUUSD,4825.08,4825.16,0.08,8,London,Thursday
2026-01-22 10:42:31,ThinkMarkets ThinkZero,EURUSD,1.16872,1.16874,2e-05,2,London,Thursday
2026-01-22 10:42:31,ThinkMarkets ThinkZero,GBPUSD,1.34139,1.34146,7e-05,7,London,Thursday
2026-01-22 10:42:32,ThinkMarkets ThinkZero,USDJPY,158.797,158.801,0.004,4,London,Thursday
2026-01-22 10:42:33,ThinkMarkets ThinkZero,AUDUSD,0.68004,0.68006,2e-05,2,London,Thursday
2026-01-22 10:42:36,ICMarkets Raw,XAUUSD,4825.23,4825.29,0.06,6,London,Thursday
2026-01-22 10:42:37,ICMarkets Raw,EURUSD,1.16871,1.16871,0.0,0,London,Thursday
2026-01-22 10:42:38,ICMarkets Raw,GBPUSD,1.34144,1.34145,1e-05,1,London,Thursday
2026-01-22 10:42:39,ICMarkets Raw,USDJPY,158.799,158.801,0.002,2,London,Thursday
2026-01-22 10:42:40,ICMarkets Raw,AUDUSD,0.68005,0.68006,1e-05,1,London,Thursday
2026-01-22 10:42:42,VantageMarkets Raw,XAUUSD,4825.68,4825.76,0.08,8,London,Thursday
2026-01-22 10:42:43,VantageMarkets Raw,EURUSD,1.16871,1.16872,1e-05,1,London,Thursday
2026-01-22 10:42:44,VantageMarkets Raw,GBPUSD,1.34145,1.34146,1e-05,1,London,Thursday
2026-01-22 10:42:45,VantageMarkets Raw,USDJPY,158.799,158.8,0.001,1,London,Thursday
2026-01-22 10:42:46,VantageMarkets Raw,AUDUSD,0.68005,0.68008,3e-05,3,London,Thursday
2026-01-22 10:42:49,FPMarkets Raw,XAUUSD,4825.87,4825.94,0.07,7,London,Thursday
2026-01-22 10:42:50,FPMarkets Raw,EURUSD,1.1687,1.16872,2e-05,2,London,Thursday
2026-01-22 10:42:51,FPMarkets Raw,GBPUSD,1.34143,1.34146,3e-05,3,London,Thursday
2026-01-22 10:42:52,FPMarkets Raw,USDJPY,158.801,158.804,0.003,3,London,Thursday
2026-01-22 10:42:53,FPMarkets Raw,AUDUSD,0.68006,0.68009,3e-05,3,London,Thursday
2026-01-22 10:42:54,8Cap Raw,XAUUSD,4825.99,4826.15,0.16,16,London,Thursday
2026-01-22 10:42:55,8Cap Raw,EURUSD,1.1687,1.1687,0.0,0,London,Thursday
2026-01-22 10:42:56,8Cap Raw,GBPUSD,1.34144,1.34145,1e-05,1,London,Thursday
2026-01-22 10:42:56,8Cap Raw,USDJPY,158.809,158.81,0.001,1,London,Thursday
2026-01-22 10:42:57,8Cap Raw,AUDUSD,0.68006,0.68008,2e-05,2,London,Thursday
2026-01-22 10:47:16,Pepperstone Razor,XAUUSD,4827.02,4827.17,0.15,15,London,Thursday
2026-01-22 10:47:17,Pepperstone Razor,EURUSD,1.16861,1.16861,0.0,0,London,Thursday
2026-01-22 10:47:18,Pepperstone Razor,GBPUSD,1.34136,1.34137,1e-05,1,London,Thursday
2026-01-22 10:47:19,Pepperstone Razor,USDJPY,158.796,158.798,0.002,2,London,Thursday
2026-01-22 10:47:20,Pepperstone Razor,AUDUSD,0.68,0.68,0.0,0,London,Thursday
2026-01-22 10:47:23,FusionMarkets Zero,XAUUSD,4826.94,4826.99,0.05,5,London,Thursday
2026-01-22 10:47:24,FusionMarkets Zero,EURUSD,1.16857,1.16857,0.0,0,London,Thursday
2026-01-22 10:47:25,FusionMarkets Zero,GBPUSD,1.34127,1.34127,0.0,0,London,Thursday
2026-01-22 10:47:26,FusionMarkets Zero,USDJPY,158.798,158.798,0.0,0,London,Thursday
2026-01-22 10:47:27,FusionMarkets Zero,AUDUSD,0.68,0.68,0.0,0,London,Thursday
2026-01-22 10:47:30,ThinkMarkets ThinkZero,XAUUSD,4826.46,4826.54,0.08,8,London,Thursday
2026-01-22 10:47:31,ThinkMarkets ThinkZero,EURUSD,1.16852,1.16855,3e-05,3,London,Thursday
2026-01-22 10:47:31,ThinkMarkets ThinkZero,GBPUSD,1.34113,1.34119,6e-05,6,London,Thursday
2026-01-22 10:47:32,ThinkMarkets ThinkZero,USDJPY,158.796,158.801,0.005,5,London,Thursday
2026-01-22 10:47:33,ThinkMarkets ThinkZero,AUDUSD,0.67997,0.68,3e-05,3,London,Thursday
2026-01-22 10:47:36,ICMarkets Raw,XAUUSD,4827.07,4827.18,0.11,11,London,Thursday
2026-01-22 10:47:37,ICMarkets Raw,EURUSD,1.16848,1.16848,0.0,0,London,Thursday
2026-01-22 10:47:38,ICMarkets Raw,GBPUSD,1.34119,1.3412,1e-05,1,London,Thursday
2026-01-22 10:47:39,ICMarkets Raw,USDJPY,158.794,158.794,0.0,0,London,Thursday
2026-01-22 10:47:40,ICMarkets Raw,AUDUSD,0.67999,0.67999,0.0,0,London,Thursday
2026-01-22 10:47:42,VantageMarkets Raw,XAUUSD,4826.75,4826.83,0.08,8,London,Thursday
2026-01-22 10:47:43,VantageMarkets Raw,EURUSD,1.16854,1.16857,3e-05,3,London,Thursday
2026-01-22 10:47:44,VantageMarkets Raw,GBPUSD,1.34123,1.34124,1e-05,1,London,Thursday
2026-01-22 10:47:45,VantageMarkets Raw,USDJPY,158.791,158.796,0.005,5,London,Thursday
2026-01-22 10:47:46,VantageMarkets Raw,AUDUSD,0.68,0.68003,3e-05,3,London,Thursday
2026-01-22 10:47:49,FPMarkets Raw,XAUUSD,4826.63,4826.7,0.07,7,London,Thursday
2026-01-22 10:47:50,FPMarkets Raw,EURUSD,1.16851,1.16852,1e-05,1,London,Thursday
2026-01-22 10:47:51,FPMarkets Raw,GBPUSD,1.34117,1.3412,3e-05,3,London,Thursday
2026-01-22 10:47:52,FPMarkets Raw,USDJPY,158.791,158.794,0.003,3,London,Thursday
2026-01-22 10:47:52,FPMarkets Raw,AUDUSD,0.67998,0.68001,3e-05,3,London,Thursday
2026-01-22 10:47:54,8Cap Raw,XAUUSD,4826.24,4826.4,0.16,16,London,Thursday
2026-01-22 10:47:55,8Cap Raw,EURUSD,1.16861,1.16863,2e-05,2,London,Thursday
2026-01-22 10:47:56,8Cap Raw,GBPUSD,1.34127,1.34129,2e-05,2,London,Thursday
2026-01-22 10:47:56,8Cap Raw,USDJPY,158.791,158.792,0.001,1,London,Thursday
2026-01-22 10:47:57,8Cap Raw,AUDUSD,0.68001,0.68004,3e-05,3,London,Thursday
2026-01-22 10:52:17,Pepperstone Razor,XAUUSD,4828.22,4828.45,0.23,23,London,Thursday
2026-01-22 10:52:18,Pepperstone Razor,EURUSD,1.16873,1.16873,0.0,0,London,Thursday
2026-01-22 10:52:19,Pepperstone Razor,GBPUSD,1.34165,1.34168,3e-05,3,London,Thursday
2026-01-22 10:52:20,Pepperstone Razor,USDJPY,158.782,158.783,0.001,1,London,Thursday
2026-01-22 10:52:21,Pepperstone Razor,AUDUSD,0.68019,0.68019,0.0,0,London,Thursday
2026-01-22 10:52:24,FusionMarkets Zero,XAUUSD,4828.06,4828.14,0.08,8,London,Thursday
2026-01-22 10:52:25,FusionMarkets Zero,EURUSD,1.16872,1.16872,0.0,0,London,Thursday
2026-01-22 10:52:27,FusionMarkets Zero,GBPUSD,1.34167,1.34167,0.0,0,London,Thursday
2026-01-22 10:52:28,FusionMarkets Zero,USDJPY,158.784,158.784,0.0,0,London,Thursday
2026-01-22 10:52:29,FusionMarkets Zero,AUDUSD,0.68024,0.68024,0.0,0,London,Thursday
2026-01-22 10:52:32,ThinkMarkets ThinkZero,XAUUSD,4828.96,4829.04,0.08,8,London,Thursday
2026-01-22 10:52:33,ThinkMarkets ThinkZero,EURUSD,1.16869,1.16872,3e-05,3,London,Thursday
2026-01-22 10:52:34,ThinkMarkets ThinkZero,GBPUSD,1.34163,1.34169,6e-05,6,London,Thursday
2026-01-22 10:52:36,ThinkMarkets ThinkZero,USDJPY,158.781,158.786,0.005,5,London,Thursday
2026-01-22 10:52:37,ThinkMarkets ThinkZero,AUDUSD,0.68021,0.68023,2e-05,2,London,Thursday
2026-01-22 10:52:40,ICMarkets Raw,XAUUSD,4828.25,4828.33,0.08,8,London,Thursday
2026-01-22 10:52:41,ICMarkets Raw,EURUSD,1.16871,1.16871,0.0,0,London,Thursday
2026-01-22 10:52:42,ICMarkets Raw,GBPUSD,1.34165,1.34167,2e-05,2,London,Thursday
2026-01-22 10:52:43,ICMarkets Raw,USDJPY,158.784,158.784,0.0,0,London,Thursday
2026-01-22 10:52:44,ICMarkets Raw,AUDUSD,0.68023,0.68023,0.0,0,London,Thursday
2026-01-22 10:52:47,VantageMarkets Raw,XAUUSD,4827.97,4828.05,0.08,8,London,Thursday
2026-01-22 10:52:48,VantageMarkets Raw,EURUSD,1.16871,1.16872,1e-05,1,London,Thursday
2026-01-22 10:52:50,VantageMarkets Raw,GBPUSD,1.3417,1.34171,1e-05,1,London,Thursday
2026-01-22 10:52:51,VantageMarkets Raw,USDJPY,158.792,158.794,0.002,2,London,Thursday
2026-01-22 10:52:52,VantageMarkets Raw,AUDUSD,0.68019,0.68021,2e-05,2,London,Thursday
2026-01-22 10:52:56,FPMarkets Raw,XAUUSD,4826.98,4827.05,0.07,7,London,Thursday
2026-01-22 10:52:56,FPMarkets Raw,EURUSD,1.16875,1.16877,2e-05,2,London,Thursday
2026-01-22 10:52:57,FPMarkets Raw,GBPUSD,1.34171,1.34175,4e-05,4,London,Thursday
2026-01-22 10:52:58,FPMarkets Raw,USDJPY,158.779,158.782,0.003,3,London,Thursday
2026-01-22 10:52:59,FPMarkets Raw,AUDUSD,0.6802,0.68023,3e-05,3,London,Thursday
2026-01-22 10:53:01,8Cap Raw,XAUUSD,4826.26,4826.42,0.16,16,London,Thursday
2026-01-22 10:53:02,8Cap Raw,EURUSD,1.16877,1.16878,1e-05,1,London,Thursday
2026-01-22 10:53:03,8Cap Raw,GBPUSD,1.34174,1.34175,1e-05,1,London,Thursday
2026-01-22 10:53:03,8Cap Raw,USDJPY,158.781,158.783,0.002,2,London,Thursday
2026-01-22 10:53:04,8Cap Raw,AUDUSD,0.68024,0.68026,2e-05,2,London,Thursday
2026-01-22 10:57:17,Pepperstone Razor,XAUUSD,4830.21,4830.35,0.14,14,London,Thursday
2026-01-22 10:57:17,Pepperstone Razor,EURUSD,1.16885,1.16885,0.0,0,London,Thursday
2026-01-22 10:57:18,Pepperstone Razor,GBPUSD,1.34165,1.34166,1e-05,1,London,Thursday
2026-01-22 10:57:19,Pepperstone Razor,USDJPY,158.781,158.784,0.003,3,London,Thursday
2026-01-22 10:57:20,Pepperstone Razor,AUDUSD,0.68004,0.68004,0.0,0,London,Thursday
2026-01-22 10:57:23,FusionMarkets Zero,XAUUSD,4830.42,4830.53,0.11,11,London,Thursday
2026-01-22 10:57:24,FusionMarkets Zero,EURUSD,1.16885,1.16885,0.0,0,London,Thursday
2026-01-22 10:57:25,FusionMarkets Zero,GBPUSD,1.34163,1.34163,0.0,0,London,Thursday
2026-01-22 10:57:26,FusionMarkets Zero,USDJPY,158.784,158.784,0.0,0,London,Thursday
2026-01-22 10:57:27,FusionMarkets Zero,AUDUSD,0.68007,0.68007,0.0,0,London,Thursday
2026-01-22 10:57:30,ThinkMarkets ThinkZero,XAUUSD,4830.2,4830.28,0.08,8,London,Thursday
2026-01-22 10:57:31,ThinkMarkets ThinkZero,EURUSD,1.16884,1.16887,3e-05,3,London,Thursday
2026-01-22 10:57:32,ThinkMarkets ThinkZero,GBPUSD,1.34163,1.3417,7e-05,7,London,Thursday
2026-01-22 10:57:33,ThinkMarkets ThinkZero,USDJPY,158.786,158.79,0.004,4,London,Thursday
2026-01-22 10:57:33,ThinkMarkets ThinkZero,AUDUSD,0.68008,0.68009,1e-05,1,London,Thursday
2026-01-22 10:57:36,ICMarkets Raw,XAUUSD,4830.55,4830.62,0.07,7,London,Thursday
2026-01-22 10:57:37,ICMarkets Raw,EURUSD,1.16892,1.16892,0.0,0,London,Thursday
2026-01-22 10:57:38,ICMarkets Raw,GBPUSD,1.34165,1.34167,2e-05,2,London,Thursday
2026-01-22 10:57:39,ICMarkets Raw,USDJPY,158.783,158.783,0.0,0,London,Thursday
2026-01-22 10:57:40,ICMarkets Raw,AUDUSD,0.6801,0.6801,0.0,0,London,Thursday
2026-01-22 10:57:43,VantageMarkets Raw,XAUUSD,4830.26,4830.34,0.08,8,London,Thursday
2026-01-22 10:57:44,VantageMarkets Raw,EURUSD,1.16892,1.16894,2e-05,2,London,Thursday
2026-01-22 10:57:44,VantageMarkets Raw,GBPUSD,1.34174,1.34175,1e-05,1,London,Thursday
2026-01-22 10:57:45,VantageMarkets Raw,USDJPY,158.775,158.782,0.007,7,London,Thursday
2026-01-22 10:57:46,VantageMarkets Raw,AUDUSD,0.6801,0.68013,3e-05,3,London,Thursday
2026-01-22 10:57:50,FPMarkets Raw,XAUUSD,4830.11,4830.18,0.07,7,London,Thursday
2026-01-22 10:57:51,FPMarkets Raw,EURUSD,1.16896,1.16897,1e-05,1,London,Thursday
2026-01-22 10:57:52,FPMarkets Raw,GBPUSD,1.34171,1.34174,3e-05,3,London,Thursday
2026-01-22 10:57:52,FPMarkets Raw,USDJPY,158.781,158.784,0.003,3,London,Thursday
2026-01-22 10:57:53,FPMarkets Raw,AUDUSD,0.68011,0.68013,2e-05,2,London,Thursday
2026-01-22 10:57:55,8Cap Raw,XAUUSD,4830.29,4830.45,0.16,16,London,Thursday
2026-01-22 10:57:56,8Cap Raw,EURUSD,1.16896,1.16896,0.0,0,London,Thursday
2026-01-22 10:57:57,8Cap Raw,GBPUSD,1.3417,1.34171,1e-05,1,London,Thursday
2026-01-22 10:57:57,8Cap Raw,USDJPY,158.781,158.782,0.001,1,London,Thursday
2026-01-22 10:57:58,8Cap Raw,AUDUSD,0.6801,0.68013,3e-05,3,London,Thursday
2026-01-22 11:02:16,Pepperstone Razor,XAUUSD,4832.79,4833.02,0.23,23,London,Thursday
2026-01-22 11:02:17,Pepperstone Razor,EURUSD,1.16893,1.16893,0.0,0,London,Thursday
2026-01-22 11:02:18,Pepperstone Razor,GBPUSD,1.34193,1.34196,3e-05,3,London,Thursday
2026-01-22 11:02:19,Pepperstone Razor,USDJPY,158.763,158.764,0.001,1,London,Thursday
2026-01-22 11:02:20,Pepperstone Razor,AUDUSD,0.68036,0.68037,1e-05,1,London,Thursday
2026-01-22 11:02:22,FusionMarkets Zero,XAUUSD,4832.8,4832.93,0.13,13,London,Thursday
2026-01-22 11:02:23,FusionMarkets Zero,EURUSD,1.16885,1.16885,0.0,0,London,Thursday
2026-01-22 11:02:24,FusionMarkets Zero,GBPUSD,1.34186,1.34186,0.0,0,London,Thursday
2026-01-22 11:02:25,FusionMarkets Zero,USDJPY,158.773,158.775,0.002,2,London,Thursday
2026-01-22 11:02:26,FusionMarkets Zero,AUDUSD,0.68039,0.68039,0.0,0,London,Thursday
2026-01-22 11:02:28,ThinkMarkets ThinkZero,XAUUSD,4832.86,4832.94,0.08,8,London,Thursday
2026-01-22 11:02:29,ThinkMarkets ThinkZero,EURUSD,1.16882,1.16884,2e-05,2,London,Thursday
2026-01-22 11:02:30,ThinkMarkets ThinkZero,GBPUSD,1.34185,1.34191,6e-05,6,London,Thursday
2026-01-22 11:02:31,ThinkMarkets ThinkZero,USDJPY,158.774,158.778,0.004,4,London,Thursday
2026-01-22 11:02:32,ThinkMarkets ThinkZero,AUDUSD,0.68038,0.6804,2e-05,2,London,Thursday
2026-01-22 11:02:35,ICMarkets Raw,XAUUSD,4833.7,4833.81,0.11,11,London,Thursday
2026-01-22 11:02:36,ICMarkets Raw,EURUSD,1.16884,1.16884,0.0,0,London,Thursday
2026-01-22 11:02:37,ICMarkets Raw,GBPUSD,1.34191,1.34192,1e-05,1,London,Thursday
2026-01-22 11:02:38,ICMarkets Raw,USDJPY,158.774,158.775,0.001,1,London,Thursday
2026-01-22 11:02:38,ICMarkets Raw,AUDUSD,0.68042,0.68042,0.0,0,London,Thursday
2026-01-22 11:02:41,VantageMarkets Raw,XAUUSD,4833.72,4833.8,0.08,8,London,Thursday
2026-01-22 11:02:42,VantageMarkets Raw,EURUSD,1.16885,1.16888,3e-05,3,London,Thursday
2026-01-22 11:02:43,VantageMarkets Raw,GBPUSD,1.34194,1.34195,1e-05,1,London,Thursday
2026-01-22 11:02:44,VantageMarkets Raw,USDJPY,158.771,158.773,0.002,2,London,Thursday
2026-01-22 11:02:45,VantageMarkets Raw,AUDUSD,0.6804,0.68043,3e-05,3,London,Thursday
2026-01-22 11:02:48,FPMarkets Raw,XAUUSD,4833.29,4833.36,0.07,7,London,Thursday
2026-01-22 11:02:49,FPMarkets Raw,EURUSD,1.16894,1.16895,1e-05,1,London,Thursday
2026-01-22 11:02:50,FPMarkets Raw,GBPUSD,1.34195,1.34199,4e-05,4,London,Thursday
2026-01-22 11:02:51,FPMarkets Raw,USDJPY,158.77,158.772,0.002,2,London,Thursday
2026-01-22 11:02:51,FPMarkets Raw,AUDUSD,0.68039,0.68042,3e-05,3,London,Thursday
2026-01-22 11:02:53,8Cap Raw,XAUUSD,4833.64,4833.8,0.16,16,London,Thursday
2026-01-22 11:02:54,8Cap Raw,EURUSD,1.16891,1.16891,0.0,0,London,Thursday
2026-01-22 11:02:54,8Cap Raw,GBPUSD,1.34197,1.34198,1e-05,1,London,Thursday
2026-01-22 11:02:55,8Cap Raw,USDJPY,158.774,158.775,0.001,1,London,Thursday
2026-01-22 11:02:56,8Cap Raw,AUDUSD,0.68039,0.68042,3e-05,3,London,Thursday
2026-01-22 11:07:16,Pepperstone Razor,XAUUSD,4833.71,4833.88,0.17,17,London,Thursday
2026-01-22 11:07:17,Pepperstone Razor,EURUSD,1.16904,1.16905,1e-05,1,London,Thursday
2026-01-22 11:07:18,Pepperstone Razor,GBPUSD,1.34208,1.34211,3e-05,3,London,Thursday
2026-01-22 11:07:19,Pepperstone Razor,USDJPY,158.748,158.75,0.002,2,London,Thursday
2026-01-22 11:07:20,Pepperstone Razor,AUDUSD,0.68054,0.68055,1e-05,1,London,Thursday
2026-01-22 11:07:22,FusionMarkets Zero,XAUUSD,4834.08,4834.13,0.05,5,London,Thursday
2026-01-22 11:07:23,FusionMarkets Zero,EURUSD,1.16904,1.16904,0.0,0,London,Thursday
2026-01-22 11:07:24,FusionMarkets Zero,GBPUSD,1.34208,1.34208,0.0,0,London,Thursday
2026-01-22 11:07:25,FusionMarkets Zero,USDJPY,158.736,158.737,0.001,1,London,Thursday
2026-01-22 11:07:26,FusionMarkets Zero,AUDUSD,0.68054,0.68054,0.0,0,London,Thursday
2026-01-22 11:07:28,ThinkMarkets ThinkZero,XAUUSD,4833.82,4833.9,0.08,8,London,Thursday
2026-01-22 11:07:29,ThinkMarkets ThinkZero,EURUSD,1.16905,1.16908,3e-05,3,London,Thursday
2026-01-22 11:07:30,ThinkMarkets ThinkZero,GBPUSD,1.34207,1.34214,7e-05,7,London,Thursday
2026-01-22 11:07:31,ThinkMarkets ThinkZero,USDJPY,158.731,158.734,0.003,3,London,Thursday
2026-01-22 11:07:32,ThinkMarkets ThinkZero,AUDUSD,0.68051,0.68054,3e-05,3,London,Thursday
2026-01-22 11:07:34,ICMarkets Raw,XAUUSD,4834.01,4834.09,0.08,8,London,Thursday
2026-01-22 11:07:35,ICMarkets Raw,EURUSD,1.16908,1.16908,0.0,0,London,Thursday
2026-01-22 11:07:36,ICMarkets Raw,GBPUSD,1.34218,1.34219,1e-05,1,London,Thursday
2026-01-22 11:07:37,ICMarkets Raw,USDJPY,158.729,158.731,0.002,2,London,Thursday
2026-01-22 11:07:38,ICMarkets Raw,AUDUSD,0.68055,0.68055,0.0,0,London,Thursday
2026-01-22 11:07:40,VantageMarkets Raw,XAUUSD,4834.3,4834.38,0.08,8,London,Thursday
2026-01-22 11:07:41,VantageMarkets Raw,EURUSD,1.16907,1.16908,1e-05,1,London,Thursday
2026-01-22 11:07:42,VantageMarkets Raw,GBPUSD,1.34216,1.34217,1e-05,1,London,Thursday
2026-01-22 11:07:43,VantageMarkets Raw,USDJPY,158.723,158.725,0.002,2,London,Thursday
2026-01-22 11:07:44,VantageMarkets Raw,AUDUSD,0.68055,0.68058,3e-05,3,London,Thursday
2026-01-22 11:07:46,FPMarkets Raw,XAUUSD,4834.46,4834.53,0.07,7,London,Thursday
2026-01-22 11:07:47,FPMarkets Raw,EURUSD,1.16905,1.16907,2e-05,2,London,Thursday
2026-01-22 11:07:48,FPMarkets Raw,GBPUSD,1.34217,1.34221,4e-05,4,London,Thursday
2026-01-22 11:07:49,FPMarkets Raw,USDJPY,158.732,158.735,0.003,3,London,Thursday
2026-01-22 11:07:50,FPMarkets Raw,AUDUSD,0.68057,0.68061,4e-05,4,London,Thursday
2026-01-22 11:07:52,8Cap Raw,XAUUSD,4834.6,4834.76,0.16,16,London,Thursday
2026-01-22 11:07:53,8Cap Raw,EURUSD,1.16906,1.16906,0.0,0,London,Thursday
2026-01-22 11:07:53,8Cap Raw,GBPUSD,1.34217,1.34218,1e-05,1,London,Thursday
2026-01-22 11:07:54,8Cap Raw,USDJPY,158.733,158.734,0.001,1,London,Thursday
2026-01-22 11:07:55,8Cap Raw,AUDUSD,0.68059,0.68061,2e-05,2,London,Thursday
2026-01-22 11:12:16,Pepperstone Razor,XAUUSD,4836.7,4836.87,0.17,17,London,Thursday
2026-01-22 11:12:17,Pepperstone Razor,EURUSD,1.16908,1.16908,0.0,0,London,Thursday
2026-01-22 11:12:18,Pepperstone Razor,GBPUSD,1.34289,1.34289,0.0,0,London,Thursday
2026-01-22 11:12:19,Pepperstone Razor,USDJPY,158.71,158.712,0.002,2,London,Thursday
2026-01-22 11:12:20,Pepperstone Razor,AUDUSD,0.68097,0.68097,0.0,0,London,Thursday
2026-01-22 11:12:23,FusionMarkets Zero,XAUUSD,4837.12,4837.17,0.05,5,London,Thursday
2026-01-22 11:12:24,FusionMarkets Zero,EURUSD,1.16907,1.16907,0.0,0,London,Thursday
2026-01-22 11:12:25,FusionMarkets Zero,GBPUSD,1.34295,1.34295,0.0,0,London,Thursday
2026-01-22 11:12:26,FusionMarkets Zero,USDJPY,158.707,158.709,0.002,2,London,Thursday
2026-01-22 11:12:26,FusionMarkets Zero,AUDUSD,0.68098,0.68098,0.0,0,London,Thursday
2026-01-22 11:12:29,ThinkMarkets ThinkZero,XAUUSD,4836.77,4836.85,0.08,8,London,Thursday
2026-01-22 11:12:30,ThinkMarkets ThinkZero,EURUSD,1.16909,1.16911,2e-05,2,London,Thursday
2026-01-22 11:12:31,ThinkMarkets ThinkZero,GBPUSD,1.34287,1.34291,4e-05,4,London,Thursday
2026-01-22 11:12:32,ThinkMarkets ThinkZero,USDJPY,158.701,158.705,0.004,4,London,Thursday
2026-01-22 11:12:33,ThinkMarkets ThinkZero,AUDUSD,0.68096,0.68099,3e-05,3,London,Thursday
2026-01-22 11:12:35,ICMarkets Raw,XAUUSD,4837.75,4837.86,0.11,11,London,Thursday
2026-01-22 11:12:36,ICMarkets Raw,EURUSD,1.16906,1.16906,0.0,0,London,Thursday
2026-01-22 11:12:37,ICMarkets Raw,GBPUSD,1.34286,1.34287,1e-05,1,London,Thursday
2026-01-22 11:12:38,ICMarkets Raw,USDJPY,158.709,158.711,0.002,2,London,Thursday
2026-01-22 11:12:39,ICMarkets Raw,AUDUSD,0.68098,0.68099,1e-05,1,London,Thursday
2026-01-22 11:12:41,VantageMarkets Raw,XAUUSD,4837.21,4837.29,0.08,8,London,Thursday
2026-01-22 11:12:42,VantageMarkets Raw,EURUSD,1.16905,1.16906,1e-05,1,London,Thursday
2026-01-22 11:12:43,VantageMarkets Raw,GBPUSD,1.34277,1.3428,3e-05,3,London,Thursday
2026-01-22 11:12:44,VantageMarkets Raw,USDJPY,158.716,158.718,0.002,2,London,Thursday
2026-01-22 11:12:45,VantageMarkets Raw,AUDUSD,0.68095,0.68098,3e-05,3,London,Thursday
2026-01-22 11:12:48,FPMarkets Raw,XAUUSD,4836.58,4836.65,0.07,7,London,Thursday
2026-01-22 11:12:49,FPMarkets Raw,EURUSD,1.169,1.16901,1e-05,1,London,Thursday
2026-01-22 11:12:50,FPMarkets Raw,GBPUSD,1.34275,1.34279,4e-05,4,London,Thursday
2026-01-22 11:12:50,FPMarkets Raw,USDJPY,158.71,158.713,0.003,3,London,Thursday
2026-01-22 11:12:51,FPMarkets Raw,AUDUSD,0.68095,0.68099,4e-05,4,London,Thursday
2026-01-22 11:12:53,8Cap Raw,XAUUSD,4835.58,4835.74,0.16,16,London,Thursday
2026-01-22 11:12:54,8Cap Raw,EURUSD,1.16905,1.16905,0.0,0,London,Thursday
2026-01-22 11:12:55,8Cap Raw,GBPUSD,1.34284,1.34287,3e-05,3,London,Thursday
2026-01-22 11:12:55,8Cap Raw,USDJPY,158.709,158.71,0.001,1,London,Thursday
2026-01-22 11:12:56,8Cap Raw,AUDUSD,0.68098,0.681,2e-05,2,London,Thursday
2026-01-22 11:17:16,Pepperstone Razor,XAUUSD,4832.86,4832.98,0.12,12,London,Thursday
2026-01-22 11:17:17,Pepperstone Razor,EURUSD,1.16897,1.16897,0.0,0,London,Thursday
2026-01-22 11:17:18,Pepperstone Razor,GBPUSD,1.34269,1.34271,2e-05,2,London,Thursday
2026-01-22 11:17:19,Pepperstone Razor,USDJPY,158.732,158.734,0.002,2,London,Thursday
2026-01-22 11:17:20,Pepperstone Razor,AUDUSD,0.68065,0.68066,1e-05,1,London,Thursday
2026-01-22 11:17:22,FusionMarkets Zero,XAUUSD,4833.12,4833.17,0.05,5,London,Thursday
2026-01-22 11:17:23,FusionMarkets Zero,EURUSD,1.16898,1.16898,0.0,0,London,Thursday
2026-01-22 11:17:24,FusionMarkets Zero,GBPUSD,1.34273,1.34273,0.0,0,London,Thursday
2026-01-22 11:17:25,FusionMarkets Zero,USDJPY,158.736,158.736,0.0,0,London,Thursday
2026-01-22 11:17:26,FusionMarkets Zero,AUDUSD,0.68059,0.68059,0.0,0,London,Thursday
2026-01-22 11:17:29,ThinkMarkets ThinkZero,XAUUSD,4832.87,4832.95,0.08,8,London,Thursday
2026-01-22 11:17:30,ThinkMarkets ThinkZero,EURUSD,1.16886,1.16889,3e-05,3,London,Thursday
2026-01-22 11:17:31,ThinkMarkets ThinkZero,GBPUSD,1.34267,1.34272,5e-05,5,London,Thursday
2026-01-22 11:17:32,ThinkMarkets ThinkZero,USDJPY,158.736,158.739,0.003,3,London,Thursday
2026-01-22 11:17:32,ThinkMarkets ThinkZero,AUDUSD,0.68057,0.68059,2e-05,2,London,Thursday
2026-01-22 11:17:35,ICMarkets Raw,XAUUSD,4832.89,4832.94,0.05,5,London,Thursday
2026-01-22 11:17:36,ICMarkets Raw,EURUSD,1.16894,1.16894,0.0,0,London,Thursday
2026-01-22 11:17:37,ICMarkets Raw,GBPUSD,1.34274,1.34275,1e-05,1,London,Thursday
2026-01-22 11:17:38,ICMarkets Raw,USDJPY,158.737,158.737,0.0,0,London,Thursday
2026-01-22 11:17:39,ICMarkets Raw,AUDUSD,0.68059,0.68059,0.0,0,London,Thursday
2026-01-22 11:17:41,VantageMarkets Raw,XAUUSD,4832.18,4832.26,0.08,8,London,Thursday
2026-01-22 11:17:42,VantageMarkets Raw,EURUSD,1.1689,1.16892,2e-05,2,London,Thursday
2026-01-22 11:17:43,VantageMarkets Raw,GBPUSD,1.34274,1.34275,1e-05,1,London,Thursday
2026-01-22 11:17:44,VantageMarkets Raw,USDJPY,158.735,158.737,0.002,2,London,Thursday
2026-01-22 11:17:45,VantageMarkets Raw,AUDUSD,0.68057,0.6806,3e-05,3,London,Thursday
2026-01-22 11:17:48,FPMarkets Raw,XAUUSD,4832.21,4832.28,0.07,7,London,Thursday
2026-01-22 11:17:48,FPMarkets Raw,EURUSD,1.1689,1.16891,1e-05,1,London,Thursday
2026-01-22 11:17:49,FPMarkets Raw,GBPUSD,1.34266,1.34269,3e-05,3,London,Thursday
2026-01-22 11:17:50,FPMarkets Raw,USDJPY,158.736,158.739,0.003,3,London,Thursday
2026-01-22 11:17:51,FPMarkets Raw,AUDUSD,0.68053,0.68057,4e-05,4,London,Thursday
2026-01-22 11:17:53,8Cap Raw,XAUUSD,4832.01,4832.17,0.16,16,London,Thursday
2026-01-22 11:17:54,8Cap Raw,EURUSD,1.16892,1.16892,0.0,0,London,Thursday
2026-01-22 11:17:54,8Cap Raw,GBPUSD,1.34273,1.34274,1e-05,1,London,Thursday
2026-01-22 11:17:55,8Cap Raw,USDJPY,158.736,158.737,0.001,1,London,Thursday
2026-01-22 11:17:56,8Cap Raw,AUDUSD,0.68053,0.68056,3e-05,3,London,Thursday
2026-01-22 11:22:16,Pepperstone Razor,XAUUSD,4831.67,4831.9,0.23,23,London,Thursday
2026-01-22 11:22:17,Pepperstone Razor,EURUSD,1.16937,1.16937,0.0,0,London,Thursday
2026-01-22 11:22:18,Pepperstone Razor,GBPUSD,1.34346,1.34347,1e-05,1,London,Thursday
2026-01-22 11:22:19,Pepperstone Razor,USDJPY,158.682,158.683,0.001,1,London,Thursday
2026-01-22 11:22:20,Pepperstone Razor,AUDUSD,0.68044,0.68045,1e-05,1,London,Thursday
2026-01-22 11:22:22,FusionMarkets Zero,XAUUSD,4832.17,4832.29,0.12,12,London,Thursday
2026-01-22 11:22:23,FusionMarkets Zero,EURUSD,1.16944,1.16944,0.0,0,London,Thursday
2026-01-22 11:22:24,FusionMarkets Zero,GBPUSD,1.34373,1.34373,0.0,0,London,Thursday
2026-01-22 11:22:25,FusionMarkets Zero,USDJPY,158.671,158.673,0.002,2,London,Thursday
2026-01-22 11:22:26,FusionMarkets Zero,AUDUSD,0.68044,0.68044,0.0,0,London,Thursday
2026-01-22 11:22:29,ThinkMarkets ThinkZero,XAUUSD,4831.95,4832.03,0.08,8,London,Thursday
2026-01-22 11:22:30,ThinkMarkets ThinkZero,EURUSD,1.16944,1.16947,3e-05,3,London,Thursday
2026-01-22 11:22:31,ThinkMarkets ThinkZero,GBPUSD,1.3437,1.34376,6e-05,6,London,Thursday
2026-01-22 11:22:32,ThinkMarkets ThinkZero,USDJPY,158.669,158.675,0.006,6,London,Thursday
2026-01-22 11:22:33,ThinkMarkets ThinkZero,AUDUSD,0.68043,0.68046,3e-05,3,London,Thursday
2026-01-22 11:22:35,ICMarkets Raw,XAUUSD,4831.52,4831.63,0.11,11,London,Thursday
2026-01-22 11:22:36,ICMarkets Raw,EURUSD,1.16946,1.16946,0.0,0,London,Thursday
2026-01-22 11:22:37,ICMarkets Raw,GBPUSD,1.34375,1.34377,2e-05,2,London,Thursday
2026-01-22 11:22:38,ICMarkets Raw,USDJPY,158.669,158.671,0.002,2,London,Thursday
2026-01-22 11:22:39,ICMarkets Raw,AUDUSD,0.68045,0.68046,1e-05,1,London,Thursday
2026-01-22 11:22:41,VantageMarkets Raw,XAUUSD,4831.04,4831.12,0.08,8,London,Thursday
2026-01-22 11:22:42,VantageMarkets Raw,EURUSD,1.16942,1.16944,2e-05,2,London,Thursday
2026-01-22 11:22:43,VantageMarkets Raw,GBPUSD,1.34377,1.34378,1e-05,1,London,Thursday
2026-01-22 11:22:44,VantageMarkets Raw,USDJPY,158.668,158.67,0.002,2,London,Thursday
2026-01-22 11:22:45,VantageMarkets Raw,AUDUSD,0.68044,0.68047,3e-05,3,London,Thursday
2026-01-22 11:22:48,FPMarkets Raw,XAUUSD,4830.58,4830.65,0.07,7,London,Thursday
2026-01-22 11:22:49,FPMarkets Raw,EURUSD,1.16944,1.16945,1e-05,1,London,Thursday
2026-01-22 11:22:50,FPMarkets Raw,GBPUSD,1.34373,1.34376,3e-05,3,London,Thursday
2026-01-22 11:22:50,FPMarkets Raw,USDJPY,158.681,158.684,0.003,3,London,Thursday
2026-01-22 11:22:51,FPMarkets Raw,AUDUSD,0.68049,0.68052,3e-05,3,London,Thursday
2026-01-22 11:22:53,8Cap Raw,XAUUSD,4831.12,4831.28,0.16,16,London,Thursday
2026-01-22 11:22:54,8Cap Raw,EURUSD,1.16945,1.16945,0.0,0,London,Thursday
2026-01-22 11:22:54,8Cap Raw,GBPUSD,1.34377,1.34378,1e-05,1,London,Thursday
2026-01-22 11:22:55,8Cap Raw,USDJPY,158.679,158.68,0.001,1,London,Thursday
2026-01-22 11:22:56,8Cap Raw,AUDUSD,0.68047,0.68051,4e-05,4,London,Thursday
2026-01-22 11:27:16,Pepperstone Razor,XAUUSD,4830.35,4830.5,0.15,15,London,Thursday
2026-01-22 11:27:17,Pepperstone Razor,EURUSD,1.16958,1.16958,0.0,0,London,Thursday
2026-01-22 11:27:18,Pepperstone Razor,GBPUSD,1.34404,1.34406,2e-05,2,London,Thursday
2026-01-22 11:27:19,Pepperstone Razor,USDJPY,158.627,158.629,0.002,2,London,Thursday
2026-01-22 11:27:20,Pepperstone Razor,AUDUSD,0.68062,0.68062,0.0,0,London,Thursday
2026-01-22 11:27:23,FusionMarkets Zero,XAUUSD,4829.76,4829.81,0.05,5,London,Thursday
2026-01-22 11:27:24,FusionMarkets Zero,EURUSD,1.16954,1.16954,0.0,0,London,Thursday
2026-01-22 11:27:25,FusionMarkets Zero,GBPUSD,1.34404,1.34404,0.0,0,London,Thursday
2026-01-22 11:27:26,FusionMarkets Zero,USDJPY,158.622,158.622,0.0,0,London,Thursday
2026-01-22 11:27:26,FusionMarkets Zero,AUDUSD,0.68063,0.68063,0.0,0,London,Thursday
2026-01-22 11:27:30,ThinkMarkets ThinkZero,XAUUSD,4828.06,4828.14,0.08,8,London,Thursday
2026-01-22 11:27:30,ThinkMarkets ThinkZero,EURUSD,1.16954,1.16957,3e-05,3,London,Thursday
2026-01-22 11:27:31,ThinkMarkets ThinkZero,GBPUSD,1.34402,1.34407,5e-05,5,London,Thursday
2026-01-22 11:27:32,ThinkMarkets ThinkZero,USDJPY,158.624,158.627,0.003,3,London,Thursday
2026-01-22 11:27:33,ThinkMarkets ThinkZero,AUDUSD,0.68062,0.68064,2e-05,2,London,Thursday
2026-01-22 11:27:36,ICMarkets Raw,XAUUSD,4829.72,4829.83,0.11,11,London,Thursday
2026-01-22 11:27:37,ICMarkets Raw,EURUSD,1.16956,1.16957,1e-05,1,London,Thursday
2026-01-22 11:27:38,ICMarkets Raw,GBPUSD,1.34406,1.34407,1e-05,1,London,Thursday
2026-01-22 11:27:38,ICMarkets Raw,USDJPY,158.622,158.623,0.001,1,London,Thursday
2026-01-22 11:27:39,ICMarkets Raw,AUDUSD,0.68065,0.68065,0.0,0,London,Thursday
2026-01-22 11:27:42,VantageMarkets Raw,XAUUSD,4829.57,4829.65,0.08,8,London,Thursday
2026-01-22 11:27:43,VantageMarkets Raw,EURUSD,1.16952,1.16954,2e-05,2,London,Thursday
2026-01-22 11:27:43,VantageMarkets Raw,GBPUSD,1.34402,1.34403,1e-05,1,London,Thursday
2026-01-22 11:27:44,VantageMarkets Raw,USDJPY,158.627,158.633,0.006,6,London,Thursday
2026-01-22 11:27:45,VantageMarkets Raw,AUDUSD,0.6805,0.68053,3e-05,3,London,Thursday
2026-01-22 11:27:48,FPMarkets Raw,XAUUSD,4829.21,4829.28,0.07,7,London,Thursday
2026-01-22 11:27:49,FPMarkets Raw,EURUSD,1.16941,1.16942,1e-05,1,London,Thursday
2026-01-22 11:27:50,FPMarkets Raw,GBPUSD,1.34393,1.34396,3e-05,3,London,Thursday
2026-01-22 11:27:51,FPMarkets Raw,USDJPY,158.632,158.635,0.003,3,London,Thursday
2026-01-22 11:27:52,FPMarkets Raw,AUDUSD,0.68051,0.68054,3e-05,3,London,Thursday
2026-01-22 11:27:54,8Cap Raw,XAUUSD,4829.2,4829.36,0.16,16,London,Thursday
2026-01-22 11:27:54,8Cap Raw,EURUSD,1.16939,1.1694,1e-05,1,London,Thursday
2026-01-22 11:27:55,8Cap Raw,GBPUSD,1.34395,1.34396,1e-05,1,London,Thursday
2026-01-22 11:27:56,8Cap Raw,USDJPY,158.634,158.635,0.001,1,London,Thursday
2026-01-22 11:27:56,8Cap Raw,AUDUSD,0.6805,0.68053,3e-05,3,London,Thursday
2026-01-22 11:32:17,Pepperstone Razor,XAUUSD,4829.65,4829.85,0.2,20,London,Thursday
2026-01-22 11:32:18,Pepperstone Razor,EURUSD,1.16907,1.16907,0.0,0,London,Thursday
2026-01-22 11:32:19,Pepperstone Razor,GBPUSD,1.34359,1.34361,2e-05,2,London,Thursday
2026-01-22 11:32:20,Pepperstone Razor,USDJPY,158.653,158.655,0.002,2,London,Thursday
2026-01-22 11:32:21,Pepperstone Razor,AUDUSD,0.68026,0.68028,2e-05,2,London,Thursday
2026-01-22 11:32:23,FusionMarkets Zero,XAUUSD,4824.62,4824.82,0.2,20,London,Thursday
2026-01-22 11:32:24,FusionMarkets Zero,EURUSD,1.16906,1.16906,0.0,0,London,Thursday
2026-01-22 11:32:25,FusionMarkets Zero,GBPUSD,1.34363,1.34363,0.0,0,London,Thursday
2026-01-22 11:32:26,FusionMarkets Zero,USDJPY,158.66,158.662,0.002,2,London,Thursday
2026-01-22 11:32:27,FusionMarkets Zero,AUDUSD,0.68016,0.68016,0.0,0,London,Thursday
2026-01-22 11:32:30,ThinkMarkets ThinkZero,XAUUSD,4818.87,4818.95,0.08,8,London,Thursday
2026-01-22 11:32:31,ThinkMarkets ThinkZero,EURUSD,1.16901,1.16903,2e-05,2,London,Thursday
2026-01-22 11:32:32,ThinkMarkets ThinkZero,GBPUSD,1.34349,1.34356,7e-05,7,London,Thursday
2026-01-22 11:32:33,ThinkMarkets ThinkZero,USDJPY,158.666,158.67,0.004,4,London,Thursday
2026-01-22 11:32:34,ThinkMarkets ThinkZero,AUDUSD,0.68009,0.68013,4e-05,4,London,Thursday
2026-01-22 11:32:36,ICMarkets Raw,XAUUSD,4818.85,4818.96,0.11,11,London,Thursday
2026-01-22 11:32:37,ICMarkets Raw,EURUSD,1.16902,1.16903,1e-05,1,London,Thursday
2026-01-22 11:32:38,ICMarkets Raw,GBPUSD,1.34354,1.34355,1e-05,1,London,Thursday
2026-01-22 11:32:39,ICMarkets Raw,USDJPY,158.667,158.669,0.002,2,London,Thursday
2026-01-22 11:32:40,ICMarkets Raw,AUDUSD,0.68007,0.68008,1e-05,1,London,Thursday
2026-01-22 11:32:43,VantageMarkets Raw,XAUUSD,4821.98,4822.06,0.08,8,London,Thursday
2026-01-22 11:32:44,VantageMarkets Raw,EURUSD,1.16901,1.16902,1e-05,1,London,Thursday
2026-01-22 11:32:44,VantageMarkets Raw,GBPUSD,1.34354,1.34355,1e-05,1,London,Thursday
2026-01-22 11:32:45,VantageMarkets Raw,USDJPY,158.677,158.678,0.001,1,London,Thursday
2026-01-22 11:32:46,VantageMarkets Raw,AUDUSD,0.68,0.68004,4e-05,4,London,Thursday
2026-01-22 11:32:49,FPMarkets Raw,XAUUSD,4821.89,4821.96,0.07,7,London,Thursday
2026-01-22 11:32:50,FPMarkets Raw,EURUSD,1.16901,1.16902,1e-05,1,London,Thursday
2026-01-22 11:32:51,FPMarkets Raw,GBPUSD,1.34355,1.34358,3e-05,3,London,Thursday
2026-01-22 11:32:52,FPMarkets Raw,USDJPY,158.675,158.678,0.003,3,London,Thursday
2026-01-22 11:32:53,FPMarkets Raw,AUDUSD,0.68003,0.68006,3e-05,3,London,Thursday
2026-01-22 11:32:55,8Cap Raw,XAUUSD,4822.17,4822.33,0.16,16,London,Thursday
2026-01-22 11:32:55,8Cap Raw,EURUSD,1.16907,1.16909,2e-05,2,London,Thursday
2026-01-22 11:32:56,8Cap Raw,GBPUSD,1.34363,1.34364,1e-05,1,London,Thursday
2026-01-22 11:32:57,8Cap Raw,USDJPY,158.669,158.673,0.004,4,London,Thursday
2026-01-22 11:32:57,8Cap Raw,AUDUSD,0.6801,0.68012,2e-05,2,London,Thursday
2026-01-22 11:37:16,Pepperstone Razor,XAUUSD,4825.27,4825.45,0.18,18,London,Thursday
2026-01-22 11:37:17,Pepperstone Razor,EURUSD,1.16927,1.16927,0.0,0,London,Thursday
2026-01-22 11:37:18,Pepperstone Razor,GBPUSD,1.34403,1.34404,1e-05,1,London,Thursday
2026-01-22 11:37:19,Pepperstone Razor,USDJPY,158.657,158.658,0.001,1,London,Thursday
2026-01-22 11:37:20,Pepperstone Razor,AUDUSD,0.68014,0.68017,3e-05,3,London,Thursday
2026-01-22 11:37:23,FusionMarkets Zero,XAUUSD,4825.39,4825.47,0.08,8,London,Thursday
2026-01-22 11:37:24,FusionMarkets Zero,EURUSD,1.16931,1.16931,0.0,0,London,Thursday
2026-01-22 11:37:25,FusionMarkets Zero,GBPUSD,1.34402,1.34402,0.0,0,London,Thursday
2026-01-22 11:37:26,FusionMarkets Zero,USDJPY,158.656,158.656,0.0,0,London,Thursday
2026-01-22 11:37:27,FusionMarkets Zero,AUDUSD,0.68015,0.68015,0.0,0,London,Thursday
2026-01-22 11:37:30,ThinkMarkets ThinkZero,XAUUSD,4825.12,4825.2,0.08,8,London,Thursday
2026-01-22 11:37:31,ThinkMarkets ThinkZero,EURUSD,1.16929,1.16931,2e-05,2,London,Thursday
2026-01-22 11:37:32,ThinkMarkets ThinkZero,GBPUSD,1.344,1.34407,7e-05,7,London,Thursday
2026-01-22 11:37:32,ThinkMarkets ThinkZero,USDJPY,158.661,158.666,0.005,5,London,Thursday
2026-01-22 11:37:33,ThinkMarkets ThinkZero,AUDUSD,0.68012,0.68014,2e-05,2,London,Thursday
2026-01-22 11:37:36,ICMarkets Raw,XAUUSD,4825.06,4825.13,0.07,7,London,Thursday
2026-01-22 11:37:37,ICMarkets Raw,EURUSD,1.16927,1.16927,0.0,0,London,Thursday
2026-01-22 11:37:38,ICMarkets Raw,GBPUSD,1.34395,1.34396,1e-05,1,London,Thursday
2026-01-22 11:37:39,ICMarkets Raw,USDJPY,158.662,158.662,0.0,0,London,Thursday
2026-01-22 11:37:40,ICMarkets Raw,AUDUSD,0.68008,0.6801,2e-05,2,London,Thursday
2026-01-22 11:37:43,VantageMarkets Raw,XAUUSD,4825.2,4825.28,0.08,8,London,Thursday
2026-01-22 11:37:43,VantageMarkets Raw,EURUSD,1.16928,1.1693,2e-05,2,London,Thursday
2026-01-22 11:37:44,VantageMarkets Raw,GBPUSD,1.34395,1.34397,2e-05,2,London,Thursday
2026-01-22 11:37:45,VantageMarkets Raw,USDJPY,158.658,158.663,0.005,5,London,Thursday
2026-01-22 11:37:46,VantageMarkets Raw,AUDUSD,0.68003,0.68007,4e-05,4,London,Thursday
2026-01-22 11:37:49,FPMarkets Raw,XAUUSD,4824.86,4824.93,0.07,7,London,Thursday
2026-01-22 11:37:50,FPMarkets Raw,EURUSD,1.16932,1.16933,1e-05,1,London,Thursday
2026-01-22 11:37:51,FPMarkets Raw,GBPUSD,1.34393,1.34397,4e-05,4,London,Thursday
2026-01-22 11:37:52,FPMarkets Raw,USDJPY,158.66,158.663,0.003,3,London,Thursday
2026-01-22 11:37:53,FPMarkets Raw,AUDUSD,0.68,0.68002,2e-05,2,London,Thursday
2026-01-22 11:37:54,8Cap Raw,XAUUSD,4823.53,4823.69,0.16,16,London,Thursday
2026-01-22 11:37:55,8Cap Raw,EURUSD,1.16931,1.16931,0.0,0,London,Thursday
2026-01-22 11:37:56,8Cap Raw,GBPUSD,1.34393,1.34395,2e-05,2,London,Thursday
2026-01-22 11:37:56,8Cap Raw,USDJPY,158.657,158.658,0.001,1,London,Thursday
2026-01-22 11:37:57,8Cap Raw,AUDUSD,0.68003,0.68005,2e-05,2,London,Thursday
2026-01-22 11:42:16,Pepperstone Razor,XAUUSD,4817.66,4817.85,0.19,19,London,Thursday
2026-01-22 11:42:17,Pepperstone Razor,EURUSD,1.16934,1.16934,0.0,0,London,Thursday
2026-01-22 11:42:18,Pepperstone Razor,GBPUSD,1.34381,1.34381,0.0,0,London,Thursday
2026-01-22 11:42:19,Pepperstone Razor,USDJPY,158.663,158.663,0.0,0,London,Thursday
2026-01-22 11:42:20,Pepperstone Razor,AUDUSD,0.68006,0.68006,0.0,0,London,Thursday
2026-01-22 11:42:24,FusionMarkets Zero,XAUUSD,4817.86,4817.95,0.09,9,London,Thursday
2026-01-22 11:42:25,FusionMarkets Zero,EURUSD,1.16934,1.16934,0.0,0,London,Thursday
2026-01-22 11:42:26,FusionMarkets Zero,GBPUSD,1.34386,1.34386,0.0,0,London,Thursday
2026-01-22 11:42:26,FusionMarkets Zero,USDJPY,158.653,158.654,0.001,1,London,Thursday
2026-01-22 11:42:27,FusionMarkets Zero,AUDUSD,0.68006,0.68006,0.0,0,London,Thursday
2026-01-22 11:42:31,ThinkMarkets ThinkZero,XAUUSD,4817.41,4817.49,0.08,8,London,Thursday
2026-01-22 11:42:31,ThinkMarkets ThinkZero,EURUSD,1.16933,1.16935,2e-05,2,London,Thursday
2026-01-22 11:42:32,ThinkMarkets ThinkZero,GBPUSD,1.34379,1.34385,6e-05,6,London,Thursday
2026-01-22 11:42:33,ThinkMarkets ThinkZero,USDJPY,158.656,158.661,0.005,5,London,Thursday
2026-01-22 11:42:34,ThinkMarkets ThinkZero,AUDUSD,0.68002,0.68005,3e-05,3,London,Thursday
2026-01-22 11:42:37,ICMarkets Raw,XAUUSD,4815.85,4815.94,0.09,9,London,Thursday
2026-01-22 11:42:38,ICMarkets Raw,EURUSD,1.16935,1.16935,0.0,0,London,Thursday
2026-01-22 11:42:39,ICMarkets Raw,GBPUSD,1.34385,1.34386,1e-05,1,London,Thursday
2026-01-22 11:42:40,ICMarkets Raw,USDJPY,158.655,158.656,0.001,1,London,Thursday
2026-01-22 11:42:41,ICMarkets Raw,AUDUSD,0.68005,0.68006,1e-05,1,London,Thursday
2026-01-22 11:42:44,VantageMarkets Raw,XAUUSD,4814.37,4814.45,0.08,8,London,Thursday
2026-01-22 11:42:45,VantageMarkets Raw,EURUSD,1.16936,1.16937,1e-05,1,London,Thursday
2026-01-22 11:42:45,VantageMarkets Raw,GBPUSD,1.34386,1.34387,1e-05,1,London,Thursday
2026-01-22 11:42:46,VantageMarkets Raw,USDJPY,158.655,158.657,0.002,2,London,Thursday
2026-01-22 11:42:47,VantageMarkets Raw,AUDUSD,0.68007,0.68011,4e-05,4,London,Thursday
2026-01-22 11:42:50,FPMarkets Raw,XAUUSD,4815.93,4816.0,0.07,7,London,Thursday
2026-01-22 11:42:51,FPMarkets Raw,EURUSD,1.16939,1.1694,1e-05,1,London,Thursday
2026-01-22 11:42:52,FPMarkets Raw,GBPUSD,1.3439,1.34393,3e-05,3,London,Thursday
2026-01-22 11:42:53,FPMarkets Raw,USDJPY,158.656,158.659,0.003,3,London,Thursday
2026-01-22 11:42:54,FPMarkets Raw,AUDUSD,0.68008,0.68011,3e-05,3,London,Thursday
2026-01-22 11:42:56,8Cap Raw,XAUUSD,4816.18,4816.34,0.16,16,London,Thursday
2026-01-22 11:42:56,8Cap Raw,EURUSD,1.1694,1.16941,1e-05,1,London,Thursday
2026-01-22 11:42:57,8Cap Raw,GBPUSD,1.34394,1.34395,1e-05,1,London,Thursday
2026-01-22 11:42:58,8Cap Raw,USDJPY,158.65,158.651,0.001,1,London,Thursday
2026-01-22 11:42:58,8Cap Raw,AUDUSD,0.68008,0.6801,2e-05,2,London,Thursday
2026-01-22 11:47:16,Pepperstone Razor,XAUUSD,4818.19,4818.33,0.14,14,London,Thursday
2026-01-22 11:47:17,Pepperstone Razor,EURUSD,1.16936,1.16936,0.0,0,London,Thursday
2026-01-22 11:47:18,Pepperstone Razor,GBPUSD,1.34442,1.34443,1e-05,1,London,Thursday
2026-01-22 11:47:19,Pepperstone Razor,USDJPY,158.64,158.641,0.001,1,London,Thursday
2026-01-22 11:47:20,Pepperstone Razor,AUDUSD,0.68014,0.68014,0.0,0,London,Thursday
2026-01-22 11:47:23,FusionMarkets Zero,XAUUSD,4818.36,4818.44,0.08,8,London,Thursday
2026-01-22 11:47:24,FusionMarkets Zero,EURUSD,1.16937,1.16937,0.0,0,London,Thursday
2026-01-22 11:47:25,FusionMarkets Zero,GBPUSD,1.34435,1.34435,0.0,0,London,Thursday
2026-01-22 11:47:26,FusionMarkets Zero,USDJPY,158.641,158.641,0.0,0,London,Thursday
2026-01-22 11:47:27,FusionMarkets Zero,AUDUSD,0.68013,0.68013,0.0,0,London,Thursday
2026-01-22 11:47:30,ThinkMarkets ThinkZero,XAUUSD,4817.82,4817.9,0.08,8,London,Thursday
2026-01-22 11:47:31,ThinkMarkets ThinkZero,EURUSD,1.16935,1.16936,1e-05,1,London,Thursday
2026-01-22 11:47:32,ThinkMarkets ThinkZero,GBPUSD,1.3443,1.34435,5e-05,5,London,Thursday
2026-01-22 11:47:33,ThinkMarkets ThinkZero,USDJPY,158.639,158.642,0.003,3,London,Thursday
2026-01-22 11:47:33,ThinkMarkets ThinkZero,AUDUSD,0.6801,0.68013,3e-05,3,London,Thursday
2026-01-22 11:47:37,ICMarkets Raw,XAUUSD,4817.42,4817.49,0.07,7,London,Thursday
2026-01-22 11:47:38,ICMarkets Raw,EURUSD,1.16941,1.16941,0.0,0,London,Thursday
2026-01-22 11:47:38,ICMarkets Raw,GBPUSD,1.3443,1.34431,1e-05,1,London,Thursday
2026-01-22 11:47:39,ICMarkets Raw,USDJPY,158.64,158.64,0.0,0,London,Thursday
2026-01-22 11:47:40,ICMarkets Raw,AUDUSD,0.6801,0.6801,0.0,0,London,Thursday
2026-01-22 11:47:43,VantageMarkets Raw,XAUUSD,4817.74,4817.82,0.08,8,London,Thursday
2026-01-22 11:47:44,VantageMarkets Raw,EURUSD,1.16936,1.16938,2e-05,2,London,Thursday
2026-01-22 11:47:45,VantageMarkets Raw,GBPUSD,1.34425,1.34426,1e-05,1,London,Thursday
2026-01-22 11:47:46,VantageMarkets Raw,USDJPY,158.639,158.641,0.002,2,London,Thursday
2026-01-22 11:47:47,VantageMarkets Raw,AUDUSD,0.68007,0.6801,3e-05,3,London,Thursday
2026-01-22 11:47:50,FPMarkets Raw,XAUUSD,4817.67,4817.74,0.07,7,London,Thursday
2026-01-22 11:47:51,FPMarkets Raw,EURUSD,1.16935,1.16936,1e-05,1,London,Thursday
2026-01-22 11:47:52,FPMarkets Raw,GBPUSD,1.34431,1.34434,3e-05,3,London,Thursday
2026-01-22 11:47:53,FPMarkets Raw,USDJPY,158.636,158.639,0.003,3,London,Thursday
2026-01-22 11:47:53,FPMarkets Raw,AUDUSD,0.68011,0.68014,3e-05,3,London,Thursday
2026-01-22 11:47:55,8Cap Raw,XAUUSD,4817.58,4817.74,0.16,16,London,Thursday
2026-01-22 11:47:56,8Cap Raw,EURUSD,1.16951,1.16951,0.0,0,London,Thursday
2026-01-22 11:47:57,8Cap Raw,GBPUSD,1.3444,1.34441,1e-05,1,London,Thursday
2026-01-22 11:47:57,8Cap Raw,USDJPY,158.626,158.63,0.004,4,London,Thursday
2026-01-22 11:47:58,8Cap Raw,AUDUSD,0.68012,0.68016,4e-05,4,London,Thursday
2026-01-22 11:52:17,Pepperstone Razor,XAUUSD,4820.74,4820.89,0.15,15,London,Thursday
2026-01-22 11:52:18,Pepperstone Razor,EURUSD,1.1693,1.1693,0.0,0,London,Thursday
2026-01-22 11:52:19,Pepperstone Razor,GBPUSD,1.34434,1.34434,0.0,0,London,Thursday
2026-01-22 11:52:20,Pepperstone Razor,USDJPY,158.653,158.653,0.0,0,London,Thursday
2026-01-22 11:52:21,Pepperstone Razor,AUDUSD,0.68019,0.68021,2e-05,2,London,Thursday
2026-01-22 11:52:24,FusionMarkets Zero,XAUUSD,4821.0,4821.06,0.06,6,London,Thursday
2026-01-22 11:52:25,FusionMarkets Zero,EURUSD,1.1693,1.1693,0.0,0,London,Thursday
2026-01-22 11:52:26,FusionMarkets Zero,GBPUSD,1.34436,1.34436,0.0,0,London,Thursday
2026-01-22 11:52:27,FusionMarkets Zero,USDJPY,158.653,158.653,0.0,0,London,Thursday
2026-01-22 11:52:28,FusionMarkets Zero,AUDUSD,0.68018,0.68018,0.0,0,London,Thursday
2026-01-22 11:52:31,ThinkMarkets ThinkZero,XAUUSD,4820.56,4820.64,0.08,8,London,Thursday
2026-01-22 11:52:32,ThinkMarkets ThinkZero,EURUSD,1.16927,1.16929,2e-05,2,London,Thursday
2026-01-22 11:52:32,ThinkMarkets ThinkZero,GBPUSD,1.3443,1.34434,4e-05,4,London,Thursday
2026-01-22 11:52:33,ThinkMarkets ThinkZero,USDJPY,158.649,158.653,0.004,4,London,Thursday
2026-01-22 11:52:34,ThinkMarkets ThinkZero,AUDUSD,0.68016,0.68019,3e-05,3,London,Thursday
2026-01-22 11:52:37,ICMarkets Raw,XAUUSD,4820.67,4820.72,0.05,5,London,Thursday
2026-01-22 11:52:38,ICMarkets Raw,EURUSD,1.16928,1.16928,0.0,0,London,Thursday
2026-01-22 11:52:39,ICMarkets Raw,GBPUSD,1.34425,1.34429,4e-05,4,London,Thursday
2026-01-22 11:52:40,ICMarkets Raw,USDJPY,158.649,158.649,0.0,0,London,Thursday
2026-01-22 11:52:41,ICMarkets Raw,AUDUSD,0.68019,0.68019,0.0,0,London,Thursday
2026-01-22 11:52:44,VantageMarkets Raw,XAUUSD,4820.96,4821.04,0.08,8,London,Thursday
2026-01-22 11:52:45,VantageMarkets Raw,EURUSD,1.16929,1.16931,2e-05,2,London,Thursday
2026-01-22 11:52:46,VantageMarkets Raw,GBPUSD,1.34432,1.34433,1e-05,1,London,Thursday
2026-01-22 11:52:47,VantageMarkets Raw,USDJPY,158.648,158.652,0.004,4,London,Thursday
2026-01-22 11:52:47,VantageMarkets Raw,AUDUSD,0.68018,0.6802,2e-05,2,London,Thursday
2026-01-22 11:52:51,FPMarkets Raw,XAUUSD,4820.96,4821.03,0.07,7,London,Thursday
2026-01-22 11:52:52,FPMarkets Raw,EURUSD,1.16929,1.1693,1e-05,1,London,Thursday
2026-01-22 11:52:53,FPMarkets Raw,GBPUSD,1.34432,1.34435,3e-05,3,London,Thursday
2026-01-22 11:52:53,FPMarkets Raw,USDJPY,158.646,158.647,0.001,1,London,Thursday
2026-01-22 11:52:54,FPMarkets Raw,AUDUSD,0.68019,0.68022,3e-05,3,London,Thursday
2026-01-22 11:52:56,8Cap Raw,XAUUSD,4821.19,4821.35,0.16,16,London,Thursday
2026-01-22 11:52:57,8Cap Raw,EURUSD,1.16935,1.16936,1e-05,1,London,Thursday
2026-01-22 11:52:57,8Cap Raw,GBPUSD,1.34433,1.34434,1e-05,1,London,Thursday
2026-01-22 11:52:58,8Cap Raw,USDJPY,158.639,158.642,0.003,3,London,Thursday
2026-01-22 11:52:59,8Cap Raw,AUDUSD,0.68018,0.68021,3e-05,3,London,Thursday
2026-01-22 11:57:17,Pepperstone Razor,XAUUSD,4821.81,4821.96,0.15,15,London,Thursday
2026-01-22 11:57:18,Pepperstone Razor,EURUSD,1.16932,1.16932,0.0,0,London,Thursday
2026-01-22 11:57:19,Pepperstone Razor,GBPUSD,1.34455,1.34456,1e-05,1,London,Thursday
2026-01-22 11:57:20,Pepperstone Razor,USDJPY,158.686,158.688,0.002,2,London,Thursday
2026-01-22 11:57:21,Pepperstone Razor,AUDUSD,0.68018,0.68019,1e-05,1,London,Thursday
2026-01-22 11:57:24,FusionMarkets Zero,XAUUSD,4822.19,4822.28,0.09,9,London,Thursday
2026-01-22 11:57:25,FusionMarkets Zero,EURUSD,1.16927,1.16927,0.0,0,London,Thursday
2026-01-22 11:57:26,FusionMarkets Zero,GBPUSD,1.34458,1.34458,0.0,0,London,Thursday
2026-01-22 11:57:27,FusionMarkets Zero,USDJPY,158.687,158.687,0.0,0,London,Thursday
2026-01-22 11:57:28,FusionMarkets Zero,AUDUSD,0.68021,0.68021,0.0,0,London,Thursday
2026-01-22 11:57:32,ThinkMarkets ThinkZero,XAUUSD,4821.79,4821.87,0.08,8,London,Thursday
2026-01-22 11:57:33,ThinkMarkets ThinkZero,EURUSD,1.16921,1.16925,4e-05,4,London,Thursday
2026-01-22 11:57:34,ThinkMarkets ThinkZero,GBPUSD,1.34453,1.34459,6e-05,6,London,Thursday
2026-01-22 11:57:35,ThinkMarkets ThinkZero,USDJPY,158.687,158.692,0.005,5,London,Thursday
2026-01-22 11:57:36,ThinkMarkets ThinkZero,AUDUSD,0.68015,0.68018,3e-05,3,London,Thursday
2026-01-22 11:57:39,ICMarkets Raw,XAUUSD,4822.68,4822.76,0.08,8,London,Thursday
2026-01-22 11:57:40,ICMarkets Raw,EURUSD,1.16922,1.16922,0.0,0,London,Thursday
2026-01-22 11:57:41,ICMarkets Raw,GBPUSD,1.34448,1.34449,1e-05,1,London,Thursday
2026-01-22 11:57:42,ICMarkets Raw,USDJPY,158.689,158.689,0.0,0,London,Thursday
2026-01-22 11:57:43,ICMarkets Raw,AUDUSD,0.68016,0.68016,0.0,0,London,Thursday
2026-01-22 11:57:45,VantageMarkets Raw,XAUUSD,4823.01,4823.09,0.08,8,London,Thursday
2026-01-22 11:57:46,VantageMarkets Raw,EURUSD,1.16923,1.16925,2e-05,2,London,Thursday
2026-01-22 11:57:47,VantageMarkets Raw,GBPUSD,1.3445,1.34453,3e-05,3,London,Thursday
2026-01-22 11:57:48,VantageMarkets Raw,USDJPY,158.689,158.691,0.002,2,London,Thursday
2026-01-22 11:57:49,VantageMarkets Raw,AUDUSD,0.68014,0.68016,2e-05,2,London,Thursday
2026-01-22 11:57:52,FPMarkets Raw,XAUUSD,4822.64,4822.71,0.07,7,London,Thursday
2026-01-22 11:57:53,FPMarkets Raw,EURUSD,1.16915,1.16916,1e-05,1,London,Thursday
2026-01-22 11:57:54,FPMarkets Raw,GBPUSD,1.34442,1.34445,3e-05,3,London,Thursday
2026-01-22 11:57:55,FPMarkets Raw,USDJPY,158.69,158.693,0.003,3,London,Thursday
2026-01-22 11:57:56,FPMarkets Raw,AUDUSD,0.68012,0.68016,4e-05,4,London,Thursday
2026-01-22 11:57:58,8Cap Raw,XAUUSD,4822.18,4822.34,0.16,16,London,Thursday
2026-01-22 11:57:58,8Cap Raw,EURUSD,1.16913,1.16913,0.0,0,London,Thursday
2026-01-22 11:57:59,8Cap Raw,GBPUSD,1.34442,1.34445,3e-05,3,London,Thursday
2026-01-22 11:58:00,8Cap Raw,USDJPY,158.692,158.693,0.001,1,London,Thursday
2026-01-22 11:58:00,8Cap Raw,AUDUSD,0.68013,0.68015,2e-05,2,London,Thursday
2026-01-22 12:02:16,Pepperstone Razor,XAUUSD,4824.86,4825.01,0.15,15,Overlap,Thursday
2026-01-22 12:02:17,Pepperstone Razor,EURUSD,1.16944,1.16944,0.0,0,Overlap,Thursday
2026-01-22 12:02:18,Pepperstone Razor,GBPUSD,1.34479,1.3448,1e-05,1,Overlap,Thursday
2026-01-22 12:02:19,Pepperstone Razor,USDJPY,158.671,158.673,0.002,2,Overlap,Thursday
2026-01-22 12:02:20,Pepperstone Razor,AUDUSD,0.68036,0.68036,0.0,0,Overlap,Thursday
2026-01-22 12:02:22,FusionMarkets Zero,XAUUSD,4824.72,4824.8,0.08,8,Overlap,Thursday
2026-01-22 12:02:23,FusionMarkets Zero,EURUSD,1.16945,1.16945,0.0,0,Overlap,Thursday
2026-01-22 12:02:24,FusionMarkets Zero,GBPUSD,1.34484,1.34484,0.0,0,Overlap,Thursday
2026-01-22 12:02:25,FusionMarkets Zero,USDJPY,158.672,158.674,0.002,2,Overlap,Thursday
2026-01-22 12:02:26,FusionMarkets Zero,AUDUSD,0.68036,0.68036,0.0,0,Overlap,Thursday
2026-01-22 12:02:29,ThinkMarkets ThinkZero,XAUUSD,4823.98,4824.06,0.08,8,Overlap,Thursday
2026-01-22 12:02:30,ThinkMarkets ThinkZero,EURUSD,1.16939,1.16942,3e-05,3,Overlap,Thursday
2026-01-22 12:02:31,ThinkMarkets ThinkZero,GBPUSD,1.34471,1.34476,5e-05,5,Overlap,Thursday
2026-01-22 12:02:32,ThinkMarkets ThinkZero,USDJPY,158.674,158.677,0.003,3,Overlap,Thursday
2026-01-22 12:02:33,ThinkMarkets ThinkZero,AUDUSD,0.68032,0.68034,2e-05,2,Overlap,Thursday
2026-01-22 12:02:36,ICMarkets Raw,XAUUSD,4824.28,4824.35,0.07,7,Overlap,Thursday
2026-01-22 12:02:37,ICMarkets Raw,EURUSD,1.1694,1.16941,1e-05,1,Overlap,Thursday
2026-01-22 12:02:37,ICMarkets Raw,GBPUSD,1.34473,1.34475,2e-05,2,Overlap,Thursday
2026-01-22 12:02:38,ICMarkets Raw,USDJPY,158.675,158.676,0.001,1,Overlap,Thursday
2026-01-22 12:02:39,ICMarkets Raw,AUDUSD,0.68031,0.68032,1e-05,1,Overlap,Thursday
2026-01-22 12:02:42,VantageMarkets Raw,XAUUSD,4824.33,4824.41,0.08,8,Overlap,Thursday
2026-01-22 12:02:43,VantageMarkets Raw,EURUSD,1.16941,1.16942,1e-05,1,Overlap,Thursday
2026-01-22 12:02:43,VantageMarkets Raw,GBPUSD,1.34474,1.34475,1e-05,1,Overlap,Thursday
2026-01-22 12:02:44,VantageMarkets Raw,USDJPY,158.673,158.675,0.002,2,Overlap,Thursday
2026-01-22 12:02:45,VantageMarkets Raw,AUDUSD,0.68031,0.68033,2e-05,2,Overlap,Thursday
2026-01-22 12:02:48,FPMarkets Raw,XAUUSD,4824.2,4824.27,0.07,7,Overlap,Thursday
2026-01-22 12:02:49,FPMarkets Raw,EURUSD,1.16933,1.16934,1e-05,1,Overlap,Thursday
2026-01-22 12:02:50,FPMarkets Raw,GBPUSD,1.34464,1.34467,3e-05,3,Overlap,Thursday
2026-01-22 12:02:51,FPMarkets Raw,USDJPY,158.677,158.68,0.003,3,Overlap,Thursday
2026-01-22 12:02:52,FPMarkets Raw,AUDUSD,0.68028,0.68032,4e-05,4,Overlap,Thursday
2026-01-22 12:02:53,8Cap Raw,XAUUSD,4824.31,4824.47,0.16,16,Overlap,Thursday
2026-01-22 12:02:54,8Cap Raw,EURUSD,1.16934,1.16934,0.0,0,Overlap,Thursday
2026-01-22 12:02:55,8Cap Raw,GBPUSD,1.34463,1.34466,3e-05,3,Overlap,Thursday
2026-01-22 12:02:56,8Cap Raw,USDJPY,158.679,158.68,0.001,1,Overlap,Thursday
2026-01-22 12:02:56,8Cap Raw,AUDUSD,0.68029,0.68032,3e-05,3,Overlap,Thursday
2026-01-22 12:07:16,Pepperstone Razor,XAUUSD,4821.89,4822.09,0.2,20,Overlap,Thursday
2026-01-22 12:07:17,Pepperstone Razor,EURUSD,1.16935,1.16935,0.0,0,Overlap,Thursday
2026-01-22 12:07:18,Pepperstone Razor,GBPUSD,1.34478,1.3448,2e-05,2,Overlap,Thursday
2026-01-22 12:07:18,Pepperstone Razor,USDJPY,158.704,158.707,0.003,3,Overlap,Thursday
2026-01-22 12:07:19,Pepperstone Razor,AUDUSD,0.68017,0.68018,1e-05,1,Overlap,Thursday
2026-01-22 12:07:22,FusionMarkets Zero,XAUUSD,4821.77,4821.87,0.1,10,Overlap,Thursday
2026-01-22 12:07:23,FusionMarkets Zero,EURUSD,1.16935,1.16935,0.0,0,Overlap,Thursday
2026-01-22 12:07:24,FusionMarkets Zero,GBPUSD,1.34475,1.34475,0.0,0,Overlap,Thursday
2026-01-22 12:07:25,FusionMarkets Zero,USDJPY,158.703,158.703,0.0,0,Overlap,Thursday
2026-01-22 12:07:26,FusionMarkets Zero,AUDUSD,0.68019,0.68019,0.0,0,Overlap,Thursday
2026-01-22 12:07:28,ThinkMarkets ThinkZero,XAUUSD,4821.66,4821.74,0.08,8,Overlap,Thursday
2026-01-22 12:07:29,ThinkMarkets ThinkZero,EURUSD,1.16934,1.16936,2e-05,2,Overlap,Thursday
2026-01-22 12:07:30,ThinkMarkets ThinkZero,GBPUSD,1.34472,1.3448,8e-05,8,Overlap,Thursday
2026-01-22 12:07:31,ThinkMarkets ThinkZero,USDJPY,158.702,158.705,0.003,3,Overlap,Thursday
2026-01-22 12:07:32,ThinkMarkets ThinkZero,AUDUSD,0.68016,0.68018,2e-05,2,Overlap,Thursday
2026-01-22 12:07:35,ICMarkets Raw,XAUUSD,4822.1,4822.2,0.1,10,Overlap,Thursday
2026-01-22 12:07:36,ICMarkets Raw,EURUSD,1.1693,1.16931,1e-05,1,Overlap,Thursday
2026-01-22 12:07:37,ICMarkets Raw,GBPUSD,1.34465,1.34469,4e-05,4,Overlap,Thursday
2026-01-22 12:07:37,ICMarkets Raw,USDJPY,158.703,158.703,0.0,0,Overlap,Thursday
2026-01-22 12:07:38,ICMarkets Raw,AUDUSD,0.68016,0.68016,0.0,0,Overlap,Thursday
2026-01-22 12:07:41,VantageMarkets Raw,XAUUSD,4821.48,4821.56,0.08,8,Overlap,Thursday
2026-01-22 12:07:41,VantageMarkets Raw,EURUSD,1.16924,1.16926,2e-05,2,Overlap,Thursday
2026-01-22 12:07:42,VantageMarkets Raw,GBPUSD,1.3446,1.34461,1e-05,1,Overlap,Thursday
2026-01-22 12:07:43,VantageMarkets Raw,USDJPY,158.712,158.72,0.008,8,Overlap,Thursday
2026-01-22 12:07:44,VantageMarkets Raw,AUDUSD,0.68009,0.68011,2e-05,2,Overlap,Thursday
2026-01-22 12:07:47,FPMarkets Raw,XAUUSD,4821.78,4821.85,0.07,7,Overlap,Thursday
2026-01-22 12:07:48,FPMarkets Raw,EURUSD,1.16923,1.16924,1e-05,1,Overlap,Thursday
2026-01-22 12:07:49,FPMarkets Raw,GBPUSD,1.34461,1.34464,3e-05,3,Overlap,Thursday
2026-01-22 12:07:50,FPMarkets Raw,USDJPY,158.709,158.712,0.003,3,Overlap,Thursday
2026-01-22 12:07:51,FPMarkets Raw,AUDUSD,0.68009,0.68013,4e-05,4,Overlap,Thursday
2026-01-22 12:07:53,8Cap Raw,XAUUSD,4821.73,4821.89,0.16,16,Overlap,Thursday
2026-01-22 12:07:53,8Cap Raw,EURUSD,1.16922,1.16922,0.0,0,Overlap,Thursday
2026-01-22 12:07:54,8Cap Raw,GBPUSD,1.34453,1.34454,1e-05,1,Overlap,Thursday
2026-01-22 12:07:55,8Cap Raw,USDJPY,158.709,158.711,0.002,2,Overlap,Thursday
2026-01-22 12:07:55,8Cap Raw,AUDUSD,0.68007,0.68011,4e-05,4,Overlap,Thursday
2026-01-22 12:12:16,Pepperstone Razor,XAUUSD,4824.46,4824.63,0.17,17,Overlap,Thursday
2026-01-22 12:12:17,Pepperstone Razor,EURUSD,1.169,1.169,0.0,0,Overlap,Thursday
2026-01-22 12:12:18,Pepperstone Razor,GBPUSD,1.34412,1.34413,1e-05,1,Overlap,Thursday
2026-01-22 12:12:19,Pepperstone Razor,USDJPY,158.739,158.74,0.001,1,Overlap,Thursday
2026-01-22 12:12:20,Pepperstone Razor,AUDUSD,0.67993,0.67993,0.0,0,Overlap,Thursday
2026-01-22 12:12:23,FusionMarkets Zero,XAUUSD,4824.58,4824.93,0.35,35,Overlap,Thursday
2026-01-22 12:12:23,FusionMarkets Zero,EURUSD,1.16899,1.16899,0.0,0,Overlap,Thursday
2026-01-22 12:12:24,FusionMarkets Zero,GBPUSD,1.34416,1.34416,0.0,0,Overlap,Thursday
2026-01-22 12:12:25,FusionMarkets Zero,USDJPY,158.742,158.742,0.0,0,Overlap,Thursday
2026-01-22 12:12:26,FusionMarkets Zero,AUDUSD,0.67994,0.67994,0.0,0,Overlap,Thursday
2026-01-22 12:12:29,ThinkMarkets ThinkZero,XAUUSD,4824.87,4824.95,0.08,8,Overlap,Thursday
2026-01-22 12:12:30,ThinkMarkets ThinkZero,EURUSD,1.16898,1.169,2e-05,2,Overlap,Thursday
2026-01-22 12:12:30,ThinkMarkets ThinkZero,GBPUSD,1.34412,1.34418,6e-05,6,Overlap,Thursday
2026-01-22 12:12:31,ThinkMarkets ThinkZero,USDJPY,158.738,158.743,0.005,5,Overlap,Thursday
2026-01-22 12:12:32,ThinkMarkets ThinkZero,AUDUSD,0.67992,0.67995,3e-05,3,Overlap,Thursday
2026-01-22 12:12:35,ICMarkets Raw,XAUUSD,4824.22,4824.3,0.08,8,Overlap,Thursday
2026-01-22 12:12:36,ICMarkets Raw,EURUSD,1.16899,1.16899,0.0,0,Overlap,Thursday
2026-01-22 12:12:36,ICMarkets Raw,GBPUSD,1.34414,1.34415,1e-05,1,Overlap,Thursday
2026-01-22 12:12:37,ICMarkets Raw,USDJPY,158.743,158.743,0.0,0,Overlap,Thursday
2026-01-22 12:12:38,ICMarkets Raw,AUDUSD,0.67993,0.67993,0.0,0,Overlap,Thursday
2026-01-22 12:12:41,VantageMarkets Raw,XAUUSD,4823.8,4823.88,0.08,8,Overlap,Thursday
2026-01-22 12:12:41,VantageMarkets Raw,EURUSD,1.16893,1.16895,2e-05,2,Overlap,Thursday
2026-01-22 12:12:42,VantageMarkets Raw,GBPUSD,1.34406,1.34407,1e-05,1,Overlap,Thursday
2026-01-22 12:12:43,VantageMarkets Raw,USDJPY,158.743,158.745,0.002,2,Overlap,Thursday
2026-01-22 12:12:44,VantageMarkets Raw,AUDUSD,0.67988,0.67991,3e-05,3,Overlap,Thursday
2026-01-22 12:12:47,FPMarkets Raw,XAUUSD,4822.52,4822.59,0.07,7,Overlap,Thursday
2026-01-22 12:12:48,FPMarkets Raw,EURUSD,1.16894,1.16895,1e-05,1,Overlap,Thursday
2026-01-22 12:12:49,FPMarkets Raw,GBPUSD,1.34403,1.34406,3e-05,3,Overlap,Thursday
2026-01-22 12:12:50,FPMarkets Raw,USDJPY,158.746,158.749,0.003,3,Overlap,Thursday
2026-01-22 12:12:51,FPMarkets Raw,AUDUSD,0.67988,0.6799,2e-05,2,Overlap,Thursday
2026-01-22 12:12:52,8Cap Raw,XAUUSD,4822.65,4822.81,0.16,16,Overlap,Thursday
2026-01-22 12:12:53,8Cap Raw,EURUSD,1.16893,1.16893,0.0,0,Overlap,Thursday
2026-01-22 12:12:54,8Cap Raw,GBPUSD,1.34405,1.34406,1e-05,1,Overlap,Thursday
2026-01-22 12:12:55,8Cap Raw,USDJPY,158.747,158.748,0.001,1,Overlap,Thursday
2026-01-22 12:12:55,8Cap Raw,AUDUSD,0.67988,0.67991,3e-05,3,Overlap,Thursday
2026-01-22 12:17:16,Pepperstone Razor,XAUUSD,4824.81,4825.02,0.21,21,Overlap,Thursday
2026-01-22 12:17:17,Pepperstone Razor,EURUSD,1.16883,1.16883,0.0,0,Overlap,Thursday
2026-01-22 12:17:18,Pepperstone Razor,GBPUSD,1.34403,1.34406,3e-05,3,Overlap,Thursday
2026-01-22 12:17:19,Pepperstone Razor,USDJPY,158.738,158.739,0.001,1,Overlap,Thursday
2026-01-22 12:17:20,Pepperstone Razor,AUDUSD,0.67989,0.6799,1e-05,1,Overlap,Thursday
2026-01-22 12:17:23,FusionMarkets Zero,XAUUSD,4824.71,4824.8,0.09,9,Overlap,Thursday
2026-01-22 12:17:23,FusionMarkets Zero,EURUSD,1.16883,1.16883,0.0,0,Overlap,Thursday
2026-01-22 12:17:24,FusionMarkets Zero,GBPUSD,1.34392,1.34392,0.0,0,Overlap,Thursday
2026-01-22 12:17:25,FusionMarkets Zero,USDJPY,158.741,158.741,0.0,0,Overlap,Thursday
2026-01-22 12:17:26,FusionMarkets Zero,AUDUSD,0.67988,0.67988,0.0,0,Overlap,Thursday
2026-01-22 12:17:29,ThinkMarkets ThinkZero,XAUUSD,4824.4,4824.48,0.08,8,Overlap,Thursday
2026-01-22 12:17:30,ThinkMarkets ThinkZero,EURUSD,1.16873,1.16875,2e-05,2,Overlap,Thursday
2026-01-22 12:17:31,ThinkMarkets ThinkZero,GBPUSD,1.3438,1.34387,7e-05,7,Overlap,Thursday
2026-01-22 12:17:32,ThinkMarkets ThinkZero,USDJPY,158.744,158.748,0.004,4,Overlap,Thursday
2026-01-22 12:17:33,ThinkMarkets ThinkZero,AUDUSD,0.67985,0.67986,1e-05,1,Overlap,Thursday
2026-01-22 12:17:36,ICMarkets Raw,XAUUSD,4824.6,4824.71,0.11,11,Overlap,Thursday
2026-01-22 12:17:37,ICMarkets Raw,EURUSD,1.16881,1.16882,1e-05,1,Overlap,Thursday
2026-01-22 12:17:37,ICMarkets Raw,GBPUSD,1.3439,1.34392,2e-05,2,Overlap,Thursday
2026-01-22 12:17:38,ICMarkets Raw,USDJPY,158.741,158.742,0.001,1,Overlap,Thursday
2026-01-22 12:17:39,ICMarkets Raw,AUDUSD,0.67988,0.67988,0.0,0,Overlap,Thursday
2026-01-22 12:17:42,VantageMarkets Raw,XAUUSD,4824.46,4824.54,0.08,8,Overlap,Thursday
2026-01-22 12:17:42,VantageMarkets Raw,EURUSD,1.16882,1.16883,1e-05,1,Overlap,Thursday
2026-01-22 12:17:43,VantageMarkets Raw,GBPUSD,1.34392,1.34393,1e-05,1,Overlap,Thursday
2026-01-22 12:17:44,VantageMarkets Raw,USDJPY,158.738,158.74,0.002,2,Overlap,Thursday
2026-01-22 12:17:45,VantageMarkets Raw,AUDUSD,0.67988,0.67991,3e-05,3,Overlap,Thursday
2026-01-22 12:17:48,FPMarkets Raw,XAUUSD,4824.83,4824.9,0.07,7,Overlap,Thursday
2026-01-22 12:17:49,FPMarkets Raw,EURUSD,1.16879,1.16881,2e-05,2,Overlap,Thursday
2026-01-22 12:17:50,FPMarkets Raw,GBPUSD,1.34391,1.34395,4e-05,4,Overlap,Thursday
2026-01-22 12:17:51,FPMarkets Raw,USDJPY,158.733,158.736,0.003,3,Overlap,Thursday
2026-01-22 12:17:52,FPMarkets Raw,AUDUSD,0.67988,0.67992,4e-05,4,Overlap,Thursday
2026-01-22 12:17:54,8Cap Raw,XAUUSD,4824.9,4825.06,0.16,16,Overlap,Thursday
2026-01-22 12:17:54,8Cap Raw,EURUSD,1.16881,1.16881,0.0,0,Overlap,Thursday
2026-01-22 12:17:55,8Cap Raw,GBPUSD,1.34392,1.34394,2e-05,2,Overlap,Thursday
2026-01-22 12:17:56,8Cap Raw,USDJPY,158.733,158.735,0.002,2,Overlap,Thursday
2026-01-22 12:17:56,8Cap Raw,AUDUSD,0.67983,0.67987,4e-05,4,Overlap,Thursday
2026-01-22 12:22:16,Pepperstone Razor,XAUUSD,4825.67,4825.83,0.16,16,Overlap,Thursday
2026-01-22 12:22:17,Pepperstone Razor,EURUSD,1.16872,1.16872,0.0,0,Overlap,Thursday
2026-01-22 12:22:18,Pepperstone Razor,GBPUSD,1.3437,1.34373,3e-05,3,Overlap,Thursday
2026-01-22 12:22:19,Pepperstone Razor,USDJPY,158.739,158.742,0.003,3,Overlap,Thursday
2026-01-22 12:22:20,Pepperstone Razor,AUDUSD,0.67959,0.6796,1e-05,1,Overlap,Thursday
2026-01-22 12:22:23,FusionMarkets Zero,XAUUSD,4825.79,4825.95,0.16,16,Overlap,Thursday
2026-01-22 12:22:23,FusionMarkets Zero,EURUSD,1.1687,1.1687,0.0,0,Overlap,Thursday
2026-01-22 12:22:24,FusionMarkets Zero,GBPUSD,1.34371,1.34371,0.0,0,Overlap,Thursday
2026-01-22 12:22:25,FusionMarkets Zero,USDJPY,158.743,158.743,0.0,0,Overlap,Thursday
2026-01-22 12:22:26,FusionMarkets Zero,AUDUSD,0.67964,0.67964,0.0,0,Overlap,Thursday
2026-01-22 12:22:29,ThinkMarkets ThinkZero,XAUUSD,4825.64,4825.72,0.08,8,Overlap,Thursday
2026-01-22 12:22:30,ThinkMarkets ThinkZero,EURUSD,1.1687,1.16872,2e-05,2,Overlap,Thursday
2026-01-22 12:22:31,ThinkMarkets ThinkZero,GBPUSD,1.34372,1.34379,7e-05,7,Overlap,Thursday
2026-01-22 12:22:32,ThinkMarkets ThinkZero,USDJPY,158.739,158.743,0.004,4,Overlap,Thursday
2026-01-22 12:22:33,ThinkMarkets ThinkZero,AUDUSD,0.67961,0.67963,2e-05,2,Overlap,Thursday
2026-01-22 12:22:36,ICMarkets Raw,XAUUSD,4825.7,4825.81,0.11,11,Overlap,Thursday
2026-01-22 12:22:37,ICMarkets Raw,EURUSD,1.16875,1.16875,0.0,0,Overlap,Thursday
2026-01-22 12:22:38,ICMarkets Raw,GBPUSD,1.34386,1.3439,4e-05,4,Overlap,Thursday
2026-01-22 12:22:38,ICMarkets Raw,USDJPY,158.749,158.749,0.0,0,Overlap,Thursday
2026-01-22 12:22:39,ICMarkets Raw,AUDUSD,0.67965,0.67967,2e-05,2,Overlap,Thursday
2026-01-22 12:22:42,VantageMarkets Raw,XAUUSD,4824.84,4824.92,0.08,8,Overlap,Thursday
2026-01-22 12:22:43,VantageMarkets Raw,EURUSD,1.16875,1.16877,2e-05,2,Overlap,Thursday
2026-01-22 12:22:44,VantageMarkets Raw,GBPUSD,1.34376,1.34379,3e-05,3,Overlap,Thursday
2026-01-22 12:22:45,VantageMarkets Raw,USDJPY,158.749,158.757,0.008,8,Overlap,Thursday
2026-01-22 12:22:45,VantageMarkets Raw,AUDUSD,0.67967,0.67971,4e-05,4,Overlap,Thursday
2026-01-22 12:22:48,FPMarkets Raw,XAUUSD,4824.04,4824.11,0.07,7,Overlap,Thursday
2026-01-22 12:22:49,FPMarkets Raw,EURUSD,1.1688,1.16882,2e-05,2,Overlap,Thursday
2026-01-22 12:22:50,FPMarkets Raw,GBPUSD,1.34381,1.34384,3e-05,3,Overlap,Thursday
2026-01-22 12:22:51,FPMarkets Raw,USDJPY,158.745,158.748,0.003,3,Overlap,Thursday
2026-01-22 12:22:52,FPMarkets Raw,AUDUSD,0.67967,0.67969,2e-05,2,Overlap,Thursday
2026-01-22 12:22:54,8Cap Raw,XAUUSD,4824.19,4824.35,0.16,16,Overlap,Thursday
2026-01-22 12:22:54,8Cap Raw,EURUSD,1.1688,1.1688,0.0,0,Overlap,Thursday
2026-01-22 12:22:55,8Cap Raw,GBPUSD,1.34381,1.34385,4e-05,4,Overlap,Thursday
2026-01-22 12:22:56,8Cap Raw,USDJPY,158.746,158.75,0.004,4,Overlap,Thursday
2026-01-22 12:22:56,8Cap Raw,AUDUSD,0.67967,0.6797,3e-05,3,Overlap,Thursday
2026-01-22 12:27:16,Pepperstone Razor,XAUUSD,4825.48,4825.63,0.15,15,Overlap,Thursday
2026-01-22 12:27:17,Pepperstone Razor,EURUSD,1.16878,1.16878,0.0,0,Overlap,Thursday
2026-01-22 12:27:18,Pepperstone Razor,GBPUSD,1.34371,1.34374,3e-05,3,Overlap,Thursday
2026-01-22 12:27:19,Pepperstone Razor,USDJPY,158.747,158.748,0.001,1,Overlap,Thursday
2026-01-22 12:27:20,Pepperstone Razor,AUDUSD,0.67966,0.67966,0.0,0,Overlap,Thursday
2026-01-22 12:27:23,FusionMarkets Zero,XAUUSD,4825.67,4825.72,0.05,5,Overlap,Thursday
2026-01-22 12:27:24,FusionMarkets Zero,EURUSD,1.16877,1.16877,0.0,0,Overlap,Thursday
2026-01-22 12:27:25,FusionMarkets Zero,GBPUSD,1.34373,1.34373,0.0,0,Overlap,Thursday
2026-01-22 12:27:26,FusionMarkets Zero,USDJPY,158.745,158.747,0.002,2,Overlap,Thursday
2026-01-22 12:27:27,FusionMarkets Zero,AUDUSD,0.67968,0.67968,0.0,0,Overlap,Thursday
2026-01-22 12:27:29,ThinkMarkets ThinkZero,XAUUSD,4825.6,4825.68,0.08,8,Overlap,Thursday
2026-01-22 12:27:30,ThinkMarkets ThinkZero,EURUSD,1.16873,1.16876,3e-05,3,Overlap,Thursday
2026-01-22 12:27:31,ThinkMarkets ThinkZero,GBPUSD,1.3437,1.34377,7e-05,7,Overlap,Thursday
2026-01-22 12:27:32,ThinkMarkets ThinkZero,USDJPY,158.748,158.753,0.005,5,Overlap,Thursday
2026-01-22 12:27:33,ThinkMarkets ThinkZero,AUDUSD,0.67964,0.67966,2e-05,2,Overlap,Thursday
2026-01-22 12:27:36,ICMarkets Raw,XAUUSD,4826.2,4826.25,0.05,5,Overlap,Thursday
2026-01-22 12:27:37,ICMarkets Raw,EURUSD,1.16869,1.1687,1e-05,1,Overlap,Thursday
2026-01-22 12:27:38,ICMarkets Raw,GBPUSD,1.34371,1.34372,1e-05,1,Overlap,Thursday
2026-01-22 12:27:39,ICMarkets Raw,USDJPY,158.748,158.749,0.001,1,Overlap,Thursday
2026-01-22 12:27:40,ICMarkets Raw,AUDUSD,0.67968,0.67968,0.0,0,Overlap,Thursday
2026-01-22 12:27:42,VantageMarkets Raw,XAUUSD,4826.39,4826.47,0.08,8,Overlap,Thursday
2026-01-22 12:27:43,VantageMarkets Raw,EURUSD,1.1687,1.16871,1e-05,1,Overlap,Thursday
2026-01-22 12:27:44,VantageMarkets Raw,GBPUSD,1.34377,1.34378,1e-05,1,Overlap,Thursday
2026-01-22 12:27:45,VantageMarkets Raw,USDJPY,158.749,158.75,0.001,1,Overlap,Thursday
2026-01-22 12:27:46,VantageMarkets Raw,AUDUSD,0.67966,0.67969,3e-05,3,Overlap,Thursday
2026-01-22 12:27:49,FPMarkets Raw,XAUUSD,4826.44,4826.51,0.07,7,Overlap,Thursday
2026-01-22 12:27:50,FPMarkets Raw,EURUSD,1.1687,1.16872,2e-05,2,Overlap,Thursday
2026-01-22 12:27:51,FPMarkets Raw,GBPUSD,1.34378,1.34381,3e-05,3,Overlap,Thursday
2026-01-22 12:27:51,FPMarkets Raw,USDJPY,158.749,158.752,0.003,3,Overlap,Thursday
2026-01-22 12:27:52,FPMarkets Raw,AUDUSD,0.67967,0.67971,4e-05,4,Overlap,Thursday
2026-01-22 12:27:54,8Cap Raw,XAUUSD,4826.89,4827.05,0.16,16,Overlap,Thursday
2026-01-22 12:27:55,8Cap Raw,EURUSD,1.1687,1.1687,0.0,0,Overlap,Thursday
2026-01-22 12:27:55,8Cap Raw,GBPUSD,1.34378,1.34379,1e-05,1,Overlap,Thursday
2026-01-22 12:27:56,8Cap Raw,USDJPY,158.752,158.753,0.001,1,Overlap,Thursday
2026-01-22 12:27:57,8Cap Raw,AUDUSD,0.67968,0.67971,3e-05,3,Overlap,Thursday
2026-01-22 12:32:17,Pepperstone Razor,XAUUSD,4825.62,4825.77,0.15,15,Overlap,Thursday
2026-01-22 12:32:17,Pepperstone Razor,EURUSD,1.1689,1.1689,0.0,0,Overlap,Thursday
2026-01-22 12:32:18,Pepperstone Razor,GBPUSD,1.34405,1.34408,3e-05,3,Overlap,Thursday
2026-01-22 12:32:19,Pepperstone Razor,USDJPY,158.721,158.724,0.003,3,Overlap,Thursday
2026-01-22 12:32:20,Pepperstone Razor,AUDUSD,0.67985,0.67986,1e-05,1,Overlap,Thursday
2026-01-22 12:32:23,FusionMarkets Zero,XAUUSD,4825.49,4825.54,0.05,5,Overlap,Thursday
2026-01-22 12:32:24,FusionMarkets Zero,EURUSD,1.16891,1.16891,0.0,0,Overlap,Thursday
2026-01-22 12:32:25,FusionMarkets Zero,GBPUSD,1.34407,1.34407,0.0,0,Overlap,Thursday
2026-01-22 12:32:26,FusionMarkets Zero,USDJPY,158.716,158.718,0.002,2,Overlap,Thursday
2026-01-22 12:32:27,FusionMarkets Zero,AUDUSD,0.67989,0.67989,0.0,0,Overlap,Thursday
2026-01-22 12:32:30,ThinkMarkets ThinkZero,XAUUSD,4825.36,4825.44,0.08,8,Overlap,Thursday
2026-01-22 12:32:31,ThinkMarkets ThinkZero,EURUSD,1.16889,1.16891,2e-05,2,Overlap,Thursday
2026-01-22 12:32:32,ThinkMarkets ThinkZero,GBPUSD,1.34402,1.34409,7e-05,7,Overlap,Thursday
2026-01-22 12:32:33,ThinkMarkets ThinkZero,USDJPY,158.716,158.721,0.005,5,Overlap,Thursday
2026-01-22 12:32:34,ThinkMarkets ThinkZero,AUDUSD,0.67987,0.6799,3e-05,3,Overlap,Thursday
2026-01-22 12:32:37,ICMarkets Raw,XAUUSD,4825.13,4825.21,0.08,8,Overlap,Thursday
2026-01-22 12:32:37,ICMarkets Raw,EURUSD,1.16893,1.16893,0.0,0,Overlap,Thursday
2026-01-22 12:32:38,ICMarkets Raw,GBPUSD,1.3441,1.34411,1e-05,1,Overlap,Thursday
2026-01-22 12:32:39,ICMarkets Raw,USDJPY,158.714,158.715,0.001,1,Overlap,Thursday
2026-01-22 12:32:40,ICMarkets Raw,AUDUSD,0.67992,0.67992,0.0,0,Overlap,Thursday
2026-01-22 12:32:43,VantageMarkets Raw,XAUUSD,4825.14,4825.22,0.08,8,Overlap,Thursday
2026-01-22 12:32:44,VantageMarkets Raw,EURUSD,1.16896,1.16897,1e-05,1,Overlap,Thursday
2026-01-22 12:32:45,VantageMarkets Raw,GBPUSD,1.34406,1.34407,1e-05,1,Overlap,Thursday
2026-01-22 12:32:46,VantageMarkets Raw,USDJPY,158.718,158.725,0.007,7,Overlap,Thursday
2026-01-22 12:32:46,VantageMarkets Raw,AUDUSD,0.67991,0.67994,3e-05,3,Overlap,Thursday
2026-01-22 12:32:50,FPMarkets Raw,XAUUSD,4825.04,4825.11,0.07,7,Overlap,Thursday
2026-01-22 12:32:51,FPMarkets Raw,EURUSD,1.16903,1.16904,1e-05,1,Overlap,Thursday
2026-01-22 12:32:52,FPMarkets Raw,GBPUSD,1.34414,1.34417,3e-05,3,Overlap,Thursday
2026-01-22 12:32:52,FPMarkets Raw,USDJPY,158.717,158.72,0.003,3,Overlap,Thursday
2026-01-22 12:32:53,FPMarkets Raw,AUDUSD,0.67994,0.67997,3e-05,3,Overlap,Thursday
2026-01-22 12:32:55,8Cap Raw,XAUUSD,4825.31,4825.47,0.16,16,Overlap,Thursday
2026-01-22 12:32:56,8Cap Raw,EURUSD,1.16905,1.16905,0.0,0,Overlap,Thursday
2026-01-22 12:32:57,8Cap Raw,GBPUSD,1.34417,1.34418,1e-05,1,Overlap,Thursday
2026-01-22 12:32:57,8Cap Raw,USDJPY,158.712,158.713,0.001,1,Overlap,Thursday
2026-01-22 12:32:58,8Cap Raw,AUDUSD,0.67995,0.67998,3e-05,3,Overlap,Thursday
2026-01-22 12:37:17,Pepperstone Razor,XAUUSD,4828.06,4828.23,0.17,17,Overlap,Thursday
2026-01-22 12:37:17,Pepperstone Razor,EURUSD,1.16927,1.16927,0.0,0,Overlap,Thursday
2026-01-22 12:37:18,Pepperstone Razor,GBPUSD,1.34453,1.34455,2e-05,2,Overlap,Thursday
2026-01-22 12:37:19,Pepperstone Razor,USDJPY,158.684,158.684,0.0,0,Overlap,Thursday
2026-01-22 12:37:20,Pepperstone Razor,AUDUSD,0.68012,0.68013,1e-05,1,Overlap,Thursday
2026-01-22 12:37:23,FusionMarkets Zero,XAUUSD,4828.08,4828.13,0.05,5,Overlap,Thursday
2026-01-22 12:37:24,FusionMarkets Zero,EURUSD,1.1693,1.1693,0.0,0,Overlap,Thursday
2026-01-22 12:37:25,FusionMarkets Zero,GBPUSD,1.34459,1.34459,0.0,0,Overlap,Thursday
2026-01-22 12:37:26,FusionMarkets Zero,USDJPY,158.684,158.684,0.0,0,Overlap,Thursday
2026-01-22 12:37:27,FusionMarkets Zero,AUDUSD,0.68015,0.68015,0.0,0,Overlap,Thursday
2026-01-22 12:37:30,ThinkMarkets ThinkZero,XAUUSD,4827.82,4827.9,0.08,8,Overlap,Thursday
2026-01-22 12:37:31,ThinkMarkets ThinkZero,EURUSD,1.16927,1.16929,2e-05,2,Overlap,Thursday
2026-01-22 12:37:32,ThinkMarkets ThinkZero,GBPUSD,1.3446,1.34466,6e-05,6,Overlap,Thursday
2026-01-22 12:37:33,ThinkMarkets ThinkZero,USDJPY,158.683,158.688,0.005,5,Overlap,Thursday
2026-01-22 12:37:34,ThinkMarkets ThinkZero,AUDUSD,0.68012,0.68014,2e-05,2,Overlap,Thursday
2026-01-22 12:37:36,ICMarkets Raw,XAUUSD,4827.94,4827.99,0.05,5,Overlap,Thursday
2026-01-22 12:37:37,ICMarkets Raw,EURUSD,1.1693,1.1693,0.0,0,Overlap,Thursday
2026-01-22 12:37:38,ICMarkets Raw,GBPUSD,1.34465,1.34466,1e-05,1,Overlap,Thursday
2026-01-22 12:37:39,ICMarkets Raw,USDJPY,158.687,158.687,0.0,0,Overlap,Thursday
2026-01-22 12:37:40,ICMarkets Raw,AUDUSD,0.68014,0.68015,1e-05,1,Overlap,Thursday
2026-01-22 12:37:43,VantageMarkets Raw,XAUUSD,4827.55,4827.63,0.08,8,Overlap,Thursday
2026-01-22 12:37:44,VantageMarkets Raw,EURUSD,1.1693,1.16932,2e-05,2,Overlap,Thursday
2026-01-22 12:37:45,VantageMarkets Raw,GBPUSD,1.34465,1.34466,1e-05,1,Overlap,Thursday
2026-01-22 12:37:45,VantageMarkets Raw,USDJPY,158.684,158.687,0.003,3,Overlap,Thursday
2026-01-22 12:37:46,VantageMarkets Raw,AUDUSD,0.68013,0.68017,4e-05,4,Overlap,Thursday
2026-01-22 12:37:49,FPMarkets Raw,XAUUSD,4827.6,4827.67,0.07,7,Overlap,Thursday
2026-01-22 12:37:50,FPMarkets Raw,EURUSD,1.16932,1.16933,1e-05,1,Overlap,Thursday
2026-01-22 12:37:51,FPMarkets Raw,GBPUSD,1.34457,1.34461,4e-05,4,Overlap,Thursday
2026-01-22 12:37:52,FPMarkets Raw,USDJPY,158.685,158.688,0.003,3,Overlap,Thursday
2026-01-22 12:37:53,FPMarkets Raw,AUDUSD,0.68014,0.68018,4e-05,4,Overlap,Thursday
2026-01-22 12:37:55,8Cap Raw,XAUUSD,4827.55,4827.71,0.16,16,Overlap,Thursday
2026-01-22 12:37:55,8Cap Raw,EURUSD,1.16931,1.16932,1e-05,1,Overlap,Thursday
2026-01-22 12:37:56,8Cap Raw,GBPUSD,1.34448,1.34451,3e-05,3,Overlap,Thursday
2026-01-22 12:37:57,8Cap Raw,USDJPY,158.683,158.686,0.003,3,Overlap,Thursday
2026-01-22 12:37:57,8Cap Raw,AUDUSD,0.68014,0.68017,3e-05,3,Overlap,Thursday
2026-01-22 12:42:16,Pepperstone Razor,XAUUSD,4827.54,4827.71,0.17,17,Overlap,Thursday
2026-01-22 12:42:17,Pepperstone Razor,EURUSD,1.16927,1.16927,0.0,0,Overlap,Thursday
2026-01-22 12:42:18,Pepperstone Razor,GBPUSD,1.34455,1.34457,2e-05,2,Overlap,Thursday
2026-01-22 12:42:19,Pepperstone Razor,USDJPY,158.702,158.704,0.002,2,Overlap,Thursday
2026-01-22 12:42:20,Pepperstone Razor,AUDUSD,0.68014,0.68016,2e-05,2,Overlap,Thursday
2026-01-22 12:42:24,FusionMarkets Zero,XAUUSD,4827.91,4827.98,0.07,7,Overlap,Thursday
2026-01-22 12:42:24,FusionMarkets Zero,EURUSD,1.16928,1.16928,0.0,0,Overlap,Thursday
2026-01-22 12:42:25,FusionMarkets Zero,GBPUSD,1.34456,1.34456,0.0,0,Overlap,Thursday
2026-01-22 12:42:26,FusionMarkets Zero,USDJPY,158.703,158.703,0.0,0,Overlap,Thursday
2026-01-22 12:42:27,FusionMarkets Zero,AUDUSD,0.68016,0.68016,0.0,0,Overlap,Thursday
2026-01-22 12:42:30,ThinkMarkets ThinkZero,XAUUSD,4827.64,4827.72,0.08,8,Overlap,Thursday
2026-01-22 12:42:31,ThinkMarkets ThinkZero,EURUSD,1.16924,1.16927,3e-05,3,Overlap,Thursday
2026-01-22 12:42:32,ThinkMarkets ThinkZero,GBPUSD,1.34449,1.34456,7e-05,7,Overlap,Thursday
2026-01-22 12:42:33,ThinkMarkets ThinkZero,USDJPY,158.701,158.705,0.004,4,Overlap,Thursday
2026-01-22 12:42:34,ThinkMarkets ThinkZero,AUDUSD,0.68014,0.68018,4e-05,4,Overlap,Thursday
2026-01-22 12:42:37,ICMarkets Raw,XAUUSD,4828.03,4828.09,0.06,6,Overlap,Thursday
2026-01-22 12:42:38,ICMarkets Raw,EURUSD,1.16924,1.16924,0.0,0,Overlap,Thursday
2026-01-22 12:42:39,ICMarkets Raw,GBPUSD,1.34452,1.34453,1e-05,1,Overlap,Thursday
2026-01-22 12:42:40,ICMarkets Raw,USDJPY,158.705,158.705,0.0,0,Overlap,Thursday
2026-01-22 12:42:41,ICMarkets Raw,AUDUSD,0.68016,0.68017,1e-05,1,Overlap,Thursday
2026-01-22 12:42:43,VantageMarkets Raw,XAUUSD,4828.01,4828.09,0.08,8,Overlap,Thursday
2026-01-22 12:42:44,VantageMarkets Raw,EURUSD,1.1692,1.16922,2e-05,2,Overlap,Thursday
2026-01-22 12:42:45,VantageMarkets Raw,GBPUSD,1.34444,1.34445,1e-05,1,Overlap,Thursday
2026-01-22 12:42:46,VantageMarkets Raw,USDJPY,158.705,158.706,0.001,1,Overlap,Thursday
2026-01-22 12:42:47,VantageMarkets Raw,AUDUSD,0.68013,0.68016,3e-05,3,Overlap,Thursday
2026-01-22 12:42:50,FPMarkets Raw,XAUUSD,4828.08,4828.15,0.07,7,Overlap,Thursday
2026-01-22 12:42:51,FPMarkets Raw,EURUSD,1.16916,1.16917,1e-05,1,Overlap,Thursday
2026-01-22 12:42:52,FPMarkets Raw,GBPUSD,1.34436,1.34439,3e-05,3,Overlap,Thursday
2026-01-22 12:42:53,FPMarkets Raw,USDJPY,158.705,158.708,0.003,3,Overlap,Thursday
2026-01-22 12:42:54,FPMarkets Raw,AUDUSD,0.68014,0.68017,3e-05,3,Overlap,Thursday
2026-01-22 12:42:56,8Cap Raw,XAUUSD,4827.81,4827.97,0.16,16,Overlap,Thursday
2026-01-22 12:42:56,8Cap Raw,EURUSD,1.16917,1.16917,0.0,0,Overlap,Thursday
2026-01-22 12:42:57,8Cap Raw,GBPUSD,1.34442,1.34443,1e-05,1,Overlap,Thursday
2026-01-22 12:42:58,8Cap Raw,USDJPY,158.704,158.705,0.001,1,Overlap,Thursday
2026-01-22 12:42:58,8Cap Raw,AUDUSD,0.68014,0.68018,4e-05,4,Overlap,Thursday
2026-01-22 12:47:16,Pepperstone Razor,XAUUSD,4827.87,4828.07,0.2,20,Overlap,Thursday
2026-01-22 12:47:17,Pepperstone Razor,EURUSD,1.16882,1.16882,0.0,0,Overlap,Thursday
2026-01-22 12:47:18,Pepperstone Razor,GBPUSD,1.34434,1.34437,3e-05,3,Overlap,Thursday
2026-01-22 12:47:19,Pepperstone Razor,USDJPY,158.725,158.726,0.001,1,Overlap,Thursday
2026-01-22 12:47:20,Pepperstone Razor,AUDUSD,0.68015,0.68016,1e-05,1,Overlap,Thursday
2026-01-22 12:47:23,FusionMarkets Zero,XAUUSD,4828.01,4828.11,0.1,10,Overlap,Thursday
2026-01-22 12:47:24,FusionMarkets Zero,EURUSD,1.1688,1.1688,0.0,0,Overlap,Thursday
2026-01-22 12:47:25,FusionMarkets Zero,GBPUSD,1.34434,1.34434,0.0,0,Overlap,Thursday
2026-01-22 12:47:26,FusionMarkets Zero,USDJPY,158.727,158.727,0.0,0,Overlap,Thursday
2026-01-22 12:47:27,FusionMarkets Zero,AUDUSD,0.68015,0.68015,0.0,0,Overlap,Thursday
2026-01-22 12:47:31,ThinkMarkets ThinkZero,XAUUSD,4827.75,4827.83,0.08,8,Overlap,Thursday
2026-01-22 12:47:31,ThinkMarkets ThinkZero,EURUSD,1.16877,1.1688,3e-05,3,Overlap,Thursday
2026-01-22 12:47:32,ThinkMarkets ThinkZero,GBPUSD,1.34434,1.34439,5e-05,5,Overlap,Thursday
2026-01-22 12:47:33,ThinkMarkets ThinkZero,USDJPY,158.724,158.729,0.005,5,Overlap,Thursday
2026-01-22 12:47:34,ThinkMarkets ThinkZero,AUDUSD,0.68013,0.68016,3e-05,3,Overlap,Thursday
2026-01-22 12:47:37,ICMarkets Raw,XAUUSD,4828.2,4828.27,0.07,7,Overlap,Thursday
2026-01-22 12:47:38,ICMarkets Raw,EURUSD,1.1688,1.1688,0.0,0,Overlap,Thursday
2026-01-22 12:47:39,ICMarkets Raw,GBPUSD,1.34434,1.34435,1e-05,1,Overlap,Thursday
2026-01-22 12:47:40,ICMarkets Raw,USDJPY,158.733,158.733,0.0,0,Overlap,Thursday
2026-01-22 12:47:41,ICMarkets Raw,AUDUSD,0.68015,0.68015,0.0,0,Overlap,Thursday
2026-01-22 12:47:44,VantageMarkets Raw,XAUUSD,4828.19,4828.27,0.08,8,Overlap,Thursday
2026-01-22 12:47:45,VantageMarkets Raw,EURUSD,1.1688,1.16881,1e-05,1,Overlap,Thursday
2026-01-22 12:47:45,VantageMarkets Raw,GBPUSD,1.34436,1.34437,1e-05,1,Overlap,Thursday
2026-01-22 12:47:46,VantageMarkets Raw,USDJPY,158.728,158.736,0.008,8,Overlap,Thursday
2026-01-22 12:47:47,VantageMarkets Raw,AUDUSD,0.68014,0.68016,2e-05,2,Overlap,Thursday
2026-01-22 12:47:50,FPMarkets Raw,XAUUSD,4828.33,4828.4,0.07,7,Overlap,Thursday
2026-01-22 12:47:51,FPMarkets Raw,EURUSD,1.16875,1.16876,1e-05,1,Overlap,Thursday
2026-01-22 12:47:52,FPMarkets Raw,GBPUSD,1.34432,1.34435,3e-05,3,Overlap,Thursday
2026-01-22 12:47:53,FPMarkets Raw,USDJPY,158.737,158.74,0.003,3,Overlap,Thursday
2026-01-22 12:47:54,FPMarkets Raw,AUDUSD,0.68013,0.68017,4e-05,4,Overlap,Thursday
2026-01-22 12:47:56,8Cap Raw,XAUUSD,4828.31,4828.47,0.16,16,Overlap,Thursday
2026-01-22 12:47:57,8Cap Raw,EURUSD,1.16873,1.16874,1e-05,1,Overlap,Thursday
2026-01-22 12:47:58,8Cap Raw,GBPUSD,1.34437,1.34438,1e-05,1,Overlap,Thursday
2026-01-22 12:47:58,8Cap Raw,USDJPY,158.736,158.739,0.003,3,Overlap,Thursday
2026-01-22 12:47:59,8Cap Raw,AUDUSD,0.68016,0.68018,2e-05,2,Overlap,Thursday
2026-01-22 12:52:17,Pepperstone Razor,XAUUSD,4830.09,4830.29,0.2,20,Overlap,Thursday
2026-01-22 12:52:18,Pepperstone Razor,EURUSD,1.16917,1.16917,0.0,0,Overlap,Thursday
2026-01-22 12:52:19,Pepperstone Razor,GBPUSD,1.34479,1.3448,1e-05,1,Overlap,Thursday
2026-01-22 12:52:19,Pepperstone Razor,USDJPY,158.667,158.669,0.002,2,Overlap,Thursday
2026-01-22 12:52:20,Pepperstone Razor,AUDUSD,0.6803,0.68031,1e-05,1,Overlap,Thursday
2026-01-22 12:52:24,FusionMarkets Zero,XAUUSD,4830.6,4830.71,0.11,11,Overlap,Thursday
2026-01-22 12:52:25,FusionMarkets Zero,EURUSD,1.16915,1.16915,0.0,0,Overlap,Thursday
2026-01-22 12:52:26,FusionMarkets Zero,GBPUSD,1.34474,1.34474,0.0,0,Overlap,Thursday
2026-01-22 12:52:26,FusionMarkets Zero,USDJPY,158.664,158.665,0.001,1,Overlap,Thursday
2026-01-22 12:52:27,FusionMarkets Zero,AUDUSD,0.6803,0.6803,0.0,0,Overlap,Thursday
2026-01-22 12:52:31,ThinkMarkets ThinkZero,XAUUSD,4830.62,4830.7,0.08,8,Overlap,Thursday
2026-01-22 12:52:32,ThinkMarkets ThinkZero,EURUSD,1.16912,1.16915,3e-05,3,Overlap,Thursday
2026-01-22 12:52:32,ThinkMarkets ThinkZero,GBPUSD,1.34475,1.34479,4e-05,4,Overlap,Thursday
2026-01-22 12:52:33,ThinkMarkets ThinkZero,USDJPY,158.651,158.656,0.005,5,Overlap,Thursday
2026-01-22 12:52:34,ThinkMarkets ThinkZero,AUDUSD,0.68028,0.68031,3e-05,3,Overlap,Thursday
2026-01-22 12:52:38,ICMarkets Raw,XAUUSD,4830.22,4830.32,0.1,10,Overlap,Thursday
2026-01-22 12:52:39,ICMarkets Raw,EURUSD,1.16919,1.16919,0.0,0,Overlap,Thursday
2026-01-22 12:52:39,ICMarkets Raw,GBPUSD,1.34477,1.34479,2e-05,2,Overlap,Thursday
2026-01-22 12:52:40,ICMarkets Raw,USDJPY,158.655,158.657,0.002,2,Overlap,Thursday
2026-01-22 12:52:41,ICMarkets Raw,AUDUSD,0.68032,0.68032,0.0,0,Overlap,Thursday
2026-01-22 12:52:44,VantageMarkets Raw,XAUUSD,4830.47,4830.55,0.08,8,Overlap,Thursday
2026-01-22 12:52:45,VantageMarkets Raw,EURUSD,1.16921,1.16923,2e-05,2,Overlap,Thursday
2026-01-22 12:52:46,VantageMarkets Raw,GBPUSD,1.34478,1.34479,1e-05,1,Overlap,Thursday
2026-01-22 12:52:47,VantageMarkets Raw,USDJPY,158.655,158.658,0.003,3,Overlap,Thursday
2026-01-22 12:52:48,VantageMarkets Raw,AUDUSD,0.68032,0.68035,3e-05,3,Overlap,Thursday
2026-01-22 12:52:51,FPMarkets Raw,XAUUSD,4830.22,4830.29,0.07,7,Overlap,Thursday
2026-01-22 12:52:52,FPMarkets Raw,EURUSD,1.16921,1.16923,2e-05,2,Overlap,Thursday
2026-01-22 12:52:53,FPMarkets Raw,GBPUSD,1.34474,1.34478,4e-05,4,Overlap,Thursday
2026-01-22 12:52:54,FPMarkets Raw,USDJPY,158.655,158.658,0.003,3,Overlap,Thursday
2026-01-22 12:52:55,FPMarkets Raw,AUDUSD,0.6803,0.68033,3e-05,3,Overlap,Thursday
2026-01-22 12:52:57,8Cap Raw,XAUUSD,4830.06,4830.22,0.16,16,Overlap,Thursday
2026-01-22 12:52:58,8Cap Raw,EURUSD,1.16922,1.16922,0.0,0,Overlap,Thursday
2026-01-22 12:52:58,8Cap Raw,GBPUSD,1.34477,1.34478,1e-05,1,Overlap,Thursday
2026-01-22 12:52:59,8Cap Raw,USDJPY,158.657,158.658,0.001,1,Overlap,Thursday
2026-01-22 12:53:00,8Cap Raw,AUDUSD,0.68029,0.68033,4e-05,4,Overlap,Thursday
2026-01-22 12:57:16,Pepperstone Razor,XAUUSD,4828.61,4828.78,0.17,17,Overlap,Thursday
2026-01-22 12:57:17,Pepperstone Razor,EURUSD,1.16936,1.16936,0.0,0,Overlap,Thursday
2026-01-22 12:57:18,Pepperstone Razor,GBPUSD,1.34488,1.34489,1e-05,1,Overlap,Thursday
2026-01-22 12:57:19,Pepperstone Razor,USDJPY,158.654,158.658,0.004,4,Overlap,Thursday
2026-01-22 12:57:20,Pepperstone Razor,AUDUSD,0.68026,0.68029,3e-05,3,Overlap,Thursday
2026-01-22 12:57:23,FusionMarkets Zero,XAUUSD,4828.38,4828.46,0.08,8,Overlap,Thursday
2026-01-22 12:57:24,FusionMarkets Zero,EURUSD,1.16933,1.16933,0.0,0,Overlap,Thursday
2026-01-22 12:57:25,FusionMarkets Zero,GBPUSD,1.34487,1.34487,0.0,0,Overlap,Thursday
2026-01-22 12:57:26,FusionMarkets Zero,USDJPY,158.652,158.652,0.0,0,Overlap,Thursday
2026-01-22 12:57:27,FusionMarkets Zero,AUDUSD,0.68031,0.68031,0.0,0,Overlap,Thursday
2026-01-22 12:57:30,ThinkMarkets ThinkZero,XAUUSD,4828.02,4828.1,0.08,8,Overlap,Thursday
2026-01-22 12:57:31,ThinkMarkets ThinkZero,EURUSD,1.16931,1.16934,3e-05,3,Overlap,Thursday
2026-01-22 12:57:32,ThinkMarkets ThinkZero,GBPUSD,1.34483,1.34489,6e-05,6,Overlap,Thursday
2026-01-22 12:57:33,ThinkMarkets ThinkZero,USDJPY,158.65,158.655,0.005,5,Overlap,Thursday
2026-01-22 12:57:34,ThinkMarkets ThinkZero,AUDUSD,0.68027,0.68032,5e-05,5,Overlap,Thursday
2026-01-22 12:57:37,ICMarkets Raw,XAUUSD,4828.42,4828.5,0.08,8,Overlap,Thursday
2026-01-22 12:57:38,ICMarkets Raw,EURUSD,1.16932,1.16932,0.0,0,Overlap,Thursday
2026-01-22 12:57:39,ICMarkets Raw,GBPUSD,1.3449,1.34491,1e-05,1,Overlap,Thursday
2026-01-22 12:57:40,ICMarkets Raw,USDJPY,158.65,158.651,0.001,1,Overlap,Thursday
2026-01-22 12:57:41,ICMarkets Raw,AUDUSD,0.68038,0.6804,2e-05,2,Overlap,Thursday
2026-01-22 12:57:44,VantageMarkets Raw,XAUUSD,4828.26,4828.34,0.08,8,Overlap,Thursday
2026-01-22 12:57:45,VantageMarkets Raw,EURUSD,1.16935,1.16937,2e-05,2,Overlap,Thursday
2026-01-22 12:57:45,VantageMarkets Raw,GBPUSD,1.34495,1.34496,1e-05,1,Overlap,Thursday
2026-01-22 12:57:46,VantageMarkets Raw,USDJPY,158.648,158.65,0.002,2,Overlap,Thursday
2026-01-22 12:57:47,VantageMarkets Raw,AUDUSD,0.68038,0.68042,4e-05,4,Overlap,Thursday
2026-01-22 12:57:51,FPMarkets Raw,XAUUSD,4827.94,4828.01,0.07,7,Overlap,Thursday
2026-01-22 12:57:52,FPMarkets Raw,EURUSD,1.1694,1.16942,2e-05,2,Overlap,Thursday
2026-01-22 12:57:52,FPMarkets Raw,GBPUSD,1.34493,1.34496,3e-05,3,Overlap,Thursday
2026-01-22 12:57:53,FPMarkets Raw,USDJPY,158.65,158.653,0.003,3,Overlap,Thursday
2026-01-22 12:57:54,FPMarkets Raw,AUDUSD,0.68039,0.68042,3e-05,3,Overlap,Thursday
2026-01-22 12:57:56,8Cap Raw,XAUUSD,4827.89,4828.05,0.16,16,Overlap,Thursday
2026-01-22 12:57:57,8Cap Raw,EURUSD,1.1694,1.16941,1e-05,1,Overlap,Thursday
2026-01-22 12:57:58,8Cap Raw,GBPUSD,1.34494,1.34496,2e-05,2,Overlap,Thursday
2026-01-22 12:57:58,8Cap Raw,USDJPY,158.644,158.647,0.003,3,Overlap,Thursday
2026-01-22 12:57:59,8Cap Raw,AUDUSD,0.68039,0.68042,3e-05,3,Overlap,Thursday
2026-01-22 13:02:16,Pepperstone Razor,XAUUSD,4829.93,4830.16,0.23,23,Overlap,Thursday
2026-01-22 13:02:17,Pepperstone Razor,EURUSD,1.16935,1.16935,0.0,0,Overlap,Thursday
2026-01-22 13:02:18,Pepperstone Razor,GBPUSD,1.34475,1.34476,1e-05,1,Overlap,Thursday
2026-01-22 13:02:19,Pepperstone Razor,USDJPY,158.627,158.63,0.003,3,Overlap,Thursday
2026-01-22 13:02:20,Pepperstone Razor,AUDUSD,0.68028,0.68029,1e-05,1,Overlap,Thursday
2026-01-22 13:02:23,FusionMarkets Zero,XAUUSD,4830.08,4830.18,0.1,10,Overlap,Thursday
2026-01-22 13:02:24,FusionMarkets Zero,EURUSD,1.16937,1.16937,0.0,0,Overlap,Thursday
2026-01-22 13:02:25,FusionMarkets Zero,GBPUSD,1.34473,1.34473,0.0,0,Overlap,Thursday
2026-01-22 13:02:25,FusionMarkets Zero,USDJPY,158.623,158.623,0.0,0,Overlap,Thursday
2026-01-22 13:02:26,FusionMarkets Zero,AUDUSD,0.68029,0.68029,0.0,0,Overlap,Thursday
2026-01-22 13:02:29,ThinkMarkets ThinkZero,XAUUSD,4829.67,4829.75,0.08,8,Overlap,Thursday
2026-01-22 13:02:30,ThinkMarkets ThinkZero,EURUSD,1.16934,1.16937,3e-05,3,Overlap,Thursday
2026-01-22 13:02:31,ThinkMarkets ThinkZero,GBPUSD,1.34471,1.34476,5e-05,5,Overlap,Thursday
2026-01-22 13:02:32,ThinkMarkets ThinkZero,USDJPY,158.625,158.629,0.004,4,Overlap,Thursday
2026-01-22 13:02:33,ThinkMarkets ThinkZero,AUDUSD,0.68026,0.6803,4e-05,4,Overlap,Thursday
2026-01-22 13:02:37,ICMarkets Raw,XAUUSD,4829.85,4829.93,0.08,8,Overlap,Thursday
2026-01-22 13:02:38,ICMarkets Raw,EURUSD,1.16936,1.16936,0.0,0,Overlap,Thursday
2026-01-22 13:02:42,ICMarkets Raw,GBPUSD,1.34473,1.34474,1e-05,1,Overlap,Thursday
2026-01-22 13:02:44,ICMarkets Raw,USDJPY,158.628,158.628,0.0,0,Overlap,Thursday
2026-01-22 13:02:46,ICMarkets Raw,AUDUSD,0.68025,0.68026,1e-05,1,Overlap,Thursday
2026-01-22 13:02:48,VantageMarkets Raw,XAUUSD,4829.99,4830.07,0.08,8,Overlap,Thursday
2026-01-22 13:02:49,VantageMarkets Raw,EURUSD,1.16938,1.1694,2e-05,2,Overlap,Thursday
2026-01-22 13:02:50,VantageMarkets Raw,GBPUSD,1.34472,1.34473,1e-05,1,Overlap,Thursday
2026-01-22 13:02:51,VantageMarkets Raw,USDJPY,158.627,158.628,0.001,1,Overlap,Thursday
2026-01-22 13:02:52,VantageMarkets Raw,AUDUSD,0.68023,0.68028,5e-05,5,Overlap,Thursday
2026-01-22 13:02:55,FPMarkets Raw,XAUUSD,4830.03,4830.1,0.07,7,Overlap,Thursday
2026-01-22 13:02:56,FPMarkets Raw,EURUSD,1.16938,1.16939,1e-05,1,Overlap,Thursday
2026-01-22 13:02:57,FPMarkets Raw,GBPUSD,1.34477,1.3448,3e-05,3,Overlap,Thursday
2026-01-22 13:02:58,FPMarkets Raw,USDJPY,158.621,158.624,0.003,3,Overlap,Thursday
2026-01-22 13:02:59,FPMarkets Raw,AUDUSD,0.68022,0.68026,4e-05,4,Overlap,Thursday
2026-01-22 13:03:00,8Cap Raw,XAUUSD,4829.82,4829.98,0.16,16,Overlap,Thursday
2026-01-22 13:03:01,8Cap Raw,EURUSD,1.16937,1.16938,1e-05,1,Overlap,Thursday
2026-01-22 13:03:02,8Cap Raw,GBPUSD,1.34477,1.34478,1e-05,1,Overlap,Thursday
2026-01-22 13:03:03,8Cap Raw,USDJPY,158.623,158.624,0.001,1,Overlap,Thursday
2026-01-22 13:03:04,8Cap Raw,AUDUSD,0.68025,0.68027,2e-05,2,Overlap,Thursday
2026-01-22 13:07:16,Pepperstone Razor,XAUUSD,4830.97,4831.1,0.13,13,Overlap,Thursday
2026-01-22 13:07:17,Pepperstone Razor,EURUSD,1.16961,1.16961,0.0,0,Overlap,Thursday
2026-01-22 13:07:18,Pepperstone Razor,GBPUSD,1.34525,1.34527,2e-05,2,Overlap,Thursday
2026-01-22 13:07:19,Pepperstone Razor,USDJPY,158.637,158.638,0.001,1,Overlap,Thursday
2026-01-22 13:07:20,Pepperstone Razor,AUDUSD,0.68032,0.68033,1e-05,1,Overlap,Thursday
2026-01-22 13:07:23,FusionMarkets Zero,XAUUSD,4830.76,4830.81,0.05,5,Overlap,Thursday
2026-01-22 13:07:24,FusionMarkets Zero,EURUSD,1.16961,1.16961,0.0,0,Overlap,Thursday
2026-01-22 13:07:25,FusionMarkets Zero,GBPUSD,1.34528,1.34528,0.0,0,Overlap,Thursday
2026-01-22 13:07:25,FusionMarkets Zero,USDJPY,158.637,158.639,0.002,2,Overlap,Thursday
2026-01-22 13:07:26,FusionMarkets Zero,AUDUSD,0.68034,0.68034,0.0,0,Overlap,Thursday
2026-01-22 13:07:29,ThinkMarkets ThinkZero,XAUUSD,4830.11,4830.19,0.08,8,Overlap,Thursday
2026-01-22 13:07:30,ThinkMarkets ThinkZero,EURUSD,1.16959,1.16962,3e-05,3,Overlap,Thursday
2026-01-22 13:07:31,ThinkMarkets ThinkZero,GBPUSD,1.34521,1.34527,6e-05,6,Overlap,Thursday
2026-01-22 13:07:32,ThinkMarkets ThinkZero,USDJPY,158.636,158.641,0.005,5,Overlap,Thursday
2026-01-22 13:07:33,ThinkMarkets ThinkZero,AUDUSD,0.68027,0.68031,4e-05,4,Overlap,Thursday
2026-01-22 13:07:35,ICMarkets Raw,XAUUSD,4829.52,4829.63,0.11,11,Overlap,Thursday
2026-01-22 13:07:36,ICMarkets Raw,EURUSD,1.1696,1.16961,1e-05,1,Overlap,Thursday
2026-01-22 13:07:37,ICMarkets Raw,GBPUSD,1.34526,1.34528,2e-05,2,Overlap,Thursday
2026-01-22 13:07:38,ICMarkets Raw,USDJPY,158.637,158.638,0.001,1,Overlap,Thursday
2026-01-22 13:07:39,ICMarkets Raw,AUDUSD,0.68029,0.68029,0.0,0,Overlap,Thursday
2026-01-22 13:07:41,VantageMarkets Raw,XAUUSD,4829.46,4829.54,0.08,8,Overlap,Thursday
2026-01-22 13:07:42,VantageMarkets Raw,EURUSD,1.1696,1.16961,1e-05,1,Overlap,Thursday
2026-01-22 13:07:43,VantageMarkets Raw,GBPUSD,1.34523,1.34524,1e-05,1,Overlap,Thursday
2026-01-22 13:07:44,VantageMarkets Raw,USDJPY,158.638,158.639,0.001,1,Overlap,Thursday
2026-01-22 13:07:45,VantageMarkets Raw,AUDUSD,0.68026,0.68029,3e-05,3,Overlap,Thursday
2026-01-22 13:08:21,FPMarkets Raw,XAUUSD,4829.81,4829.88,0.07,7,Overlap,Thursday
2026-01-22 13:08:21,FPMarkets Raw,EURUSD,1.16965,1.16966,1e-05,1,Overlap,Thursday
2026-01-22 13:08:22,FPMarkets Raw,GBPUSD,1.34517,1.3452,3e-05,3,Overlap,Thursday
2026-01-22 13:08:23,FPMarkets Raw,USDJPY,158.638,158.641,0.003,3,Overlap,Thursday
2026-01-22 13:08:24,FPMarkets Raw,AUDUSD,0.68033,0.68035,2e-05,2,Overlap,Thursday
2026-01-22 13:08:26,8Cap Raw,XAUUSD,4829.37,4829.53,0.16,16,Overlap,Thursday
2026-01-22 13:08:27,8Cap Raw,EURUSD,1.16964,1.16965,1e-05,1,Overlap,Thursday
2026-01-22 13:08:28,8Cap Raw,GBPUSD,1.34516,1.34517,1e-05,1,Overlap,Thursday
2026-01-22 13:08:28,8Cap Raw,USDJPY,158.639,158.64,0.001,1,Overlap,Thursday
2026-01-22 13:08:29,8Cap Raw,AUDUSD,0.68035,0.68037,2e-05,2,Overlap,Thursday
2026-01-22 13:12:16,Pepperstone Razor,XAUUSD,4827.24,4827.46,0.22,22,Overlap,Thursday
2026-01-22 13:12:17,Pepperstone Razor,EURUSD,1.16971,1.16973,2e-05,2,Overlap,Thursday
2026-01-22 13:12:18,Pepperstone Razor,GBPUSD,1.3449,1.34497,7e-05,7,Overlap,Thursday
2026-01-22 13:12:19,Pepperstone Razor,USDJPY,158.614,158.62,0.006,6,Overlap,Thursday
2026-01-22 13:12:20,Pepperstone Razor,AUDUSD,0.68025,0.68025,0.0,0,Overlap,Thursday
2026-01-22 13:12:23,FusionMarkets Zero,XAUUSD,4827.49,4827.57,0.08,8,Overlap,Thursday
2026-01-22 13:12:24,FusionMarkets Zero,EURUSD,1.16969,1.16969,0.0,0,Overlap,Thursday
2026-01-22 13:12:24,FusionMarkets Zero,GBPUSD,1.34495,1.34495,0.0,0,Overlap,Thursday
2026-01-22 13:12:25,FusionMarkets Zero,USDJPY,158.613,158.616,0.003,3,Overlap,Thursday
2026-01-22 13:12:26,FusionMarkets Zero,AUDUSD,0.68023,0.68023,0.0,0,Overlap,Thursday
2026-01-22 13:12:29,ThinkMarkets ThinkZero,XAUUSD,4827.68,4827.76,0.08,8,Overlap,Thursday
2026-01-22 13:12:30,ThinkMarkets ThinkZero,EURUSD,1.16968,1.1697,2e-05,2,Overlap,Thursday
2026-01-22 13:12:31,ThinkMarkets ThinkZero,GBPUSD,1.34492,1.34498,6e-05,6,Overlap,Thursday
2026-01-22 13:12:32,ThinkMarkets ThinkZero,USDJPY,158.614,158.619,0.005,5,Overlap,Thursday
2026-01-22 13:12:33,ThinkMarkets ThinkZero,AUDUSD,0.68023,0.68027,4e-05,4,Overlap,Thursday
2026-01-22 13:12:36,ICMarkets Raw,XAUUSD,4827.28,4827.34,0.06,6,Overlap,Thursday
2026-01-22 13:12:36,ICMarkets Raw,EURUSD,1.16974,1.16974,0.0,0,Overlap,Thursday
2026-01-22 13:12:37,ICMarkets Raw,GBPUSD,1.34497,1.34499,2e-05,2,Overlap,Thursday
2026-01-22 13:12:38,ICMarkets Raw,USDJPY,158.617,158.619,0.002,2,Overlap,Thursday
2026-01-22 13:12:39,ICMarkets Raw,AUDUSD,0.68026,0.68026,0.0,0,Overlap,Thursday
2026-01-22 13:12:42,VantageMarkets Raw,XAUUSD,4827.78,4827.86,0.08,8,Overlap,Thursday
2026-01-22 13:12:43,VantageMarkets Raw,EURUSD,1.16976,1.16977,1e-05,1,Overlap,Thursday
2026-01-22 13:12:44,VantageMarkets Raw,GBPUSD,1.34499,1.345,1e-05,1,Overlap,Thursday
2026-01-22 13:12:45,VantageMarkets Raw,USDJPY,158.615,158.619,0.004,4,Overlap,Thursday
2026-01-22 13:12:45,VantageMarkets Raw,AUDUSD,0.68023,0.68025,2e-05,2,Overlap,Thursday
2026-01-22 13:12:48,FPMarkets Raw,XAUUSD,4828.05,4828.12,0.07,7,Overlap,Thursday
2026-01-22 13:12:49,FPMarkets Raw,EURUSD,1.16974,1.16976,2e-05,2,Overlap,Thursday
2026-01-22 13:12:50,FPMarkets Raw,GBPUSD,1.345,1.34503,3e-05,3,Overlap,Thursday
2026-01-22 13:12:51,FPMarkets Raw,USDJPY,158.621,158.624,0.003,3,Overlap,Thursday
2026-01-22 13:12:52,FPMarkets Raw,AUDUSD,0.68025,0.68028,3e-05,3,Overlap,Thursday
2026-01-22 13:12:54,8Cap Raw,XAUUSD,4827.46,4827.62,0.16,16,Overlap,Thursday
2026-01-22 13:12:55,8Cap Raw,EURUSD,1.16974,1.16974,0.0,0,Overlap,Thursday
2026-01-22 13:12:56,8Cap Raw,GBPUSD,1.34497,1.34498,1e-05,1,Overlap,Thursday
2026-01-22 13:12:56,8Cap Raw,USDJPY,158.623,158.624,0.001,1,Overlap,Thursday
2026-01-22 13:12:57,8Cap Raw,AUDUSD,0.68024,0.68028,4e-05,4,Overlap,Thursday
2026-01-22 13:17:16,Pepperstone Razor,XAUUSD,4826.31,4826.54,0.23,23,Overlap,Thursday
2026-01-22 13:17:17,Pepperstone Razor,EURUSD,1.16952,1.16952,0.0,0,Overlap,Thursday
2026-01-22 13:17:18,Pepperstone Razor,GBPUSD,1.34212,1.34214,2e-05,2,Overlap,Thursday
2026-01-22 13:17:19,Pepperstone Razor,USDJPY,158.663,158.664,0.001,1,Overlap,Thursday
2026-01-22 13:17:20,Pepperstone Razor,AUDUSD,0.68021,0.68022,1e-05,1,Overlap,Thursday
2026-01-22 13:17:23,FusionMarkets Zero,XAUUSD,4826.55,4826.68,0.13,13,Overlap,Thursday
2026-01-22 13:17:24,FusionMarkets Zero,EURUSD,1.16947,1.16947,0.0,0,Overlap,Thursday
2026-01-22 13:17:25,FusionMarkets Zero,GBPUSD,1.34204,1.34204,0.0,0,Overlap,Thursday
2026-01-22 13:17:26,FusionMarkets Zero,USDJPY,158.675,158.677,0.002,2,Overlap,Thursday
2026-01-22 13:17:27,FusionMarkets Zero,AUDUSD,0.68022,0.68022,0.0,0,Overlap,Thursday
2026-01-22 13:17:30,ThinkMarkets ThinkZero,XAUUSD,4827.18,4827.26,0.08,8,Overlap,Thursday
2026-01-22 13:17:31,ThinkMarkets ThinkZero,EURUSD,1.16944,1.16947,3e-05,3,Overlap,Thursday
2026-01-22 13:17:32,ThinkMarkets ThinkZero,GBPUSD,1.34203,1.34209,6e-05,6,Overlap,Thursday
2026-01-22 13:17:32,ThinkMarkets ThinkZero,USDJPY,158.676,158.681,0.005,5,Overlap,Thursday
2026-01-22 13:17:33,ThinkMarkets ThinkZero,AUDUSD,0.68021,0.68025,4e-05,4,Overlap,Thursday
2026-01-22 13:17:36,ICMarkets Raw,XAUUSD,4826.52,4826.63,0.11,11,Overlap,Thursday
2026-01-22 13:17:37,ICMarkets Raw,EURUSD,1.16949,1.16949,0.0,0,Overlap,Thursday
2026-01-22 13:17:38,ICMarkets Raw,GBPUSD,1.3422,1.34221,1e-05,1,Overlap,Thursday
2026-01-22 13:17:39,ICMarkets Raw,USDJPY,158.676,158.678,0.002,2,Overlap,Thursday
2026-01-22 13:17:40,ICMarkets Raw,AUDUSD,0.68024,0.68025,1e-05,1,Overlap,Thursday
2026-01-22 13:17:43,VantageMarkets Raw,XAUUSD,4826.66,4826.74,0.08,8,Overlap,Thursday
2026-01-22 13:17:44,VantageMarkets Raw,EURUSD,1.16949,1.16951,2e-05,2,Overlap,Thursday
2026-01-22 13:17:44,VantageMarkets Raw,GBPUSD,1.34218,1.34219,1e-05,1,Overlap,Thursday
2026-01-22 13:17:45,VantageMarkets Raw,USDJPY,158.666,158.672,0.006,6,Overlap,Thursday
2026-01-22 13:17:46,VantageMarkets Raw,AUDUSD,0.68022,0.68026,4e-05,4,Overlap,Thursday
2026-01-22 13:17:49,FPMarkets Raw,XAUUSD,4826.48,4826.55,0.07,7,Overlap,Thursday
2026-01-22 13:17:50,FPMarkets Raw,EURUSD,1.16948,1.1695,2e-05,2,Overlap,Thursday
2026-01-22 13:17:51,FPMarkets Raw,GBPUSD,1.34177,1.34181,4e-05,4,Overlap,Thursday
2026-01-22 13:17:52,FPMarkets Raw,USDJPY,158.673,158.676,0.003,3,Overlap,Thursday
2026-01-22 13:17:53,FPMarkets Raw,AUDUSD,0.68019,0.68023,4e-05,4,Overlap,Thursday
2026-01-22 13:17:55,8Cap Raw,XAUUSD,4826.69,4826.85,0.16,16,Overlap,Thursday
2026-01-22 13:17:56,8Cap Raw,EURUSD,1.16951,1.16951,0.0,0,Overlap,Thursday
2026-01-22 13:17:56,8Cap Raw,GBPUSD,1.34192,1.34193,1e-05,1,Overlap,Thursday
2026-01-22 13:17:57,8Cap Raw,USDJPY,158.676,158.677,0.001,1,Overlap,Thursday
2026-01-22 13:17:58,8Cap Raw,AUDUSD,0.68021,0.68023,2e-05,2,Overlap,Thursday
2026-01-22 13:22:17,Pepperstone Razor,XAUUSD,4828.56,4828.73,0.17,17,Overlap,Thursday
2026-01-22 13:22:18,Pepperstone Razor,EURUSD,1.16944,1.16944,0.0,0,Overlap,Thursday
2026-01-22 13:22:18,Pepperstone Razor,GBPUSD,1.34128,1.34131,3e-05,3,Overlap,Thursday
2026-01-22 13:22:19,Pepperstone Razor,USDJPY,158.674,158.676,0.002,2,Overlap,Thursday
2026-01-22 13:22:20,Pepperstone Razor,AUDUSD,0.68019,0.68019,0.0,0,Overlap,Thursday
2026-01-22 13:22:23,FusionMarkets Zero,XAUUSD,4828.55,4828.61,0.06,6,Overlap,Thursday
2026-01-22 13:22:24,FusionMarkets Zero,EURUSD,1.16941,1.16941,0.0,0,Overlap,Thursday
2026-01-22 13:22:25,FusionMarkets Zero,GBPUSD,1.3411,1.3411,0.0,0,Overlap,Thursday
2026-01-22 13:22:26,FusionMarkets Zero,USDJPY,158.678,158.678,0.0,0,Overlap,Thursday
2026-01-22 13:22:27,FusionMarkets Zero,AUDUSD,0.68021,0.68021,0.0,0,Overlap,Thursday
2026-01-22 13:22:30,ThinkMarkets ThinkZero,XAUUSD,4829.05,4829.13,0.08,8,Overlap,Thursday
2026-01-22 13:22:31,ThinkMarkets ThinkZero,EURUSD,1.16944,1.16947,3e-05,3,Overlap,Thursday
2026-01-22 13:22:32,ThinkMarkets ThinkZero,GBPUSD,1.34125,1.34129,4e-05,4,Overlap,Thursday
2026-01-22 13:22:33,ThinkMarkets ThinkZero,USDJPY,158.676,158.681,0.005,5,Overlap,Thursday
2026-01-22 13:22:34,ThinkMarkets ThinkZero,AUDUSD,0.68019,0.68021,2e-05,2,Overlap,Thursday
2026-01-22 13:22:37,ICMarkets Raw,XAUUSD,4828.96,4829.07,0.11,11,Overlap,Thursday
2026-01-22 13:22:38,ICMarkets Raw,EURUSD,1.16942,1.16942,0.0,0,Overlap,Thursday
2026-01-22 13:22:39,ICMarkets Raw,GBPUSD,1.34108,1.34109,1e-05,1,Overlap,Thursday
2026-01-22 13:22:40,ICMarkets Raw,USDJPY,158.69,158.691,0.001,1,Overlap,Thursday
2026-01-22 13:22:41,ICMarkets Raw,AUDUSD,0.6802,0.68021,1e-05,1,Overlap,Thursday
2026-01-22 13:22:43,VantageMarkets Raw,XAUUSD,4829.31,4829.39,0.08,8,Overlap,Thursday
2026-01-22 13:22:44,VantageMarkets Raw,EURUSD,1.16941,1.16942,1e-05,1,Overlap,Thursday
2026-01-22 13:22:45,VantageMarkets Raw,GBPUSD,1.34108,1.34109,1e-05,1,Overlap,Thursday
2026-01-22 13:22:46,VantageMarkets Raw,USDJPY,158.688,158.691,0.003,3,Overlap,Thursday
2026-01-22 13:22:47,VantageMarkets Raw,AUDUSD,0.68018,0.68022,4e-05,4,Overlap,Thursday
2026-01-22 13:22:50,FPMarkets Raw,XAUUSD,4829.29,4829.36,0.07,7,Overlap,Thursday
2026-01-22 13:22:51,FPMarkets Raw,EURUSD,1.16943,1.16944,1e-05,1,Overlap,Thursday
2026-01-22 13:22:52,FPMarkets Raw,GBPUSD,1.34092,1.34096,4e-05,4,Overlap,Thursday
2026-01-22 13:22:53,FPMarkets Raw,USDJPY,158.688,158.691,0.003,3,Overlap,Thursday
2026-01-22 13:22:54,FPMarkets Raw,AUDUSD,0.68019,0.68022,3e-05,3,Overlap,Thursday
2026-01-22 13:22:56,8Cap Raw,XAUUSD,4829.44,4829.6,0.16,16,Overlap,Thursday
2026-01-22 13:22:56,8Cap Raw,EURUSD,1.16942,1.16942,0.0,0,Overlap,Thursday
2026-01-22 13:22:57,8Cap Raw,GBPUSD,1.34095,1.34096,1e-05,1,Overlap,Thursday
2026-01-22 13:22:58,8Cap Raw,USDJPY,158.692,158.693,0.001,1,Overlap,Thursday
2026-01-22 13:22:58,8Cap Raw,AUDUSD,0.68019,0.68022,3e-05,3,Overlap,Thursday
2026-01-22 13:27:17,Pepperstone Razor,XAUUSD,4828.0,4828.15,0.15,15,Overlap,Thursday
2026-01-22 13:27:18,Pepperstone Razor,EURUSD,1.16967,1.16967,0.0,0,Overlap,Thursday
2026-01-22 13:27:19,Pepperstone Razor,GBPUSD,1.34171,1.34174,3e-05,3,Overlap,Thursday
2026-01-22 13:27:19,Pepperstone Razor,USDJPY,158.662,158.664,0.002,2,Overlap,Thursday
2026-01-22 13:27:20,Pepperstone Razor,AUDUSD,0.68027,0.68028,1e-05,1,Overlap,Thursday
2026-01-22 13:27:23,FusionMarkets Zero,XAUUSD,4828.38,4828.43,0.05,5,Overlap,Thursday
2026-01-22 13:27:24,FusionMarkets Zero,EURUSD,1.16967,1.16967,0.0,0,Overlap,Thursday
2026-01-22 13:27:25,FusionMarkets Zero,GBPUSD,1.34168,1.34168,0.0,0,Overlap,Thursday
2026-01-22 13:27:26,FusionMarkets Zero,USDJPY,158.662,158.662,0.0,0,Overlap,Thursday
2026-01-22 13:27:27,FusionMarkets Zero,AUDUSD,0.68025,0.68025,0.0,0,Overlap,Thursday
2026-01-22 13:27:31,ThinkMarkets ThinkZero,XAUUSD,4828.09,4828.17,0.08,8,Overlap,Thursday
2026-01-22 13:27:32,ThinkMarkets ThinkZero,EURUSD,1.16964,1.16967,3e-05,3,Overlap,Thursday
2026-01-22 13:27:32,ThinkMarkets ThinkZero,GBPUSD,1.34161,1.34167,6e-05,6,Overlap,Thursday
2026-01-22 13:27:33,ThinkMarkets ThinkZero,USDJPY,158.665,158.669,0.004,4,Overlap,Thursday
2026-01-22 13:27:34,ThinkMarkets ThinkZero,AUDUSD,0.68023,0.68026,3e-05,3,Overlap,Thursday
2026-01-22 13:27:37,ICMarkets Raw,XAUUSD,4827.98,4828.04,0.06,6,Overlap,Thursday
2026-01-22 13:27:38,ICMarkets Raw,EURUSD,1.1697,1.16971,1e-05,1,Overlap,Thursday
2026-01-22 13:27:39,ICMarkets Raw,GBPUSD,1.34161,1.34165,4e-05,4,Overlap,Thursday
2026-01-22 13:27:40,ICMarkets Raw,USDJPY,158.659,158.66,0.001,1,Overlap,Thursday
2026-01-22 13:27:41,ICMarkets Raw,AUDUSD,0.68029,0.68029,0.0,0,Overlap,Thursday
2026-01-22 13:27:44,VantageMarkets Raw,XAUUSD,4828.12,4828.2,0.08,8,Overlap,Thursday
2026-01-22 13:27:45,VantageMarkets Raw,EURUSD,1.1697,1.16973,3e-05,3,Overlap,Thursday
2026-01-22 13:27:46,VantageMarkets Raw,GBPUSD,1.34189,1.3419,1e-05,1,Overlap,Thursday
2026-01-22 13:27:47,VantageMarkets Raw,USDJPY,158.656,158.66,0.004,4,Overlap,Thursday
2026-01-22 13:27:47,VantageMarkets Raw,AUDUSD,0.68025,0.68028,3e-05,3,Overlap,Thursday
2026-01-22 13:27:51,FPMarkets Raw,XAUUSD,4827.51,4827.58,0.07,7,Overlap,Thursday
2026-01-22 13:27:52,FPMarkets Raw,EURUSD,1.16973,1.16975,2e-05,2,Overlap,Thursday
2026-01-22 13:27:53,FPMarkets Raw,GBPUSD,1.34184,1.34187,3e-05,3,Overlap,Thursday
2026-01-22 13:27:54,FPMarkets Raw,USDJPY,158.654,158.657,0.003,3,Overlap,Thursday
2026-01-22 13:27:55,FPMarkets Raw,AUDUSD,0.68027,0.68031,4e-05,4,Overlap,Thursday
2026-01-22 13:27:57,8Cap Raw,XAUUSD,4827.67,4827.83,0.16,16,Overlap,Thursday
2026-01-22 13:27:57,8Cap Raw,EURUSD,1.16971,1.16972,1e-05,1,Overlap,Thursday
2026-01-22 13:27:58,8Cap Raw,GBPUSD,1.34187,1.34188,1e-05,1,Overlap,Thursday
2026-01-22 13:27:59,8Cap Raw,USDJPY,158.656,158.657,0.001,1,Overlap,Thursday
2026-01-22 13:27:59,8Cap Raw,AUDUSD,0.68027,0.6803,3e-05,3,Overlap,Thursday
2026-01-22 13:32:17,Pepperstone Razor,XAUUSD,4828.2,4828.39,0.19,19,Overlap,Thursday
2026-01-22 13:32:17,Pepperstone Razor,EURUSD,1.16997,1.16997,0.0,0,Overlap,Thursday
2026-01-22 13:32:18,Pepperstone Razor,GBPUSD,1.34208,1.34211,3e-05,3,Overlap,Thursday
2026-01-22 13:32:19,Pepperstone Razor,USDJPY,158.653,158.655,0.002,2,Overlap,Thursday
2026-01-22 13:32:20,Pepperstone Razor,AUDUSD,0.68032,0.68033,1e-05,1,Overlap,Thursday
2026-01-22 13:32:24,FusionMarkets Zero,XAUUSD,4828.19,4828.24,0.05,5,Overlap,Thursday
2026-01-22 13:32:24,FusionMarkets Zero,EURUSD,1.17005,1.17005,0.0,0,Overlap,Thursday
2026-01-22 13:32:25,FusionMarkets Zero,GBPUSD,1.34205,1.34205,0.0,0,Overlap,Thursday
2026-01-22 13:32:26,FusionMarkets Zero,USDJPY,158.641,158.642,0.001,1,Overlap,Thursday
2026-01-22 13:32:27,FusionMarkets Zero,AUDUSD,0.68041,0.68041,0.0,0,Overlap,Thursday
2026-01-22 13:32:31,ThinkMarkets ThinkZero,XAUUSD,4828.24,4828.32,0.08,8,Overlap,Thursday
2026-01-22 13:32:31,ThinkMarkets ThinkZero,EURUSD,1.17008,1.17011,3e-05,3,Overlap,Thursday
2026-01-22 13:32:32,ThinkMarkets ThinkZero,GBPUSD,1.34206,1.3421,4e-05,4,Overlap,Thursday
2026-01-22 13:32:33,ThinkMarkets ThinkZero,USDJPY,158.644,158.648,0.004,4,Overlap,Thursday
2026-01-22 13:32:34,ThinkMarkets ThinkZero,AUDUSD,0.6804,0.68044,4e-05,4,Overlap,Thursday
2026-01-22 13:32:37,ICMarkets Raw,XAUUSD,4828.56,4828.61,0.05,5,Overlap,Thursday
2026-01-22 13:32:38,ICMarkets Raw,EURUSD,1.17012,1.17013,1e-05,1,Overlap,Thursday
2026-01-22 13:32:39,ICMarkets Raw,GBPUSD,1.34218,1.3422,2e-05,2,Overlap,Thursday
2026-01-22 13:32:40,ICMarkets Raw,USDJPY,158.643,158.644,0.001,1,Overlap,Thursday
2026-01-22 13:32:41,ICMarkets Raw,AUDUSD,0.68044,0.68045,1e-05,1,Overlap,Thursday
2026-01-22 13:32:44,VantageMarkets Raw,XAUUSD,4828.58,4828.66,0.08,8,Overlap,Thursday
2026-01-22 13:32:45,VantageMarkets Raw,EURUSD,1.17013,1.17014,1e-05,1,Overlap,Thursday
2026-01-22 13:32:46,VantageMarkets Raw,GBPUSD,1.34224,1.34225,1e-05,1,Overlap,Thursday
2026-01-22 13:32:46,VantageMarkets Raw,USDJPY,158.641,158.643,0.002,2,Overlap,Thursday
2026-01-22 13:32:47,VantageMarkets Raw,AUDUSD,0.68042,0.68046,4e-05,4,Overlap,Thursday
2026-01-22 13:32:51,FPMarkets Raw,XAUUSD,4828.55,4828.62,0.07,7,Overlap,Thursday
2026-01-22 13:32:52,FPMarkets Raw,EURUSD,1.17015,1.17016,1e-05,1,Overlap,Thursday
2026-01-22 13:32:52,FPMarkets Raw,GBPUSD,1.34226,1.3423,4e-05,4,Overlap,Thursday
2026-01-22 13:32:53,FPMarkets Raw,USDJPY,158.651,158.654,0.003,3,Overlap,Thursday
2026-01-22 13:32:54,FPMarkets Raw,AUDUSD,0.68044,0.68047,3e-05,3,Overlap,Thursday
2026-01-22 13:32:56,8Cap Raw,XAUUSD,4828.71,4828.87,0.16,16,Overlap,Thursday
2026-01-22 13:32:57,8Cap Raw,EURUSD,1.17016,1.17017,1e-05,1,Overlap,Thursday
2026-01-22 13:32:58,8Cap Raw,GBPUSD,1.34227,1.34228,1e-05,1,Overlap,Thursday
2026-01-22 13:32:59,8Cap Raw,USDJPY,158.646,158.647,0.001,1,Overlap,Thursday
2026-01-22 13:32:59,8Cap Raw,AUDUSD,0.68045,0.68048,3e-05,3,Overlap,Thursday
2026-01-22 13:37:17,Pepperstone Razor,XAUUSD,4828.58,4828.79,0.21,21,Overlap,Thursday
2026-01-22 13:37:18,Pepperstone Razor,EURUSD,1.16989,1.16989,0.0,0,Overlap,Thursday
2026-01-22 13:37:18,Pepperstone Razor,GBPUSD,1.34231,1.34231,0.0,0,Overlap,Thursday
2026-01-22 13:37:19,Pepperstone Razor,USDJPY,158.652,158.658,0.006,6,Overlap,Thursday
2026-01-22 13:37:20,Pepperstone Razor,AUDUSD,0.68033,0.68035,2e-05,2,Overlap,Thursday
2026-01-22 13:37:24,FusionMarkets Zero,XAUUSD,4828.64,4828.76,0.12,12,Overlap,Thursday
2026-01-22 13:37:25,FusionMarkets Zero,EURUSD,1.16991,1.16991,0.0,0,Overlap,Thursday
2026-01-22 13:37:26,FusionMarkets Zero,GBPUSD,1.34245,1.34245,0.0,0,Overlap,Thursday
2026-01-22 13:37:27,FusionMarkets Zero,USDJPY,158.652,158.653,0.001,1,Overlap,Thursday
2026-01-22 13:37:27,FusionMarkets Zero,AUDUSD,0.68037,0.68037,0.0,0,Overlap,Thursday
2026-01-22 13:37:31,ThinkMarkets ThinkZero,XAUUSD,4827.97,4828.05,0.08,8,Overlap,Thursday
2026-01-22 13:37:32,ThinkMarkets ThinkZero,EURUSD,1.16988,1.16991,3e-05,3,Overlap,Thursday
2026-01-22 13:37:33,ThinkMarkets ThinkZero,GBPUSD,1.34242,1.34248,6e-05,6,Overlap,Thursday
2026-01-22 13:37:34,ThinkMarkets ThinkZero,USDJPY,158.647,158.651,0.004,4,Overlap,Thursday
2026-01-22 13:37:34,ThinkMarkets ThinkZero,AUDUSD,0.68035,0.68037,2e-05,2,Overlap,Thursday
2026-01-22 13:37:38,ICMarkets Raw,XAUUSD,4827.69,4827.8,0.11,11,Overlap,Thursday
2026-01-22 13:37:39,ICMarkets Raw,EURUSD,1.16994,1.16994,0.0,0,Overlap,Thursday
2026-01-22 13:37:40,ICMarkets Raw,GBPUSD,1.34245,1.34246,1e-05,1,Overlap,Thursday
2026-01-22 13:37:41,ICMarkets Raw,USDJPY,158.649,158.65,0.001,1,Overlap,Thursday
2026-01-22 13:37:41,ICMarkets Raw,AUDUSD,0.68038,0.68038,0.0,0,Overlap,Thursday
2026-01-22 13:37:44,VantageMarkets Raw,XAUUSD,4827.65,4827.73,0.08,8,Overlap,Thursday
2026-01-22 13:37:45,VantageMarkets Raw,EURUSD,1.17001,1.17002,1e-05,1,Overlap,Thursday
2026-01-22 13:37:46,VantageMarkets Raw,GBPUSD,1.34246,1.34247,1e-05,1,Overlap,Thursday
2026-01-22 13:37:47,VantageMarkets Raw,USDJPY,158.645,158.648,0.003,3,Overlap,Thursday
2026-01-22 13:37:48,VantageMarkets Raw,AUDUSD,0.68035,0.68038,3e-05,3,Overlap,Thursday
2026-01-22 13:37:51,FPMarkets Raw,XAUUSD,4827.71,4827.78,0.07,7,Overlap,Thursday
2026-01-22 13:37:52,FPMarkets Raw,EURUSD,1.16997,1.16999,2e-05,2,Overlap,Thursday
2026-01-22 13:37:53,FPMarkets Raw,GBPUSD,1.34236,1.3424,4e-05,4,Overlap,Thursday
2026-01-22 13:37:54,FPMarkets Raw,USDJPY,158.645,158.648,0.003,3,Overlap,Thursday
2026-01-22 13:37:55,FPMarkets Raw,AUDUSD,0.68035,0.68038,3e-05,3,Overlap,Thursday
2026-01-22 13:37:57,8Cap Raw,XAUUSD,4828.14,4828.3,0.16,16,Overlap,Thursday
2026-01-22 13:37:58,8Cap Raw,EURUSD,1.17,1.17,0.0,0,Overlap,Thursday
2026-01-22 13:37:58,8Cap Raw,GBPUSD,1.34244,1.34245,1e-05,1,Overlap,Thursday
2026-01-22 13:37:59,8Cap Raw,USDJPY,158.646,158.649,0.003,3,Overlap,Thursday
2026-01-22 13:38:00,8Cap Raw,AUDUSD,0.68034,0.68037,3e-05,3,Overlap,Thursday
2026-01-22 13:42:17,Pepperstone Razor,XAUUSD,4829.75,4829.95,0.2,20,Overlap,Thursday
2026-01-22 13:42:18,Pepperstone Razor,EURUSD,1.17014,1.17014,0.0,0,Overlap,Thursday
2026-01-22 13:42:19,Pepperstone Razor,GBPUSD,1.34184,1.34186,2e-05,2,Overlap,Thursday
2026-01-22 13:42:20,Pepperstone Razor,USDJPY,158.649,158.652,0.003,3,Overlap,Thursday
2026-01-22 13:42:21,Pepperstone Razor,AUDUSD,0.68019,0.68021,2e-05,2,Overlap,Thursday
2026-01-22 13:42:24,FusionMarkets Zero,XAUUSD,4829.76,4829.87,0.11,11,Overlap,Thursday
2026-01-22 13:42:25,FusionMarkets Zero,EURUSD,1.17014,1.17014,0.0,0,Overlap,Thursday
2026-01-22 13:42:26,FusionMarkets Zero,GBPUSD,1.3419,1.3419,0.0,0,Overlap,Thursday
2026-01-22 13:42:27,FusionMarkets Zero,USDJPY,158.649,158.651,0.002,2,Overlap,Thursday
2026-01-22 13:42:28,FusionMarkets Zero,AUDUSD,0.6802,0.6802,0.0,0,Overlap,Thursday
2026-01-22 13:42:32,ThinkMarkets ThinkZero,XAUUSD,4828.71,4828.79,0.08,8,Overlap,Thursday
2026-01-22 13:42:33,ThinkMarkets ThinkZero,EURUSD,1.17014,1.17016,2e-05,2,Overlap,Thursday
2026-01-22 13:42:34,ThinkMarkets ThinkZero,GBPUSD,1.34193,1.342,7e-05,7,Overlap,Thursday
2026-01-22 13:42:34,ThinkMarkets ThinkZero,USDJPY,158.648,158.653,0.005,5,Overlap,Thursday
2026-01-22 13:42:35,ThinkMarkets ThinkZero,AUDUSD,0.6802,0.68021,1e-05,1,Overlap,Thursday
2026-01-22 13:42:39,ICMarkets Raw,XAUUSD,4829.15,4829.26,0.11,11,Overlap,Thursday
2026-01-22 13:42:40,ICMarkets Raw,EURUSD,1.17012,1.17013,1e-05,1,Overlap,Thursday
2026-01-22 13:42:41,ICMarkets Raw,GBPUSD,1.34199,1.342,1e-05,1,Overlap,Thursday
2026-01-22 13:42:42,ICMarkets Raw,USDJPY,158.649,158.651,0.002,2,Overlap,Thursday
2026-01-22 13:42:43,ICMarkets Raw,AUDUSD,0.6802,0.6802,0.0,0,Overlap,Thursday
2026-01-22 13:42:46,VantageMarkets Raw,XAUUSD,4829.27,4829.35,0.08,8,Overlap,Thursday
2026-01-22 13:42:47,VantageMarkets Raw,EURUSD,1.17013,1.17015,2e-05,2,Overlap,Thursday
2026-01-22 13:42:47,VantageMarkets Raw,GBPUSD,1.34201,1.34202,1e-05,1,Overlap,Thursday
2026-01-22 13:42:48,VantageMarkets Raw,USDJPY,158.652,158.653,0.001,1,Overlap,Thursday
2026-01-22 13:42:49,VantageMarkets Raw,AUDUSD,0.68018,0.68021,3e-05,3,Overlap,Thursday
2026-01-22 13:42:53,FPMarkets Raw,XAUUSD,4829.68,4829.75,0.07,7,Overlap,Thursday
2026-01-22 13:42:53,FPMarkets Raw,EURUSD,1.17015,1.17017,2e-05,2,Overlap,Thursday
2026-01-22 13:42:54,FPMarkets Raw,GBPUSD,1.34205,1.34208,3e-05,3,Overlap,Thursday
2026-01-22 13:42:55,FPMarkets Raw,USDJPY,158.647,158.65,0.003,3,Overlap,Thursday
2026-01-22 13:42:56,FPMarkets Raw,AUDUSD,0.68019,0.68022,3e-05,3,Overlap,Thursday
2026-01-22 13:42:58,8Cap Raw,XAUUSD,4830.07,4830.23,0.16,16,Overlap,Thursday
2026-01-22 13:42:59,8Cap Raw,EURUSD,1.17015,1.17015,0.0,0,Overlap,Thursday
2026-01-22 13:43:00,8Cap Raw,GBPUSD,1.34208,1.34209,1e-05,1,Overlap,Thursday
2026-01-22 13:43:00,8Cap Raw,USDJPY,158.652,158.653,0.001,1,Overlap,Thursday
2026-01-22 13:43:01,8Cap Raw,AUDUSD,0.68018,0.68021,3e-05,3,Overlap,Thursday
2026-01-22 13:47:17,Pepperstone Razor,XAUUSD,4832.0,4832.16,0.16,16,Overlap,Thursday
2026-01-22 13:47:18,Pepperstone Razor,EURUSD,1.17021,1.17021,0.0,0,Overlap,Thursday
2026-01-22 13:47:19,Pepperstone Razor,GBPUSD,1.34297,1.343,3e-05,3,Overlap,Thursday
2026-01-22 13:47:19,Pepperstone Razor,USDJPY,158.598,158.605,0.007,7,Overlap,Thursday
2026-01-22 13:47:20,Pepperstone Razor,AUDUSD,0.68024,0.68025,1e-05,1,Overlap,Thursday
2026-01-22 13:47:24,FusionMarkets Zero,XAUUSD,4832.02,4832.11,0.09,9,Overlap,Thursday
2026-01-22 13:47:24,FusionMarkets Zero,EURUSD,1.17025,1.17025,0.0,0,Overlap,Thursday
2026-01-22 13:47:25,FusionMarkets Zero,GBPUSD,1.34297,1.34297,0.0,0,Overlap,Thursday
2026-01-22 13:47:26,FusionMarkets Zero,USDJPY,158.599,158.599,0.0,0,Overlap,Thursday
2026-01-22 13:47:27,FusionMarkets Zero,AUDUSD,0.68027,0.68027,0.0,0,Overlap,Thursday
2026-01-22 13:47:31,ThinkMarkets ThinkZero,XAUUSD,4831.7,4831.78,0.08,8,Overlap,Thursday
2026-01-22 13:47:32,ThinkMarkets ThinkZero,EURUSD,1.17023,1.17025,2e-05,2,Overlap,Thursday
2026-01-22 13:47:33,ThinkMarkets ThinkZero,GBPUSD,1.34293,1.34299,6e-05,6,Overlap,Thursday
2026-01-22 13:47:33,ThinkMarkets ThinkZero,USDJPY,158.595,158.598,0.003,3,Overlap,Thursday
2026-01-22 13:47:34,ThinkMarkets ThinkZero,AUDUSD,0.68025,0.68028,3e-05,3,Overlap,Thursday
2026-01-22 13:47:38,ICMarkets Raw,XAUUSD,4831.91,4831.96,0.05,5,Overlap,Thursday
2026-01-22 13:47:39,ICMarkets Raw,EURUSD,1.17034,1.17036,2e-05,2,Overlap,Thursday
2026-01-22 13:47:40,ICMarkets Raw,GBPUSD,1.34296,1.343,4e-05,4,Overlap,Thursday
2026-01-22 13:47:40,ICMarkets Raw,USDJPY,158.593,158.593,0.0,0,Overlap,Thursday
2026-01-22 13:47:41,ICMarkets Raw,AUDUSD,0.68025,0.68025,0.0,0,Overlap,Thursday
2026-01-22 13:47:45,VantageMarkets Raw,XAUUSD,4831.73,4831.81,0.08,8,Overlap,Thursday
2026-01-22 13:47:46,VantageMarkets Raw,EURUSD,1.17035,1.17037,2e-05,2,Overlap,Thursday
2026-01-22 13:47:46,VantageMarkets Raw,GBPUSD,1.34296,1.34297,1e-05,1,Overlap,Thursday
2026-01-22 13:47:47,VantageMarkets Raw,USDJPY,158.588,158.591,0.003,3,Overlap,Thursday
2026-01-22 13:47:48,VantageMarkets Raw,AUDUSD,0.68026,0.68028,2e-05,2,Overlap,Thursday
2026-01-22 13:47:52,FPMarkets Raw,XAUUSD,4831.74,4831.81,0.07,7,Overlap,Thursday
2026-01-22 13:47:53,FPMarkets Raw,EURUSD,1.17037,1.17038,1e-05,1,Overlap,Thursday
2026-01-22 13:47:54,FPMarkets Raw,GBPUSD,1.34292,1.34296,4e-05,4,Overlap,Thursday
2026-01-22 13:47:55,FPMarkets Raw,USDJPY,158.587,158.59,0.003,3,Overlap,Thursday
2026-01-22 13:47:56,FPMarkets Raw,AUDUSD,0.68025,0.68028,3e-05,3,Overlap,Thursday
2026-01-22 13:47:58,8Cap Raw,XAUUSD,4831.79,4831.95,0.16,16,Overlap,Thursday
2026-01-22 13:47:58,8Cap Raw,EURUSD,1.17035,1.17036,1e-05,1,Overlap,Thursday
2026-01-22 13:47:59,8Cap Raw,GBPUSD,1.34295,1.34296,1e-05,1,Overlap,Thursday
2026-01-22 13:48:00,8Cap Raw,USDJPY,158.587,158.588,0.001,1,Overlap,Thursday
2026-01-22 13:48:00,8Cap Raw,AUDUSD,0.68027,0.6803,3e-05,3,Overlap,Thursday
2026-01-22 13:52:17,Pepperstone Razor,XAUUSD,4833.66,4833.82,0.16,16,Overlap,Thursday
2026-01-22 13:52:18,Pepperstone Razor,EURUSD,1.17022,1.17022,0.0,0,Overlap,Thursday
2026-01-22 13:52:19,Pepperstone Razor,GBPUSD,1.34285,1.34288,3e-05,3,Overlap,Thursday
2026-01-22 13:52:20,Pepperstone Razor,USDJPY,158.582,158.584,0.002,2,Overlap,Thursday
2026-01-22 13:52:21,Pepperstone Razor,AUDUSD,0.68033,0.68034,1e-05,1,Overlap,Thursday
2026-01-22 13:52:25,FusionMarkets Zero,XAUUSD,4834.14,4834.19,0.05,5,Overlap,Thursday
2026-01-22 13:52:25,FusionMarkets Zero,EURUSD,1.17022,1.17022,0.0,0,Overlap,Thursday
2026-01-22 13:52:26,FusionMarkets Zero,GBPUSD,1.34289,1.34289,0.0,0,Overlap,Thursday
2026-01-22 13:52:27,FusionMarkets Zero,USDJPY,158.583,158.585,0.002,2,Overlap,Thursday
2026-01-22 13:52:28,FusionMarkets Zero,AUDUSD,0.68035,0.68035,0.0,0,Overlap,Thursday
2026-01-22 13:52:32,ThinkMarkets ThinkZero,XAUUSD,4833.66,4833.74,0.08,8,Overlap,Thursday
2026-01-22 13:52:33,ThinkMarkets ThinkZero,EURUSD,1.17023,1.17025,2e-05,2,Overlap,Thursday
2026-01-22 13:52:33,ThinkMarkets ThinkZero,GBPUSD,1.34292,1.34296,4e-05,4,Overlap,Thursday
2026-01-22 13:52:34,ThinkMarkets ThinkZero,USDJPY,158.577,158.581,0.004,4,Overlap,Thursday
2026-01-22 13:52:35,ThinkMarkets ThinkZero,AUDUSD,0.68033,0.68036,3e-05,3,Overlap,Thursday
2026-01-22 13:52:39,ICMarkets Raw,XAUUSD,4834.56,4834.63,0.07,7,Overlap,Thursday
2026-01-22 13:52:40,ICMarkets Raw,EURUSD,1.17027,1.17028,1e-05,1,Overlap,Thursday
2026-01-22 13:52:40,ICMarkets Raw,GBPUSD,1.34293,1.34294,1e-05,1,Overlap,Thursday
2026-01-22 13:52:41,ICMarkets Raw,USDJPY,158.575,158.576,0.001,1,Overlap,Thursday
2026-01-22 13:52:42,ICMarkets Raw,AUDUSD,0.68033,0.68033,0.0,0,Overlap,Thursday
2026-01-22 13:52:45,VantageMarkets Raw,XAUUSD,4834.35,4834.43,0.08,8,Overlap,Thursday
2026-01-22 13:52:46,VantageMarkets Raw,EURUSD,1.17027,1.17029,2e-05,2,Overlap,Thursday
2026-01-22 13:52:47,VantageMarkets Raw,GBPUSD,1.34294,1.34295,1e-05,1,Overlap,Thursday
2026-01-22 13:52:48,VantageMarkets Raw,USDJPY,158.577,158.578,0.001,1,Overlap,Thursday
2026-01-22 13:52:49,VantageMarkets Raw,AUDUSD,0.68033,0.68036,3e-05,3,Overlap,Thursday
2026-01-22 13:52:52,FPMarkets Raw,XAUUSD,4833.92,4833.99,0.07,7,Overlap,Thursday
2026-01-22 13:52:53,FPMarkets Raw,EURUSD,1.17022,1.17024,2e-05,2,Overlap,Thursday
2026-01-22 13:52:54,FPMarkets Raw,GBPUSD,1.34285,1.34288,3e-05,3,Overlap,Thursday
2026-01-22 13:52:55,FPMarkets Raw,USDJPY,158.576,158.579,0.003,3,Overlap,Thursday
2026-01-22 13:52:56,FPMarkets Raw,AUDUSD,0.68029,0.68031,2e-05,2,Overlap,Thursday
2026-01-22 13:52:58,8Cap Raw,XAUUSD,4833.75,4833.91,0.16,16,Overlap,Thursday
2026-01-22 13:52:58,8Cap Raw,EURUSD,1.17022,1.17023,1e-05,1,Overlap,Thursday
2026-01-22 13:52:59,8Cap Raw,GBPUSD,1.34282,1.34283,1e-05,1,Overlap,Thursday
2026-01-22 13:53:00,8Cap Raw,USDJPY,158.576,158.577,0.001,1,Overlap,Thursday
2026-01-22 13:53:01,8Cap Raw,AUDUSD,0.68029,0.68031,2e-05,2,Overlap,Thursday
2026-01-22 13:57:17,Pepperstone Razor,XAUUSD,4835.79,4835.94,0.15,15,Overlap,Thursday
2026-01-22 13:57:18,Pepperstone Razor,EURUSD,1.1702,1.1702,0.0,0,Overlap,Thursday
2026-01-22 13:57:19,Pepperstone Razor,GBPUSD,1.34235,1.34238,3e-05,3,Overlap,Thursday
2026-01-22 13:57:20,Pepperstone Razor,USDJPY,158.575,158.576,0.001,1,Overlap,Thursday
2026-01-22 13:57:21,Pepperstone Razor,AUDUSD,0.68023,0.68024,1e-05,1,Overlap,Thursday
2026-01-22 13:57:24,FusionMarkets Zero,XAUUSD,4835.74,4835.8,0.06,6,Overlap,Thursday
2026-01-22 13:57:25,FusionMarkets Zero,EURUSD,1.17019,1.17019,0.0,0,Overlap,Thursday
2026-01-22 13:57:26,FusionMarkets Zero,GBPUSD,1.34235,1.34235,0.0,0,Overlap,Thursday
2026-01-22 13:57:27,FusionMarkets Zero,USDJPY,158.581,158.581,0.0,0,Overlap,Thursday
2026-01-22 13:57:28,FusionMarkets Zero,AUDUSD,0.68022,0.68022,0.0,0,Overlap,Thursday
2026-01-22 13:57:31,ThinkMarkets ThinkZero,XAUUSD,4835.61,4835.69,0.08,8,Overlap,Thursday
2026-01-22 13:57:32,ThinkMarkets ThinkZero,EURUSD,1.17018,1.17021,3e-05,3,Overlap,Thursday
2026-01-22 13:57:33,ThinkMarkets ThinkZero,GBPUSD,1.34233,1.3424,7e-05,7,Overlap,Thursday
2026-01-22 13:57:34,ThinkMarkets ThinkZero,USDJPY,158.586,158.589,0.003,3,Overlap,Thursday
2026-01-22 13:57:35,ThinkMarkets ThinkZero,AUDUSD,0.68022,0.68023,1e-05,1,Overlap,Thursday
2026-01-22 13:57:38,ICMarkets Raw,XAUUSD,4835.58,4835.69,0.11,11,Overlap,Thursday
2026-01-22 13:57:39,ICMarkets Raw,EURUSD,1.17022,1.17022,0.0,0,Overlap,Thursday
2026-01-22 13:57:40,ICMarkets Raw,GBPUSD,1.34231,1.34232,1e-05,1,Overlap,Thursday
2026-01-22 13:57:41,ICMarkets Raw,USDJPY,158.58,158.581,0.001,1,Overlap,Thursday
2026-01-22 13:57:42,ICMarkets Raw,AUDUSD,0.68017,0.68017,0.0,0,Overlap,Thursday
2026-01-22 13:57:45,VantageMarkets Raw,XAUUSD,4836.03,4836.11,0.08,8,Overlap,Thursday
2026-01-22 13:57:46,VantageMarkets Raw,EURUSD,1.17025,1.17027,2e-05,2,Overlap,Thursday
2026-01-22 13:57:47,VantageMarkets Raw,GBPUSD,1.34227,1.34228,1e-05,1,Overlap,Thursday
2026-01-22 13:57:48,VantageMarkets Raw,USDJPY,158.58,158.588,0.008,8,Overlap,Thursday
2026-01-22 13:57:49,VantageMarkets Raw,AUDUSD,0.68019,0.68022,3e-05,3,Overlap,Thursday
2026-01-22 13:57:52,FPMarkets Raw,XAUUSD,4835.55,4835.62,0.07,7,Overlap,Thursday
2026-01-22 13:57:53,FPMarkets Raw,EURUSD,1.17027,1.17027,0.0,0,Overlap,Thursday
2026-01-22 13:57:54,FPMarkets Raw,GBPUSD,1.34235,1.34238,3e-05,3,Overlap,Thursday
2026-01-22 13:57:55,FPMarkets Raw,USDJPY,158.577,158.58,0.003,3,Overlap,Thursday
2026-01-22 13:57:56,FPMarkets Raw,AUDUSD,0.68021,0.68025,4e-05,4,Overlap,Thursday
2026-01-22 13:57:57,8Cap Raw,XAUUSD,4835.77,4835.93,0.16,16,Overlap,Thursday
2026-01-22 13:57:58,8Cap Raw,EURUSD,1.17025,1.17027,2e-05,2,Overlap,Thursday
2026-01-22 13:57:59,8Cap Raw,GBPUSD,1.34218,1.34222,4e-05,4,Overlap,Thursday
2026-01-22 13:58:00,8Cap Raw,USDJPY,158.582,158.586,0.004,4,Overlap,Thursday
2026-01-22 13:58:00,8Cap Raw,AUDUSD,0.68019,0.68023,4e-05,4,Overlap,Thursday
2026-01-22 14:02:16,Pepperstone Razor,XAUUSD,4825.8,4826.0,0.2,20,Overlap,Thursday
2026-01-22 14:02:17,Pepperstone Razor,EURUSD,1.1702,1.1702,0.0,0,Overlap,Thursday
2026-01-22 14:02:18,Pepperstone Razor,GBPUSD,1.34192,1.34195,3e-05,3,Overlap,Thursday
2026-01-22 14:02:19,Pepperstone Razor,USDJPY,158.571,158.578,0.007,7,Overlap,Thursday
2026-01-22 14:02:20,Pepperstone Razor,AUDUSD,0.6804,0.68042,2e-05,2,Overlap,Thursday
2026-01-22 14:02:23,FusionMarkets Zero,XAUUSD,4825.01,4825.1,0.09,9,Overlap,Thursday
2026-01-22 14:02:24,FusionMarkets Zero,EURUSD,1.17017,1.17017,0.0,0,Overlap,Thursday
2026-01-22 14:02:25,FusionMarkets Zero,GBPUSD,1.34202,1.34202,0.0,0,Overlap,Thursday
2026-01-22 14:02:26,FusionMarkets Zero,USDJPY,158.574,158.574,0.0,0,Overlap,Thursday
2026-01-22 14:02:27,FusionMarkets Zero,AUDUSD,0.6804,0.6804,0.0,0,Overlap,Thursday
2026-01-22 14:02:29,ThinkMarkets ThinkZero,XAUUSD,4825.51,4825.59,0.08,8,Overlap,Thursday
2026-01-22 14:02:30,ThinkMarkets ThinkZero,EURUSD,1.17015,1.17018,3e-05,3,Overlap,Thursday
2026-01-22 14:02:31,ThinkMarkets ThinkZero,GBPUSD,1.34193,1.342,7e-05,7,Overlap,Thursday
2026-01-22 14:02:32,ThinkMarkets ThinkZero,USDJPY,158.563,158.566,0.003,3,Overlap,Thursday
2026-01-22 14:02:33,ThinkMarkets ThinkZero,AUDUSD,0.68038,0.68041,3e-05,3,Overlap,Thursday
2026-01-22 14:02:36,ICMarkets Raw,XAUUSD,4825.2,4825.29,0.09,9,Overlap,Thursday
2026-01-22 14:02:37,ICMarkets Raw,EURUSD,1.17018,1.17018,0.0,0,Overlap,Thursday
2026-01-22 14:02:38,ICMarkets Raw,GBPUSD,1.34193,1.34195,2e-05,2,Overlap,Thursday
2026-01-22 14:02:39,ICMarkets Raw,USDJPY,158.566,158.567,0.001,1,Overlap,Thursday
2026-01-22 14:02:40,ICMarkets Raw,AUDUSD,0.68041,0.68041,0.0,0,Overlap,Thursday
2026-01-22 14:02:42,VantageMarkets Raw,XAUUSD,4825.42,4825.5,0.08,8,Overlap,Thursday
2026-01-22 14:02:43,VantageMarkets Raw,EURUSD,1.17022,1.17024,2e-05,2,Overlap,Thursday
2026-01-22 14:02:44,VantageMarkets Raw,GBPUSD,1.34203,1.34204,1e-05,1,Overlap,Thursday
2026-01-22 14:02:45,VantageMarkets Raw,USDJPY,158.566,158.568,0.002,2,Overlap,Thursday
2026-01-22 14:02:46,VantageMarkets Raw,AUDUSD,0.68043,0.68046,3e-05,3,Overlap,Thursday
2026-01-22 14:02:49,FPMarkets Raw,XAUUSD,4825.56,4825.63,0.07,7,Overlap,Thursday
2026-01-22 14:02:50,FPMarkets Raw,EURUSD,1.17015,1.17017,2e-05,2,Overlap,Thursday
2026-01-22 14:02:51,FPMarkets Raw,GBPUSD,1.34201,1.34204,3e-05,3,Overlap,Thursday
2026-01-22 14:02:52,FPMarkets Raw,USDJPY,158.568,158.571,0.003,3,Overlap,Thursday
2026-01-22 14:02:53,FPMarkets Raw,AUDUSD,0.68042,0.68046,4e-05,4,Overlap,Thursday
2026-01-22 14:02:55,8Cap Raw,XAUUSD,4825.19,4825.35,0.16,16,Overlap,Thursday
2026-01-22 14:02:55,8Cap Raw,EURUSD,1.17016,1.17017,1e-05,1,Overlap,Thursday
2026-01-22 14:02:56,8Cap Raw,GBPUSD,1.34195,1.34196,1e-05,1,Overlap,Thursday
2026-01-22 14:02:57,8Cap Raw,USDJPY,158.566,158.567,0.001,1,Overlap,Thursday
2026-01-22 14:02:57,8Cap Raw,AUDUSD,0.68041,0.68045,4e-05,4,Overlap,Thursday
2026-01-22 14:07:16,Pepperstone Razor,XAUUSD,4826.54,4826.72,0.18,18,Overlap,Thursday
2026-01-22 14:07:17,Pepperstone Razor,EURUSD,1.17034,1.17034,0.0,0,Overlap,Thursday
2026-01-22 14:07:18,Pepperstone Razor,GBPUSD,1.34246,1.34247,1e-05,1,Overlap,Thursday
2026-01-22 14:07:18,Pepperstone Razor,USDJPY,158.565,158.567,0.002,2,Overlap,Thursday
2026-01-22 14:07:19,Pepperstone Razor,AUDUSD,0.68029,0.68029,0.0,0,Overlap,Thursday
2026-01-22 14:07:22,FusionMarkets Zero,XAUUSD,4826.56,4826.65,0.09,9,Overlap,Thursday
2026-01-22 14:07:23,FusionMarkets Zero,EURUSD,1.17032,1.17032,0.0,0,Overlap,Thursday
2026-01-22 14:07:24,FusionMarkets Zero,GBPUSD,1.3424,1.3424,0.0,0,Overlap,Thursday
2026-01-22 14:07:25,FusionMarkets Zero,USDJPY,158.565,158.565,0.0,0,Overlap,Thursday
2026-01-22 14:07:26,FusionMarkets Zero,AUDUSD,0.68032,0.68032,0.0,0,Overlap,Thursday
2026-01-22 14:07:29,ThinkMarkets ThinkZero,XAUUSD,4825.97,4826.05,0.08,8,Overlap,Thursday
2026-01-22 14:07:30,ThinkMarkets ThinkZero,EURUSD,1.17032,1.17034,2e-05,2,Overlap,Thursday
2026-01-22 14:07:31,ThinkMarkets ThinkZero,GBPUSD,1.3424,1.34247,7e-05,7,Overlap,Thursday
2026-01-22 14:07:31,ThinkMarkets ThinkZero,USDJPY,158.563,158.568,0.005,5,Overlap,Thursday
2026-01-22 14:07:32,ThinkMarkets ThinkZero,AUDUSD,0.68029,0.68032,3e-05,3,Overlap,Thursday
2026-01-22 14:07:36,ICMarkets Raw,XAUUSD,4826.4,4826.49,0.09,9,Overlap,Thursday
2026-01-22 14:07:36,ICMarkets Raw,EURUSD,1.17035,1.17035,0.0,0,Overlap,Thursday
2026-01-22 14:07:37,ICMarkets Raw,GBPUSD,1.34244,1.34245,1e-05,1,Overlap,Thursday
2026-01-22 14:07:38,ICMarkets Raw,USDJPY,158.565,158.565,0.0,0,Overlap,Thursday
2026-01-22 14:07:39,ICMarkets Raw,AUDUSD,0.68029,0.68029,0.0,0,Overlap,Thursday
2026-01-22 14:07:42,VantageMarkets Raw,XAUUSD,4826.04,4826.12,0.08,8,Overlap,Thursday
2026-01-22 14:07:43,VantageMarkets Raw,EURUSD,1.1703,1.17032,2e-05,2,Overlap,Thursday
2026-01-22 14:07:43,VantageMarkets Raw,GBPUSD,1.34235,1.34236,1e-05,1,Overlap,Thursday
2026-01-22 14:07:44,VantageMarkets Raw,USDJPY,158.565,158.567,0.002,2,Overlap,Thursday
2026-01-22 14:07:45,VantageMarkets Raw,AUDUSD,0.68029,0.68032,3e-05,3,Overlap,Thursday
2026-01-22 14:07:48,FPMarkets Raw,XAUUSD,4826.03,4826.1,0.07,7,Overlap,Thursday
2026-01-22 14:07:49,FPMarkets Raw,EURUSD,1.17038,1.17039,1e-05,1,Overlap,Thursday
2026-01-22 14:07:50,FPMarkets Raw,GBPUSD,1.34252,1.34255,3e-05,3,Overlap,Thursday
2026-01-22 14:07:51,FPMarkets Raw,USDJPY,158.563,158.566,0.003,3,Overlap,Thursday
2026-01-22 14:07:52,FPMarkets Raw,AUDUSD,0.68035,0.68038,3e-05,3,Overlap,Thursday
2026-01-22 14:07:54,8Cap Raw,XAUUSD,4825.94,4826.1,0.16,16,Overlap,Thursday
2026-01-22 14:07:54,8Cap Raw,EURUSD,1.17034,1.17034,0.0,0,Overlap,Thursday
2026-01-22 14:07:55,8Cap Raw,GBPUSD,1.34249,1.3425,1e-05,1,Overlap,Thursday
2026-01-22 14:07:56,8Cap Raw,USDJPY,158.569,158.57,0.001,1,Overlap,Thursday
2026-01-22 14:07:56,8Cap Raw,AUDUSD,0.68034,0.68037,3e-05,3,Overlap,Thursday
2026-01-22 14:12:16,Pepperstone Razor,XAUUSD,4827.56,4827.8,0.24,24,Overlap,Thursday
2026-01-22 14:12:17,Pepperstone Razor,EURUSD,1.17044,1.17044,0.0,0,Overlap,Thursday
2026-01-22 14:12:18,Pepperstone Razor,GBPUSD,1.34317,1.34318,1e-05,1,Overlap,Thursday
2026-01-22 14:12:19,Pepperstone Razor,USDJPY,158.562,158.565,0.003,3,Overlap,Thursday
2026-01-22 14:12:20,Pepperstone Razor,AUDUSD,0.68049,0.6805,1e-05,1,Overlap,Thursday
2026-01-22 14:12:23,FusionMarkets Zero,XAUUSD,4827.24,4827.3,0.06,6,Overlap,Thursday
2026-01-22 14:12:24,FusionMarkets Zero,EURUSD,1.17043,1.17043,0.0,0,Overlap,Thursday
2026-01-22 14:12:25,FusionMarkets Zero,GBPUSD,1.34314,1.34314,0.0,0,Overlap,Thursday
2026-01-22 14:12:25,FusionMarkets Zero,USDJPY,158.566,158.566,0.0,0,Overlap,Thursday
2026-01-22 14:12:26,FusionMarkets Zero,AUDUSD,0.68042,0.68042,0.0,0,Overlap,Thursday
2026-01-22 14:12:29,ThinkMarkets ThinkZero,XAUUSD,4825.8,4825.88,0.08,8,Overlap,Thursday
2026-01-22 14:12:30,ThinkMarkets ThinkZero,EURUSD,1.17038,1.17039,1e-05,1,Overlap,Thursday
2026-01-22 14:12:31,ThinkMarkets ThinkZero,GBPUSD,1.34309,1.34314,5e-05,5,Overlap,Thursday
2026-01-22 14:12:32,ThinkMarkets ThinkZero,USDJPY,158.563,158.568,0.005,5,Overlap,Thursday
2026-01-22 14:12:33,ThinkMarkets ThinkZero,AUDUSD,0.68039,0.68041,2e-05,2,Overlap,Thursday
2026-01-22 14:12:36,ICMarkets Raw,XAUUSD,4825.27,4825.37,0.1,10,Overlap,Thursday
2026-01-22 14:12:37,ICMarkets Raw,EURUSD,1.1704,1.1704,0.0,0,Overlap,Thursday
2026-01-22 14:12:38,ICMarkets Raw,GBPUSD,1.34307,1.34308,1e-05,1,Overlap,Thursday
2026-01-22 14:12:38,ICMarkets Raw,USDJPY,158.568,158.568,0.0,0,Overlap,Thursday
2026-01-22 14:12:39,ICMarkets Raw,AUDUSD,0.68039,0.68039,0.0,0,Overlap,Thursday
2026-01-22 14:12:42,VantageMarkets Raw,XAUUSD,4825.57,4825.65,0.08,8,Overlap,Thursday
2026-01-22 14:12:43,VantageMarkets Raw,EURUSD,1.17039,1.17041,2e-05,2,Overlap,Thursday
2026-01-22 14:12:44,VantageMarkets Raw,GBPUSD,1.34306,1.34307,1e-05,1,Overlap,Thursday
2026-01-22 14:12:44,VantageMarkets Raw,USDJPY,158.567,158.568,0.001,1,Overlap,Thursday
2026-01-22 14:12:45,VantageMarkets Raw,AUDUSD,0.68039,0.68042,3e-05,3,Overlap,Thursday
2026-01-22 14:12:48,FPMarkets Raw,XAUUSD,4825.23,4825.3,0.07,7,Overlap,Thursday
2026-01-22 14:12:49,FPMarkets Raw,EURUSD,1.17043,1.17044,1e-05,1,Overlap,Thursday
2026-01-22 14:12:50,FPMarkets Raw,GBPUSD,1.34306,1.34309,3e-05,3,Overlap,Thursday
2026-01-22 14:12:51,FPMarkets Raw,USDJPY,158.56,158.563,0.003,3,Overlap,Thursday
2026-01-22 14:12:52,FPMarkets Raw,AUDUSD,0.6804,0.68043,3e-05,3,Overlap,Thursday
2026-01-22 14:12:54,8Cap Raw,XAUUSD,4824.78,4824.94,0.16,16,Overlap,Thursday
2026-01-22 14:12:54,8Cap Raw,EURUSD,1.17044,1.17044,0.0,0,Overlap,Thursday
2026-01-22 14:12:55,8Cap Raw,GBPUSD,1.34315,1.34316,1e-05,1,Overlap,Thursday
2026-01-22 14:12:56,8Cap Raw,USDJPY,158.562,158.563,0.001,1,Overlap,Thursday
2026-01-22 14:12:56,8Cap Raw,AUDUSD,0.68042,0.68046,4e-05,4,Overlap,Thursday
2026-01-22 14:17:16,Pepperstone Razor,XAUUSD,4825.9,4826.08,0.18,18,Overlap,Thursday
2026-01-22 14:17:17,Pepperstone Razor,EURUSD,1.17043,1.17043,0.0,0,Overlap,Thursday
2026-01-22 14:17:18,Pepperstone Razor,GBPUSD,1.34282,1.34283,1e-05,1,Overlap,Thursday
2026-01-22 14:17:19,Pepperstone Razor,USDJPY,158.576,158.578,0.002,2,Overlap,Thursday
2026-01-22 14:17:20,Pepperstone Razor,AUDUSD,0.68061,0.68061,0.0,0,Overlap,Thursday
2026-01-22 14:17:23,FusionMarkets Zero,XAUUSD,4826.33,4826.41,0.08,8,Overlap,Thursday
2026-01-22 14:17:24,FusionMarkets Zero,EURUSD,1.17042,1.17042,0.0,0,Overlap,Thursday
2026-01-22 14:17:25,FusionMarkets Zero,GBPUSD,1.34283,1.34283,0.0,0,Overlap,Thursday
2026-01-22 14:17:26,FusionMarkets Zero,USDJPY,158.579,158.579,0.0,0,Overlap,Thursday
2026-01-22 14:17:26,FusionMarkets Zero,AUDUSD,0.68064,0.68064,0.0,0,Overlap,Thursday
2026-01-22 14:17:29,ThinkMarkets ThinkZero,XAUUSD,4826.58,4826.66,0.08,8,Overlap,Thursday
2026-01-22 14:17:30,ThinkMarkets ThinkZero,EURUSD,1.1704,1.17042,2e-05,2,Overlap,Thursday
2026-01-22 14:17:31,ThinkMarkets ThinkZero,GBPUSD,1.3428,1.34284,4e-05,4,Overlap,Thursday
2026-01-22 14:17:32,ThinkMarkets ThinkZero,USDJPY,158.588,158.593,0.005,5,Overlap,Thursday
2026-01-22 14:17:33,ThinkMarkets ThinkZero,AUDUSD,0.68062,0.68065,3e-05,3,Overlap,Thursday
2026-01-22 14:17:36,ICMarkets Raw,XAUUSD,4826.57,4826.64,0.07,7,Overlap,Thursday
2026-01-22 14:17:37,ICMarkets Raw,EURUSD,1.17045,1.17046,1e-05,1,Overlap,Thursday
2026-01-22 14:17:38,ICMarkets Raw,GBPUSD,1.34283,1.34284,1e-05,1,Overlap,Thursday
2026-01-22 14:17:38,ICMarkets Raw,USDJPY,158.594,158.595,0.001,1,Overlap,Thursday
2026-01-22 14:17:39,ICMarkets Raw,AUDUSD,0.68065,0.68065,0.0,0,Overlap,Thursday
2026-01-22 14:17:42,VantageMarkets Raw,XAUUSD,4825.88,4825.96,0.08,8,Overlap,Thursday
2026-01-22 14:17:43,VantageMarkets Raw,EURUSD,1.17045,1.17046,1e-05,1,Overlap,Thursday
2026-01-22 14:17:44,VantageMarkets Raw,GBPUSD,1.34279,1.3428,1e-05,1,Overlap,Thursday
2026-01-22 14:17:44,VantageMarkets Raw,USDJPY,158.589,158.591,0.002,2,Overlap,Thursday
2026-01-22 14:17:45,VantageMarkets Raw,AUDUSD,0.6806,0.68063,3e-05,3,Overlap,Thursday
2026-01-22 14:17:48,FPMarkets Raw,XAUUSD,4825.61,4825.68,0.07,7,Overlap,Thursday
2026-01-22 14:17:49,FPMarkets Raw,EURUSD,1.17044,1.17045,1e-05,1,Overlap,Thursday
2026-01-22 14:17:50,FPMarkets Raw,GBPUSD,1.3427,1.34274,4e-05,4,Overlap,Thursday
2026-01-22 14:17:51,FPMarkets Raw,USDJPY,158.586,158.59,0.004,4,Overlap,Thursday
2026-01-22 14:17:52,FPMarkets Raw,AUDUSD,0.68058,0.68061,3e-05,3,Overlap,Thursday
2026-01-22 14:17:54,8Cap Raw,XAUUSD,4825.74,4825.9,0.16,16,Overlap,Thursday
2026-01-22 14:17:55,8Cap Raw,EURUSD,1.17046,1.17046,0.0,0,Overlap,Thursday
2026-01-22 14:17:56,8Cap Raw,GBPUSD,1.34272,1.34273,1e-05,1,Overlap,Thursday
2026-01-22 14:17:56,8Cap Raw,USDJPY,158.591,158.592,0.001,1,Overlap,Thursday
2026-01-22 14:17:57,8Cap Raw,AUDUSD,0.68058,0.68061,3e-05,3,Overlap,Thursday
2026-01-22 14:22:16,Pepperstone Razor,XAUUSD,4827.94,4828.1,0.16,16,Overlap,Thursday
2026-01-22 14:22:17,Pepperstone Razor,EURUSD,1.17081,1.17081,0.0,0,Overlap,Thursday
2026-01-22 14:22:18,Pepperstone Razor,GBPUSD,1.34306,1.34308,2e-05,2,Overlap,Thursday
2026-01-22 14:22:19,Pepperstone Razor,USDJPY,158.574,158.577,0.003,3,Overlap,Thursday
2026-01-22 14:22:20,Pepperstone Razor,AUDUSD,0.68066,0.68067,1e-05,1,Overlap,Thursday
2026-01-22 14:22:23,FusionMarkets Zero,XAUUSD,4828.1,4828.34,0.24,24,Overlap,Thursday
2026-01-22 14:22:24,FusionMarkets Zero,EURUSD,1.17085,1.17085,0.0,0,Overlap,Thursday
2026-01-22 14:22:24,FusionMarkets Zero,GBPUSD,1.34313,1.34313,0.0,0,Overlap,Thursday
2026-01-22 14:22:25,FusionMarkets Zero,USDJPY,158.576,158.576,0.0,0,Overlap,Thursday
2026-01-22 14:22:26,FusionMarkets Zero,AUDUSD,0.68065,0.68065,0.0,0,Overlap,Thursday
2026-01-22 14:22:29,ThinkMarkets ThinkZero,XAUUSD,4827.92,4828.0,0.08,8,Overlap,Thursday
2026-01-22 14:22:30,ThinkMarkets ThinkZero,EURUSD,1.17087,1.17089,2e-05,2,Overlap,Thursday
2026-01-22 14:22:31,ThinkMarkets ThinkZero,GBPUSD,1.34311,1.34317,6e-05,6,Overlap,Thursday
2026-01-22 14:22:32,ThinkMarkets ThinkZero,USDJPY,158.574,158.58,0.006,6,Overlap,Thursday
2026-01-22 14:22:33,ThinkMarkets ThinkZero,AUDUSD,0.68064,0.68066,2e-05,2,Overlap,Thursday
2026-01-22 14:22:36,ICMarkets Raw,XAUUSD,4828.49,4828.56,0.07,7,Overlap,Thursday
2026-01-22 14:22:37,ICMarkets Raw,EURUSD,1.17087,1.17087,0.0,0,Overlap,Thursday
2026-01-22 14:22:38,ICMarkets Raw,GBPUSD,1.34314,1.34315,1e-05,1,Overlap,Thursday
2026-01-22 14:22:38,ICMarkets Raw,USDJPY,158.576,158.577,0.001,1,Overlap,Thursday
2026-01-22 14:22:39,ICMarkets Raw,AUDUSD,0.68065,0.68065,0.0,0,Overlap,Thursday
2026-01-22 14:22:42,VantageMarkets Raw,XAUUSD,4828.44,4828.52,0.08,8,Overlap,Thursday
2026-01-22 14:22:43,VantageMarkets Raw,EURUSD,1.17084,1.17086,2e-05,2,Overlap,Thursday
2026-01-22 14:22:44,VantageMarkets Raw,GBPUSD,1.34308,1.3431,2e-05,2,Overlap,Thursday
2026-01-22 14:22:45,VantageMarkets Raw,USDJPY,158.576,158.577,0.001,1,Overlap,Thursday
2026-01-22 14:22:46,VantageMarkets Raw,AUDUSD,0.68065,0.68067,2e-05,2,Overlap,Thursday
2026-01-22 14:22:48,FPMarkets Raw,XAUUSD,4828.63,4828.7,0.07,7,Overlap,Thursday
2026-01-22 14:22:49,FPMarkets Raw,EURUSD,1.17086,1.17087,1e-05,1,Overlap,Thursday
2026-01-22 14:22:50,FPMarkets Raw,GBPUSD,1.34307,1.3431,3e-05,3,Overlap,Thursday
2026-01-22 14:22:51,FPMarkets Raw,USDJPY,158.577,158.58,0.003,3,Overlap,Thursday
2026-01-22 14:22:52,FPMarkets Raw,AUDUSD,0.68064,0.68068,4e-05,4,Overlap,Thursday
2026-01-22 14:22:54,8Cap Raw,XAUUSD,4828.68,4828.84,0.16,16,Overlap,Thursday
2026-01-22 14:22:55,8Cap Raw,EURUSD,1.17085,1.17085,0.0,0,Overlap,Thursday
2026-01-22 14:22:55,8Cap Raw,GBPUSD,1.34308,1.3431,2e-05,2,Overlap,Thursday
2026-01-22 14:22:56,8Cap Raw,USDJPY,158.577,158.578,0.001,1,Overlap,Thursday
2026-01-22 14:22:57,8Cap Raw,AUDUSD,0.68064,0.68067,3e-05,3,Overlap,Thursday
2026-01-22 14:27:17,Pepperstone Razor,XAUUSD,4831.92,4832.08,0.16,16,Overlap,Thursday
2026-01-22 14:27:17,Pepperstone Razor,EURUSD,1.17088,1.17088,0.0,0,Overlap,Thursday
2026-01-22 14:27:18,Pepperstone Razor,GBPUSD,1.34286,1.34286,0.0,0,Overlap,Thursday
2026-01-22 14:27:19,Pepperstone Razor,USDJPY,158.614,158.615,0.001,1,Overlap,Thursday
2026-01-22 14:27:20,Pepperstone Razor,AUDUSD,0.68066,0.68066,0.0,0,Overlap,Thursday
2026-01-22 14:27:23,FusionMarkets Zero,XAUUSD,4832.08,4832.13,0.05,5,Overlap,Thursday
2026-01-22 14:27:24,FusionMarkets Zero,EURUSD,1.17087,1.17087,0.0,0,Overlap,Thursday
2026-01-22 14:27:25,FusionMarkets Zero,GBPUSD,1.34283,1.34283,0.0,0,Overlap,Thursday
2026-01-22 14:27:26,FusionMarkets Zero,USDJPY,158.615,158.615,0.0,0,Overlap,Thursday
2026-01-22 14:27:27,FusionMarkets Zero,AUDUSD,0.68062,0.68062,0.0,0,Overlap,Thursday
2026-01-22 14:27:30,ThinkMarkets ThinkZero,XAUUSD,4832.53,4832.61,0.08,8,Overlap,Thursday
2026-01-22 14:27:31,ThinkMarkets ThinkZero,EURUSD,1.17085,1.17086,1e-05,1,Overlap,Thursday
2026-01-22 14:27:32,ThinkMarkets ThinkZero,GBPUSD,1.34281,1.34286,5e-05,5,Overlap,Thursday
2026-01-22 14:27:33,ThinkMarkets ThinkZero,USDJPY,158.61,158.616,0.006,6,Overlap,Thursday
2026-01-22 14:27:34,ThinkMarkets ThinkZero,AUDUSD,0.68063,0.68065,2e-05,2,Overlap,Thursday
2026-01-22 14:27:36,ICMarkets Raw,XAUUSD,4832.24,4832.29,0.05,5,Overlap,Thursday
2026-01-22 14:27:37,ICMarkets Raw,EURUSD,1.17085,1.17085,0.0,0,Overlap,Thursday
2026-01-22 14:27:38,ICMarkets Raw,GBPUSD,1.34282,1.34283,1e-05,1,Overlap,Thursday
2026-01-22 14:27:39,ICMarkets Raw,USDJPY,158.615,158.615,0.0,0,Overlap,Thursday
2026-01-22 14:27:40,ICMarkets Raw,AUDUSD,0.68059,0.6806,1e-05,1,Overlap,Thursday
2026-01-22 14:27:43,VantageMarkets Raw,XAUUSD,4832.55,4832.63,0.08,8,Overlap,Thursday
2026-01-22 14:27:44,VantageMarkets Raw,EURUSD,1.17084,1.17086,2e-05,2,Overlap,Thursday
2026-01-22 14:27:45,VantageMarkets Raw,GBPUSD,1.34277,1.34278,1e-05,1,Overlap,Thursday
2026-01-22 14:27:45,VantageMarkets Raw,USDJPY,158.614,158.616,0.002,2,Overlap,Thursday
2026-01-22 14:27:46,VantageMarkets Raw,AUDUSD,0.68057,0.6806,3e-05,3,Overlap,Thursday
2026-01-22 14:27:50,FPMarkets Raw,XAUUSD,4832.17,4832.24,0.07,7,Overlap,Thursday
2026-01-22 14:27:51,FPMarkets Raw,EURUSD,1.17079,1.1708,1e-05,1,Overlap,Thursday
2026-01-22 14:27:52,FPMarkets Raw,GBPUSD,1.34273,1.34276,3e-05,3,Overlap,Thursday
2026-01-22 14:27:53,FPMarkets Raw,USDJPY,158.613,158.616,0.003,3,Overlap,Thursday
2026-01-22 14:27:54,FPMarkets Raw,AUDUSD,0.68056,0.68059,3e-05,3,Overlap,Thursday
2026-01-22 14:27:56,8Cap Raw,XAUUSD,4832.21,4832.37,0.16,16,Overlap,Thursday
2026-01-22 14:27:56,8Cap Raw,EURUSD,1.17079,1.17079,0.0,0,Overlap,Thursday
2026-01-22 14:27:57,8Cap Raw,GBPUSD,1.34273,1.34274,1e-05,1,Overlap,Thursday
2026-01-22 14:27:58,8Cap Raw,USDJPY,158.614,158.615,0.001,1,Overlap,Thursday
2026-01-22 14:27:58,8Cap Raw,AUDUSD,0.68056,0.68059,3e-05,3,Overlap,Thursday
2026-01-22 14:32:16,Pepperstone Razor,XAUUSD,4830.84,4830.99,0.15,15,Overlap,Thursday
2026-01-22 14:32:17,Pepperstone Razor,EURUSD,1.17058,1.17058,0.0,0,Overlap,Thursday
2026-01-22 14:32:18,Pepperstone Razor,GBPUSD,1.34349,1.34352,3e-05,3,Overlap,Thursday
2026-01-22 14:32:19,Pepperstone Razor,USDJPY,158.62,158.622,0.002,2,Overlap,Thursday
2026-01-22 14:32:20,Pepperstone Razor,AUDUSD,0.68068,0.68068,0.0,0,Overlap,Thursday
2026-01-22 14:32:23,FusionMarkets Zero,XAUUSD,4831.08,4831.13,0.05,5,Overlap,Thursday
2026-01-22 14:32:24,FusionMarkets Zero,EURUSD,1.17059,1.17059,0.0,0,Overlap,Thursday
2026-01-22 14:32:25,FusionMarkets Zero,GBPUSD,1.34343,1.34343,0.0,0,Overlap,Thursday
2026-01-22 14:32:26,FusionMarkets Zero,USDJPY,158.626,158.628,0.002,2,Overlap,Thursday
2026-01-22 14:32:27,FusionMarkets Zero,AUDUSD,0.68071,0.68071,0.0,0,Overlap,Thursday
2026-01-22 14:32:30,ThinkMarkets ThinkZero,XAUUSD,4830.39,4830.47,0.08,8,Overlap,Thursday
2026-01-22 14:32:31,ThinkMarkets ThinkZero,EURUSD,1.17055,1.17059,4e-05,4,Overlap,Thursday
2026-01-22 14:32:31,ThinkMarkets ThinkZero,GBPUSD,1.34332,1.34337,5e-05,5,Overlap,Thursday
2026-01-22 14:32:32,ThinkMarkets ThinkZero,USDJPY,158.636,158.641,0.005,5,Overlap,Thursday
2026-01-22 14:32:33,ThinkMarkets ThinkZero,AUDUSD,0.68071,0.68074,3e-05,3,Overlap,Thursday
2026-01-22 14:32:36,ICMarkets Raw,XAUUSD,4830.42,4830.47,0.05,5,Overlap,Thursday
2026-01-22 14:32:37,ICMarkets Raw,EURUSD,1.17056,1.17057,1e-05,1,Overlap,Thursday
2026-01-22 14:32:38,ICMarkets Raw,GBPUSD,1.34329,1.34333,4e-05,4,Overlap,Thursday
2026-01-22 14:32:39,ICMarkets Raw,USDJPY,158.636,158.638,0.002,2,Overlap,Thursday
2026-01-22 14:32:40,ICMarkets Raw,AUDUSD,0.68072,0.68073,1e-05,1,Overlap,Thursday
2026-01-22 14:32:43,VantageMarkets Raw,XAUUSD,4830.94,4831.02,0.08,8,Overlap,Thursday
2026-01-22 14:32:43,VantageMarkets Raw,EURUSD,1.17054,1.17057,3e-05,3,Overlap,Thursday
2026-01-22 14:32:44,VantageMarkets Raw,GBPUSD,1.34328,1.34331,3e-05,3,Overlap,Thursday
2026-01-22 14:32:45,VantageMarkets Raw,USDJPY,158.626,158.627,0.001,1,Overlap,Thursday
2026-01-22 14:32:46,VantageMarkets Raw,AUDUSD,0.68072,0.68074,2e-05,2,Overlap,Thursday
2026-01-22 14:32:51,FPMarkets Raw,XAUUSD,4831.36,4831.43,0.07,7,Overlap,Thursday
2026-01-22 14:32:52,FPMarkets Raw,EURUSD,1.17051,1.17052,1e-05,1,Overlap,Thursday
2026-01-22 14:32:53,FPMarkets Raw,GBPUSD,1.34304,1.34308,4e-05,4,Overlap,Thursday
2026-01-22 14:32:54,FPMarkets Raw,USDJPY,158.631,158.634,0.003,3,Overlap,Thursday
2026-01-22 14:32:55,FPMarkets Raw,AUDUSD,0.68071,0.68075,4e-05,4,Overlap,Thursday
2026-01-22 14:32:57,8Cap Raw,XAUUSD,4831.57,4831.73,0.16,16,Overlap,Thursday
2026-01-22 14:32:58,8Cap Raw,EURUSD,1.17051,1.17051,0.0,0,Overlap,Thursday
2026-01-22 14:32:58,8Cap Raw,GBPUSD,1.34304,1.34308,4e-05,4,Overlap,Thursday
2026-01-22 14:32:59,8Cap Raw,USDJPY,158.636,158.637,0.001,1,Overlap,Thursday
2026-01-22 14:33:00,8Cap Raw,AUDUSD,0.6807,0.68073,3e-05,3,Overlap,Thursday
2026-01-22 14:37:17,Pepperstone Razor,XAUUSD,4831.34,4831.46,0.12,12,Overlap,Thursday
2026-01-22 14:37:18,Pepperstone Razor,EURUSD,1.17034,1.17034,0.0,0,Overlap,Thursday
2026-01-22 14:37:18,Pepperstone Razor,GBPUSD,1.34268,1.3427,2e-05,2,Overlap,Thursday
2026-01-22 14:37:19,Pepperstone Razor,USDJPY,158.633,158.634,0.001,1,Overlap,Thursday
2026-01-22 14:37:20,Pepperstone Razor,AUDUSD,0.68088,0.68088,0.0,0,Overlap,Thursday
2026-01-22 14:37:24,FusionMarkets Zero,XAUUSD,4831.5,4831.55,0.05,5,Overlap,Thursday
2026-01-22 14:37:24,FusionMarkets Zero,EURUSD,1.17031,1.17031,0.0,0,Overlap,Thursday
2026-01-22 14:37:25,FusionMarkets Zero,GBPUSD,1.34249,1.34249,0.0,0,Overlap,Thursday
2026-01-22 14:37:26,FusionMarkets Zero,USDJPY,158.636,158.636,0.0,0,Overlap,Thursday
2026-01-22 14:37:27,FusionMarkets Zero,AUDUSD,0.68092,0.68092,0.0,0,Overlap,Thursday
2026-01-22 14:37:31,ThinkMarkets ThinkZero,XAUUSD,4831.49,4831.57,0.08,8,Overlap,Thursday
2026-01-22 14:37:31,ThinkMarkets ThinkZero,EURUSD,1.17029,1.17031,2e-05,2,Overlap,Thursday
2026-01-22 14:37:32,ThinkMarkets ThinkZero,GBPUSD,1.34253,1.3426,7e-05,7,Overlap,Thursday
2026-01-22 14:37:33,ThinkMarkets ThinkZero,USDJPY,158.634,158.637,0.003,3,Overlap,Thursday
2026-01-22 14:37:34,ThinkMarkets ThinkZero,AUDUSD,0.68088,0.68091,3e-05,3,Overlap,Thursday
2026-01-22 14:37:38,ICMarkets Raw,XAUUSD,4831.77,4831.82,0.05,5,Overlap,Thursday
2026-01-22 14:37:38,ICMarkets Raw,EURUSD,1.1703,1.1703,0.0,0,Overlap,Thursday
2026-01-22 14:37:39,ICMarkets Raw,GBPUSD,1.34253,1.34254,1e-05,1,Overlap,Thursday
2026-01-22 14:37:40,ICMarkets Raw,USDJPY,158.639,158.639,0.0,0,Overlap,Thursday
2026-01-22 14:37:41,ICMarkets Raw,AUDUSD,0.6809,0.6809,0.0,0,Overlap,Thursday
2026-01-22 14:37:44,VantageMarkets Raw,XAUUSD,4831.84,4831.92,0.08,8,Overlap,Thursday
2026-01-22 14:37:45,VantageMarkets Raw,EURUSD,1.17026,1.17028,2e-05,2,Overlap,Thursday
2026-01-22 14:37:46,VantageMarkets Raw,GBPUSD,1.34254,1.34255,1e-05,1,Overlap,Thursday
2026-01-22 14:37:46,VantageMarkets Raw,USDJPY,158.641,158.644,0.003,3,Overlap,Thursday
2026-01-22 14:37:47,VantageMarkets Raw,AUDUSD,0.68087,0.68091,4e-05,4,Overlap,Thursday
2026-01-22 14:37:51,FPMarkets Raw,XAUUSD,4831.37,4831.44,0.07,7,Overlap,Thursday
2026-01-22 14:37:52,FPMarkets Raw,EURUSD,1.17027,1.17028,1e-05,1,Overlap,Thursday
2026-01-22 14:37:53,FPMarkets Raw,GBPUSD,1.34253,1.34257,4e-05,4,Overlap,Thursday
2026-01-22 14:37:54,FPMarkets Raw,USDJPY,158.65,158.653,0.003,3,Overlap,Thursday
2026-01-22 14:37:55,FPMarkets Raw,AUDUSD,0.6809,0.68093,3e-05,3,Overlap,Thursday
2026-01-22 14:37:56,8Cap Raw,XAUUSD,4831.45,4831.61,0.16,16,Overlap,Thursday
2026-01-22 14:37:57,8Cap Raw,EURUSD,1.17023,1.17024,1e-05,1,Overlap,Thursday
2026-01-22 14:37:58,8Cap Raw,GBPUSD,1.34253,1.34254,1e-05,1,Overlap,Thursday
2026-01-22 14:37:59,8Cap Raw,USDJPY,158.651,158.653,0.002,2,Overlap,Thursday
2026-01-22 14:37:59,8Cap Raw,AUDUSD,0.68087,0.68091,4e-05,4,Overlap,Thursday
2026-01-22 14:42:17,Pepperstone Razor,XAUUSD,4829.83,4830.01,0.18,18,Overlap,Thursday
2026-01-22 14:42:18,Pepperstone Razor,EURUSD,1.17031,1.17031,0.0,0,Overlap,Thursday
2026-01-22 14:42:19,Pepperstone Razor,GBPUSD,1.3429,1.3429,0.0,0,Overlap,Thursday
2026-01-22 14:42:19,Pepperstone Razor,USDJPY,158.696,158.697,0.001,1,Overlap,Thursday
2026-01-22 14:42:20,Pepperstone Razor,AUDUSD,0.6808,0.68081,1e-05,1,Overlap,Thursday
2026-01-22 14:42:24,FusionMarkets Zero,XAUUSD,4830.15,4830.22,0.07,7,Overlap,Thursday
2026-01-22 14:42:25,FusionMarkets Zero,EURUSD,1.17029,1.17029,0.0,0,Overlap,Thursday
2026-01-22 14:42:25,FusionMarkets Zero,GBPUSD,1.34275,1.34275,0.0,0,Overlap,Thursday
2026-01-22 14:42:26,FusionMarkets Zero,USDJPY,158.697,158.698,0.001,1,Overlap,Thursday
2026-01-22 14:42:27,FusionMarkets Zero,AUDUSD,0.68071,0.68071,0.0,0,Overlap,Thursday
2026-01-22 14:42:31,ThinkMarkets ThinkZero,XAUUSD,4829.63,4829.71,0.08,8,Overlap,Thursday
2026-01-22 14:42:32,ThinkMarkets ThinkZero,EURUSD,1.17025,1.17028,3e-05,3,Overlap,Thursday
2026-01-22 14:42:32,ThinkMarkets ThinkZero,GBPUSD,1.34277,1.34281,4e-05,4,Overlap,Thursday
2026-01-22 14:42:33,ThinkMarkets ThinkZero,USDJPY,158.698,158.704,0.006,6,Overlap,Thursday
2026-01-22 14:42:34,ThinkMarkets ThinkZero,AUDUSD,0.68071,0.68072,1e-05,1,Overlap,Thursday
2026-01-22 14:42:38,ICMarkets Raw,XAUUSD,4829.99,4830.06,0.07,7,Overlap,Thursday
2026-01-22 14:42:39,ICMarkets Raw,EURUSD,1.17031,1.17031,0.0,0,Overlap,Thursday
2026-01-22 14:42:39,ICMarkets Raw,GBPUSD,1.3428,1.34281,1e-05,1,Overlap,Thursday
2026-01-22 14:42:40,ICMarkets Raw,USDJPY,158.7,158.702,0.002,2,Overlap,Thursday
2026-01-22 14:42:41,ICMarkets Raw,AUDUSD,0.68071,0.68071,0.0,0,Overlap,Thursday
2026-01-22 14:42:44,VantageMarkets Raw,XAUUSD,4829.76,4829.84,0.08,8,Overlap,Thursday
2026-01-22 14:42:45,VantageMarkets Raw,EURUSD,1.17029,1.17031,2e-05,2,Overlap,Thursday
2026-01-22 14:42:46,VantageMarkets Raw,GBPUSD,1.3428,1.34281,1e-05,1,Overlap,Thursday
2026-01-22 14:42:47,VantageMarkets Raw,USDJPY,158.698,158.702,0.004,4,Overlap,Thursday
2026-01-22 14:42:48,VantageMarkets Raw,AUDUSD,0.68069,0.68072,3e-05,3,Overlap,Thursday
2026-01-22 14:42:51,FPMarkets Raw,XAUUSD,4829.76,4829.83,0.07,7,Overlap,Thursday
2026-01-22 14:42:52,FPMarkets Raw,EURUSD,1.17028,1.1703,2e-05,2,Overlap,Thursday
2026-01-22 14:42:53,FPMarkets Raw,GBPUSD,1.34279,1.34279,0.0,0,Overlap,Thursday
2026-01-22 14:42:54,FPMarkets Raw,USDJPY,158.694,158.697,0.003,3,Overlap,Thursday
2026-01-22 14:42:55,FPMarkets Raw,AUDUSD,0.68068,0.68071,3e-05,3,Overlap,Thursday
2026-01-22 14:42:57,8Cap Raw,XAUUSD,4829.73,4829.89,0.16,16,Overlap,Thursday
2026-01-22 14:42:57,8Cap Raw,EURUSD,1.17031,1.17031,0.0,0,Overlap,Thursday
2026-01-22 14:42:58,8Cap Raw,GBPUSD,1.3428,1.34281,1e-05,1,Overlap,Thursday
2026-01-22 14:42:59,8Cap Raw,USDJPY,158.695,158.697,0.002,2,Overlap,Thursday
2026-01-22 14:42:59,8Cap Raw,AUDUSD,0.68068,0.68071,3e-05,3,Overlap,Thursday
2026-01-22 14:47:17,Pepperstone Razor,XAUUSD,4828.93,4829.12,0.19,19,Overlap,Thursday
2026-01-22 14:47:18,Pepperstone Razor,EURUSD,1.17025,1.17025,0.0,0,Overlap,Thursday
2026-01-22 14:47:19,Pepperstone Razor,GBPUSD,1.34321,1.34322,1e-05,1,Overlap,Thursday
2026-01-22 14:47:19,Pepperstone Razor,USDJPY,158.726,158.727,0.001,1,Overlap,Thursday
2026-01-22 14:47:20,Pepperstone Razor,AUDUSD,0.68083,0.68083,0.0,0,Overlap,Thursday
2026-01-22 14:47:24,FusionMarkets Zero,XAUUSD,4828.3,4828.38,0.08,8,Overlap,Thursday
2026-01-22 14:47:25,FusionMarkets Zero,EURUSD,1.17027,1.17027,0.0,0,Overlap,Thursday
2026-01-22 14:47:26,FusionMarkets Zero,GBPUSD,1.34327,1.34327,0.0,0,Overlap,Thursday
2026-01-22 14:47:27,FusionMarkets Zero,USDJPY,158.726,158.726,0.0,0,Overlap,Thursday
2026-01-22 14:47:28,FusionMarkets Zero,AUDUSD,0.68085,0.68085,0.0,0,Overlap,Thursday
2026-01-22 14:47:31,ThinkMarkets ThinkZero,XAUUSD,4828.61,4828.69,0.08,8,Overlap,Thursday
2026-01-22 14:47:32,ThinkMarkets ThinkZero,EURUSD,1.17026,1.17028,2e-05,2,Overlap,Thursday
2026-01-22 14:47:33,ThinkMarkets ThinkZero,GBPUSD,1.34327,1.34333,6e-05,6,Overlap,Thursday
2026-01-22 14:47:34,ThinkMarkets ThinkZero,USDJPY,158.725,158.731,0.006,6,Overlap,Thursday
2026-01-22 14:47:35,ThinkMarkets ThinkZero,AUDUSD,0.68085,0.68085,0.0,0,Overlap,Thursday
2026-01-22 14:47:38,ICMarkets Raw,XAUUSD,4828.21,4828.28,0.07,7,Overlap,Thursday
2026-01-22 14:47:39,ICMarkets Raw,EURUSD,1.17026,1.17026,0.0,0,Overlap,Thursday
2026-01-22 14:47:40,ICMarkets Raw,GBPUSD,1.34328,1.34329,1e-05,1,Overlap,Thursday
2026-01-22 14:47:41,ICMarkets Raw,USDJPY,158.725,158.725,0.0,0,Overlap,Thursday
2026-01-22 14:47:42,ICMarkets Raw,AUDUSD,0.68085,0.68085,0.0,0,Overlap,Thursday
2026-01-22 14:47:45,VantageMarkets Raw,XAUUSD,4828.0,4828.08,0.08,8,Overlap,Thursday
2026-01-22 14:47:46,VantageMarkets Raw,EURUSD,1.17028,1.17029,1e-05,1,Overlap,Thursday
2026-01-22 14:47:47,VantageMarkets Raw,GBPUSD,1.3433,1.34331,1e-05,1,Overlap,Thursday
2026-01-22 14:47:48,VantageMarkets Raw,USDJPY,158.717,158.719,0.002,2,Overlap,Thursday
2026-01-22 14:47:49,VantageMarkets Raw,AUDUSD,0.68086,0.68089,3e-05,3,Overlap,Thursday
2026-01-22 14:47:52,FPMarkets Raw,XAUUSD,4828.38,4828.45,0.07,7,Overlap,Thursday
2026-01-22 14:47:53,FPMarkets Raw,EURUSD,1.17027,1.17029,2e-05,2,Overlap,Thursday
2026-01-22 14:47:54,FPMarkets Raw,GBPUSD,1.34329,1.34332,3e-05,3,Overlap,Thursday
2026-01-22 14:47:55,FPMarkets Raw,USDJPY,158.716,158.719,0.003,3,Overlap,Thursday
2026-01-22 14:47:56,FPMarkets Raw,AUDUSD,0.68084,0.68087,3e-05,3,Overlap,Thursday
2026-01-22 14:47:57,8Cap Raw,XAUUSD,4827.8,4827.96,0.16,16,Overlap,Thursday
2026-01-22 14:47:58,8Cap Raw,EURUSD,1.17028,1.17028,0.0,0,Overlap,Thursday
2026-01-22 14:47:59,8Cap Raw,GBPUSD,1.34331,1.34332,1e-05,1,Overlap,Thursday
2026-01-22 14:48:00,8Cap Raw,USDJPY,158.72,158.721,0.001,1,Overlap,Thursday
2026-01-22 14:48:00,8Cap Raw,AUDUSD,0.68084,0.68088,4e-05,4,Overlap,Thursday
2026-01-22 14:52:17,Pepperstone Razor,XAUUSD,4828.0,4828.2,0.2,20,Overlap,Thursday
2026-01-22 14:52:18,Pepperstone Razor,EURUSD,1.1701,1.1701,0.0,0,Overlap,Thursday
2026-01-22 14:52:19,Pepperstone Razor,GBPUSD,1.34233,1.34235,2e-05,2,Overlap,Thursday
2026-01-22 14:52:20,Pepperstone Razor,USDJPY,158.788,158.79,0.002,2,Overlap,Thursday
2026-01-22 14:52:21,Pepperstone Razor,AUDUSD,0.68055,0.68055,0.0,0,Overlap,Thursday
2026-01-22 14:52:25,FusionMarkets Zero,XAUUSD,4828.13,4828.22,0.09,9,Overlap,Thursday
2026-01-22 14:52:25,FusionMarkets Zero,EURUSD,1.1701,1.1701,0.0,0,Overlap,Thursday
2026-01-22 14:52:26,FusionMarkets Zero,GBPUSD,1.34245,1.34245,0.0,0,Overlap,Thursday
2026-01-22 14:52:27,FusionMarkets Zero,USDJPY,158.785,158.787,0.002,2,Overlap,Thursday
2026-01-22 14:52:28,FusionMarkets Zero,AUDUSD,0.68059,0.68059,0.0,0,Overlap,Thursday
2026-01-22 14:52:32,ThinkMarkets ThinkZero,XAUUSD,4827.73,4827.81,0.08,8,Overlap,Thursday
2026-01-22 14:52:33,ThinkMarkets ThinkZero,EURUSD,1.17006,1.17009,3e-05,3,Overlap,Thursday
2026-01-22 14:52:33,ThinkMarkets ThinkZero,GBPUSD,1.34237,1.34245,8e-05,8,Overlap,Thursday
2026-01-22 14:52:34,ThinkMarkets ThinkZero,USDJPY,158.787,158.79,0.003,3,Overlap,Thursday
2026-01-22 14:52:35,ThinkMarkets ThinkZero,AUDUSD,0.68054,0.68055,1e-05,1,Overlap,Thursday
2026-01-22 14:52:38,ICMarkets Raw,XAUUSD,4827.64,4827.74,0.1,10,Overlap,Thursday
2026-01-22 14:52:39,ICMarkets Raw,EURUSD,1.17006,1.17006,0.0,0,Overlap,Thursday
2026-01-22 14:52:40,ICMarkets Raw,GBPUSD,1.34224,1.34226,2e-05,2,Overlap,Thursday
2026-01-22 14:52:41,ICMarkets Raw,USDJPY,158.786,158.788,0.002,2,Overlap,Thursday
2026-01-22 14:52:42,ICMarkets Raw,AUDUSD,0.68049,0.6805,1e-05,1,Overlap,Thursday
2026-01-22 14:52:45,VantageMarkets Raw,XAUUSD,4827.59,4827.67,0.08,8,Overlap,Thursday
2026-01-22 14:52:46,VantageMarkets Raw,EURUSD,1.17001,1.17002,1e-05,1,Overlap,Thursday
2026-01-22 14:52:47,VantageMarkets Raw,GBPUSD,1.34222,1.34223,1e-05,1,Overlap,Thursday
2026-01-22 14:52:47,VantageMarkets Raw,USDJPY,158.795,158.798,0.003,3,Overlap,Thursday
2026-01-22 14:52:48,VantageMarkets Raw,AUDUSD,0.68049,0.68052,3e-05,3,Overlap,Thursday
2026-01-22 14:52:52,FPMarkets Raw,XAUUSD,4828.21,4828.28,0.07,7,Overlap,Thursday
2026-01-22 14:52:53,FPMarkets Raw,EURUSD,1.17001,1.17002,1e-05,1,Overlap,Thursday
2026-01-22 14:52:54,FPMarkets Raw,GBPUSD,1.34223,1.34227,4e-05,4,Overlap,Thursday
2026-01-22 14:52:55,FPMarkets Raw,USDJPY,158.79,158.793,0.003,3,Overlap,Thursday
2026-01-22 14:52:56,FPMarkets Raw,AUDUSD,0.68049,0.68053,4e-05,4,Overlap,Thursday
2026-01-22 14:52:58,8Cap Raw,XAUUSD,4828.1,4828.26,0.16,16,Overlap,Thursday
2026-01-22 14:52:58,8Cap Raw,EURUSD,1.17004,1.17005,1e-05,1,Overlap,Thursday
2026-01-22 14:52:59,8Cap Raw,GBPUSD,1.34223,1.34224,1e-05,1,Overlap,Thursday
2026-01-22 14:53:00,8Cap Raw,USDJPY,158.786,158.787,0.001,1,Overlap,Thursday
2026-01-22 14:53:01,8Cap Raw,AUDUSD,0.68051,0.68053,2e-05,2,Overlap,Thursday
2026-01-22 14:57:17,Pepperstone Razor,XAUUSD,4824.0,4824.2,0.2,20,Overlap,Thursday
2026-01-22 14:57:18,Pepperstone Razor,EURUSD,1.17029,1.17029,0.0,0,Overlap,Thursday
2026-01-22 14:57:19,Pepperstone Razor,GBPUSD,1.34203,1.34204,1e-05,1,Overlap,Thursday
2026-01-22 14:57:20,Pepperstone Razor,USDJPY,158.81,158.811,0.001,1,Overlap,Thursday
2026-01-22 14:57:21,Pepperstone Razor,AUDUSD,0.68073,0.68073,0.0,0,Overlap,Thursday
2026-01-22 14:57:24,FusionMarkets Zero,XAUUSD,4824.3,4824.42,0.12,12,Overlap,Thursday
2026-01-22 14:57:25,FusionMarkets Zero,EURUSD,1.1703,1.1703,0.0,0,Overlap,Thursday
2026-01-22 14:57:26,FusionMarkets Zero,GBPUSD,1.34205,1.34205,0.0,0,Overlap,Thursday
2026-01-22 14:57:27,FusionMarkets Zero,USDJPY,158.8,158.8,0.0,0,Overlap,Thursday
2026-01-22 14:57:28,FusionMarkets Zero,AUDUSD,0.68078,0.68078,0.0,0,Overlap,Thursday
2026-01-22 14:57:31,ThinkMarkets ThinkZero,XAUUSD,4824.87,4824.95,0.08,8,Overlap,Thursday
2026-01-22 14:57:32,ThinkMarkets ThinkZero,EURUSD,1.17044,1.17046,2e-05,2,Overlap,Thursday
2026-01-22 14:57:33,ThinkMarkets ThinkZero,GBPUSD,1.34225,1.34228,3e-05,3,Overlap,Thursday
2026-01-22 14:57:34,ThinkMarkets ThinkZero,USDJPY,158.788,158.79,0.002,2,Overlap,Thursday
2026-01-22 14:57:35,ThinkMarkets ThinkZero,AUDUSD,0.6808,0.68081,1e-05,1,Overlap,Thursday
2026-01-22 14:57:38,ICMarkets Raw,XAUUSD,4824.6,4824.7,0.1,10,Overlap,Thursday
2026-01-22 14:57:39,ICMarkets Raw,EURUSD,1.17047,1.17048,1e-05,1,Overlap,Thursday
2026-01-22 14:57:40,ICMarkets Raw,GBPUSD,1.34233,1.34235,2e-05,2,Overlap,Thursday
2026-01-22 14:57:41,ICMarkets Raw,USDJPY,158.796,158.798,0.002,2,Overlap,Thursday
2026-01-22 14:57:42,ICMarkets Raw,AUDUSD,0.68079,0.68079,0.0,0,Overlap,Thursday
2026-01-22 14:57:45,VantageMarkets Raw,XAUUSD,4822.74,4822.82,0.08,8,Overlap,Thursday
2026-01-22 14:57:46,VantageMarkets Raw,EURUSD,1.17047,1.1705,3e-05,3,Overlap,Thursday
2026-01-22 14:57:47,VantageMarkets Raw,GBPUSD,1.34231,1.34232,1e-05,1,Overlap,Thursday
2026-01-22 14:57:48,VantageMarkets Raw,USDJPY,158.786,158.794,0.008,8,Overlap,Thursday
2026-01-22 14:57:49,VantageMarkets Raw,AUDUSD,0.68073,0.68077,4e-05,4,Overlap,Thursday
2026-01-22 14:57:52,FPMarkets Raw,XAUUSD,4822.69,4822.76,0.07,7,Overlap,Thursday
2026-01-22 14:57:53,FPMarkets Raw,EURUSD,1.17049,1.1705,1e-05,1,Overlap,Thursday
2026-01-22 14:57:54,FPMarkets Raw,GBPUSD,1.34228,1.34231,3e-05,3,Overlap,Thursday
2026-01-22 14:57:55,FPMarkets Raw,USDJPY,158.791,158.794,0.003,3,Overlap,Thursday
2026-01-22 14:57:56,FPMarkets Raw,AUDUSD,0.68074,0.68078,4e-05,4,Overlap,Thursday
2026-01-22 14:57:58,8Cap Raw,XAUUSD,4822.09,4822.25,0.16,16,Overlap,Thursday
2026-01-22 14:57:58,8Cap Raw,EURUSD,1.17045,1.17047,2e-05,2,Overlap,Thursday
2026-01-22 14:57:59,8Cap Raw,GBPUSD,1.34234,1.34235,1e-05,1,Overlap,Thursday
2026-01-22 14:58:00,8Cap Raw,USDJPY,158.801,158.805,0.004,4,Overlap,Thursday
2026-01-22 14:58:01,8Cap Raw,AUDUSD,0.68074,0.68077,3e-05,3,Overlap,Thursday
2026-01-22 15:02:16,Pepperstone Razor,XAUUSD,4818.43,4818.63,0.2,20,Overlap,Thursday
2026-01-22 15:02:17,Pepperstone Razor,EURUSD,1.17073,1.17073,0.0,0,Overlap,Thursday
2026-01-22 15:02:18,Pepperstone Razor,GBPUSD,1.34271,1.34274,3e-05,3,Overlap,Thursday
2026-01-22 15:02:19,Pepperstone Razor,USDJPY,158.797,158.798,0.001,1,Overlap,Thursday
2026-01-22 15:02:20,Pepperstone Razor,AUDUSD,0.68093,0.68096,3e-05,3,Overlap,Thursday
2026-01-22 15:02:23,FusionMarkets Zero,XAUUSD,4818.93,4819.05,0.12,12,Overlap,Thursday
2026-01-22 15:02:24,FusionMarkets Zero,EURUSD,1.17071,1.17071,0.0,0,Overlap,Thursday
2026-01-22 15:02:25,FusionMarkets Zero,GBPUSD,1.34271,1.34271,0.0,0,Overlap,Thursday
2026-01-22 15:02:26,FusionMarkets Zero,USDJPY,158.794,158.796,0.002,2,Overlap,Thursday
2026-01-22 15:02:26,FusionMarkets Zero,AUDUSD,0.68089,0.68089,0.0,0,Overlap,Thursday
2026-01-22 15:02:29,ThinkMarkets ThinkZero,XAUUSD,4818.16,4818.24,0.08,8,Overlap,Thursday
2026-01-22 15:02:30,ThinkMarkets ThinkZero,EURUSD,1.17068,1.17071,3e-05,3,Overlap,Thursday
2026-01-22 15:02:31,ThinkMarkets ThinkZero,GBPUSD,1.34256,1.3426,4e-05,4,Overlap,Thursday
2026-01-22 15:02:32,ThinkMarkets ThinkZero,USDJPY,158.798,158.8,0.002,2,Overlap,Thursday
2026-01-22 15:02:33,ThinkMarkets ThinkZero,AUDUSD,0.68087,0.68089,2e-05,2,Overlap,Thursday
2026-01-22 15:02:36,ICMarkets Raw,XAUUSD,4818.32,4818.42,0.1,10,Overlap,Thursday
2026-01-22 15:02:37,ICMarkets Raw,EURUSD,1.1707,1.17071,1e-05,1,Overlap,Thursday
2026-01-22 15:02:38,ICMarkets Raw,GBPUSD,1.34256,1.34257,1e-05,1,Overlap,Thursday
2026-01-22 15:02:39,ICMarkets Raw,USDJPY,158.802,158.804,0.002,2,Overlap,Thursday
2026-01-22 15:02:40,ICMarkets Raw,AUDUSD,0.68089,0.68089,0.0,0,Overlap,Thursday
2026-01-22 15:02:42,VantageMarkets Raw,XAUUSD,4817.87,4817.95,0.08,8,Overlap,Thursday
2026-01-22 15:02:43,VantageMarkets Raw,EURUSD,1.17068,1.17071,3e-05,3,Overlap,Thursday
2026-01-22 15:02:44,VantageMarkets Raw,GBPUSD,1.34254,1.34255,1e-05,1,Overlap,Thursday
2026-01-22 15:02:45,VantageMarkets Raw,USDJPY,158.803,158.811,0.008,8,Overlap,Thursday
2026-01-22 15:02:46,VantageMarkets Raw,AUDUSD,0.68087,0.68091,4e-05,4,Overlap,Thursday
2026-01-22 15:02:49,FPMarkets Raw,XAUUSD,4818.22,4818.29,0.07,7,Overlap,Thursday
2026-01-22 15:02:50,FPMarkets Raw,EURUSD,1.1707,1.17071,1e-05,1,Overlap,Thursday
2026-01-22 15:02:51,FPMarkets Raw,GBPUSD,1.34253,1.34257,4e-05,4,Overlap,Thursday
2026-01-22 15:02:52,FPMarkets Raw,USDJPY,158.792,158.795,0.003,3,Overlap,Thursday
2026-01-22 15:02:53,FPMarkets Raw,AUDUSD,0.68082,0.68085,3e-05,3,Overlap,Thursday
2026-01-22 15:02:54,8Cap Raw,XAUUSD,4819.24,4819.4,0.16,16,Overlap,Thursday
2026-01-22 15:02:55,8Cap Raw,EURUSD,1.1707,1.1707,0.0,0,Overlap,Thursday
2026-01-22 15:02:56,8Cap Raw,GBPUSD,1.34255,1.34256,1e-05,1,Overlap,Thursday
2026-01-22 15:02:57,8Cap Raw,USDJPY,158.792,158.794,0.002,2,Overlap,Thursday
2026-01-22 15:02:57,8Cap Raw,AUDUSD,0.68082,0.68084,2e-05,2,Overlap,Thursday
2026-01-22 15:07:16,Pepperstone Razor,XAUUSD,4821.73,4821.93,0.2,20,Overlap,Thursday
2026-01-22 15:07:17,Pepperstone Razor,EURUSD,1.17045,1.17045,0.0,0,Overlap,Thursday
2026-01-22 15:07:18,Pepperstone Razor,GBPUSD,1.34201,1.34201,0.0,0,Overlap,Thursday
2026-01-22 15:07:19,Pepperstone Razor,USDJPY,158.799,158.8,0.001,1,Overlap,Thursday
2026-01-22 15:07:20,Pepperstone Razor,AUDUSD,0.68071,0.68071,0.0,0,Overlap,Thursday
2026-01-22 15:07:22,FusionMarkets Zero,XAUUSD,4821.91,4822.02,0.11,11,Overlap,Thursday
2026-01-22 15:07:23,FusionMarkets Zero,EURUSD,1.17044,1.17044,0.0,0,Overlap,Thursday
2026-01-22 15:07:24,FusionMarkets Zero,GBPUSD,1.34206,1.34206,0.0,0,Overlap,Thursday
2026-01-22 15:07:25,FusionMarkets Zero,USDJPY,158.797,158.798,0.001,1,Overlap,Thursday
2026-01-22 15:07:26,FusionMarkets Zero,AUDUSD,0.68069,0.68069,0.0,0,Overlap,Thursday
2026-01-22 15:07:29,ThinkMarkets ThinkZero,XAUUSD,4821.76,4821.84,0.08,8,Overlap,Thursday
2026-01-22 15:07:30,ThinkMarkets ThinkZero,EURUSD,1.17045,1.17047,2e-05,2,Overlap,Thursday
2026-01-22 15:07:31,ThinkMarkets ThinkZero,GBPUSD,1.34201,1.34208,7e-05,7,Overlap,Thursday
2026-01-22 15:07:32,ThinkMarkets ThinkZero,USDJPY,158.785,158.79,0.005,5,Overlap,Thursday
2026-01-22 15:07:33,ThinkMarkets ThinkZero,AUDUSD,0.68067,0.6807,3e-05,3,Overlap,Thursday
2026-01-22 15:07:36,ICMarkets Raw,XAUUSD,4821.12,4821.22,0.1,10,Overlap,Thursday
2026-01-22 15:07:36,ICMarkets Raw,EURUSD,1.17047,1.17047,0.0,0,Overlap,Thursday
2026-01-22 15:07:37,ICMarkets Raw,GBPUSD,1.34206,1.34207,1e-05,1,Overlap,Thursday
2026-01-22 15:07:38,ICMarkets Raw,USDJPY,158.785,158.786,0.001,1,Overlap,Thursday
2026-01-22 15:07:39,ICMarkets Raw,AUDUSD,0.6807,0.6807,0.0,0,Overlap,Thursday
2026-01-22 15:07:42,VantageMarkets Raw,XAUUSD,4821.61,4821.69,0.08,8,Overlap,Thursday
2026-01-22 15:07:43,VantageMarkets Raw,EURUSD,1.1705,1.17051,1e-05,1,Overlap,Thursday
2026-01-22 15:07:44,VantageMarkets Raw,GBPUSD,1.34209,1.3421,1e-05,1,Overlap,Thursday
2026-01-22 15:07:45,VantageMarkets Raw,USDJPY,158.792,158.797,0.005,5,Overlap,Thursday
2026-01-22 15:07:45,VantageMarkets Raw,AUDUSD,0.68067,0.6807,3e-05,3,Overlap,Thursday
2026-01-22 15:07:48,FPMarkets Raw,XAUUSD,4821.37,4821.44,0.07,7,Overlap,Thursday
2026-01-22 15:07:49,FPMarkets Raw,EURUSD,1.17054,1.17056,2e-05,2,Overlap,Thursday
2026-01-22 15:07:50,FPMarkets Raw,GBPUSD,1.34216,1.34219,3e-05,3,Overlap,Thursday
2026-01-22 15:07:51,FPMarkets Raw,USDJPY,158.786,158.788,0.002,2,Overlap,Thursday
2026-01-22 15:07:52,FPMarkets Raw,AUDUSD,0.68068,0.68071,3e-05,3,Overlap,Thursday
2026-01-22 15:07:54,8Cap Raw,XAUUSD,4821.45,4821.61,0.16,16,Overlap,Thursday
2026-01-22 15:07:54,8Cap Raw,EURUSD,1.17058,1.17059,1e-05,1,Overlap,Thursday
2026-01-22 15:07:55,8Cap Raw,GBPUSD,1.34215,1.34216,1e-05,1,Overlap,Thursday
2026-01-22 15:07:56,8Cap Raw,USDJPY,158.784,158.786,0.002,2,Overlap,Thursday
2026-01-22 15:07:56,8Cap Raw,AUDUSD,0.68067,0.68069,2e-05,2,Overlap,Thursday
2026-01-22 15:12:16,Pepperstone Razor,XAUUSD,4824.29,4824.53,0.24,24,Overlap,Thursday
2026-01-22 15:12:17,Pepperstone Razor,EURUSD,1.17079,1.1708,1e-05,1,Overlap,Thursday
2026-01-22 15:12:18,Pepperstone Razor,GBPUSD,1.34224,1.34225,1e-05,1,Overlap,Thursday
2026-01-22 15:12:19,Pepperstone Razor,USDJPY,158.749,158.751,0.002,2,Overlap,Thursday
2026-01-22 15:12:21,Pepperstone Razor,AUDUSD,0.6808,0.6808,0.0,0,Overlap,Thursday
2026-01-22 15:12:24,FusionMarkets Zero,XAUUSD,4824.82,4824.91,0.09,9,Overlap,Thursday
2026-01-22 15:12:25,FusionMarkets Zero,EURUSD,1.17085,1.17085,0.0,0,Overlap,Thursday
2026-01-22 15:12:26,FusionMarkets Zero,GBPUSD,1.34225,1.34225,0.0,0,Overlap,Thursday
2026-01-22 15:12:26,FusionMarkets Zero,USDJPY,158.747,158.748,0.001,1,Overlap,Thursday
2026-01-22 15:12:27,FusionMarkets Zero,AUDUSD,0.68083,0.68083,0.0,0,Overlap,Thursday
2026-01-22 15:12:30,ThinkMarkets ThinkZero,XAUUSD,4824.52,4824.6,0.08,8,Overlap,Thursday
2026-01-22 15:12:31,ThinkMarkets ThinkZero,EURUSD,1.1708,1.17082,2e-05,2,Overlap,Thursday
2026-01-22 15:12:32,ThinkMarkets ThinkZero,GBPUSD,1.34223,1.34229,6e-05,6,Overlap,Thursday
2026-01-22 15:12:33,ThinkMarkets ThinkZero,USDJPY,158.749,158.754,0.005,5,Overlap,Thursday
2026-01-22 15:12:34,ThinkMarkets ThinkZero,AUDUSD,0.68082,0.68085,3e-05,3,Overlap,Thursday
2026-01-22 15:12:37,ICMarkets Raw,XAUUSD,4824.61,4824.7,0.09,9,Overlap,Thursday
2026-01-22 15:12:37,ICMarkets Raw,EURUSD,1.17082,1.17082,0.0,0,Overlap,Thursday
2026-01-22 15:12:38,ICMarkets Raw,GBPUSD,1.3423,1.34231,1e-05,1,Overlap,Thursday
2026-01-22 15:12:39,ICMarkets Raw,USDJPY,158.746,158.747,0.001,1,Overlap,Thursday
2026-01-22 15:12:40,ICMarkets Raw,AUDUSD,0.68085,0.68085,0.0,0,Overlap,Thursday
2026-01-22 15:12:43,VantageMarkets Raw,XAUUSD,4824.85,4824.93,0.08,8,Overlap,Thursday
2026-01-22 15:12:43,VantageMarkets Raw,EURUSD,1.17084,1.17086,2e-05,2,Overlap,Thursday
2026-01-22 15:12:44,VantageMarkets Raw,GBPUSD,1.34228,1.34229,1e-05,1,Overlap,Thursday
2026-01-22 15:12:45,VantageMarkets Raw,USDJPY,158.747,158.748,0.001,1,Overlap,Thursday
2026-01-22 15:12:46,VantageMarkets Raw,AUDUSD,0.68083,0.68085,2e-05,2,Overlap,Thursday
2026-01-22 15:12:49,FPMarkets Raw,XAUUSD,4825.04,4825.11,0.07,7,Overlap,Thursday
2026-01-22 15:12:50,FPMarkets Raw,EURUSD,1.17086,1.17087,1e-05,1,Overlap,Thursday
2026-01-22 15:12:51,FPMarkets Raw,GBPUSD,1.34226,1.34229,3e-05,3,Overlap,Thursday
2026-01-22 15:12:52,FPMarkets Raw,USDJPY,158.748,158.75,0.002,2,Overlap,Thursday
2026-01-22 15:12:53,FPMarkets Raw,AUDUSD,0.68084,0.68086,2e-05,2,Overlap,Thursday
2026-01-22 15:12:54,8Cap Raw,XAUUSD,4824.85,4825.01,0.16,16,Overlap,Thursday
2026-01-22 15:12:55,8Cap Raw,EURUSD,1.17088,1.17088,0.0,0,Overlap,Thursday
2026-01-22 15:12:56,8Cap Raw,GBPUSD,1.34233,1.34234,1e-05,1,Overlap,Thursday
2026-01-22 15:12:57,8Cap Raw,USDJPY,158.747,158.748,0.001,1,Overlap,Thursday
2026-01-22 15:12:57,8Cap Raw,AUDUSD,0.68082,0.68085,3e-05,3,Overlap,Thursday
2026-01-22 15:17:17,Pepperstone Razor,XAUUSD,4828.68,4828.83,0.15,15,Overlap,Thursday
2026-01-22 15:17:18,Pepperstone Razor,EURUSD,1.17156,1.17156,0.0,0,Overlap,Thursday
2026-01-22 15:17:18,Pepperstone Razor,GBPUSD,1.34259,1.34259,0.0,0,Overlap,Thursday
2026-01-22 15:17:19,Pepperstone Razor,USDJPY,158.702,158.705,0.003,3,Overlap,Thursday
2026-01-22 15:17:20,Pepperstone Razor,AUDUSD,0.68109,0.68109,0.0,0,Overlap,Thursday
2026-01-22 15:17:23,FusionMarkets Zero,XAUUSD,4828.5,4828.58,0.08,8,Overlap,Thursday
2026-01-22 15:17:24,FusionMarkets Zero,EURUSD,1.17156,1.17156,0.0,0,Overlap,Thursday
2026-01-22 15:17:25,FusionMarkets Zero,GBPUSD,1.34257,1.34257,0.0,0,Overlap,Thursday
2026-01-22 15:17:26,FusionMarkets Zero,USDJPY,158.71,158.712,0.002,2,Overlap,Thursday
2026-01-22 15:17:27,FusionMarkets Zero,AUDUSD,0.68105,0.68105,0.0,0,Overlap,Thursday
2026-01-22 15:17:30,ThinkMarkets ThinkZero,XAUUSD,4828.55,4828.63,0.08,8,Overlap,Thursday
2026-01-22 15:17:31,ThinkMarkets ThinkZero,EURUSD,1.17157,1.1716,3e-05,3,Overlap,Thursday
2026-01-22 15:17:32,ThinkMarkets ThinkZero,GBPUSD,1.34255,1.34262,7e-05,7,Overlap,Thursday
2026-01-22 15:17:33,ThinkMarkets ThinkZero,USDJPY,158.708,158.711,0.003,3,Overlap,Thursday
2026-01-22 15:17:34,ThinkMarkets ThinkZero,AUDUSD,0.68104,0.68106,2e-05,2,Overlap,Thursday
2026-01-22 15:17:37,ICMarkets Raw,XAUUSD,4829.24,4829.34,0.1,10,Overlap,Thursday
2026-01-22 15:17:37,ICMarkets Raw,EURUSD,1.17156,1.17156,0.0,0,Overlap,Thursday
2026-01-22 15:17:38,ICMarkets Raw,GBPUSD,1.34257,1.34258,1e-05,1,Overlap,Thursday
2026-01-22 15:17:39,ICMarkets Raw,USDJPY,158.711,158.712,0.001,1,Overlap,Thursday
2026-01-22 15:17:40,ICMarkets Raw,AUDUSD,0.68106,0.68106,0.0,0,Overlap,Thursday
2026-01-22 15:17:43,VantageMarkets Raw,XAUUSD,4829.3,4829.38,0.08,8,Overlap,Thursday
2026-01-22 15:17:44,VantageMarkets Raw,EURUSD,1.1716,1.17163,3e-05,3,Overlap,Thursday
2026-01-22 15:17:45,VantageMarkets Raw,GBPUSD,1.34256,1.34257,1e-05,1,Overlap,Thursday
2026-01-22 15:17:46,VantageMarkets Raw,USDJPY,158.711,158.713,0.002,2,Overlap,Thursday
2026-01-22 15:17:47,VantageMarkets Raw,AUDUSD,0.68105,0.68108,3e-05,3,Overlap,Thursday
2026-01-22 15:17:51,FPMarkets Raw,XAUUSD,4829.53,4829.6,0.07,7,Overlap,Thursday
2026-01-22 15:17:52,FPMarkets Raw,EURUSD,1.17161,1.17162,1e-05,1,Overlap,Thursday
2026-01-22 15:17:53,FPMarkets Raw,GBPUSD,1.3426,1.34263,3e-05,3,Overlap,Thursday
2026-01-22 15:17:54,FPMarkets Raw,USDJPY,158.709,158.712,0.003,3,Overlap,Thursday
2026-01-22 15:17:55,FPMarkets Raw,AUDUSD,0.6811,0.68113,3e-05,3,Overlap,Thursday
2026-01-22 15:17:57,8Cap Raw,XAUUSD,4829.57,4829.73,0.16,16,Overlap,Thursday
2026-01-22 15:17:57,8Cap Raw,EURUSD,1.17164,1.17166,2e-05,2,Overlap,Thursday
2026-01-22 15:17:58,8Cap Raw,GBPUSD,1.34265,1.34266,1e-05,1,Overlap,Thursday
2026-01-22 15:17:59,8Cap Raw,USDJPY,158.712,158.713,0.001,1,Overlap,Thursday
2026-01-22 15:17:59,8Cap Raw,AUDUSD,0.68105,0.68108,3e-05,3,Overlap,Thursday
2026-01-22 15:22:17,Pepperstone Razor,XAUUSD,4828.96,4829.14,0.18,18,Overlap,Thursday
2026-01-22 15:22:17,Pepperstone Razor,EURUSD,1.17161,1.17161,0.0,0,Overlap,Thursday
2026-01-22 15:22:18,Pepperstone Razor,GBPUSD,1.34211,1.34212,1e-05,1,Overlap,Thursday
2026-01-22 15:22:19,Pepperstone Razor,USDJPY,158.691,158.695,0.004,4,Overlap,Thursday
2026-01-22 15:22:20,Pepperstone Razor,AUDUSD,0.68122,0.68123,1e-05,1,Overlap,Thursday
2026-01-22 15:22:24,FusionMarkets Zero,XAUUSD,4830.02,4830.12,0.1,10,Overlap,Thursday
2026-01-22 15:22:24,FusionMarkets Zero,EURUSD,1.17168,1.17168,0.0,0,Overlap,Thursday
2026-01-22 15:22:25,FusionMarkets Zero,GBPUSD,1.34226,1.34226,0.0,0,Overlap,Thursday
2026-01-22 15:22:26,FusionMarkets Zero,USDJPY,158.684,158.684,0.0,0,Overlap,Thursday
2026-01-22 15:22:27,FusionMarkets Zero,AUDUSD,0.68126,0.68126,0.0,0,Overlap,Thursday
2026-01-22 15:22:31,ThinkMarkets ThinkZero,XAUUSD,4830.2,4830.28,0.08,8,Overlap,Thursday
2026-01-22 15:22:32,ThinkMarkets ThinkZero,EURUSD,1.17166,1.17169,3e-05,3,Overlap,Thursday
2026-01-22 15:22:32,ThinkMarkets ThinkZero,GBPUSD,1.34222,1.34228,6e-05,6,Overlap,Thursday
2026-01-22 15:22:33,ThinkMarkets ThinkZero,USDJPY,158.68,158.685,0.005,5,Overlap,Thursday
2026-01-22 15:22:34,ThinkMarkets ThinkZero,AUDUSD,0.68124,0.68125,1e-05,1,Overlap,Thursday
2026-01-22 15:22:37,ICMarkets Raw,XAUUSD,4830.51,4830.62,0.11,11,Overlap,Thursday
2026-01-22 15:22:38,ICMarkets Raw,EURUSD,1.1717,1.1717,0.0,0,Overlap,Thursday
2026-01-22 15:22:39,ICMarkets Raw,GBPUSD,1.34225,1.34226,1e-05,1,Overlap,Thursday
2026-01-22 15:22:40,ICMarkets Raw,USDJPY,158.687,158.687,0.0,0,Overlap,Thursday
2026-01-22 15:22:41,ICMarkets Raw,AUDUSD,0.68121,0.68123,2e-05,2,Overlap,Thursday
2026-01-22 15:22:44,VantageMarkets Raw,XAUUSD,4831.56,4831.64,0.08,8,Overlap,Thursday
2026-01-22 15:22:45,VantageMarkets Raw,EURUSD,1.1717,1.17172,2e-05,2,Overlap,Thursday
2026-01-22 15:22:46,VantageMarkets Raw,GBPUSD,1.34219,1.3422,1e-05,1,Overlap,Thursday
2026-01-22 15:22:46,VantageMarkets Raw,USDJPY,158.683,158.684,0.001,1,Overlap,Thursday
2026-01-22 15:22:47,VantageMarkets Raw,AUDUSD,0.68124,0.68126,2e-05,2,Overlap,Thursday
2026-01-22 15:22:50,FPMarkets Raw,XAUUSD,4832.09,4832.16,0.07,7,Overlap,Thursday
2026-01-22 15:22:51,FPMarkets Raw,EURUSD,1.17171,1.17172,1e-05,1,Overlap,Thursday
2026-01-22 15:22:52,FPMarkets Raw,GBPUSD,1.34211,1.34214,3e-05,3,Overlap,Thursday
2026-01-22 15:22:53,FPMarkets Raw,USDJPY,158.686,158.689,0.003,3,Overlap,Thursday
2026-01-22 15:22:54,FPMarkets Raw,AUDUSD,0.68124,0.68126,2e-05,2,Overlap,Thursday
2026-01-22 15:22:56,8Cap Raw,XAUUSD,4832.46,4832.62,0.16,16,Overlap,Thursday
2026-01-22 15:22:57,8Cap Raw,EURUSD,1.1717,1.17171,1e-05,1,Overlap,Thursday
2026-01-22 15:22:57,8Cap Raw,GBPUSD,1.34213,1.34214,1e-05,1,Overlap,Thursday
2026-01-22 15:22:58,8Cap Raw,USDJPY,158.683,158.684,0.001,1,Overlap,Thursday
2026-01-22 15:22:59,8Cap Raw,AUDUSD,0.68123,0.68127,4e-05,4,Overlap,Thursday
2026-01-22 15:27:17,Pepperstone Razor,XAUUSD,4831.05,4831.22,0.17,17,Overlap,Thursday
2026-01-22 15:27:18,Pepperstone Razor,EURUSD,1.17145,1.17145,0.0,0,Overlap,Thursday
2026-01-22 15:27:19,Pepperstone Razor,GBPUSD,1.34157,1.34159,2e-05,2,Overlap,Thursday
2026-01-22 15:27:20,Pepperstone Razor,USDJPY,158.702,158.704,0.002,2,Overlap,Thursday
2026-01-22 15:27:20,Pepperstone Razor,AUDUSD,0.68104,0.68105,1e-05,1,Overlap,Thursday
2026-01-22 15:27:24,FusionMarkets Zero,XAUUSD,4831.05,4831.12,0.07,7,Overlap,Thursday
2026-01-22 15:27:25,FusionMarkets Zero,EURUSD,1.17145,1.17145,0.0,0,Overlap,Thursday
2026-01-22 15:27:26,FusionMarkets Zero,GBPUSD,1.34163,1.34163,0.0,0,Overlap,Thursday
2026-01-22 15:27:26,FusionMarkets Zero,USDJPY,158.701,158.701,0.0,0,Overlap,Thursday
2026-01-22 15:27:28,FusionMarkets Zero,AUDUSD,0.68107,0.68107,0.0,0,Overlap,Thursday
2026-01-22 15:27:31,ThinkMarkets ThinkZero,XAUUSD,4830.77,4830.85,0.08,8,Overlap,Thursday
2026-01-22 15:27:32,ThinkMarkets ThinkZero,EURUSD,1.17143,1.17146,3e-05,3,Overlap,Thursday
2026-01-22 15:27:33,ThinkMarkets ThinkZero,GBPUSD,1.34152,1.3416,8e-05,8,Overlap,Thursday
2026-01-22 15:27:33,ThinkMarkets ThinkZero,USDJPY,158.699,158.703,0.004,4,Overlap,Thursday
2026-01-22 15:27:34,ThinkMarkets ThinkZero,AUDUSD,0.68101,0.68104,3e-05,3,Overlap,Thursday
2026-01-22 15:27:38,ICMarkets Raw,XAUUSD,4831.04,4831.13,0.09,9,Overlap,Thursday
2026-01-22 15:27:39,ICMarkets Raw,EURUSD,1.1714,1.17141,1e-05,1,Overlap,Thursday
2026-01-22 15:27:39,ICMarkets Raw,GBPUSD,1.34158,1.34159,1e-05,1,Overlap,Thursday
2026-01-22 15:27:40,ICMarkets Raw,USDJPY,158.701,158.701,0.0,0,Overlap,Thursday
2026-01-22 15:27:41,ICMarkets Raw,AUDUSD,0.68103,0.68104,1e-05,1,Overlap,Thursday
2026-01-22 15:27:44,VantageMarkets Raw,XAUUSD,4831.06,4831.14,0.08,8,Overlap,Thursday
2026-01-22 15:27:45,VantageMarkets Raw,EURUSD,1.17142,1.17144,2e-05,2,Overlap,Thursday
2026-01-22 15:27:46,VantageMarkets Raw,GBPUSD,1.34159,1.3416,1e-05,1,Overlap,Thursday
2026-01-22 15:27:47,VantageMarkets Raw,USDJPY,158.711,158.712,0.001,1,Overlap,Thursday
2026-01-22 15:27:47,VantageMarkets Raw,AUDUSD,0.68102,0.68104,2e-05,2,Overlap,Thursday
2026-01-22 15:27:50,FPMarkets Raw,XAUUSD,4830.82,4830.89,0.07,7,Overlap,Thursday
2026-01-22 15:27:51,FPMarkets Raw,EURUSD,1.17139,1.17141,2e-05,2,Overlap,Thursday
2026-01-22 15:27:52,FPMarkets Raw,GBPUSD,1.34154,1.34157,3e-05,3,Overlap,Thursday
2026-01-22 15:27:53,FPMarkets Raw,USDJPY,158.71,158.713,0.003,3,Overlap,Thursday
2026-01-22 15:27:54,FPMarkets Raw,AUDUSD,0.68099,0.68103,4e-05,4,Overlap,Thursday
2026-01-22 15:27:56,8Cap Raw,XAUUSD,4829.15,4829.31,0.16,16,Overlap,Thursday
2026-01-22 15:27:56,8Cap Raw,EURUSD,1.17135,1.17136,1e-05,1,Overlap,Thursday
2026-01-22 15:27:57,8Cap Raw,GBPUSD,1.34155,1.34156,1e-05,1,Overlap,Thursday
2026-01-22 15:27:58,8Cap Raw,USDJPY,158.711,158.712,0.001,1,Overlap,Thursday
2026-01-22 15:27:58,8Cap Raw,AUDUSD,0.68095,0.68098,3e-05,3,Overlap,Thursday
2026-01-22 15:32:17,Pepperstone Razor,XAUUSD,4822.25,4822.45,0.2,20,Overlap,Thursday
2026-01-22 15:32:17,Pepperstone Razor,EURUSD,1.17107,1.17108,1e-05,1,Overlap,Thursday
2026-01-22 15:32:18,Pepperstone Razor,GBPUSD,1.3419,1.34192,2e-05,2,Overlap,Thursday
2026-01-22 15:32:19,Pepperstone Razor,USDJPY,158.756,158.759,0.003,3,Overlap,Thursday
2026-01-22 15:32:20,Pepperstone Razor,AUDUSD,0.68107,0.68108,1e-05,1,Overlap,Thursday
2026-01-22 15:32:24,FusionMarkets Zero,XAUUSD,4821.97,4822.09,0.12,12,Overlap,Thursday
2026-01-22 15:32:25,FusionMarkets Zero,EURUSD,1.17105,1.17105,0.0,0,Overlap,Thursday
2026-01-22 15:32:26,FusionMarkets Zero,GBPUSD,1.34197,1.34197,0.0,0,Overlap,Thursday
2026-01-22 15:32:26,FusionMarkets Zero,USDJPY,158.744,158.744,0.0,0,Overlap,Thursday
2026-01-22 15:32:27,FusionMarkets Zero,AUDUSD,0.68114,0.68114,0.0,0,Overlap,Thursday
2026-01-22 15:32:31,ThinkMarkets ThinkZero,XAUUSD,4822.78,4822.86,0.08,8,Overlap,Thursday
2026-01-22 15:32:31,ThinkMarkets ThinkZero,EURUSD,1.17104,1.17106,2e-05,2,Overlap,Thursday
2026-01-22 15:32:32,ThinkMarkets ThinkZero,GBPUSD,1.34199,1.34207,8e-05,8,Overlap,Thursday
2026-01-22 15:32:33,ThinkMarkets ThinkZero,USDJPY,158.735,158.738,0.003,3,Overlap,Thursday
2026-01-22 15:32:34,ThinkMarkets ThinkZero,AUDUSD,0.68116,0.68119,3e-05,3,Overlap,Thursday
2026-01-22 15:32:38,ICMarkets Raw,XAUUSD,4822.5,4822.63,0.13,13,Overlap,Thursday
2026-01-22 15:32:38,ICMarkets Raw,EURUSD,1.17104,1.17105,1e-05,1,Overlap,Thursday
2026-01-22 15:32:39,ICMarkets Raw,GBPUSD,1.34205,1.34206,1e-05,1,Overlap,Thursday
2026-01-22 15:32:40,ICMarkets Raw,USDJPY,158.74,158.741,0.001,1,Overlap,Thursday
2026-01-22 15:32:41,ICMarkets Raw,AUDUSD,0.68118,0.68118,0.0,0,Overlap,Thursday
2026-01-22 15:32:44,VantageMarkets Raw,XAUUSD,4823.4,4823.48,0.08,8,Overlap,Thursday
2026-01-22 15:32:45,VantageMarkets Raw,EURUSD,1.17105,1.17108,3e-05,3,Overlap,Thursday
2026-01-22 15:32:46,VantageMarkets Raw,GBPUSD,1.34204,1.34205,1e-05,1,Overlap,Thursday
2026-01-22 15:32:47,VantageMarkets Raw,USDJPY,158.734,158.742,0.008,8,Overlap,Thursday
2026-01-22 15:32:48,VantageMarkets Raw,AUDUSD,0.68124,0.68128,4e-05,4,Overlap,Thursday
2026-01-22 15:32:51,FPMarkets Raw,XAUUSD,4821.67,4821.74,0.07,7,Overlap,Thursday
2026-01-22 15:32:52,FPMarkets Raw,EURUSD,1.17104,1.17105,1e-05,1,Overlap,Thursday
2026-01-22 15:32:53,FPMarkets Raw,GBPUSD,1.34204,1.34208,4e-05,4,Overlap,Thursday
2026-01-22 15:32:54,FPMarkets Raw,USDJPY,158.737,158.74,0.003,3,Overlap,Thursday
2026-01-22 15:32:55,FPMarkets Raw,AUDUSD,0.68121,0.68124,3e-05,3,Overlap,Thursday
2026-01-22 15:32:57,8Cap Raw,XAUUSD,4821.35,4821.51,0.16,16,Overlap,Thursday
2026-01-22 15:32:58,8Cap Raw,EURUSD,1.17106,1.17107,1e-05,1,Overlap,Thursday
2026-01-22 15:32:58,8Cap Raw,GBPUSD,1.34206,1.34207,1e-05,1,Overlap,Thursday
2026-01-22 15:32:59,8Cap Raw,USDJPY,158.732,158.736,0.004,4,Overlap,Thursday
2026-01-22 15:33:00,8Cap Raw,AUDUSD,0.68122,0.68126,4e-05,4,Overlap,Thursday
2026-01-22 15:37:16,Pepperstone Razor,XAUUSD,4822.23,4822.38,0.15,15,Overlap,Thursday
2026-01-22 15:37:17,Pepperstone Razor,EURUSD,1.17116,1.17116,0.0,0,Overlap,Thursday
2026-01-22 15:37:18,Pepperstone Razor,GBPUSD,1.34294,1.34296,2e-05,2,Overlap,Thursday
2026-01-22 15:37:19,Pepperstone Razor,USDJPY,158.684,158.686,0.002,2,Overlap,Thursday
2026-01-22 15:37:20,Pepperstone Razor,AUDUSD,0.68147,0.68147,0.0,0,Overlap,Thursday
2026-01-22 15:37:24,FusionMarkets Zero,XAUUSD,4822.42,4822.53,0.11,11,Overlap,Thursday
2026-01-22 15:37:24,FusionMarkets Zero,EURUSD,1.17123,1.17123,0.0,0,Overlap,Thursday
2026-01-22 15:37:25,FusionMarkets Zero,GBPUSD,1.34297,1.34297,0.0,0,Overlap,Thursday
2026-01-22 15:37:26,FusionMarkets Zero,USDJPY,158.682,158.683,0.001,1,Overlap,Thursday
2026-01-22 15:37:27,FusionMarkets Zero,AUDUSD,0.6815,0.6815,0.0,0,Overlap,Thursday
2026-01-22 15:37:31,ThinkMarkets ThinkZero,XAUUSD,4822.82,4822.9,0.08,8,Overlap,Thursday
2026-01-22 15:37:32,ThinkMarkets ThinkZero,EURUSD,1.17118,1.17121,3e-05,3,Overlap,Thursday
2026-01-22 15:37:32,ThinkMarkets ThinkZero,GBPUSD,1.34287,1.34292,5e-05,5,Overlap,Thursday
2026-01-22 15:37:33,ThinkMarkets ThinkZero,USDJPY,158.684,158.688,0.004,4,Overlap,Thursday
2026-01-22 15:37:34,ThinkMarkets ThinkZero,AUDUSD,0.68146,0.68149,3e-05,3,Overlap,Thursday
2026-01-22 15:37:38,ICMarkets Raw,XAUUSD,4822.55,4822.68,0.13,13,Overlap,Thursday
2026-01-22 15:37:38,ICMarkets Raw,EURUSD,1.17117,1.17117,0.0,0,Overlap,Thursday
2026-01-22 15:37:39,ICMarkets Raw,GBPUSD,1.34284,1.34285,1e-05,1,Overlap,Thursday
2026-01-22 15:37:40,ICMarkets Raw,USDJPY,158.687,158.687,0.0,0,Overlap,Thursday
2026-01-22 15:37:41,ICMarkets Raw,AUDUSD,0.68147,0.68147,0.0,0,Overlap,Thursday
2026-01-22 15:37:44,VantageMarkets Raw,XAUUSD,4822.86,4822.94,0.08,8,Overlap,Thursday
2026-01-22 15:37:45,VantageMarkets Raw,EURUSD,1.17112,1.17114,2e-05,2,Overlap,Thursday
2026-01-22 15:37:46,VantageMarkets Raw,GBPUSD,1.34265,1.34266,1e-05,1,Overlap,Thursday
2026-01-22 15:37:47,VantageMarkets Raw,USDJPY,158.69,158.694,0.004,4,Overlap,Thursday
2026-01-22 15:37:48,VantageMarkets Raw,AUDUSD,0.6814,0.68144,4e-05,4,Overlap,Thursday
2026-01-22 15:37:51,FPMarkets Raw,XAUUSD,4822.72,4822.79,0.07,7,Overlap,Thursday
2026-01-22 15:37:52,FPMarkets Raw,EURUSD,1.17113,1.17114,1e-05,1,Overlap,Thursday
2026-01-22 15:37:53,FPMarkets Raw,GBPUSD,1.34264,1.34268,4e-05,4,Overlap,Thursday
2026-01-22 15:37:54,FPMarkets Raw,USDJPY,158.691,158.693,0.002,2,Overlap,Thursday
2026-01-22 15:37:55,FPMarkets Raw,AUDUSD,0.6814,0.68144,4e-05,4,Overlap,Thursday
2026-01-22 15:37:57,8Cap Raw,XAUUSD,4823.28,4823.44,0.16,16,Overlap,Thursday
2026-01-22 15:37:58,8Cap Raw,EURUSD,1.17114,1.17115,1e-05,1,Overlap,Thursday
2026-01-22 15:37:58,8Cap Raw,GBPUSD,1.34267,1.34268,1e-05,1,Overlap,Thursday
2026-01-22 15:37:59,8Cap Raw,USDJPY,158.683,158.685,0.002,2,Overlap,Thursday
2026-01-22 15:38:00,8Cap Raw,AUDUSD,0.6814,0.68142,2e-05,2,Overlap,Thursday
2026-01-22 15:42:17,Pepperstone Razor,XAUUSD,4818.35,4818.54,0.19,19,Overlap,Thursday
2026-01-22 15:42:18,Pepperstone Razor,EURUSD,1.17134,1.17134,0.0,0,Overlap,Thursday
2026-01-22 15:42:19,Pepperstone Razor,GBPUSD,1.34161,1.34164,3e-05,3,Overlap,Thursday
2026-01-22 15:42:19,Pepperstone Razor,USDJPY,158.667,158.67,0.003,3,Overlap,Thursday
2026-01-22 15:42:20,Pepperstone Razor,AUDUSD,0.68095,0.68098,3e-05,3,Overlap,Thursday
2026-01-22 15:42:24,FusionMarkets Zero,XAUUSD,4817.61,4817.71,0.1,10,Overlap,Thursday
2026-01-22 15:42:25,FusionMarkets Zero,EURUSD,1.17135,1.17135,0.0,0,Overlap,Thursday
2026-01-22 15:42:26,FusionMarkets Zero,GBPUSD,1.34169,1.34169,0.0,0,Overlap,Thursday
2026-01-22 15:42:27,FusionMarkets Zero,USDJPY,158.668,158.668,0.0,0,Overlap,Thursday
2026-01-22 15:42:28,FusionMarkets Zero,AUDUSD,0.68096,0.68096,0.0,0,Overlap,Thursday
2026-01-22 15:42:31,ThinkMarkets ThinkZero,XAUUSD,4816.82,4816.9,0.08,8,Overlap,Thursday
2026-01-22 15:42:32,ThinkMarkets ThinkZero,EURUSD,1.17138,1.17139,1e-05,1,Overlap,Thursday
2026-01-22 15:42:33,ThinkMarkets ThinkZero,GBPUSD,1.34164,1.34168,4e-05,4,Overlap,Thursday
2026-01-22 15:42:34,ThinkMarkets ThinkZero,USDJPY,158.67,158.674,0.004,4,Overlap,Thursday
2026-01-22 15:42:35,ThinkMarkets ThinkZero,AUDUSD,0.68093,0.68095,2e-05,2,Overlap,Thursday
2026-01-22 15:42:38,ICMarkets Raw,XAUUSD,4817.09,4817.24,0.15,15,Overlap,Thursday
2026-01-22 15:42:39,ICMarkets Raw,EURUSD,1.1714,1.1714,0.0,0,Overlap,Thursday
2026-01-22 15:42:40,ICMarkets Raw,GBPUSD,1.34169,1.3417,1e-05,1,Overlap,Thursday
2026-01-22 15:42:41,ICMarkets Raw,USDJPY,158.679,158.679,0.0,0,Overlap,Thursday
2026-01-22 15:42:42,ICMarkets Raw,AUDUSD,0.68096,0.68097,1e-05,1,Overlap,Thursday
2026-01-22 15:42:45,VantageMarkets Raw,XAUUSD,4816.23,4816.31,0.08,8,Overlap,Thursday
2026-01-22 15:42:46,VantageMarkets Raw,EURUSD,1.17128,1.1713,2e-05,2,Overlap,Thursday
2026-01-22 15:42:47,VantageMarkets Raw,GBPUSD,1.3416,1.34161,1e-05,1,Overlap,Thursday
2026-01-22 15:42:48,VantageMarkets Raw,USDJPY,158.686,158.688,0.002,2,Overlap,Thursday
2026-01-22 15:42:49,VantageMarkets Raw,AUDUSD,0.68094,0.68097,3e-05,3,Overlap,Thursday
2026-01-22 15:42:52,FPMarkets Raw,XAUUSD,4812.53,4812.6,0.07,7,Overlap,Thursday
2026-01-22 15:42:53,FPMarkets Raw,EURUSD,1.17118,1.17119,1e-05,1,Overlap,Thursday
2026-01-22 15:42:54,FPMarkets Raw,GBPUSD,1.34163,1.34166,3e-05,3,Overlap,Thursday
2026-01-22 15:42:55,FPMarkets Raw,USDJPY,158.689,158.692,0.003,3,Overlap,Thursday
2026-01-22 15:42:56,FPMarkets Raw,AUDUSD,0.68089,0.68093,4e-05,4,Overlap,Thursday
2026-01-22 15:42:58,8Cap Raw,XAUUSD,4811.43,4811.59,0.16,16,Overlap,Thursday
2026-01-22 15:42:58,8Cap Raw,EURUSD,1.17121,1.17121,0.0,0,Overlap,Thursday
2026-01-22 15:42:59,8Cap Raw,GBPUSD,1.34175,1.34176,1e-05,1,Overlap,Thursday
2026-01-22 15:43:00,8Cap Raw,USDJPY,158.687,158.688,0.001,1,Overlap,Thursday
2026-01-22 15:43:01,8Cap Raw,AUDUSD,0.68092,0.68095,3e-05,3,Overlap,Thursday
2026-01-22 15:47:17,Pepperstone Razor,XAUUSD,4813.76,4813.97,0.21,21,Overlap,Thursday
2026-01-22 15:47:18,Pepperstone Razor,EURUSD,1.17122,1.17123,1e-05,1,Overlap,Thursday
2026-01-22 15:47:19,Pepperstone Razor,GBPUSD,1.34145,1.34147,2e-05,2,Overlap,Thursday
2026-01-22 15:47:20,Pepperstone Razor,USDJPY,158.709,158.711,0.002,2,Overlap,Thursday
2026-01-22 15:47:21,Pepperstone Razor,AUDUSD,0.68102,0.68103,1e-05,1,Overlap,Thursday
2026-01-22 15:47:24,FusionMarkets Zero,XAUUSD,4812.59,4812.71,0.12,12,Overlap,Thursday
2026-01-22 15:47:25,FusionMarkets Zero,EURUSD,1.17123,1.17123,0.0,0,Overlap,Thursday
2026-01-22 15:47:26,FusionMarkets Zero,GBPUSD,1.34145,1.34145,0.0,0,Overlap,Thursday
2026-01-22 15:47:27,FusionMarkets Zero,USDJPY,158.716,158.716,0.0,0,Overlap,Thursday
2026-01-22 15:47:28,FusionMarkets Zero,AUDUSD,0.68104,0.68104,0.0,0,Overlap,Thursday
2026-01-22 15:47:31,ThinkMarkets ThinkZero,XAUUSD,4812.35,4812.43,0.08,8,Overlap,Thursday
2026-01-22 15:47:32,ThinkMarkets ThinkZero,EURUSD,1.17111,1.17112,1e-05,1,Overlap,Thursday
2026-01-22 15:47:33,ThinkMarkets ThinkZero,GBPUSD,1.34131,1.34137,6e-05,6,Overlap,Thursday
2026-01-22 15:47:34,ThinkMarkets ThinkZero,USDJPY,158.725,158.729,0.004,4,Overlap,Thursday
2026-01-22 15:47:35,ThinkMarkets ThinkZero,AUDUSD,0.681,0.68101,1e-05,1,Overlap,Thursday
2026-01-22 15:47:38,ICMarkets Raw,XAUUSD,4814.06,4814.16,0.1,10,Overlap,Thursday
2026-01-22 15:47:39,ICMarkets Raw,EURUSD,1.17111,1.17111,0.0,0,Overlap,Thursday
2026-01-22 15:47:40,ICMarkets Raw,GBPUSD,1.34147,1.34148,1e-05,1,Overlap,Thursday
2026-01-22 15:47:41,ICMarkets Raw,USDJPY,158.722,158.723,0.001,1,Overlap,Thursday
2026-01-22 15:47:42,ICMarkets Raw,AUDUSD,0.68101,0.68101,0.0,0,Overlap,Thursday
2026-01-22 15:47:45,VantageMarkets Raw,XAUUSD,4814.06,4814.14,0.08,8,Overlap,Thursday
2026-01-22 15:47:46,VantageMarkets Raw,EURUSD,1.17109,1.17111,2e-05,2,Overlap,Thursday
2026-01-22 15:47:47,VantageMarkets Raw,GBPUSD,1.34142,1.34143,1e-05,1,Overlap,Thursday
2026-01-22 15:47:48,VantageMarkets Raw,USDJPY,158.728,158.73,0.002,2,Overlap,Thursday
2026-01-22 15:47:49,VantageMarkets Raw,AUDUSD,0.68098,0.681,2e-05,2,Overlap,Thursday
2026-01-22 15:47:52,FPMarkets Raw,XAUUSD,4813.03,4813.1,0.07,7,Overlap,Thursday
2026-01-22 15:47:53,FPMarkets Raw,EURUSD,1.17104,1.17105,1e-05,1,Overlap,Thursday
2026-01-22 15:47:53,FPMarkets Raw,GBPUSD,1.34133,1.34136,3e-05,3,Overlap,Thursday
2026-01-22 15:47:54,FPMarkets Raw,USDJPY,158.719,158.722,0.003,3,Overlap,Thursday
2026-01-22 15:47:55,FPMarkets Raw,AUDUSD,0.681,0.68102,2e-05,2,Overlap,Thursday
2026-01-22 15:47:57,8Cap Raw,XAUUSD,4812.9,4813.06,0.16,16,Overlap,Thursday
2026-01-22 15:47:58,8Cap Raw,EURUSD,1.17109,1.1711,1e-05,1,Overlap,Thursday
2026-01-22 15:47:59,8Cap Raw,GBPUSD,1.34145,1.34146,1e-05,1,Overlap,Thursday
2026-01-22 15:48:00,8Cap Raw,USDJPY,158.709,158.71,0.001,1,Overlap,Thursday
2026-01-22 15:48:00,8Cap Raw,AUDUSD,0.68099,0.68102,3e-05,3,Overlap,Thursday
2026-01-22 15:52:17,Pepperstone Razor,XAUUSD,4821.78,4822.01,0.23,23,Overlap,Thursday
2026-01-22 15:52:18,Pepperstone Razor,EURUSD,1.17137,1.17137,0.0,0,Overlap,Thursday
2026-01-22 15:52:19,Pepperstone Razor,GBPUSD,1.34207,1.34209,2e-05,2,Overlap,Thursday
2026-01-22 15:52:20,Pepperstone Razor,USDJPY,158.668,158.671,0.003,3,Overlap,Thursday
2026-01-22 15:52:21,Pepperstone Razor,AUDUSD,0.68137,0.68137,0.0,0,Overlap,Thursday
2026-01-22 15:52:24,FusionMarkets Zero,XAUUSD,4821.99,4822.08,0.09,9,Overlap,Thursday
2026-01-22 15:52:25,FusionMarkets Zero,EURUSD,1.17141,1.17141,0.0,0,Overlap,Thursday
2026-01-22 15:52:26,FusionMarkets Zero,GBPUSD,1.34203,1.34203,0.0,0,Overlap,Thursday
2026-01-22 15:52:27,FusionMarkets Zero,USDJPY,158.67,158.67,0.0,0,Overlap,Thursday
2026-01-22 15:52:28,FusionMarkets Zero,AUDUSD,0.68145,0.68145,0.0,0,Overlap,Thursday
2026-01-22 15:52:32,ThinkMarkets ThinkZero,XAUUSD,4821.97,4822.05,0.08,8,Overlap,Thursday
2026-01-22 15:52:33,ThinkMarkets ThinkZero,EURUSD,1.17138,1.17141,3e-05,3,Overlap,Thursday
2026-01-22 15:52:33,ThinkMarkets ThinkZero,GBPUSD,1.34201,1.34209,8e-05,8,Overlap,Thursday
2026-01-22 15:52:34,ThinkMarkets ThinkZero,USDJPY,158.659,158.663,0.004,4,Overlap,Thursday
2026-01-22 15:52:35,ThinkMarkets ThinkZero,AUDUSD,0.68142,0.68144,2e-05,2,Overlap,Thursday
2026-01-22 15:52:39,ICMarkets Raw,XAUUSD,4822.36,4822.45,0.09,9,Overlap,Thursday
2026-01-22 15:52:40,ICMarkets Raw,EURUSD,1.17137,1.17137,0.0,0,Overlap,Thursday
2026-01-22 15:52:41,ICMarkets Raw,GBPUSD,1.34195,1.34196,1e-05,1,Overlap,Thursday
2026-01-22 15:52:42,ICMarkets Raw,USDJPY,158.658,158.658,0.0,0,Overlap,Thursday
2026-01-22 15:52:42,ICMarkets Raw,AUDUSD,0.6814,0.68141,1e-05,1,Overlap,Thursday
2026-01-22 15:52:46,VantageMarkets Raw,XAUUSD,4822.1,4822.18,0.08,8,Overlap,Thursday
2026-01-22 15:52:47,VantageMarkets Raw,EURUSD,1.17134,1.17136,2e-05,2,Overlap,Thursday
2026-01-22 15:52:47,VantageMarkets Raw,GBPUSD,1.34191,1.34192,1e-05,1,Overlap,Thursday
2026-01-22 15:52:48,VantageMarkets Raw,USDJPY,158.662,158.663,0.001,1,Overlap,Thursday
2026-01-22 15:52:49,VantageMarkets Raw,AUDUSD,0.68137,0.6814,3e-05,3,Overlap,Thursday
2026-01-22 15:52:52,FPMarkets Raw,XAUUSD,4821.66,4821.73,0.07,7,Overlap,Thursday
2026-01-22 15:52:53,FPMarkets Raw,EURUSD,1.17138,1.17139,1e-05,1,Overlap,Thursday
2026-01-22 15:52:54,FPMarkets Raw,GBPUSD,1.34184,1.34187,3e-05,3,Overlap,Thursday
2026-01-22 15:52:55,FPMarkets Raw,USDJPY,158.657,158.66,0.003,3,Overlap,Thursday
2026-01-22 15:52:56,FPMarkets Raw,AUDUSD,0.68139,0.68142,3e-05,3,Overlap,Thursday
2026-01-22 15:52:58,8Cap Raw,XAUUSD,4821.75,4821.91,0.16,16,Overlap,Thursday
2026-01-22 15:52:59,8Cap Raw,EURUSD,1.17139,1.1714,1e-05,1,Overlap,Thursday
2026-01-22 15:53:00,8Cap Raw,GBPUSD,1.34188,1.34189,1e-05,1,Overlap,Thursday
2026-01-22 15:53:00,8Cap Raw,USDJPY,158.656,158.657,0.001,1,Overlap,Thursday
2026-01-22 15:53:01,8Cap Raw,AUDUSD,0.68139,0.68142,3e-05,3,Overlap,Thursday
2026-01-22 15:57:17,Pepperstone Razor,XAUUSD,4819.08,4819.23,0.15,15,Overlap,Thursday
2026-01-22 15:57:18,Pepperstone Razor,EURUSD,1.17133,1.17133,0.0,0,Overlap,Thursday
2026-01-22 15:57:19,Pepperstone Razor,GBPUSD,1.3416,1.34163,3e-05,3,Overlap,Thursday
2026-01-22 15:57:20,Pepperstone Razor,USDJPY,158.71,158.711,0.001,1,Overlap,Thursday
2026-01-22 15:57:21,Pepperstone Razor,AUDUSD,0.68145,0.68145,0.0,0,Overlap,Thursday
2026-01-22 15:57:24,FusionMarkets Zero,XAUUSD,4819.72,4819.78,0.06,6,Overlap,Thursday
2026-01-22 15:57:25,FusionMarkets Zero,EURUSD,1.17126,1.17126,0.0,0,Overlap,Thursday
2026-01-22 15:57:26,FusionMarkets Zero,GBPUSD,1.34155,1.34155,0.0,0,Overlap,Thursday
2026-01-22 15:57:27,FusionMarkets Zero,USDJPY,158.727,158.727,0.0,0,Overlap,Thursday
2026-01-22 15:57:28,FusionMarkets Zero,AUDUSD,0.68144,0.68144,0.0,0,Overlap,Thursday
2026-01-22 15:57:32,ThinkMarkets ThinkZero,XAUUSD,4819.95,4820.03,0.08,8,Overlap,Thursday
2026-01-22 15:57:33,ThinkMarkets ThinkZero,EURUSD,1.17123,1.17125,2e-05,2,Overlap,Thursday
2026-01-22 15:57:34,ThinkMarkets ThinkZero,GBPUSD,1.34155,1.34159,4e-05,4,Overlap,Thursday
2026-01-22 15:57:35,ThinkMarkets ThinkZero,USDJPY,158.721,158.725,0.004,4,Overlap,Thursday
2026-01-22 15:57:36,ThinkMarkets ThinkZero,AUDUSD,0.68142,0.68143,1e-05,1,Overlap,Thursday
2026-01-22 15:57:39,ICMarkets Raw,XAUUSD,4818.89,4818.94,0.05,5,Overlap,Thursday
2026-01-22 15:57:40,ICMarkets Raw,EURUSD,1.17119,1.17119,0.0,0,Overlap,Thursday
2026-01-22 15:57:41,ICMarkets Raw,GBPUSD,1.34154,1.34156,2e-05,2,Overlap,Thursday
2026-01-22 15:57:42,ICMarkets Raw,USDJPY,158.725,158.726,0.001,1,Overlap,Thursday
2026-01-22 15:57:43,ICMarkets Raw,AUDUSD,0.68141,0.68141,0.0,0,Overlap,Thursday
2026-01-22 15:57:46,VantageMarkets Raw,XAUUSD,4818.46,4818.54,0.08,8,Overlap,Thursday
2026-01-22 15:57:47,VantageMarkets Raw,EURUSD,1.1712,1.17121,1e-05,1,Overlap,Thursday
2026-01-22 15:57:48,VantageMarkets Raw,GBPUSD,1.34159,1.3416,1e-05,1,Overlap,Thursday
2026-01-22 15:57:49,VantageMarkets Raw,USDJPY,158.728,158.729,0.001,1,Overlap,Thursday
2026-01-22 15:57:50,VantageMarkets Raw,AUDUSD,0.6814,0.68143,3e-05,3,Overlap,Thursday
2026-01-22 15:57:53,FPMarkets Raw,XAUUSD,4819.45,4819.52,0.07,7,Overlap,Thursday
2026-01-22 15:57:54,FPMarkets Raw,EURUSD,1.17124,1.17126,2e-05,2,Overlap,Thursday
2026-01-22 15:57:55,FPMarkets Raw,GBPUSD,1.34158,1.34159,1e-05,1,Overlap,Thursday
2026-01-22 15:57:56,FPMarkets Raw,USDJPY,158.727,158.73,0.003,3,Overlap,Thursday
2026-01-22 15:57:57,FPMarkets Raw,AUDUSD,0.68139,0.68142,3e-05,3,Overlap,Thursday
2026-01-22 15:57:58,8Cap Raw,XAUUSD,4819.83,4819.99,0.16,16,Overlap,Thursday
2026-01-22 15:57:59,8Cap Raw,EURUSD,1.17121,1.17122,1e-05,1,Overlap,Thursday
2026-01-22 15:58:00,8Cap Raw,GBPUSD,1.34156,1.34157,1e-05,1,Overlap,Thursday
2026-01-22 15:58:00,8Cap Raw,USDJPY,158.727,158.728,0.001,1,Overlap,Thursday
2026-01-22 15:58:01,8Cap Raw,AUDUSD,0.68138,0.68142,4e-05,4,Overlap,Thursday
2026-01-22 16:02:16,Pepperstone Razor,XAUUSD,4823.36,4823.52,0.16,16,NewYork,Thursday
2026-01-22 16:02:17,Pepperstone Razor,EURUSD,1.17172,1.17172,0.0,0,NewYork,Thursday
2026-01-22 16:02:18,Pepperstone Razor,GBPUSD,1.34246,1.34247,1e-05,1,NewYork,Thursday
2026-01-22 16:02:19,Pepperstone Razor,USDJPY,158.681,158.682,0.001,1,NewYork,Thursday
2026-01-22 16:02:20,Pepperstone Razor,AUDUSD,0.68167,0.68167,0.0,0,NewYork,Thursday
2026-01-22 16:02:23,FusionMarkets Zero,XAUUSD,4822.61,4822.68,0.07,7,NewYork,Thursday
2026-01-22 16:02:24,FusionMarkets Zero,EURUSD,1.17172,1.17172,0.0,0,NewYork,Thursday
2026-01-22 16:02:26,FusionMarkets Zero,GBPUSD,1.34249,1.34249,0.0,0,NewYork,Thursday
2026-01-22 16:02:27,FusionMarkets Zero,USDJPY,158.685,158.686,0.001,1,NewYork,Thursday
2026-01-22 16:02:28,FusionMarkets Zero,AUDUSD,0.68166,0.68166,0.0,0,NewYork,Thursday
2026-01-22 16:02:31,ThinkMarkets ThinkZero,XAUUSD,4822.76,4822.84,0.08,8,NewYork,Thursday
2026-01-22 16:02:32,ThinkMarkets ThinkZero,EURUSD,1.17166,1.17168,2e-05,2,NewYork,Thursday
2026-01-22 16:02:33,ThinkMarkets ThinkZero,GBPUSD,1.34236,1.34239,3e-05,3,NewYork,Thursday
2026-01-22 16:02:34,ThinkMarkets ThinkZero,USDJPY,158.686,158.69,0.004,4,NewYork,Thursday
2026-01-22 16:02:34,ThinkMarkets ThinkZero,AUDUSD,0.68159,0.68161,2e-05,2,NewYork,Thursday
2026-01-22 16:02:37,ICMarkets Raw,XAUUSD,4823.94,4824.0,0.06,6,NewYork,Thursday
2026-01-22 16:02:38,ICMarkets Raw,EURUSD,1.17167,1.17167,0.0,0,NewYork,Thursday
2026-01-22 16:02:39,ICMarkets Raw,GBPUSD,1.3424,1.34241,1e-05,1,NewYork,Thursday
2026-01-22 16:02:40,ICMarkets Raw,USDJPY,158.698,158.7,0.002,2,NewYork,Thursday
2026-01-22 16:02:41,ICMarkets Raw,AUDUSD,0.68158,0.68158,0.0,0,NewYork,Thursday
2026-01-22 16:02:44,VantageMarkets Raw,XAUUSD,4823.84,4823.92,0.08,8,NewYork,Thursday
2026-01-22 16:02:45,VantageMarkets Raw,EURUSD,1.17168,1.1717,2e-05,2,NewYork,Thursday
2026-01-22 16:02:45,VantageMarkets Raw,GBPUSD,1.34248,1.34249,1e-05,1,NewYork,Thursday
2026-01-22 16:02:46,VantageMarkets Raw,USDJPY,158.686,158.688,0.002,2,NewYork,Thursday
2026-01-22 16:02:47,VantageMarkets Raw,AUDUSD,0.68164,0.68166,2e-05,2,NewYork,Thursday
2026-01-22 16:02:50,FPMarkets Raw,XAUUSD,4824.76,4824.83,0.07,7,NewYork,Thursday
2026-01-22 16:02:51,FPMarkets Raw,EURUSD,1.17172,1.17174,2e-05,2,NewYork,Thursday
2026-01-22 16:02:53,FPMarkets Raw,GBPUSD,1.34245,1.34248,3e-05,3,NewYork,Thursday
2026-01-22 16:02:54,FPMarkets Raw,USDJPY,158.69,158.693,0.003,3,NewYork,Thursday
2026-01-22 16:02:55,FPMarkets Raw,AUDUSD,0.68165,0.68168,3e-05,3,NewYork,Thursday
2026-01-22 16:02:57,8Cap Raw,XAUUSD,4824.12,4824.28,0.16,16,NewYork,Thursday
2026-01-22 16:02:58,8Cap Raw,EURUSD,1.17174,1.17174,0.0,0,NewYork,Thursday
2026-01-22 16:02:58,8Cap Raw,GBPUSD,1.34247,1.34248,1e-05,1,NewYork,Thursday
2026-01-22 16:02:59,8Cap Raw,USDJPY,158.697,158.698,0.001,1,NewYork,Thursday
2026-01-22 16:03:00,8Cap Raw,AUDUSD,0.68166,0.68168,2e-05,2,NewYork,Thursday
2026-01-22 16:07:16,Pepperstone Razor,XAUUSD,4822.6,4822.83,0.23,23,NewYork,Thursday
2026-01-22 16:07:17,Pepperstone Razor,EURUSD,1.1717,1.1717,0.0,0,NewYork,Thursday
2026-01-22 16:07:18,Pepperstone Razor,GBPUSD,1.34272,1.34273,1e-05,1,NewYork,Thursday
2026-01-22 16:07:19,Pepperstone Razor,USDJPY,158.733,158.734,0.001,1,NewYork,Thursday
2026-01-22 16:07:20,Pepperstone Razor,AUDUSD,0.68138,0.68138,0.0,0,NewYork,Thursday
2026-01-22 16:07:23,FusionMarkets Zero,XAUUSD,4822.32,4822.4,0.08,8,NewYork,Thursday
2026-01-22 16:07:24,FusionMarkets Zero,EURUSD,1.1717,1.1717,0.0,0,NewYork,Thursday
2026-01-22 16:07:24,FusionMarkets Zero,GBPUSD,1.34279,1.34279,0.0,0,NewYork,Thursday
2026-01-22 16:07:25,FusionMarkets Zero,USDJPY,158.732,158.732,0.0,0,NewYork,Thursday
2026-01-22 16:07:26,FusionMarkets Zero,AUDUSD,0.68145,0.68145,0.0,0,NewYork,Thursday
2026-01-22 16:07:29,ThinkMarkets ThinkZero,XAUUSD,4822.27,4822.35,0.08,8,NewYork,Thursday
2026-01-22 16:07:30,ThinkMarkets ThinkZero,EURUSD,1.17173,1.17174,1e-05,1,NewYork,Thursday
2026-01-22 16:07:31,ThinkMarkets ThinkZero,GBPUSD,1.34284,1.34289,5e-05,5,NewYork,Thursday
2026-01-22 16:07:32,ThinkMarkets ThinkZero,USDJPY,158.721,158.725,0.004,4,NewYork,Thursday
2026-01-22 16:07:33,ThinkMarkets ThinkZero,AUDUSD,0.68137,0.68139,2e-05,2,NewYork,Thursday
2026-01-22 16:07:36,ICMarkets Raw,XAUUSD,4822.88,4822.96,0.08,8,NewYork,Thursday
2026-01-22 16:07:37,ICMarkets Raw,EURUSD,1.17162,1.17162,0.0,0,NewYork,Thursday
2026-01-22 16:07:38,ICMarkets Raw,GBPUSD,1.34271,1.34272,1e-05,1,NewYork,Thursday
2026-01-22 16:07:38,ICMarkets Raw,USDJPY,158.74,158.742,0.002,2,NewYork,Thursday
2026-01-22 16:07:39,ICMarkets Raw,AUDUSD,0.68135,0.68136,1e-05,1,NewYork,Thursday
2026-01-22 16:07:42,VantageMarkets Raw,XAUUSD,4822.89,4822.97,0.08,8,NewYork,Thursday
2026-01-22 16:07:43,VantageMarkets Raw,EURUSD,1.17164,1.17166,2e-05,2,NewYork,Thursday
2026-01-22 16:07:44,VantageMarkets Raw,GBPUSD,1.34273,1.34274,1e-05,1,NewYork,Thursday
2026-01-22 16:07:45,VantageMarkets Raw,USDJPY,158.74,158.741,0.001,1,NewYork,Thursday
2026-01-22 16:07:46,VantageMarkets Raw,AUDUSD,0.68134,0.68137,3e-05,3,NewYork,Thursday
2026-01-22 16:07:48,FPMarkets Raw,XAUUSD,4822.54,4822.61,0.07,7,NewYork,Thursday
2026-01-22 16:07:49,FPMarkets Raw,EURUSD,1.17164,1.17165,1e-05,1,NewYork,Thursday
2026-01-22 16:07:50,FPMarkets Raw,GBPUSD,1.34272,1.34273,1e-05,1,NewYork,Thursday
2026-01-22 16:07:51,FPMarkets Raw,USDJPY,158.738,158.741,0.003,3,NewYork,Thursday
2026-01-22 16:07:52,FPMarkets Raw,AUDUSD,0.68133,0.68137,4e-05,4,NewYork,Thursday
2026-01-22 16:07:54,8Cap Raw,XAUUSD,4822.65,4822.81,0.16,16,NewYork,Thursday
2026-01-22 16:07:55,8Cap Raw,EURUSD,1.17166,1.17166,0.0,0,NewYork,Thursday
2026-01-22 16:07:56,8Cap Raw,GBPUSD,1.34271,1.34272,1e-05,1,NewYork,Thursday
2026-01-22 16:07:56,8Cap Raw,USDJPY,158.731,158.732,0.001,1,NewYork,Thursday
2026-01-22 16:07:57,8Cap Raw,AUDUSD,0.6814,0.68142,2e-05,2,NewYork,Thursday
2026-01-22 16:12:18,Pepperstone Razor,XAUUSD,4822.7,4822.89,0.19,19,NewYork,Thursday
2026-01-22 16:12:19,Pepperstone Razor,EURUSD,1.17174,1.17174,0.0,0,NewYork,Thursday
2026-01-22 16:12:20,Pepperstone Razor,GBPUSD,1.34275,1.34278,3e-05,3,NewYork,Thursday
2026-01-22 16:12:21,Pepperstone Razor,USDJPY,158.736,158.736,0.0,0,NewYork,Thursday
2026-01-22 16:12:22,Pepperstone Razor,AUDUSD,0.68156,0.68157,1e-05,1,NewYork,Thursday
2026-01-22 16:12:25,FusionMarkets Zero,XAUUSD,4822.61,4822.68,0.07,7,NewYork,Thursday
2026-01-22 16:12:26,FusionMarkets Zero,EURUSD,1.1718,1.1718,0.0,0,NewYork,Thursday
2026-01-22 16:12:27,FusionMarkets Zero,GBPUSD,1.34286,1.34286,0.0,0,NewYork,Thursday
2026-01-22 16:12:28,FusionMarkets Zero,USDJPY,158.735,158.735,0.0,0,NewYork,Thursday
2026-01-22 16:12:29,FusionMarkets Zero,AUDUSD,0.68157,0.68157,0.0,0,NewYork,Thursday
2026-01-22 16:12:32,ThinkMarkets ThinkZero,XAUUSD,4822.95,4823.03,0.08,8,NewYork,Thursday
2026-01-22 16:12:32,ThinkMarkets ThinkZero,EURUSD,1.17182,1.17184,2e-05,2,NewYork,Thursday
2026-01-22 16:12:33,ThinkMarkets ThinkZero,GBPUSD,1.34293,1.34298,5e-05,5,NewYork,Thursday
2026-01-22 16:12:34,ThinkMarkets ThinkZero,USDJPY,158.73,158.734,0.004,4,NewYork,Thursday
2026-01-22 16:12:35,ThinkMarkets ThinkZero,AUDUSD,0.68161,0.68164,3e-05,3,NewYork,Thursday
2026-01-22 16:12:38,ICMarkets Raw,XAUUSD,4823.27,4823.34,0.07,7,NewYork,Thursday
2026-01-22 16:12:39,ICMarkets Raw,EURUSD,1.17186,1.17186,0.0,0,NewYork,Thursday
2026-01-22 16:12:40,ICMarkets Raw,GBPUSD,1.34296,1.34297,1e-05,1,NewYork,Thursday
2026-01-22 16:12:41,ICMarkets Raw,USDJPY,158.725,158.725,0.0,0,NewYork,Thursday
2026-01-22 16:12:41,ICMarkets Raw,AUDUSD,0.68165,0.68165,0.0,0,NewYork,Thursday
2026-01-22 16:12:44,VantageMarkets Raw,XAUUSD,4823.15,4823.23,0.08,8,NewYork,Thursday
2026-01-22 16:12:45,VantageMarkets Raw,EURUSD,1.17186,1.17188,2e-05,2,NewYork,Thursday
2026-01-22 16:12:46,VantageMarkets Raw,GBPUSD,1.34296,1.34297,1e-05,1,NewYork,Thursday
2026-01-22 16:12:47,VantageMarkets Raw,USDJPY,158.722,158.724,0.002,2,NewYork,Thursday
2026-01-22 16:12:48,VantageMarkets Raw,AUDUSD,0.68158,0.68161,3e-05,3,NewYork,Thursday
2026-01-22 16:12:51,FPMarkets Raw,XAUUSD,4823.17,4823.24,0.07,7,NewYork,Thursday
2026-01-22 16:12:52,FPMarkets Raw,EURUSD,1.17188,1.17189,1e-05,1,NewYork,Thursday
2026-01-22 16:12:53,FPMarkets Raw,GBPUSD,1.34295,1.34298,3e-05,3,NewYork,Thursday
2026-01-22 16:12:54,FPMarkets Raw,USDJPY,158.721,158.724,0.003,3,NewYork,Thursday
2026-01-22 16:12:54,FPMarkets Raw,AUDUSD,0.68159,0.68162,3e-05,3,NewYork,Thursday
2026-01-22 16:12:56,8Cap Raw,XAUUSD,4823.85,4824.01,0.16,16,NewYork,Thursday
2026-01-22 16:12:57,8Cap Raw,EURUSD,1.17191,1.17191,0.0,0,NewYork,Thursday
2026-01-22 16:12:58,8Cap Raw,GBPUSD,1.34297,1.34298,1e-05,1,NewYork,Thursday
2026-01-22 16:12:58,8Cap Raw,USDJPY,158.722,158.723,0.001,1,NewYork,Thursday
2026-01-22 16:12:59,8Cap Raw,AUDUSD,0.6816,0.68162,2e-05,2,NewYork,Thursday
2026-01-22 16:17:16,Pepperstone Razor,XAUUSD,4825.54,4825.7,0.16,16,NewYork,Thursday
2026-01-22 16:17:17,Pepperstone Razor,EURUSD,1.17159,1.17159,0.0,0,NewYork,Thursday
2026-01-22 16:17:18,Pepperstone Razor,GBPUSD,1.34322,1.34325,3e-05,3,NewYork,Thursday
2026-01-22 16:17:20,Pepperstone Razor,USDJPY,158.712,158.713,0.001,1,NewYork,Thursday
2026-01-22 16:17:21,Pepperstone Razor,AUDUSD,0.68148,0.68149,1e-05,1,NewYork,Thursday
2026-01-22 16:17:24,FusionMarkets Zero,XAUUSD,4825.05,4825.12,0.07,7,NewYork,Thursday
2026-01-22 16:17:24,FusionMarkets Zero,EURUSD,1.17151,1.17151,0.0,0,NewYork,Thursday
2026-01-22 16:17:25,FusionMarkets Zero,GBPUSD,1.34317,1.34317,0.0,0,NewYork,Thursday
2026-01-22 16:17:26,FusionMarkets Zero,USDJPY,158.718,158.718,0.0,0,NewYork,Thursday
2026-01-22 16:17:27,FusionMarkets Zero,AUDUSD,0.68147,0.68147,0.0,0,NewYork,Thursday
2026-01-22 16:17:30,ThinkMarkets ThinkZero,XAUUSD,4824.13,4824.21,0.08,8,NewYork,Thursday
2026-01-22 16:17:31,ThinkMarkets ThinkZero,EURUSD,1.17141,1.17144,3e-05,3,NewYork,Thursday
2026-01-22 16:17:32,ThinkMarkets ThinkZero,GBPUSD,1.3431,1.34316,6e-05,6,NewYork,Thursday
2026-01-22 16:17:33,ThinkMarkets ThinkZero,USDJPY,158.727,158.727,0.0,0,NewYork,Thursday
2026-01-22 16:17:34,ThinkMarkets ThinkZero,AUDUSD,0.68148,0.6815,2e-05,2,NewYork,Thursday
2026-01-22 16:17:37,ICMarkets Raw,XAUUSD,4824.54,4824.6,0.06,6,NewYork,Thursday
2026-01-22 16:17:38,ICMarkets Raw,EURUSD,1.17145,1.17145,0.0,0,NewYork,Thursday
2026-01-22 16:17:39,ICMarkets Raw,GBPUSD,1.34313,1.34314,1e-05,1,NewYork,Thursday
2026-01-22 16:17:40,ICMarkets Raw,USDJPY,158.731,158.733,0.002,2,NewYork,Thursday
2026-01-22 16:17:41,ICMarkets Raw,AUDUSD,0.68149,0.68149,0.0,0,NewYork,Thursday
2026-01-22 16:17:44,VantageMarkets Raw,XAUUSD,4824.31,4824.39,0.08,8,NewYork,Thursday
2026-01-22 16:17:45,VantageMarkets Raw,EURUSD,1.17143,1.17145,2e-05,2,NewYork,Thursday
2026-01-22 16:17:45,VantageMarkets Raw,GBPUSD,1.34306,1.34307,1e-05,1,NewYork,Thursday
2026-01-22 16:17:46,VantageMarkets Raw,USDJPY,158.733,158.734,0.001,1,NewYork,Thursday
2026-01-22 16:17:47,VantageMarkets Raw,AUDUSD,0.68145,0.68148,3e-05,3,NewYork,Thursday
2026-01-22 16:17:50,FPMarkets Raw,XAUUSD,4824.27,4824.34,0.07,7,NewYork,Thursday
2026-01-22 16:17:51,FPMarkets Raw,EURUSD,1.17142,1.17143,1e-05,1,NewYork,Thursday
2026-01-22 16:17:52,FPMarkets Raw,GBPUSD,1.34301,1.34305,4e-05,4,NewYork,Thursday
2026-01-22 16:17:53,FPMarkets Raw,USDJPY,158.733,158.736,0.003,3,NewYork,Thursday
2026-01-22 16:17:54,FPMarkets Raw,AUDUSD,0.68148,0.68151,3e-05,3,NewYork,Thursday
2026-01-22 16:17:56,8Cap Raw,XAUUSD,4824.37,4824.53,0.16,16,NewYork,Thursday
2026-01-22 16:17:56,8Cap Raw,EURUSD,1.17143,1.17144,1e-05,1,NewYork,Thursday
2026-01-22 16:17:57,8Cap Raw,GBPUSD,1.34308,1.34309,1e-05,1,NewYork,Thursday
2026-01-22 16:17:58,8Cap Raw,USDJPY,158.738,158.739,0.001,1,NewYork,Thursday
2026-01-22 16:17:58,8Cap Raw,AUDUSD,0.68148,0.68151,3e-05,3,NewYork,Thursday
2026-01-22 16:22:16,Pepperstone Razor,XAUUSD,4824.95,4825.12,0.17,17,NewYork,Thursday
2026-01-22 16:22:17,Pepperstone Razor,EURUSD,1.17138,1.17139,1e-05,1,NewYork,Thursday
2026-01-22 16:22:18,Pepperstone Razor,GBPUSD,1.34291,1.34294,3e-05,3,NewYork,Thursday
2026-01-22 16:22:19,Pepperstone Razor,USDJPY,158.682,158.684,0.002,2,NewYork,Thursday
2026-01-22 16:22:20,Pepperstone Razor,AUDUSD,0.68143,0.68143,0.0,0,NewYork,Thursday
2026-01-22 16:22:23,FusionMarkets Zero,XAUUSD,4825.49,4825.56,0.07,7,NewYork,Thursday
2026-01-22 16:22:24,FusionMarkets Zero,EURUSD,1.17136,1.17136,0.0,0,NewYork,Thursday
2026-01-22 16:22:25,FusionMarkets Zero,GBPUSD,1.34293,1.34293,0.0,0,NewYork,Thursday
2026-01-22 16:22:26,FusionMarkets Zero,USDJPY,158.683,158.685,0.002,2,NewYork,Thursday
2026-01-22 16:22:27,FusionMarkets Zero,AUDUSD,0.68145,0.68145,0.0,0,NewYork,Thursday
2026-01-22 16:22:30,ThinkMarkets ThinkZero,XAUUSD,4825.25,4825.33,0.08,8,NewYork,Thursday
2026-01-22 16:22:31,ThinkMarkets ThinkZero,EURUSD,1.17134,1.17136,2e-05,2,NewYork,Thursday
2026-01-22 16:22:32,ThinkMarkets ThinkZero,GBPUSD,1.3429,1.34295,5e-05,5,NewYork,Thursday
2026-01-22 16:22:32,ThinkMarkets ThinkZero,USDJPY,158.682,158.687,0.005,5,NewYork,Thursday
2026-01-22 16:22:33,ThinkMarkets ThinkZero,AUDUSD,0.68141,0.68145,4e-05,4,NewYork,Thursday
2026-01-22 16:22:36,ICMarkets Raw,XAUUSD,4824.69,4824.74,0.05,5,NewYork,Thursday
2026-01-22 16:22:37,ICMarkets Raw,EURUSD,1.17135,1.17135,0.0,0,NewYork,Thursday
2026-01-22 16:22:38,ICMarkets Raw,GBPUSD,1.34293,1.34294,1e-05,1,NewYork,Thursday
2026-01-22 16:22:39,ICMarkets Raw,USDJPY,158.683,158.684,0.001,1,NewYork,Thursday
2026-01-22 16:22:40,ICMarkets Raw,AUDUSD,0.68145,0.68145,0.0,0,NewYork,Thursday
2026-01-22 16:22:43,VantageMarkets Raw,XAUUSD,4825.14,4825.22,0.08,8,NewYork,Thursday
2026-01-22 16:22:44,VantageMarkets Raw,EURUSD,1.17129,1.1713,1e-05,1,NewYork,Thursday
2026-01-22 16:22:44,VantageMarkets Raw,GBPUSD,1.34285,1.34286,1e-05,1,NewYork,Thursday
2026-01-22 16:22:45,VantageMarkets Raw,USDJPY,158.685,158.687,0.002,2,NewYork,Thursday
2026-01-22 16:22:46,VantageMarkets Raw,AUDUSD,0.68144,0.68146,2e-05,2,NewYork,Thursday
2026-01-22 16:22:49,FPMarkets Raw,XAUUSD,4825.2,4825.27,0.07,7,NewYork,Thursday
2026-01-22 16:22:50,FPMarkets Raw,EURUSD,1.17127,1.17128,1e-05,1,NewYork,Thursday
2026-01-22 16:22:51,FPMarkets Raw,GBPUSD,1.3428,1.34283,3e-05,3,NewYork,Thursday
2026-01-22 16:22:52,FPMarkets Raw,USDJPY,158.675,158.678,0.003,3,NewYork,Thursday
2026-01-22 16:22:53,FPMarkets Raw,AUDUSD,0.68147,0.68151,4e-05,4,NewYork,Thursday
2026-01-22 16:22:55,8Cap Raw,XAUUSD,4826.31,4826.47,0.16,16,NewYork,Thursday
2026-01-22 16:22:56,8Cap Raw,EURUSD,1.17138,1.17139,1e-05,1,NewYork,Thursday
2026-01-22 16:22:57,8Cap Raw,GBPUSD,1.34293,1.34296,3e-05,3,NewYork,Thursday
2026-01-22 16:22:57,8Cap Raw,USDJPY,158.676,158.677,0.001,1,NewYork,Thursday
2026-01-22 16:22:58,8Cap Raw,AUDUSD,0.68149,0.68152,3e-05,3,NewYork,Thursday
2026-01-22 16:27:16,Pepperstone Razor,XAUUSD,4828.14,4828.31,0.17,17,NewYork,Thursday
2026-01-22 16:27:17,Pepperstone Razor,EURUSD,1.17131,1.17131,0.0,0,NewYork,Thursday
2026-01-22 16:27:18,Pepperstone Razor,GBPUSD,1.3432,1.34323,3e-05,3,NewYork,Thursday
2026-01-22 16:27:19,Pepperstone Razor,USDJPY,158.632,158.634,0.002,2,NewYork,Thursday
2026-01-22 16:27:20,Pepperstone Razor,AUDUSD,0.68175,0.68175,0.0,0,NewYork,Thursday
2026-01-22 16:27:23,FusionMarkets Zero,XAUUSD,4827.9,4827.95,0.05,5,NewYork,Thursday
2026-01-22 16:27:24,FusionMarkets Zero,EURUSD,1.17144,1.17144,0.0,0,NewYork,Thursday
2026-01-22 16:27:25,FusionMarkets Zero,GBPUSD,1.34325,1.34325,0.0,0,NewYork,Thursday
2026-01-22 16:27:26,FusionMarkets Zero,USDJPY,158.636,158.636,0.0,0,NewYork,Thursday
2026-01-22 16:27:27,FusionMarkets Zero,AUDUSD,0.68181,0.68181,0.0,0,NewYork,Thursday
2026-01-22 16:27:30,ThinkMarkets ThinkZero,XAUUSD,4827.98,4828.06,0.08,8,NewYork,Thursday
2026-01-22 16:27:31,ThinkMarkets ThinkZero,EURUSD,1.1714,1.17142,2e-05,2,NewYork,Thursday
2026-01-22 16:27:32,ThinkMarkets ThinkZero,GBPUSD,1.34318,1.34325,7e-05,7,NewYork,Thursday
2026-01-22 16:27:33,ThinkMarkets ThinkZero,USDJPY,158.642,158.645,0.003,3,NewYork,Thursday
2026-01-22 16:27:34,ThinkMarkets ThinkZero,AUDUSD,0.68178,0.68182,4e-05,4,NewYork,Thursday
2026-01-22 16:27:37,ICMarkets Raw,XAUUSD,4828.38,4828.43,0.05,5,NewYork,Thursday
2026-01-22 16:27:38,ICMarkets Raw,EURUSD,1.17141,1.17142,1e-05,1,NewYork,Thursday
2026-01-22 16:27:39,ICMarkets Raw,GBPUSD,1.34323,1.34324,1e-05,1,NewYork,Thursday
2026-01-22 16:27:39,ICMarkets Raw,USDJPY,158.64,158.64,0.0,0,NewYork,Thursday
2026-01-22 16:27:40,ICMarkets Raw,AUDUSD,0.68182,0.68182,0.0,0,NewYork,Thursday
2026-01-22 16:27:43,VantageMarkets Raw,XAUUSD,4828.43,4828.51,0.08,8,NewYork,Thursday
2026-01-22 16:27:44,VantageMarkets Raw,EURUSD,1.17142,1.17145,3e-05,3,NewYork,Thursday
2026-01-22 16:27:45,VantageMarkets Raw,GBPUSD,1.34323,1.34325,2e-05,2,NewYork,Thursday
2026-01-22 16:27:46,VantageMarkets Raw,USDJPY,158.637,158.638,0.001,1,NewYork,Thursday
2026-01-22 16:27:47,VantageMarkets Raw,AUDUSD,0.68179,0.68182,3e-05,3,NewYork,Thursday
2026-01-22 16:27:49,FPMarkets Raw,XAUUSD,4828.82,4828.89,0.07,7,NewYork,Thursday
2026-01-22 16:27:50,FPMarkets Raw,EURUSD,1.17138,1.17139,1e-05,1,NewYork,Thursday
2026-01-22 16:27:51,FPMarkets Raw,GBPUSD,1.34321,1.34324,3e-05,3,NewYork,Thursday
2026-01-22 16:27:52,FPMarkets Raw,USDJPY,158.637,158.639,0.002,2,NewYork,Thursday
2026-01-22 16:27:53,FPMarkets Raw,AUDUSD,0.6818,0.68183,3e-05,3,NewYork,Thursday
2026-01-22 16:27:55,8Cap Raw,XAUUSD,4829.19,4829.35,0.16,16,NewYork,Thursday
2026-01-22 16:27:55,8Cap Raw,EURUSD,1.17138,1.17139,1e-05,1,NewYork,Thursday
2026-01-22 16:27:56,8Cap Raw,GBPUSD,1.34312,1.34315,3e-05,3,NewYork,Thursday
2026-01-22 16:27:57,8Cap Raw,USDJPY,158.639,158.64,0.001,1,NewYork,Thursday
2026-01-22 16:27:58,8Cap Raw,AUDUSD,0.68175,0.68178,3e-05,3,NewYork,Thursday
2026-01-22 16:32:17,Pepperstone Razor,XAUUSD,4837.86,4838.15,0.29,29,NewYork,Thursday
2026-01-22 16:32:18,Pepperstone Razor,EURUSD,1.17177,1.17177,0.0,0,NewYork,Thursday
2026-01-22 16:32:19,Pepperstone Razor,GBPUSD,1.34357,1.34359,2e-05,2,NewYork,Thursday
2026-01-22 16:32:20,Pepperstone Razor,USDJPY,158.61,158.61,0.0,0,NewYork,Thursday
2026-01-22 16:32:20,Pepperstone Razor,AUDUSD,0.68197,0.68199,2e-05,2,NewYork,Thursday
2026-01-22 16:32:24,FusionMarkets Zero,XAUUSD,4838.18,4838.41,0.23,23,NewYork,Thursday
2026-01-22 16:32:25,FusionMarkets Zero,EURUSD,1.17181,1.17181,0.0,0,NewYork,Thursday
2026-01-22 16:32:26,FusionMarkets Zero,GBPUSD,1.34367,1.34367,0.0,0,NewYork,Thursday
2026-01-22 16:32:26,FusionMarkets Zero,USDJPY,158.602,158.603,0.001,1,NewYork,Thursday
2026-01-22 16:32:27,FusionMarkets Zero,AUDUSD,0.68206,0.68206,0.0,0,NewYork,Thursday
2026-01-22 16:32:31,ThinkMarkets ThinkZero,XAUUSD,4838.2,4838.28,0.08,8,NewYork,Thursday
2026-01-22 16:32:32,ThinkMarkets ThinkZero,EURUSD,1.17187,1.17189,2e-05,2,NewYork,Thursday
2026-01-22 16:32:33,ThinkMarkets ThinkZero,GBPUSD,1.34357,1.34364,7e-05,7,NewYork,Thursday
2026-01-22 16:32:33,ThinkMarkets ThinkZero,USDJPY,158.609,158.613,0.004,4,NewYork,Thursday
2026-01-22 16:32:34,ThinkMarkets ThinkZero,AUDUSD,0.68194,0.68197,3e-05,3,NewYork,Thursday
2026-01-22 16:32:38,ICMarkets Raw,XAUUSD,4838.2,4838.3,0.1,10,NewYork,Thursday
2026-01-22 16:32:39,ICMarkets Raw,EURUSD,1.17183,1.17184,1e-05,1,NewYork,Thursday
2026-01-22 16:32:39,ICMarkets Raw,GBPUSD,1.34359,1.3436,1e-05,1,NewYork,Thursday
2026-01-22 16:32:40,ICMarkets Raw,USDJPY,158.612,158.614,0.002,2,NewYork,Thursday
2026-01-22 16:32:41,ICMarkets Raw,AUDUSD,0.68195,0.68196,1e-05,1,NewYork,Thursday
2026-01-22 16:32:44,VantageMarkets Raw,XAUUSD,4839.65,4839.73,0.08,8,NewYork,Thursday
2026-01-22 16:32:45,VantageMarkets Raw,EURUSD,1.17183,1.17185,2e-05,2,NewYork,Thursday
2026-01-22 16:32:46,VantageMarkets Raw,GBPUSD,1.34365,1.34367,2e-05,2,NewYork,Thursday
2026-01-22 16:32:47,VantageMarkets Raw,USDJPY,158.613,158.614,0.001,1,NewYork,Thursday
2026-01-22 16:32:48,VantageMarkets Raw,AUDUSD,0.68193,0.68196,3e-05,3,NewYork,Thursday
2026-01-22 16:32:51,FPMarkets Raw,XAUUSD,4841.23,4841.3,0.07,7,NewYork,Thursday
2026-01-22 16:32:52,FPMarkets Raw,EURUSD,1.17181,1.17183,2e-05,2,NewYork,Thursday
2026-01-22 16:32:53,FPMarkets Raw,GBPUSD,1.34359,1.34362,3e-05,3,NewYork,Thursday
2026-01-22 16:32:54,FPMarkets Raw,USDJPY,158.613,158.616,0.003,3,NewYork,Thursday
2026-01-22 16:32:55,FPMarkets Raw,AUDUSD,0.68194,0.68196,2e-05,2,NewYork,Thursday
2026-01-22 16:32:57,8Cap Raw,XAUUSD,4841.32,4841.48,0.16,16,NewYork,Thursday
2026-01-22 16:32:57,8Cap Raw,EURUSD,1.17179,1.17179,0.0,0,NewYork,Thursday
2026-01-22 16:32:58,8Cap Raw,GBPUSD,1.34354,1.34356,2e-05,2,NewYork,Thursday
2026-01-22 16:32:59,8Cap Raw,USDJPY,158.613,158.614,0.001,1,NewYork,Thursday
2026-01-22 16:32:59,8Cap Raw,AUDUSD,0.68197,0.682,3e-05,3,NewYork,Thursday
2026-01-22 16:37:16,Pepperstone Razor,XAUUSD,4837.69,4837.9,0.21,21,NewYork,Thursday
2026-01-22 16:37:17,Pepperstone Razor,EURUSD,1.17153,1.17155,2e-05,2,NewYork,Thursday
2026-01-22 16:37:18,Pepperstone Razor,GBPUSD,1.34361,1.34362,1e-05,1,NewYork,Thursday
2026-01-22 16:37:19,Pepperstone Razor,USDJPY,158.615,158.616,0.001,1,NewYork,Thursday
2026-01-22 16:37:20,Pepperstone Razor,AUDUSD,0.68179,0.6818,1e-05,1,NewYork,Thursday
2026-01-22 16:37:23,FusionMarkets Zero,XAUUSD,4837.52,4837.64,0.12,12,NewYork,Thursday
2026-01-22 16:37:24,FusionMarkets Zero,EURUSD,1.17154,1.17154,0.0,0,NewYork,Thursday
2026-01-22 16:37:25,FusionMarkets Zero,GBPUSD,1.34366,1.34366,0.0,0,NewYork,Thursday
2026-01-22 16:37:26,FusionMarkets Zero,USDJPY,158.615,158.615,0.0,0,NewYork,Thursday
2026-01-22 16:37:27,FusionMarkets Zero,AUDUSD,0.68178,0.68178,0.0,0,NewYork,Thursday
2026-01-22 16:37:30,ThinkMarkets ThinkZero,XAUUSD,4837.91,4837.99,0.08,8,NewYork,Thursday
2026-01-22 16:37:31,ThinkMarkets ThinkZero,EURUSD,1.1715,1.17153,3e-05,3,NewYork,Thursday
2026-01-22 16:37:32,ThinkMarkets ThinkZero,GBPUSD,1.34362,1.3437,8e-05,8,NewYork,Thursday
2026-01-22 16:37:33,ThinkMarkets ThinkZero,USDJPY,158.608,158.613,0.005,5,NewYork,Thursday
2026-01-22 16:37:34,ThinkMarkets ThinkZero,AUDUSD,0.68175,0.68177,2e-05,2,NewYork,Thursday
2026-01-22 16:37:37,ICMarkets Raw,XAUUSD,4837.58,4837.68,0.1,10,NewYork,Thursday
2026-01-22 16:37:38,ICMarkets Raw,EURUSD,1.1716,1.1716,0.0,0,NewYork,Thursday
2026-01-22 16:37:39,ICMarkets Raw,GBPUSD,1.34375,1.34376,1e-05,1,NewYork,Thursday
2026-01-22 16:37:40,ICMarkets Raw,USDJPY,158.6,158.601,0.001,1,NewYork,Thursday
2026-01-22 16:37:41,ICMarkets Raw,AUDUSD,0.6818,0.6818,0.0,0,NewYork,Thursday
2026-01-22 16:37:43,VantageMarkets Raw,XAUUSD,4839.08,4839.16,0.08,8,NewYork,Thursday
2026-01-22 16:37:44,VantageMarkets Raw,EURUSD,1.1716,1.17162,2e-05,2,NewYork,Thursday
2026-01-22 16:37:45,VantageMarkets Raw,GBPUSD,1.34383,1.34384,1e-05,1,NewYork,Thursday
2026-01-22 16:37:46,VantageMarkets Raw,USDJPY,158.602,158.603,0.001,1,NewYork,Thursday
2026-01-22 16:37:47,VantageMarkets Raw,AUDUSD,0.6818,0.68184,4e-05,4,NewYork,Thursday
2026-01-22 16:37:51,FPMarkets Raw,XAUUSD,4839.96,4840.03,0.07,7,NewYork,Thursday
2026-01-22 16:37:51,FPMarkets Raw,EURUSD,1.17172,1.17173,1e-05,1,NewYork,Thursday
2026-01-22 16:37:52,FPMarkets Raw,GBPUSD,1.3437,1.34373,3e-05,3,NewYork,Thursday
2026-01-22 16:37:53,FPMarkets Raw,USDJPY,158.593,158.596,0.003,3,NewYork,Thursday
2026-01-22 16:37:54,FPMarkets Raw,AUDUSD,0.68179,0.68182,3e-05,3,NewYork,Thursday
2026-01-22 16:37:56,8Cap Raw,XAUUSD,4838.6,4838.76,0.16,16,NewYork,Thursday
2026-01-22 16:37:57,8Cap Raw,EURUSD,1.17172,1.17172,0.0,0,NewYork,Thursday
2026-01-22 16:37:58,8Cap Raw,GBPUSD,1.34372,1.34375,3e-05,3,NewYork,Thursday
2026-01-22 16:37:58,8Cap Raw,USDJPY,158.587,158.588,0.001,1,NewYork,Thursday
2026-01-22 16:37:59,8Cap Raw,AUDUSD,0.68181,0.68184,3e-05,3,NewYork,Thursday
2026-01-22 16:42:16,Pepperstone Razor,XAUUSD,4844.11,4844.34,0.23,23,NewYork,Thursday
2026-01-22 16:42:17,Pepperstone Razor,EURUSD,1.17227,1.17227,0.0,0,NewYork,Thursday
2026-01-22 16:42:18,Pepperstone Razor,GBPUSD,1.34413,1.34416,3e-05,3,NewYork,Thursday
2026-01-22 16:42:19,Pepperstone Razor,USDJPY,158.586,158.588,0.002,2,NewYork,Thursday
2026-01-22 16:42:20,Pepperstone Razor,AUDUSD,0.68186,0.68186,0.0,0,NewYork,Thursday
2026-01-22 16:42:24,FusionMarkets Zero,XAUUSD,4843.36,4843.48,0.12,12,NewYork,Thursday
2026-01-22 16:42:24,FusionMarkets Zero,EURUSD,1.17228,1.17228,0.0,0,NewYork,Thursday
2026-01-22 16:42:25,FusionMarkets Zero,GBPUSD,1.34415,1.34415,0.0,0,NewYork,Thursday
2026-01-22 16:42:26,FusionMarkets Zero,USDJPY,158.583,158.584,0.001,1,NewYork,Thursday
2026-01-22 16:42:27,FusionMarkets Zero,AUDUSD,0.68182,0.68182,0.0,0,NewYork,Thursday
2026-01-22 16:42:30,ThinkMarkets ThinkZero,XAUUSD,4842.79,4842.87,0.08,8,NewYork,Thursday
2026-01-22 16:42:31,ThinkMarkets ThinkZero,EURUSD,1.17226,1.17228,2e-05,2,NewYork,Thursday
2026-01-22 16:42:32,ThinkMarkets ThinkZero,GBPUSD,1.3442,1.34424,4e-05,4,NewYork,Thursday
2026-01-22 16:42:33,ThinkMarkets ThinkZero,USDJPY,158.579,158.585,0.006,6,NewYork,Thursday
2026-01-22 16:42:34,ThinkMarkets ThinkZero,AUDUSD,0.68179,0.68184,5e-05,5,NewYork,Thursday
2026-01-22 16:42:37,ICMarkets Raw,XAUUSD,4843.8,4843.9,0.1,10,NewYork,Thursday
2026-01-22 16:42:38,ICMarkets Raw,EURUSD,1.17228,1.17228,0.0,0,NewYork,Thursday
2026-01-22 16:42:39,ICMarkets Raw,GBPUSD,1.34422,1.34423,1e-05,1,NewYork,Thursday
2026-01-22 16:42:40,ICMarkets Raw,USDJPY,158.583,158.584,0.001,1,NewYork,Thursday
2026-01-22 16:42:41,ICMarkets Raw,AUDUSD,0.6818,0.6818,0.0,0,NewYork,Thursday
2026-01-22 16:42:44,VantageMarkets Raw,XAUUSD,4843.33,4843.41,0.08,8,NewYork,Thursday
2026-01-22 16:42:45,VantageMarkets Raw,EURUSD,1.17225,1.17227,2e-05,2,NewYork,Thursday
2026-01-22 16:42:46,VantageMarkets Raw,GBPUSD,1.34416,1.34417,1e-05,1,NewYork,Thursday
2026-01-22 16:42:47,VantageMarkets Raw,USDJPY,158.587,158.591,0.004,4,NewYork,Thursday
2026-01-22 16:42:48,VantageMarkets Raw,AUDUSD,0.68175,0.68179,4e-05,4,NewYork,Thursday
2026-01-22 16:42:51,FPMarkets Raw,XAUUSD,4842.22,4842.29,0.07,7,NewYork,Thursday
2026-01-22 16:42:52,FPMarkets Raw,EURUSD,1.17224,1.17226,2e-05,2,NewYork,Thursday
2026-01-22 16:42:53,FPMarkets Raw,GBPUSD,1.34416,1.34419,3e-05,3,NewYork,Thursday
2026-01-22 16:42:54,FPMarkets Raw,USDJPY,158.588,158.591,0.003,3,NewYork,Thursday
2026-01-22 16:42:55,FPMarkets Raw,AUDUSD,0.68178,0.6818,2e-05,2,NewYork,Thursday
2026-01-22 16:42:57,8Cap Raw,XAUUSD,4842.06,4842.22,0.16,16,NewYork,Thursday
2026-01-22 16:42:57,8Cap Raw,EURUSD,1.1722,1.17221,1e-05,1,NewYork,Thursday
2026-01-22 16:42:58,8Cap Raw,GBPUSD,1.34423,1.34424,1e-05,1,NewYork,Thursday
2026-01-22 16:42:59,8Cap Raw,USDJPY,158.588,158.589,0.001,1,NewYork,Thursday
2026-01-22 16:42:59,8Cap Raw,AUDUSD,0.68176,0.68178,2e-05,2,NewYork,Thursday
2026-01-22 16:47:17,Pepperstone Razor,XAUUSD,4843.62,4843.83,0.21,21,NewYork,Thursday
2026-01-22 16:47:18,Pepperstone Razor,EURUSD,1.17199,1.17199,0.0,0,NewYork,Thursday
2026-01-22 16:47:19,Pepperstone Razor,GBPUSD,1.34381,1.34384,3e-05,3,NewYork,Thursday
2026-01-22 16:47:19,Pepperstone Razor,USDJPY,158.592,158.592,0.0,0,NewYork,Thursday
2026-01-22 16:47:20,Pepperstone Razor,AUDUSD,0.68177,0.68177,0.0,0,NewYork,Thursday
2026-01-22 16:47:24,FusionMarkets Zero,XAUUSD,4842.9,4843.02,0.12,12,NewYork,Thursday
2026-01-22 16:47:25,FusionMarkets Zero,EURUSD,1.1721,1.1721,0.0,0,NewYork,Thursday
2026-01-22 16:47:26,FusionMarkets Zero,GBPUSD,1.34396,1.34396,0.0,0,NewYork,Thursday
2026-01-22 16:47:27,FusionMarkets Zero,USDJPY,158.589,158.589,0.0,0,NewYork,Thursday
2026-01-22 16:47:28,FusionMarkets Zero,AUDUSD,0.68182,0.68182,0.0,0,NewYork,Thursday
2026-01-22 16:47:31,ThinkMarkets ThinkZero,XAUUSD,4843.86,4843.94,0.08,8,NewYork,Thursday
2026-01-22 16:47:32,ThinkMarkets ThinkZero,EURUSD,1.17203,1.17205,2e-05,2,NewYork,Thursday
2026-01-22 16:47:33,ThinkMarkets ThinkZero,GBPUSD,1.34392,1.34398,6e-05,6,NewYork,Thursday
2026-01-22 16:47:34,ThinkMarkets ThinkZero,USDJPY,158.587,158.592,0.005,5,NewYork,Thursday
2026-01-22 16:47:35,ThinkMarkets ThinkZero,AUDUSD,0.68179,0.68182,3e-05,3,NewYork,Thursday
2026-01-22 16:47:38,ICMarkets Raw,XAUUSD,4843.97,4844.08,0.11,11,NewYork,Thursday
2026-01-22 16:47:39,ICMarkets Raw,EURUSD,1.1721,1.1721,0.0,0,NewYork,Thursday
2026-01-22 16:47:40,ICMarkets Raw,GBPUSD,1.34403,1.34404,1e-05,1,NewYork,Thursday
2026-01-22 16:47:41,ICMarkets Raw,USDJPY,158.591,158.591,0.0,0,NewYork,Thursday
2026-01-22 16:47:41,ICMarkets Raw,AUDUSD,0.6818,0.68181,1e-05,1,NewYork,Thursday
2026-01-22 16:47:44,VantageMarkets Raw,XAUUSD,4844.91,4844.99,0.08,8,NewYork,Thursday
2026-01-22 16:47:45,VantageMarkets Raw,EURUSD,1.17208,1.1721,2e-05,2,NewYork,Thursday
2026-01-22 16:47:46,VantageMarkets Raw,GBPUSD,1.34405,1.34406,1e-05,1,NewYork,Thursday
2026-01-22 16:47:47,VantageMarkets Raw,USDJPY,158.592,158.593,0.001,1,NewYork,Thursday
2026-01-22 16:47:48,VantageMarkets Raw,AUDUSD,0.68182,0.68185,3e-05,3,NewYork,Thursday
2026-01-22 16:47:51,FPMarkets Raw,XAUUSD,4845.22,4845.29,0.07,7,NewYork,Thursday
2026-01-22 16:47:52,FPMarkets Raw,EURUSD,1.17207,1.17208,1e-05,1,NewYork,Thursday
2026-01-22 16:47:53,FPMarkets Raw,GBPUSD,1.34408,1.34411,3e-05,3,NewYork,Thursday
2026-01-22 16:47:54,FPMarkets Raw,USDJPY,158.59,158.593,0.003,3,NewYork,Thursday
2026-01-22 16:47:55,FPMarkets Raw,AUDUSD,0.6818,0.68183,3e-05,3,NewYork,Thursday
2026-01-22 16:47:57,8Cap Raw,XAUUSD,4846.16,4846.32,0.16,16,NewYork,Thursday
2026-01-22 16:47:57,8Cap Raw,EURUSD,1.17209,1.17209,0.0,0,NewYork,Thursday
2026-01-22 16:47:58,8Cap Raw,GBPUSD,1.34408,1.34409,1e-05,1,NewYork,Thursday
2026-01-22 16:47:59,8Cap Raw,USDJPY,158.592,158.593,0.001,1,NewYork,Thursday
2026-01-22 16:48:00,8Cap Raw,AUDUSD,0.6818,0.68183,3e-05,3,NewYork,Thursday
2026-01-22 16:52:17,Pepperstone Razor,XAUUSD,4843.06,4843.25,0.19,19,NewYork,Thursday
2026-01-22 16:52:18,Pepperstone Razor,EURUSD,1.17208,1.17208,0.0,0,NewYork,Thursday
2026-01-22 16:52:19,Pepperstone Razor,GBPUSD,1.34459,1.34461,2e-05,2,NewYork,Thursday
2026-01-22 16:52:20,Pepperstone Razor,USDJPY,158.574,158.576,0.002,2,NewYork,Thursday
2026-01-22 16:52:20,Pepperstone Razor,AUDUSD,0.68178,0.68178,0.0,0,NewYork,Thursday
2026-01-22 16:52:24,FusionMarkets Zero,XAUUSD,4842.14,4842.24,0.1,10,NewYork,Thursday
2026-01-22 16:52:25,FusionMarkets Zero,EURUSD,1.17211,1.17211,0.0,0,NewYork,Thursday
2026-01-22 16:52:26,FusionMarkets Zero,GBPUSD,1.34456,1.34456,0.0,0,NewYork,Thursday
2026-01-22 16:52:27,FusionMarkets Zero,USDJPY,158.573,158.575,0.002,2,NewYork,Thursday
2026-01-22 16:52:28,FusionMarkets Zero,AUDUSD,0.68175,0.68175,0.0,0,NewYork,Thursday
2026-01-22 16:52:31,ThinkMarkets ThinkZero,XAUUSD,4842.18,4842.26,0.08,8,NewYork,Thursday
2026-01-22 16:52:32,ThinkMarkets ThinkZero,EURUSD,1.17211,1.17213,2e-05,2,NewYork,Thursday
2026-01-22 16:52:33,ThinkMarkets ThinkZero,GBPUSD,1.34444,1.3445,6e-05,6,NewYork,Thursday
2026-01-22 16:52:34,ThinkMarkets ThinkZero,USDJPY,158.571,158.575,0.004,4,NewYork,Thursday
2026-01-22 16:52:35,ThinkMarkets ThinkZero,AUDUSD,0.68184,0.68187,3e-05,3,NewYork,Thursday
2026-01-22 16:52:38,ICMarkets Raw,XAUUSD,4843.83,4843.94,0.11,11,NewYork,Thursday
2026-01-22 16:52:39,ICMarkets Raw,EURUSD,1.17216,1.17217,1e-05,1,NewYork,Thursday
2026-01-22 16:52:40,ICMarkets Raw,GBPUSD,1.34454,1.34458,4e-05,4,NewYork,Thursday
2026-01-22 16:52:41,ICMarkets Raw,USDJPY,158.571,158.572,0.001,1,NewYork,Thursday
2026-01-22 16:52:42,ICMarkets Raw,AUDUSD,0.68185,0.68186,1e-05,1,NewYork,Thursday
2026-01-22 16:52:45,VantageMarkets Raw,XAUUSD,4843.99,4844.07,0.08,8,NewYork,Thursday
2026-01-22 16:52:46,VantageMarkets Raw,EURUSD,1.17207,1.17209,2e-05,2,NewYork,Thursday
2026-01-22 16:52:47,VantageMarkets Raw,GBPUSD,1.3444,1.34443,3e-05,3,NewYork,Thursday
2026-01-22 16:52:47,VantageMarkets Raw,USDJPY,158.585,158.59,0.005,5,NewYork,Thursday
2026-01-22 16:52:48,VantageMarkets Raw,AUDUSD,0.6818,0.68184,4e-05,4,NewYork,Thursday
2026-01-22 16:52:52,FPMarkets Raw,XAUUSD,4844.19,4844.26,0.07,7,NewYork,Thursday
2026-01-22 16:52:53,FPMarkets Raw,EURUSD,1.17206,1.17207,1e-05,1,NewYork,Thursday
2026-01-22 16:52:54,FPMarkets Raw,GBPUSD,1.34438,1.34441,3e-05,3,NewYork,Thursday
2026-01-22 16:52:55,FPMarkets Raw,USDJPY,158.586,158.588,0.002,2,NewYork,Thursday
2026-01-22 16:52:55,FPMarkets Raw,AUDUSD,0.68177,0.6818,3e-05,3,NewYork,Thursday
2026-01-22 16:52:57,8Cap Raw,XAUUSD,4842.42,4842.58,0.16,16,NewYork,Thursday
2026-01-22 16:52:58,8Cap Raw,EURUSD,1.172,1.172,0.0,0,NewYork,Thursday
2026-01-22 16:52:59,8Cap Raw,GBPUSD,1.34439,1.34444,5e-05,5,NewYork,Thursday
2026-01-22 16:52:59,8Cap Raw,USDJPY,158.587,158.59,0.003,3,NewYork,Thursday
2026-01-22 16:53:00,8Cap Raw,AUDUSD,0.6817,0.68172,2e-05,2,NewYork,Thursday
2026-01-22 16:57:17,Pepperstone Razor,XAUUSD,4840.74,4840.88,0.14,14,NewYork,Thursday
2026-01-22 16:57:18,Pepperstone Razor,EURUSD,1.17232,1.17232,0.0,0,NewYork,Thursday
2026-01-22 16:57:19,Pepperstone Razor,GBPUSD,1.34491,1.34492,1e-05,1,NewYork,Thursday
2026-01-22 16:57:20,Pepperstone Razor,USDJPY,158.598,158.599,0.001,1,NewYork,Thursday
2026-01-22 16:57:21,Pepperstone Razor,AUDUSD,0.68169,0.68169,0.0,0,NewYork,Thursday
2026-01-22 16:57:24,FusionMarkets Zero,XAUUSD,4840.3,4840.37,0.07,7,NewYork,Thursday
2026-01-22 16:57:25,FusionMarkets Zero,EURUSD,1.17231,1.17231,0.0,0,NewYork,Thursday
2026-01-22 16:57:26,FusionMarkets Zero,GBPUSD,1.34493,1.34493,0.0,0,NewYork,Thursday
2026-01-22 16:57:27,FusionMarkets Zero,USDJPY,158.597,158.597,0.0,0,NewYork,Thursday
2026-01-22 16:57:28,FusionMarkets Zero,AUDUSD,0.68159,0.68159,0.0,0,NewYork,Thursday
2026-01-22 16:57:32,ThinkMarkets ThinkZero,XAUUSD,4839.11,4839.19,0.08,8,NewYork,Thursday
2026-01-22 16:57:32,ThinkMarkets ThinkZero,EURUSD,1.17226,1.17229,3e-05,3,NewYork,Thursday
2026-01-22 16:57:33,ThinkMarkets ThinkZero,GBPUSD,1.34479,1.34486,7e-05,7,NewYork,Thursday
2026-01-22 16:57:34,ThinkMarkets ThinkZero,USDJPY,158.594,158.599,0.005,5,NewYork,Thursday
2026-01-22 16:57:35,ThinkMarkets ThinkZero,AUDUSD,0.68151,0.68154,3e-05,3,NewYork,Thursday
2026-01-22 16:57:39,ICMarkets Raw,XAUUSD,4838.31,4838.39,0.08,8,NewYork,Thursday
2026-01-22 16:57:40,ICMarkets Raw,EURUSD,1.17227,1.17227,0.0,0,NewYork,Thursday
2026-01-22 16:57:41,ICMarkets Raw,GBPUSD,1.34472,1.34473,1e-05,1,NewYork,Thursday
2026-01-22 16:57:42,ICMarkets Raw,USDJPY,158.595,158.595,0.0,0,NewYork,Thursday
2026-01-22 16:57:42,ICMarkets Raw,AUDUSD,0.6815,0.68151,1e-05,1,NewYork,Thursday
2026-01-22 16:57:46,VantageMarkets Raw,XAUUSD,4839.59,4839.67,0.08,8,NewYork,Thursday
2026-01-22 16:57:46,VantageMarkets Raw,EURUSD,1.17222,1.17224,2e-05,2,NewYork,Thursday
2026-01-22 16:57:47,VantageMarkets Raw,GBPUSD,1.3447,1.34471,1e-05,1,NewYork,Thursday
2026-01-22 16:57:48,VantageMarkets Raw,USDJPY,158.597,158.599,0.002,2,NewYork,Thursday
2026-01-22 16:57:49,VantageMarkets Raw,AUDUSD,0.68154,0.68157,3e-05,3,NewYork,Thursday
2026-01-22 16:57:52,FPMarkets Raw,XAUUSD,4839.32,4839.39,0.07,7,NewYork,Thursday
2026-01-22 16:57:53,FPMarkets Raw,EURUSD,1.1722,1.17222,2e-05,2,NewYork,Thursday
2026-01-22 16:57:54,FPMarkets Raw,GBPUSD,1.34465,1.34468,3e-05,3,NewYork,Thursday
2026-01-22 16:57:55,FPMarkets Raw,USDJPY,158.595,158.598,0.003,3,NewYork,Thursday
2026-01-22 16:57:56,FPMarkets Raw,AUDUSD,0.6815,0.68152,2e-05,2,NewYork,Thursday
2026-01-22 16:57:58,8Cap Raw,XAUUSD,4838.0,4838.16,0.16,16,NewYork,Thursday
2026-01-22 16:57:59,8Cap Raw,EURUSD,1.17218,1.17218,0.0,0,NewYork,Thursday
2026-01-22 16:57:59,8Cap Raw,GBPUSD,1.34462,1.34463,1e-05,1,NewYork,Thursday
2026-01-22 16:58:00,8Cap Raw,USDJPY,158.597,158.598,0.001,1,NewYork,Thursday
2026-01-22 16:58:01,8Cap Raw,AUDUSD,0.68149,0.68152,3e-05,3,NewYork,Thursday
2026-01-22 17:02:17,Pepperstone Razor,XAUUSD,4833.85,4834.06,0.21,21,NewYork,Thursday
2026-01-22 17:02:17,Pepperstone Razor,EURUSD,1.17187,1.17187,0.0,0,NewYork,Thursday
2026-01-22 17:02:18,Pepperstone Razor,GBPUSD,1.34472,1.34474,2e-05,2,NewYork,Thursday
2026-01-22 17:02:19,Pepperstone Razor,USDJPY,158.637,158.639,0.002,2,NewYork,Thursday
2026-01-22 17:02:20,Pepperstone Razor,AUDUSD,0.68133,0.68133,0.0,0,NewYork,Thursday
2026-01-22 17:02:23,FusionMarkets Zero,XAUUSD,4834.92,4835.13,0.21,21,NewYork,Thursday
2026-01-22 17:02:24,FusionMarkets Zero,EURUSD,1.17191,1.17191,0.0,0,NewYork,Thursday
2026-01-22 17:02:25,FusionMarkets Zero,GBPUSD,1.34479,1.34479,0.0,0,NewYork,Thursday
2026-01-22 17:02:26,FusionMarkets Zero,USDJPY,158.636,158.636,0.0,0,NewYork,Thursday
2026-01-22 17:02:27,FusionMarkets Zero,AUDUSD,0.68132,0.68132,0.0,0,NewYork,Thursday
2026-01-22 17:02:30,ThinkMarkets ThinkZero,XAUUSD,4834.79,4834.87,0.08,8,NewYork,Thursday
2026-01-22 17:02:30,ThinkMarkets ThinkZero,EURUSD,1.17195,1.17197,2e-05,2,NewYork,Thursday
2026-01-22 17:02:31,ThinkMarkets ThinkZero,GBPUSD,1.34483,1.34487,4e-05,4,NewYork,Thursday
2026-01-22 17:02:32,ThinkMarkets ThinkZero,USDJPY,158.621,158.626,0.005,5,NewYork,Thursday
2026-01-22 17:02:33,ThinkMarkets ThinkZero,AUDUSD,0.68133,0.68136,3e-05,3,NewYork,Thursday
2026-01-22 17:02:36,ICMarkets Raw,XAUUSD,4836.02,4836.49,0.47,47,NewYork,Thursday
2026-01-22 17:02:37,ICMarkets Raw,EURUSD,1.17199,1.172,1e-05,1,NewYork,Thursday
2026-01-22 17:02:38,ICMarkets Raw,GBPUSD,1.34485,1.34486,1e-05,1,NewYork,Thursday
2026-01-22 17:02:39,ICMarkets Raw,USDJPY,158.624,158.624,0.0,0,NewYork,Thursday
2026-01-22 17:02:40,ICMarkets Raw,AUDUSD,0.68136,0.68136,0.0,0,NewYork,Thursday
2026-01-22 17:02:42,VantageMarkets Raw,XAUUSD,4837.29,4837.37,0.08,8,NewYork,Thursday
2026-01-22 17:02:43,VantageMarkets Raw,EURUSD,1.172,1.17201,1e-05,1,NewYork,Thursday
2026-01-22 17:02:44,VantageMarkets Raw,GBPUSD,1.34482,1.34483,1e-05,1,NewYork,Thursday
2026-01-22 17:02:45,VantageMarkets Raw,USDJPY,158.624,158.628,0.004,4,NewYork,Thursday
2026-01-22 17:02:46,VantageMarkets Raw,AUDUSD,0.68127,0.6813,3e-05,3,NewYork,Thursday
2026-01-22 17:02:49,FPMarkets Raw,XAUUSD,4836.04,4836.11,0.07,7,NewYork,Thursday
2026-01-22 17:02:50,FPMarkets Raw,EURUSD,1.17198,1.172,2e-05,2,NewYork,Thursday
2026-01-22 17:02:51,FPMarkets Raw,GBPUSD,1.34473,1.34477,4e-05,4,NewYork,Thursday
2026-01-22 17:02:52,FPMarkets Raw,USDJPY,158.623,158.626,0.003,3,NewYork,Thursday
2026-01-22 17:02:52,FPMarkets Raw,AUDUSD,0.68127,0.6813,3e-05,3,NewYork,Thursday
2026-01-22 17:02:55,8Cap Raw,XAUUSD,4836.42,4836.58,0.16,16,NewYork,Thursday
2026-01-22 17:02:55,8Cap Raw,EURUSD,1.17199,1.172,1e-05,1,NewYork,Thursday
2026-01-22 17:02:56,8Cap Raw,GBPUSD,1.34483,1.34484,1e-05,1,NewYork,Thursday
2026-01-22 17:02:57,8Cap Raw,USDJPY,158.61,158.613,0.003,3,NewYork,Thursday
2026-01-22 17:02:58,8Cap Raw,AUDUSD,0.68127,0.68131,4e-05,4,NewYork,Thursday
2026-01-22 17:07:16,Pepperstone Razor,XAUUSD,4835.64,4835.83,0.19,19,NewYork,Thursday
2026-01-22 17:07:17,Pepperstone Razor,EURUSD,1.17237,1.17237,0.0,0,NewYork,Thursday
2026-01-22 17:07:18,Pepperstone Razor,GBPUSD,1.34572,1.34574,2e-05,2,NewYork,Thursday
2026-01-22 17:07:19,Pepperstone Razor,USDJPY,158.576,158.578,0.002,2,NewYork,Thursday
2026-01-22 17:07:20,Pepperstone Razor,AUDUSD,0.68119,0.68119,0.0,0,NewYork,Thursday
2026-01-22 17:07:23,FusionMarkets Zero,XAUUSD,4836.04,4836.15,0.11,11,NewYork,Thursday
2026-01-22 17:07:24,FusionMarkets Zero,EURUSD,1.17239,1.17239,0.0,0,NewYork,Thursday
2026-01-22 17:07:24,FusionMarkets Zero,GBPUSD,1.34584,1.34584,0.0,0,NewYork,Thursday
2026-01-22 17:07:25,FusionMarkets Zero,USDJPY,158.564,158.566,0.002,2,NewYork,Thursday
2026-01-22 17:07:26,FusionMarkets Zero,AUDUSD,0.68118,0.68118,0.0,0,NewYork,Thursday
2026-01-22 17:07:29,ThinkMarkets ThinkZero,XAUUSD,4836.16,4836.24,0.08,8,NewYork,Thursday
2026-01-22 17:07:30,ThinkMarkets ThinkZero,EURUSD,1.17237,1.17239,2e-05,2,NewYork,Thursday
2026-01-22 17:07:31,ThinkMarkets ThinkZero,GBPUSD,1.34584,1.3459,6e-05,6,NewYork,Thursday
2026-01-22 17:07:32,ThinkMarkets ThinkZero,USDJPY,158.566,158.571,0.005,5,NewYork,Thursday
2026-01-22 17:07:33,ThinkMarkets ThinkZero,AUDUSD,0.68115,0.68118,3e-05,3,NewYork,Thursday
2026-01-22 17:07:36,ICMarkets Raw,XAUUSD,4836.27,4836.38,0.11,11,NewYork,Thursday
2026-01-22 17:07:37,ICMarkets Raw,EURUSD,1.17234,1.17234,0.0,0,NewYork,Thursday
2026-01-22 17:07:38,ICMarkets Raw,GBPUSD,1.34585,1.34586,1e-05,1,NewYork,Thursday
2026-01-22 17:07:38,ICMarkets Raw,USDJPY,158.573,158.575,0.002,2,NewYork,Thursday
2026-01-22 17:07:39,ICMarkets Raw,AUDUSD,0.68108,0.68108,0.0,0,NewYork,Thursday
2026-01-22 17:07:42,VantageMarkets Raw,XAUUSD,4835.02,4835.1,0.08,8,NewYork,Thursday
2026-01-22 17:07:43,VantageMarkets Raw,EURUSD,1.17225,1.17227,2e-05,2,NewYork,Thursday
2026-01-22 17:07:44,VantageMarkets Raw,GBPUSD,1.34576,1.34578,2e-05,2,NewYork,Thursday
2026-01-22 17:07:45,VantageMarkets Raw,USDJPY,158.576,158.584,0.008,8,NewYork,Thursday
2026-01-22 17:07:46,VantageMarkets Raw,AUDUSD,0.68112,0.68115,3e-05,3,NewYork,Thursday
2026-01-22 17:07:48,FPMarkets Raw,XAUUSD,4836.08,4836.15,0.07,7,NewYork,Thursday
2026-01-22 17:07:49,FPMarkets Raw,EURUSD,1.17231,1.17232,1e-05,1,NewYork,Thursday
2026-01-22 17:07:50,FPMarkets Raw,GBPUSD,1.3458,1.34583,3e-05,3,NewYork,Thursday
2026-01-22 17:07:51,FPMarkets Raw,USDJPY,158.573,158.576,0.003,3,NewYork,Thursday
2026-01-22 17:07:52,FPMarkets Raw,AUDUSD,0.68112,0.68114,2e-05,2,NewYork,Thursday
2026-01-22 17:07:54,8Cap Raw,XAUUSD,4834.86,4835.02,0.16,16,NewYork,Thursday
2026-01-22 17:07:55,8Cap Raw,EURUSD,1.17223,1.17223,0.0,0,NewYork,Thursday
2026-01-22 17:07:55,8Cap Raw,GBPUSD,1.34568,1.34571,3e-05,3,NewYork,Thursday
2026-01-22 17:07:56,8Cap Raw,USDJPY,158.562,158.566,0.004,4,NewYork,Thursday
2026-01-22 17:07:57,8Cap Raw,AUDUSD,0.68109,0.68112,3e-05,3,NewYork,Thursday
2026-01-22 17:12:17,Pepperstone Razor,XAUUSD,4837.11,4837.28,0.17,17,NewYork,Thursday
2026-01-22 17:12:18,Pepperstone Razor,EURUSD,1.17228,1.17228,0.0,0,NewYork,Thursday
2026-01-22 17:12:19,Pepperstone Razor,GBPUSD,1.34583,1.34585,2e-05,2,NewYork,Thursday
2026-01-22 17:12:19,Pepperstone Razor,USDJPY,158.493,158.496,0.003,3,NewYork,Thursday
2026-01-22 17:12:20,Pepperstone Razor,AUDUSD,0.6813,0.68131,1e-05,1,NewYork,Thursday
2026-01-22 17:12:23,FusionMarkets Zero,XAUUSD,4837.25,4837.33,0.08,8,NewYork,Thursday
2026-01-22 17:12:24,FusionMarkets Zero,EURUSD,1.17231,1.17231,0.0,0,NewYork,Thursday
2026-01-22 17:12:25,FusionMarkets Zero,GBPUSD,1.34587,1.34587,0.0,0,NewYork,Thursday
2026-01-22 17:12:26,FusionMarkets Zero,USDJPY,158.494,158.494,0.0,0,NewYork,Thursday
2026-01-22 17:12:27,FusionMarkets Zero,AUDUSD,0.68135,0.68135,0.0,0,NewYork,Thursday
2026-01-22 17:12:30,ThinkMarkets ThinkZero,XAUUSD,4836.8,4836.88,0.08,8,NewYork,Thursday
2026-01-22 17:12:31,ThinkMarkets ThinkZero,EURUSD,1.17226,1.17229,3e-05,3,NewYork,Thursday
2026-01-22 17:12:32,ThinkMarkets ThinkZero,GBPUSD,1.34579,1.34583,4e-05,4,NewYork,Thursday
2026-01-22 17:12:33,ThinkMarkets ThinkZero,USDJPY,158.489,158.492,0.003,3,NewYork,Thursday
2026-01-22 17:12:34,ThinkMarkets ThinkZero,AUDUSD,0.68134,0.68136,2e-05,2,NewYork,Thursday
2026-01-22 17:12:36,ICMarkets Raw,XAUUSD,4836.13,4836.21,0.08,8,NewYork,Thursday
2026-01-22 17:12:37,ICMarkets Raw,EURUSD,1.17232,1.17232,0.0,0,NewYork,Thursday
2026-01-22 17:12:38,ICMarkets Raw,GBPUSD,1.34587,1.34588,1e-05,1,NewYork,Thursday
2026-01-22 17:12:39,ICMarkets Raw,USDJPY,158.491,158.491,0.0,0,NewYork,Thursday
2026-01-22 17:12:40,ICMarkets Raw,AUDUSD,0.68137,0.68137,0.0,0,NewYork,Thursday
2026-01-22 17:12:42,VantageMarkets Raw,XAUUSD,4837.35,4837.43,0.08,8,NewYork,Thursday
2026-01-22 17:12:43,VantageMarkets Raw,EURUSD,1.17236,1.17237,1e-05,1,NewYork,Thursday
2026-01-22 17:12:44,VantageMarkets Raw,GBPUSD,1.34592,1.34593,1e-05,1,NewYork,Thursday
2026-01-22 17:12:45,VantageMarkets Raw,USDJPY,158.489,158.493,0.004,4,NewYork,Thursday
2026-01-22 17:12:46,VantageMarkets Raw,AUDUSD,0.68137,0.6814,3e-05,3,NewYork,Thursday
2026-01-22 17:12:49,FPMarkets Raw,XAUUSD,4837.09,4837.16,0.07,7,NewYork,Thursday
2026-01-22 17:12:49,FPMarkets Raw,EURUSD,1.17232,1.17233,1e-05,1,NewYork,Thursday
2026-01-22 17:12:50,FPMarkets Raw,GBPUSD,1.34588,1.34591,3e-05,3,NewYork,Thursday
2026-01-22 17:12:51,FPMarkets Raw,USDJPY,158.489,158.492,0.003,3,NewYork,Thursday
2026-01-22 17:12:52,FPMarkets Raw,AUDUSD,0.68136,0.68138,2e-05,2,NewYork,Thursday
2026-01-22 17:12:54,8Cap Raw,XAUUSD,4837.61,4837.77,0.16,16,NewYork,Thursday
2026-01-22 17:12:55,8Cap Raw,EURUSD,1.17232,1.17232,0.0,0,NewYork,Thursday
2026-01-22 17:12:55,8Cap Raw,GBPUSD,1.34586,1.34587,1e-05,1,NewYork,Thursday
2026-01-22 17:12:56,8Cap Raw,USDJPY,158.493,158.494,0.001,1,NewYork,Thursday
2026-01-22 17:12:57,8Cap Raw,AUDUSD,0.68136,0.68139,3e-05,3,NewYork,Thursday
2026-01-22 17:17:16,Pepperstone Razor,XAUUSD,4839.7,4839.84,0.14,14,NewYork,Thursday
2026-01-22 17:17:17,Pepperstone Razor,EURUSD,1.17278,1.17278,0.0,0,NewYork,Thursday
2026-01-22 17:17:18,Pepperstone Razor,GBPUSD,1.34691,1.34692,1e-05,1,NewYork,Thursday
2026-01-22 17:17:19,Pepperstone Razor,USDJPY,158.424,158.425,0.001,1,NewYork,Thursday
2026-01-22 17:17:20,Pepperstone Razor,AUDUSD,0.68179,0.68179,0.0,0,NewYork,Thursday
2026-01-22 17:17:23,FusionMarkets Zero,XAUUSD,4840.16,4840.21,0.05,5,NewYork,Thursday
2026-01-22 17:17:24,FusionMarkets Zero,EURUSD,1.17274,1.17274,0.0,0,NewYork,Thursday
2026-01-22 17:17:25,FusionMarkets Zero,GBPUSD,1.34684,1.34684,0.0,0,NewYork,Thursday
2026-01-22 17:17:26,FusionMarkets Zero,USDJPY,158.421,158.421,0.0,0,NewYork,Thursday
2026-01-22 17:17:27,FusionMarkets Zero,AUDUSD,0.68181,0.68181,0.0,0,NewYork,Thursday
2026-01-22 17:17:30,ThinkMarkets ThinkZero,XAUUSD,4839.41,4839.49,0.08,8,NewYork,Thursday
2026-01-22 17:17:31,ThinkMarkets ThinkZero,EURUSD,1.17278,1.1728,2e-05,2,NewYork,Thursday
2026-01-22 17:17:32,ThinkMarkets ThinkZero,GBPUSD,1.3469,1.34694,4e-05,4,NewYork,Thursday
2026-01-22 17:17:33,ThinkMarkets ThinkZero,USDJPY,158.409,158.413,0.004,4,NewYork,Thursday
2026-01-22 17:17:33,ThinkMarkets ThinkZero,AUDUSD,0.68179,0.68181,2e-05,2,NewYork,Thursday
2026-01-22 17:17:37,ICMarkets Raw,XAUUSD,4841.08,4841.14,0.06,6,NewYork,Thursday
2026-01-22 17:17:37,ICMarkets Raw,EURUSD,1.17275,1.17275,0.0,0,NewYork,Thursday
2026-01-22 17:17:38,ICMarkets Raw,GBPUSD,1.34691,1.34694,3e-05,3,NewYork,Thursday
2026-01-22 17:17:39,ICMarkets Raw,USDJPY,158.421,158.421,0.0,0,NewYork,Thursday
2026-01-22 17:17:40,ICMarkets Raw,AUDUSD,0.68179,0.68179,0.0,0,NewYork,Thursday
2026-01-22 17:17:43,VantageMarkets Raw,XAUUSD,4841.36,4841.44,0.08,8,NewYork,Thursday
2026-01-22 17:17:44,VantageMarkets Raw,EURUSD,1.17275,1.17276,1e-05,1,NewYork,Thursday
2026-01-22 17:17:45,VantageMarkets Raw,GBPUSD,1.34697,1.34698,1e-05,1,NewYork,Thursday
2026-01-22 17:17:45,VantageMarkets Raw,USDJPY,158.417,158.419,0.002,2,NewYork,Thursday
2026-01-22 17:17:46,VantageMarkets Raw,AUDUSD,0.68177,0.68179,2e-05,2,NewYork,Thursday
2026-01-22 17:17:50,FPMarkets Raw,XAUUSD,4841.89,4841.96,0.07,7,NewYork,Thursday
2026-01-22 17:17:51,FPMarkets Raw,EURUSD,1.17268,1.1727,2e-05,2,NewYork,Thursday
2026-01-22 17:17:52,FPMarkets Raw,GBPUSD,1.34695,1.34698,3e-05,3,NewYork,Thursday
2026-01-22 17:17:53,FPMarkets Raw,USDJPY,158.422,158.424,0.002,2,NewYork,Thursday
2026-01-22 17:17:54,FPMarkets Raw,AUDUSD,0.68178,0.68182,4e-05,4,NewYork,Thursday
2026-01-22 17:17:55,8Cap Raw,XAUUSD,4842.39,4842.55,0.16,16,NewYork,Thursday
2026-01-22 17:17:56,8Cap Raw,EURUSD,1.17268,1.17269,1e-05,1,NewYork,Thursday
2026-01-22 17:17:57,8Cap Raw,GBPUSD,1.34689,1.34691,2e-05,2,NewYork,Thursday
2026-01-22 17:17:58,8Cap Raw,USDJPY,158.423,158.424,0.001,1,NewYork,Thursday
2026-01-22 17:17:58,8Cap Raw,AUDUSD,0.68177,0.6818,3e-05,3,NewYork,Thursday
2026-01-22 17:22:16,Pepperstone Razor,XAUUSD,4842.35,4842.5,0.15,15,NewYork,Thursday
2026-01-22 17:22:17,Pepperstone Razor,EURUSD,1.17275,1.17275,0.0,0,NewYork,Thursday
2026-01-22 17:22:18,Pepperstone Razor,GBPUSD,1.34744,1.34744,0.0,0,NewYork,Thursday
2026-01-22 17:22:19,Pepperstone Razor,USDJPY,158.42,158.421,0.001,1,NewYork,Thursday
2026-01-22 17:22:20,Pepperstone Razor,AUDUSD,0.68204,0.68204,0.0,0,NewYork,Thursday
2026-01-22 17:22:23,FusionMarkets Zero,XAUUSD,4843.21,4843.28,0.07,7,NewYork,Thursday
2026-01-22 17:22:24,FusionMarkets Zero,EURUSD,1.17273,1.17273,0.0,0,NewYork,Thursday
2026-01-22 17:22:25,FusionMarkets Zero,GBPUSD,1.34734,1.34734,0.0,0,NewYork,Thursday
2026-01-22 17:22:26,FusionMarkets Zero,USDJPY,158.423,158.423,0.0,0,NewYork,Thursday
2026-01-22 17:22:27,FusionMarkets Zero,AUDUSD,0.68207,0.68207,0.0,0,NewYork,Thursday
2026-01-22 17:22:30,ThinkMarkets ThinkZero,XAUUSD,4843.1,4843.18,0.08,8,NewYork,Thursday
2026-01-22 17:22:31,ThinkMarkets ThinkZero,EURUSD,1.17267,1.17271,4e-05,4,NewYork,Thursday
2026-01-22 17:22:32,ThinkMarkets ThinkZero,GBPUSD,1.34725,1.34728,3e-05,3,NewYork,Thursday
2026-01-22 17:22:33,ThinkMarkets ThinkZero,USDJPY,158.425,158.43,0.005,5,NewYork,Thursday
2026-01-22 17:22:34,ThinkMarkets ThinkZero,AUDUSD,0.68203,0.68206,3e-05,3,NewYork,Thursday
2026-01-22 17:22:37,ICMarkets Raw,XAUUSD,4843.39,4843.46,0.07,7,NewYork,Thursday
2026-01-22 17:22:38,ICMarkets Raw,EURUSD,1.17273,1.17273,0.0,0,NewYork,Thursday
2026-01-22 17:22:39,ICMarkets Raw,GBPUSD,1.34732,1.34733,1e-05,1,NewYork,Thursday
2026-01-22 17:22:40,ICMarkets Raw,USDJPY,158.423,158.423,0.0,0,NewYork,Thursday
2026-01-22 17:22:41,ICMarkets Raw,AUDUSD,0.68208,0.68208,0.0,0,NewYork,Thursday
2026-01-22 17:22:44,VantageMarkets Raw,XAUUSD,4842.95,4843.03,0.08,8,NewYork,Thursday
2026-01-22 17:22:45,VantageMarkets Raw,EURUSD,1.17275,1.17277,2e-05,2,NewYork,Thursday
2026-01-22 17:22:45,VantageMarkets Raw,GBPUSD,1.34735,1.34736,1e-05,1,NewYork,Thursday
2026-01-22 17:22:46,VantageMarkets Raw,USDJPY,158.42,158.421,0.001,1,NewYork,Thursday
2026-01-22 17:22:47,VantageMarkets Raw,AUDUSD,0.68208,0.68211,3e-05,3,NewYork,Thursday
2026-01-22 17:22:50,FPMarkets Raw,XAUUSD,4843.45,4843.52,0.07,7,NewYork,Thursday
2026-01-22 17:22:51,FPMarkets Raw,EURUSD,1.17278,1.1728,2e-05,2,NewYork,Thursday
2026-01-22 17:22:52,FPMarkets Raw,GBPUSD,1.34732,1.34736,4e-05,4,NewYork,Thursday
2026-01-22 17:22:53,FPMarkets Raw,USDJPY,158.411,158.414,0.003,3,NewYork,Thursday
2026-01-22 17:22:54,FPMarkets Raw,AUDUSD,0.68208,0.6821,2e-05,2,NewYork,Thursday
2026-01-22 17:22:56,8Cap Raw,XAUUSD,4842.15,4842.31,0.16,16,NewYork,Thursday
2026-01-22 17:22:57,8Cap Raw,EURUSD,1.17278,1.17278,0.0,0,NewYork,Thursday
2026-01-22 17:22:58,8Cap Raw,GBPUSD,1.34734,1.34735,1e-05,1,NewYork,Thursday
2026-01-22 17:22:58,8Cap Raw,USDJPY,158.419,158.42,0.001,1,NewYork,Thursday
2026-01-22 17:22:59,8Cap Raw,AUDUSD,0.68208,0.68211,3e-05,3,NewYork,Thursday
2026-01-22 17:27:17,Pepperstone Razor,XAUUSD,4852.98,4853.19,0.21,21,NewYork,Thursday
2026-01-22 17:27:18,Pepperstone Razor,EURUSD,1.17276,1.17277,1e-05,1,NewYork,Thursday
2026-01-22 17:27:19,Pepperstone Razor,GBPUSD,1.34718,1.34721,3e-05,3,NewYork,Thursday
2026-01-22 17:27:19,Pepperstone Razor,USDJPY,158.39,158.391,0.001,1,NewYork,Thursday
2026-01-22 17:27:20,Pepperstone Razor,AUDUSD,0.68208,0.68209,1e-05,1,NewYork,Thursday
2026-01-22 17:27:24,FusionMarkets Zero,XAUUSD,4852.67,4852.73,0.06,6,NewYork,Thursday
2026-01-22 17:27:25,FusionMarkets Zero,EURUSD,1.17275,1.17275,0.0,0,NewYork,Thursday
2026-01-22 17:27:26,FusionMarkets Zero,GBPUSD,1.34719,1.34719,0.0,0,NewYork,Thursday
2026-01-22 17:27:27,FusionMarkets Zero,USDJPY,158.389,158.389,0.0,0,NewYork,Thursday
2026-01-22 17:27:27,FusionMarkets Zero,AUDUSD,0.68214,0.68214,0.0,0,NewYork,Thursday
2026-01-22 17:27:31,ThinkMarkets ThinkZero,XAUUSD,4852.89,4852.97,0.08,8,NewYork,Thursday
2026-01-22 17:27:32,ThinkMarkets ThinkZero,EURUSD,1.17274,1.17277,3e-05,3,NewYork,Thursday
2026-01-22 17:27:32,ThinkMarkets ThinkZero,GBPUSD,1.34721,1.34726,5e-05,5,NewYork,Thursday
2026-01-22 17:27:33,ThinkMarkets ThinkZero,USDJPY,158.391,158.394,0.003,3,NewYork,Thursday
2026-01-22 17:27:34,ThinkMarkets ThinkZero,AUDUSD,0.68202,0.68206,4e-05,4,NewYork,Thursday
2026-01-22 17:27:37,ICMarkets Raw,XAUUSD,4851.91,4852.0,0.09,9,NewYork,Thursday
2026-01-22 17:27:38,ICMarkets Raw,EURUSD,1.17274,1.17274,0.0,0,NewYork,Thursday
2026-01-22 17:27:39,ICMarkets Raw,GBPUSD,1.34724,1.34725,1e-05,1,NewYork,Thursday
2026-01-22 17:27:40,ICMarkets Raw,USDJPY,158.393,158.393,0.0,0,NewYork,Thursday
2026-01-22 17:27:41,ICMarkets Raw,AUDUSD,0.68204,0.68205,1e-05,1,NewYork,Thursday
2026-01-22 17:27:44,VantageMarkets Raw,XAUUSD,4853.34,4853.42,0.08,8,NewYork,Thursday
2026-01-22 17:27:45,VantageMarkets Raw,EURUSD,1.17273,1.17275,2e-05,2,NewYork,Thursday
2026-01-22 17:27:46,VantageMarkets Raw,GBPUSD,1.34725,1.34726,1e-05,1,NewYork,Thursday
2026-01-22 17:27:46,VantageMarkets Raw,USDJPY,158.389,158.391,0.002,2,NewYork,Thursday
2026-01-22 17:27:47,VantageMarkets Raw,AUDUSD,0.68198,0.68202,4e-05,4,NewYork,Thursday
2026-01-22 17:27:51,FPMarkets Raw,XAUUSD,4851.59,4851.66,0.07,7,NewYork,Thursday
2026-01-22 17:27:52,FPMarkets Raw,EURUSD,1.17273,1.17274,1e-05,1,NewYork,Thursday
2026-01-22 17:27:53,FPMarkets Raw,GBPUSD,1.34719,1.34723,4e-05,4,NewYork,Thursday
2026-01-22 17:27:54,FPMarkets Raw,USDJPY,158.41,158.414,0.004,4,NewYork,Thursday
2026-01-22 17:27:54,FPMarkets Raw,AUDUSD,0.68198,0.68201,3e-05,3,NewYork,Thursday
2026-01-22 17:27:57,8Cap Raw,XAUUSD,4851.26,4851.42,0.16,16,NewYork,Thursday
2026-01-22 17:27:57,8Cap Raw,EURUSD,1.17271,1.17271,0.0,0,NewYork,Thursday
2026-01-22 17:27:58,8Cap Raw,GBPUSD,1.34715,1.34716,1e-05,1,NewYork,Thursday
2026-01-22 17:27:59,8Cap Raw,USDJPY,158.421,158.422,0.001,1,NewYork,Thursday
2026-01-22 17:27:59,8Cap Raw,AUDUSD,0.68196,0.68199,3e-05,3,NewYork,Thursday
2026-01-22 17:32:17,Pepperstone Razor,XAUUSD,4859.16,4859.28,0.12,12,NewYork,Thursday
2026-01-22 17:32:17,Pepperstone Razor,EURUSD,1.17284,1.17284,0.0,0,NewYork,Thursday
2026-01-22 17:32:18,Pepperstone Razor,GBPUSD,1.34749,1.3475,1e-05,1,NewYork,Thursday
2026-01-22 17:32:19,Pepperstone Razor,USDJPY,158.376,158.376,0.0,0,NewYork,Thursday
2026-01-22 17:32:20,Pepperstone Razor,AUDUSD,0.68197,0.68198,1e-05,1,NewYork,Thursday
2026-01-22 17:32:23,FusionMarkets Zero,XAUUSD,4858.81,4858.86,0.05,5,NewYork,Thursday
2026-01-22 17:32:24,FusionMarkets Zero,EURUSD,1.17286,1.17286,0.0,0,NewYork,Thursday
2026-01-22 17:32:25,FusionMarkets Zero,GBPUSD,1.34747,1.34747,0.0,0,NewYork,Thursday
2026-01-22 17:32:26,FusionMarkets Zero,USDJPY,158.377,158.377,0.0,0,NewYork,Thursday
2026-01-22 17:32:27,FusionMarkets Zero,AUDUSD,0.682,0.682,0.0,0,NewYork,Thursday
2026-01-22 17:32:30,ThinkMarkets ThinkZero,XAUUSD,4858.24,4858.32,0.08,8,NewYork,Thursday
2026-01-22 17:32:31,ThinkMarkets ThinkZero,EURUSD,1.17285,1.17288,3e-05,3,NewYork,Thursday
2026-01-22 17:32:32,ThinkMarkets ThinkZero,GBPUSD,1.34749,1.34755,6e-05,6,NewYork,Thursday
2026-01-22 17:32:33,ThinkMarkets ThinkZero,USDJPY,158.385,158.388,0.003,3,NewYork,Thursday
2026-01-22 17:32:34,ThinkMarkets ThinkZero,AUDUSD,0.68197,0.682,3e-05,3,NewYork,Thursday
2026-01-22 17:32:37,ICMarkets Raw,XAUUSD,4857.73,4857.83,0.1,10,NewYork,Thursday
2026-01-22 17:32:38,ICMarkets Raw,EURUSD,1.17283,1.17283,0.0,0,NewYork,Thursday
2026-01-22 17:32:39,ICMarkets Raw,GBPUSD,1.34753,1.34754,1e-05,1,NewYork,Thursday
2026-01-22 17:32:40,ICMarkets Raw,USDJPY,158.388,158.388,0.0,0,NewYork,Thursday
2026-01-22 17:32:41,ICMarkets Raw,AUDUSD,0.68199,0.682,1e-05,1,NewYork,Thursday
2026-01-22 17:32:44,VantageMarkets Raw,XAUUSD,4857.94,4858.02,0.08,8,NewYork,Thursday
2026-01-22 17:32:45,VantageMarkets Raw,EURUSD,1.17284,1.17286,2e-05,2,NewYork,Thursday
2026-01-22 17:32:46,VantageMarkets Raw,GBPUSD,1.34755,1.34756,1e-05,1,NewYork,Thursday
2026-01-22 17:32:47,VantageMarkets Raw,USDJPY,158.386,158.389,0.003,3,NewYork,Thursday
2026-01-22 17:32:48,VantageMarkets Raw,AUDUSD,0.68199,0.68202,3e-05,3,NewYork,Thursday
2026-01-22 17:32:51,FPMarkets Raw,XAUUSD,4857.61,4857.68,0.07,7,NewYork,Thursday
2026-01-22 17:32:52,FPMarkets Raw,EURUSD,1.17283,1.17284,1e-05,1,NewYork,Thursday
2026-01-22 17:32:53,FPMarkets Raw,GBPUSD,1.34751,1.34754,3e-05,3,NewYork,Thursday
2026-01-22 17:32:54,FPMarkets Raw,USDJPY,158.39,158.393,0.003,3,NewYork,Thursday
2026-01-22 17:32:55,FPMarkets Raw,AUDUSD,0.68198,0.68201,3e-05,3,NewYork,Thursday
2026-01-22 17:32:57,8Cap Raw,XAUUSD,4857.26,4857.42,0.16,16,NewYork,Thursday
2026-01-22 17:32:57,8Cap Raw,EURUSD,1.17282,1.17282,0.0,0,NewYork,Thursday
2026-01-22 17:32:58,8Cap Raw,GBPUSD,1.34753,1.34754,1e-05,1,NewYork,Thursday
2026-01-22 17:32:59,8Cap Raw,USDJPY,158.391,158.392,0.001,1,NewYork,Thursday
2026-01-22 17:32:59,8Cap Raw,AUDUSD,0.68199,0.68201,2e-05,2,NewYork,Thursday
2026-01-22 17:37:17,Pepperstone Razor,XAUUSD,4863.02,4863.2,0.18,18,NewYork,Thursday
2026-01-22 17:37:18,Pepperstone Razor,EURUSD,1.17245,1.17245,0.0,0,NewYork,Thursday
2026-01-22 17:37:19,Pepperstone Razor,GBPUSD,1.34732,1.34735,3e-05,3,NewYork,Thursday
2026-01-22 17:37:20,Pepperstone Razor,USDJPY,158.449,158.451,0.002,2,NewYork,Thursday
2026-01-22 17:37:21,Pepperstone Razor,AUDUSD,0.68171,0.68171,0.0,0,NewYork,Thursday
2026-01-22 17:37:24,FusionMarkets Zero,XAUUSD,4863.72,4863.8,0.08,8,NewYork,Thursday
2026-01-22 17:37:25,FusionMarkets Zero,EURUSD,1.17248,1.17248,0.0,0,NewYork,Thursday
2026-01-22 17:37:26,FusionMarkets Zero,GBPUSD,1.34737,1.34737,0.0,0,NewYork,Thursday
2026-01-22 17:37:27,FusionMarkets Zero,USDJPY,158.449,158.449,0.0,0,NewYork,Thursday
2026-01-22 17:37:28,FusionMarkets Zero,AUDUSD,0.68176,0.68176,0.0,0,NewYork,Thursday
2026-01-22 17:37:31,ThinkMarkets ThinkZero,XAUUSD,4863.85,4863.93,0.08,8,NewYork,Thursday
2026-01-22 17:37:32,ThinkMarkets ThinkZero,EURUSD,1.17248,1.17251,3e-05,3,NewYork,Thursday
2026-01-22 17:37:33,ThinkMarkets ThinkZero,GBPUSD,1.34745,1.34749,4e-05,4,NewYork,Thursday
2026-01-22 17:37:34,ThinkMarkets ThinkZero,USDJPY,158.442,158.446,0.004,4,NewYork,Thursday
2026-01-22 17:37:34,ThinkMarkets ThinkZero,AUDUSD,0.68174,0.68176,2e-05,2,NewYork,Thursday
2026-01-22 17:37:46,ICMarkets Raw,XAUUSD,4863.17,4863.27,0.1,10,NewYork,Thursday
2026-01-22 17:37:48,ICMarkets Raw,EURUSD,1.17266,1.17266,0.0,0,NewYork,Thursday
2026-01-22 17:37:49,ICMarkets Raw,GBPUSD,1.34746,1.34747,1e-05,1,NewYork,Thursday
2026-01-22 17:37:50,ICMarkets Raw,USDJPY,158.423,158.424,0.001,1,NewYork,Thursday
2026-01-22 17:37:52,ICMarkets Raw,AUDUSD,0.68181,0.68181,0.0,0,NewYork,Thursday
2026-01-22 17:37:54,VantageMarkets Raw,XAUUSD,4862.22,4862.3,0.08,8,NewYork,Thursday
2026-01-22 17:37:55,VantageMarkets Raw,EURUSD,1.17268,1.1727,2e-05,2,NewYork,Thursday
2026-01-22 17:37:56,VantageMarkets Raw,GBPUSD,1.34736,1.34737,1e-05,1,NewYork,Thursday
2026-01-22 17:37:57,VantageMarkets Raw,USDJPY,158.425,158.427,0.002,2,NewYork,Thursday
2026-01-22 17:37:58,VantageMarkets Raw,AUDUSD,0.68179,0.68182,3e-05,3,NewYork,Thursday
2026-01-22 17:38:01,FPMarkets Raw,XAUUSD,4862.87,4862.94,0.07,7,NewYork,Thursday
2026-01-22 17:38:02,FPMarkets Raw,EURUSD,1.17265,1.17267,2e-05,2,NewYork,Thursday
2026-01-22 17:38:03,FPMarkets Raw,GBPUSD,1.3474,1.34743,3e-05,3,NewYork,Thursday
2026-01-22 17:38:04,FPMarkets Raw,USDJPY,158.421,158.423,0.002,2,NewYork,Thursday
2026-01-22 17:38:05,FPMarkets Raw,AUDUSD,0.68181,0.68183,2e-05,2,NewYork,Thursday
2026-01-22 17:38:07,8Cap Raw,XAUUSD,4862.16,4862.32,0.16,16,NewYork,Thursday
2026-01-22 17:38:08,8Cap Raw,EURUSD,1.17272,1.17272,0.0,0,NewYork,Thursday
2026-01-22 17:38:08,8Cap Raw,GBPUSD,1.34741,1.34742,1e-05,1,NewYork,Thursday
2026-01-22 17:38:09,8Cap Raw,USDJPY,158.42,158.421,0.001,1,NewYork,Thursday
2026-01-22 17:38:10,8Cap Raw,AUDUSD,0.68184,0.68187,3e-05,3,NewYork,Thursday
2026-01-22 17:42:17,Pepperstone Razor,XAUUSD,4861.91,4862.04,0.13,13,NewYork,Thursday
2026-01-22 17:42:18,Pepperstone Razor,EURUSD,1.17294,1.17294,0.0,0,NewYork,Thursday
2026-01-22 17:42:19,Pepperstone Razor,GBPUSD,1.34773,1.34776,3e-05,3,NewYork,Thursday
2026-01-22 17:42:19,Pepperstone Razor,USDJPY,158.423,158.426,0.003,3,NewYork,Thursday
2026-01-22 17:42:20,Pepperstone Razor,AUDUSD,0.68202,0.68203,1e-05,1,NewYork,Thursday
2026-01-22 17:42:24,FusionMarkets Zero,XAUUSD,4861.33,4861.38,0.05,5,NewYork,Thursday
2026-01-22 17:42:25,FusionMarkets Zero,EURUSD,1.17297,1.17297,0.0,0,NewYork,Thursday
2026-01-22 17:42:26,FusionMarkets Zero,GBPUSD,1.34765,1.34765,0.0,0,NewYork,Thursday
2026-01-22 17:42:27,FusionMarkets Zero,USDJPY,158.426,158.426,0.0,0,NewYork,Thursday
2026-01-22 17:42:28,FusionMarkets Zero,AUDUSD,0.68205,0.68205,0.0,0,NewYork,Thursday
2026-01-22 17:42:31,ThinkMarkets ThinkZero,XAUUSD,4861.53,4861.61,0.08,8,NewYork,Thursday
2026-01-22 17:42:32,ThinkMarkets ThinkZero,EURUSD,1.1729,1.17293,3e-05,3,NewYork,Thursday
2026-01-22 17:42:33,ThinkMarkets ThinkZero,GBPUSD,1.34763,1.34768,5e-05,5,NewYork,Thursday
2026-01-22 17:42:33,ThinkMarkets ThinkZero,USDJPY,158.423,158.428,0.005,5,NewYork,Thursday
2026-01-22 17:42:34,ThinkMarkets ThinkZero,AUDUSD,0.68205,0.68207,2e-05,2,NewYork,Thursday
2026-01-22 17:42:38,ICMarkets Raw,XAUUSD,4861.77,4861.82,0.05,5,NewYork,Thursday
2026-01-22 17:42:39,ICMarkets Raw,EURUSD,1.17298,1.17298,0.0,0,NewYork,Thursday
2026-01-22 17:42:40,ICMarkets Raw,GBPUSD,1.34766,1.34768,2e-05,2,NewYork,Thursday
2026-01-22 17:42:41,ICMarkets Raw,USDJPY,158.425,158.425,0.0,0,NewYork,Thursday
2026-01-22 17:42:42,ICMarkets Raw,AUDUSD,0.68206,0.68207,1e-05,1,NewYork,Thursday
2026-01-22 17:42:45,VantageMarkets Raw,XAUUSD,4861.33,4861.41,0.08,8,NewYork,Thursday
2026-01-22 17:42:46,VantageMarkets Raw,EURUSD,1.17298,1.173,2e-05,2,NewYork,Thursday
2026-01-22 17:42:46,VantageMarkets Raw,GBPUSD,1.34765,1.34766,1e-05,1,NewYork,Thursday
2026-01-22 17:42:47,VantageMarkets Raw,USDJPY,158.414,158.416,0.002,2,NewYork,Thursday
2026-01-22 17:42:48,VantageMarkets Raw,AUDUSD,0.68204,0.68206,2e-05,2,NewYork,Thursday
2026-01-22 17:42:52,FPMarkets Raw,XAUUSD,4860.13,4860.2,0.07,7,NewYork,Thursday
2026-01-22 17:42:53,FPMarkets Raw,EURUSD,1.17296,1.17298,2e-05,2,NewYork,Thursday
2026-01-22 17:42:54,FPMarkets Raw,GBPUSD,1.34757,1.3476,3e-05,3,NewYork,Thursday
2026-01-22 17:42:55,FPMarkets Raw,USDJPY,158.417,158.42,0.003,3,NewYork,Thursday
2026-01-22 17:42:55,FPMarkets Raw,AUDUSD,0.68203,0.68206,3e-05,3,NewYork,Thursday
2026-01-22 17:42:57,8Cap Raw,XAUUSD,4859.65,4859.81,0.16,16,NewYork,Thursday
2026-01-22 17:42:58,8Cap Raw,EURUSD,1.17299,1.17299,0.0,0,NewYork,Thursday
2026-01-22 17:42:59,8Cap Raw,GBPUSD,1.34756,1.34757,1e-05,1,NewYork,Thursday
2026-01-22 17:42:59,8Cap Raw,USDJPY,158.415,158.416,0.001,1,NewYork,Thursday
2026-01-22 17:43:00,8Cap Raw,AUDUSD,0.68204,0.68207,3e-05,3,NewYork,Thursday
2026-01-22 17:47:17,Pepperstone Razor,XAUUSD,4865.65,4865.84,0.19,19,NewYork,Thursday
2026-01-22 17:47:18,Pepperstone Razor,EURUSD,1.17296,1.17296,0.0,0,NewYork,Thursday
2026-01-22 17:47:19,Pepperstone Razor,GBPUSD,1.3477,1.34773,3e-05,3,NewYork,Thursday
2026-01-22 17:47:20,Pepperstone Razor,USDJPY,158.386,158.389,0.003,3,NewYork,Thursday
2026-01-22 17:47:20,Pepperstone Razor,AUDUSD,0.68219,0.68219,0.0,0,NewYork,Thursday
2026-01-22 17:47:24,FusionMarkets Zero,XAUUSD,4865.7,4865.78,0.08,8,NewYork,Thursday
2026-01-22 17:47:25,FusionMarkets Zero,EURUSD,1.17296,1.17296,0.0,0,NewYork,Thursday
2026-01-22 17:47:26,FusionMarkets Zero,GBPUSD,1.34776,1.34776,0.0,0,NewYork,Thursday
2026-01-22 17:47:27,FusionMarkets Zero,USDJPY,158.396,158.398,0.002,2,NewYork,Thursday
2026-01-22 17:47:28,FusionMarkets Zero,AUDUSD,0.68216,0.68216,0.0,0,NewYork,Thursday
2026-01-22 17:47:31,ThinkMarkets ThinkZero,XAUUSD,4864.85,4864.93,0.08,8,NewYork,Thursday
2026-01-22 17:47:32,ThinkMarkets ThinkZero,EURUSD,1.17287,1.1729,3e-05,3,NewYork,Thursday
2026-01-22 17:47:33,ThinkMarkets ThinkZero,GBPUSD,1.34768,1.34773,5e-05,5,NewYork,Thursday
2026-01-22 17:47:34,ThinkMarkets ThinkZero,USDJPY,158.391,158.395,0.004,4,NewYork,Thursday
2026-01-22 17:47:35,ThinkMarkets ThinkZero,AUDUSD,0.68218,0.68221,3e-05,3,NewYork,Thursday
2026-01-22 17:47:38,ICMarkets Raw,XAUUSD,4865.32,4865.4,0.08,8,NewYork,Thursday
2026-01-22 17:47:39,ICMarkets Raw,EURUSD,1.1729,1.1729,0.0,0,NewYork,Thursday
2026-01-22 17:47:40,ICMarkets Raw,GBPUSD,1.34772,1.34773,1e-05,1,NewYork,Thursday
2026-01-22 17:47:41,ICMarkets Raw,USDJPY,158.4,158.402,0.002,2,NewYork,Thursday
2026-01-22 17:47:42,ICMarkets Raw,AUDUSD,0.68219,0.68219,0.0,0,NewYork,Thursday
2026-01-22 17:47:45,VantageMarkets Raw,XAUUSD,4865.14,4865.22,0.08,8,NewYork,Thursday
2026-01-22 17:47:46,VantageMarkets Raw,EURUSD,1.17284,1.17286,2e-05,2,NewYork,Thursday
2026-01-22 17:47:47,VantageMarkets Raw,GBPUSD,1.34752,1.34753,1e-05,1,NewYork,Thursday
2026-01-22 17:47:47,VantageMarkets Raw,USDJPY,158.408,158.41,0.002,2,NewYork,Thursday
2026-01-22 17:47:48,VantageMarkets Raw,AUDUSD,0.68214,0.68217,3e-05,3,NewYork,Thursday
2026-01-22 17:47:52,FPMarkets Raw,XAUUSD,4865.14,4865.21,0.07,7,NewYork,Thursday
2026-01-22 17:47:53,FPMarkets Raw,EURUSD,1.17281,1.17282,1e-05,1,NewYork,Thursday
2026-01-22 17:47:54,FPMarkets Raw,GBPUSD,1.34751,1.34754,3e-05,3,NewYork,Thursday
2026-01-22 17:47:55,FPMarkets Raw,USDJPY,158.404,158.407,0.003,3,NewYork,Thursday
2026-01-22 17:47:56,FPMarkets Raw,AUDUSD,0.68218,0.68222,4e-05,4,NewYork,Thursday
2026-01-22 17:47:58,8Cap Raw,XAUUSD,4865.05,4865.21,0.16,16,NewYork,Thursday
2026-01-22 17:47:59,8Cap Raw,EURUSD,1.17293,1.17293,0.0,0,NewYork,Thursday
2026-01-22 17:47:59,8Cap Raw,GBPUSD,1.34772,1.34775,3e-05,3,NewYork,Thursday
2026-01-22 17:48:00,8Cap Raw,USDJPY,158.401,158.402,0.001,1,NewYork,Thursday
2026-01-22 17:48:01,8Cap Raw,AUDUSD,0.68225,0.68228,3e-05,3,NewYork,Thursday
2026-01-22 17:52:17,Pepperstone Razor,XAUUSD,4869.1,4869.29,0.19,19,NewYork,Thursday
2026-01-22 17:52:18,Pepperstone Razor,EURUSD,1.17303,1.17304,1e-05,1,NewYork,Thursday
2026-01-22 17:52:19,Pepperstone Razor,GBPUSD,1.34806,1.34813,7e-05,7,NewYork,Thursday
2026-01-22 17:52:19,Pepperstone Razor,USDJPY,158.403,158.408,0.005,5,NewYork,Thursday
2026-01-22 17:52:20,Pepperstone Razor,AUDUSD,0.68234,0.68235,1e-05,1,NewYork,Thursday
2026-01-22 17:52:24,FusionMarkets Zero,XAUUSD,4870.65,4870.74,0.09,9,NewYork,Thursday
2026-01-22 17:52:25,FusionMarkets Zero,EURUSD,1.17319,1.17319,0.0,0,NewYork,Thursday
2026-01-22 17:52:26,FusionMarkets Zero,GBPUSD,1.34813,1.34813,0.0,0,NewYork,Thursday
2026-01-22 17:52:27,FusionMarkets Zero,USDJPY,158.401,158.401,0.0,0,NewYork,Thursday
2026-01-22 17:52:28,FusionMarkets Zero,AUDUSD,0.68235,0.68235,0.0,0,NewYork,Thursday
2026-01-22 17:52:31,ThinkMarkets ThinkZero,XAUUSD,4870.72,4870.8,0.08,8,NewYork,Thursday
2026-01-22 17:52:32,ThinkMarkets ThinkZero,EURUSD,1.17312,1.17314,2e-05,2,NewYork,Thursday
2026-01-22 17:52:33,ThinkMarkets ThinkZero,GBPUSD,1.34807,1.34815,8e-05,8,NewYork,Thursday
2026-01-22 17:52:34,ThinkMarkets ThinkZero,USDJPY,158.396,158.4,0.004,4,NewYork,Thursday
2026-01-22 17:52:35,ThinkMarkets ThinkZero,AUDUSD,0.68231,0.68235,4e-05,4,NewYork,Thursday
2026-01-22 17:52:38,ICMarkets Raw,XAUUSD,4869.76,4869.84,0.08,8,NewYork,Thursday
2026-01-22 17:52:39,ICMarkets Raw,EURUSD,1.1732,1.1732,0.0,0,NewYork,Thursday
2026-01-22 17:52:40,ICMarkets Raw,GBPUSD,1.34833,1.34835,2e-05,2,NewYork,Thursday
2026-01-22 17:52:41,ICMarkets Raw,USDJPY,158.389,158.389,0.0,0,NewYork,Thursday
2026-01-22 17:52:42,ICMarkets Raw,AUDUSD,0.68233,0.68233,0.0,0,NewYork,Thursday
2026-01-22 17:52:45,VantageMarkets Raw,XAUUSD,4869.85,4869.93,0.08,8,NewYork,Thursday
2026-01-22 17:52:46,VantageMarkets Raw,EURUSD,1.17324,1.17325,1e-05,1,NewYork,Thursday
2026-01-22 17:52:46,VantageMarkets Raw,GBPUSD,1.34837,1.34838,1e-05,1,NewYork,Thursday
2026-01-22 17:52:47,VantageMarkets Raw,USDJPY,158.385,158.387,0.002,2,NewYork,Thursday
2026-01-22 17:52:48,VantageMarkets Raw,AUDUSD,0.68233,0.68236,3e-05,3,NewYork,Thursday
2026-01-22 17:52:52,FPMarkets Raw,XAUUSD,4870.06,4870.13,0.07,7,NewYork,Thursday
2026-01-22 17:52:53,FPMarkets Raw,EURUSD,1.17324,1.17325,1e-05,1,NewYork,Thursday
2026-01-22 17:52:53,FPMarkets Raw,GBPUSD,1.34821,1.34824,3e-05,3,NewYork,Thursday
2026-01-22 17:52:54,FPMarkets Raw,USDJPY,158.398,158.401,0.003,3,NewYork,Thursday
2026-01-22 17:52:55,FPMarkets Raw,AUDUSD,0.6823,0.68233,3e-05,3,NewYork,Thursday
2026-01-22 17:52:57,8Cap Raw,XAUUSD,4870.99,4871.15,0.16,16,NewYork,Thursday
2026-01-22 17:52:58,8Cap Raw,EURUSD,1.1732,1.1732,0.0,0,NewYork,Thursday
2026-01-22 17:52:59,8Cap Raw,GBPUSD,1.34832,1.34833,1e-05,1,NewYork,Thursday
2026-01-22 17:52:59,8Cap Raw,USDJPY,158.388,158.389,0.001,1,NewYork,Thursday
2026-01-22 17:53:00,8Cap Raw,AUDUSD,0.68235,0.68237,2e-05,2,NewYork,Thursday
2026-01-22 17:57:17,Pepperstone Razor,XAUUSD,4871.34,4871.63,0.29,29,NewYork,Thursday
2026-01-22 17:57:18,Pepperstone Razor,EURUSD,1.17304,1.17304,0.0,0,NewYork,Thursday
2026-01-22 17:57:19,Pepperstone Razor,GBPUSD,1.34818,1.34819,1e-05,1,NewYork,Thursday
2026-01-22 17:57:20,Pepperstone Razor,USDJPY,158.45,158.453,0.003,3,NewYork,Thursday
2026-01-22 17:57:21,Pepperstone Razor,AUDUSD,0.68247,0.68248,1e-05,1,NewYork,Thursday
2026-01-22 17:57:24,FusionMarkets Zero,XAUUSD,4869.55,4869.64,0.09,9,NewYork,Thursday
2026-01-22 17:57:25,FusionMarkets Zero,EURUSD,1.17315,1.17315,0.0,0,NewYork,Thursday
2026-01-22 17:57:26,FusionMarkets Zero,GBPUSD,1.34813,1.34813,0.0,0,NewYork,Thursday
2026-01-22 17:57:27,FusionMarkets Zero,USDJPY,158.46,158.462,0.002,2,NewYork,Thursday
2026-01-22 17:57:28,FusionMarkets Zero,AUDUSD,0.68244,0.68244,0.0,0,NewYork,Thursday
2026-01-22 17:57:31,ThinkMarkets ThinkZero,XAUUSD,4870.02,4870.1,0.08,8,NewYork,Thursday
2026-01-22 17:57:32,ThinkMarkets ThinkZero,EURUSD,1.17317,1.17319,2e-05,2,NewYork,Thursday
2026-01-22 17:57:33,ThinkMarkets ThinkZero,GBPUSD,1.34814,1.34819,5e-05,5,NewYork,Thursday
2026-01-22 17:57:34,ThinkMarkets ThinkZero,USDJPY,158.451,158.456,0.005,5,NewYork,Thursday
2026-01-22 17:57:35,ThinkMarkets ThinkZero,AUDUSD,0.68247,0.6825,3e-05,3,NewYork,Thursday
2026-01-22 17:57:38,ICMarkets Raw,XAUUSD,4868.58,4868.68,0.1,10,NewYork,Thursday
2026-01-22 17:57:39,ICMarkets Raw,EURUSD,1.17326,1.17327,1e-05,1,NewYork,Thursday
2026-01-22 17:57:40,ICMarkets Raw,GBPUSD,1.34784,1.34788,4e-05,4,NewYork,Thursday
2026-01-22 17:57:41,ICMarkets Raw,USDJPY,158.444,158.446,0.002,2,NewYork,Thursday
2026-01-22 17:57:42,ICMarkets Raw,AUDUSD,0.6825,0.6825,0.0,0,NewYork,Thursday
2026-01-22 17:57:45,VantageMarkets Raw,XAUUSD,4868.51,4868.59,0.08,8,NewYork,Thursday
2026-01-22 17:57:46,VantageMarkets Raw,EURUSD,1.17331,1.17333,2e-05,2,NewYork,Thursday
2026-01-22 17:57:47,VantageMarkets Raw,GBPUSD,1.34778,1.34781,3e-05,3,NewYork,Thursday
2026-01-22 17:57:48,VantageMarkets Raw,USDJPY,158.443,158.451,0.008,8,NewYork,Thursday
2026-01-22 17:57:49,VantageMarkets Raw,AUDUSD,0.68249,0.68251,2e-05,2,NewYork,Thursday
2026-01-22 17:57:52,FPMarkets Raw,XAUUSD,4869.12,4869.19,0.07,7,NewYork,Thursday
2026-01-22 17:57:53,FPMarkets Raw,EURUSD,1.17331,1.17332,1e-05,1,NewYork,Thursday
2026-01-22 17:57:54,FPMarkets Raw,GBPUSD,1.34756,1.3476,4e-05,4,NewYork,Thursday
2026-01-22 17:57:55,FPMarkets Raw,USDJPY,158.463,158.467,0.004,4,NewYork,Thursday
2026-01-22 17:57:56,FPMarkets Raw,AUDUSD,0.68251,0.68253,2e-05,2,NewYork,Thursday
2026-01-22 17:57:58,8Cap Raw,XAUUSD,4869.97,4870.13,0.16,16,NewYork,Thursday
2026-01-22 17:57:59,8Cap Raw,EURUSD,1.17334,1.17334,0.0,0,NewYork,Thursday
2026-01-22 17:57:59,8Cap Raw,GBPUSD,1.34762,1.34763,1e-05,1,NewYork,Thursday
2026-01-22 17:58:00,8Cap Raw,USDJPY,158.457,158.46,0.003,3,NewYork,Thursday
2026-01-22 17:58:01,8Cap Raw,AUDUSD,0.68249,0.68252,3e-05,3,NewYork,Thursday
2026-01-22 18:02:16,Pepperstone Razor,XAUUSD,4872.13,4872.32,0.19,19,NewYork,Thursday
2026-01-22 18:02:17,Pepperstone Razor,EURUSD,1.17356,1.17356,0.0,0,NewYork,Thursday
2026-01-22 18:02:18,Pepperstone Razor,GBPUSD,1.34803,1.34804,1e-05,1,NewYork,Thursday
2026-01-22 18:02:19,Pepperstone Razor,USDJPY,158.377,158.378,0.001,1,NewYork,Thursday
2026-01-22 18:02:20,Pepperstone Razor,AUDUSD,0.68255,0.68256,1e-05,1,NewYork,Thursday
2026-01-22 18:02:23,FusionMarkets Zero,XAUUSD,4873.31,4873.42,0.11,11,NewYork,Thursday
2026-01-22 18:02:24,FusionMarkets Zero,EURUSD,1.17356,1.17356,0.0,0,NewYork,Thursday
2026-01-22 18:02:25,FusionMarkets Zero,GBPUSD,1.34803,1.34803,0.0,0,NewYork,Thursday
2026-01-22 18:02:26,FusionMarkets Zero,USDJPY,158.373,158.373,0.0,0,NewYork,Thursday
2026-01-22 18:02:27,FusionMarkets Zero,AUDUSD,0.68258,0.68258,0.0,0,NewYork,Thursday
2026-01-22 18:02:30,ThinkMarkets ThinkZero,XAUUSD,4873.16,4873.24,0.08,8,NewYork,Thursday
2026-01-22 18:02:30,ThinkMarkets ThinkZero,EURUSD,1.17354,1.17357,3e-05,3,NewYork,Thursday
2026-01-22 18:02:31,ThinkMarkets ThinkZero,GBPUSD,1.34803,1.34807,4e-05,4,NewYork,Thursday
2026-01-22 18:02:32,ThinkMarkets ThinkZero,USDJPY,158.367,158.371,0.004,4,NewYork,Thursday
2026-01-22 18:02:33,ThinkMarkets ThinkZero,AUDUSD,0.68257,0.6826,3e-05,3,NewYork,Thursday
2026-01-22 18:02:36,ICMarkets Raw,XAUUSD,4873.65,4873.72,0.07,7,NewYork,Thursday
2026-01-22 18:02:37,ICMarkets Raw,EURUSD,1.17358,1.17358,0.0,0,NewYork,Thursday
2026-01-22 18:02:38,ICMarkets Raw,GBPUSD,1.34814,1.34816,2e-05,2,NewYork,Thursday
2026-01-22 18:02:39,ICMarkets Raw,USDJPY,158.37,158.37,0.0,0,NewYork,Thursday
2026-01-22 18:02:40,ICMarkets Raw,AUDUSD,0.68264,0.68264,0.0,0,NewYork,Thursday
2026-01-22 18:02:43,VantageMarkets Raw,XAUUSD,4873.43,4873.51,0.08,8,NewYork,Thursday
2026-01-22 18:02:43,VantageMarkets Raw,EURUSD,1.17361,1.17363,2e-05,2,NewYork,Thursday
2026-01-22 18:02:44,VantageMarkets Raw,GBPUSD,1.3482,1.34821,1e-05,1,NewYork,Thursday
2026-01-22 18:02:45,VantageMarkets Raw,USDJPY,158.364,158.369,0.005,5,NewYork,Thursday
2026-01-22 18:02:46,VantageMarkets Raw,AUDUSD,0.68264,0.68266,2e-05,2,NewYork,Thursday
2026-01-22 18:02:49,FPMarkets Raw,XAUUSD,4872.85,4872.92,0.07,7,NewYork,Thursday
2026-01-22 18:02:50,FPMarkets Raw,EURUSD,1.17363,1.17364,1e-05,1,NewYork,Thursday
2026-01-22 18:02:51,FPMarkets Raw,GBPUSD,1.34831,1.34835,4e-05,4,NewYork,Thursday
2026-01-22 18:02:52,FPMarkets Raw,USDJPY,158.362,158.365,0.003,3,NewYork,Thursday
2026-01-22 18:02:53,FPMarkets Raw,AUDUSD,0.68264,0.68266,2e-05,2,NewYork,Thursday
2026-01-22 18:02:55,8Cap Raw,XAUUSD,4872.95,4873.11,0.16,16,NewYork,Thursday
2026-01-22 18:02:55,8Cap Raw,EURUSD,1.17366,1.17366,0.0,0,NewYork,Thursday
2026-01-22 18:02:56,8Cap Raw,GBPUSD,1.34828,1.3483,2e-05,2,NewYork,Thursday
2026-01-22 18:02:57,8Cap Raw,USDJPY,158.364,158.367,0.003,3,NewYork,Thursday
2026-01-22 18:02:57,8Cap Raw,AUDUSD,0.68264,0.68266,2e-05,2,NewYork,Thursday
2026-01-22 18:07:16,Pepperstone Razor,XAUUSD,4868.79,4868.96,0.17,17,NewYork,Thursday
2026-01-22 18:07:17,Pepperstone Razor,EURUSD,1.17358,1.17358,0.0,0,NewYork,Thursday
2026-01-22 18:07:18,Pepperstone Razor,GBPUSD,1.34806,1.34807,1e-05,1,NewYork,Thursday
2026-01-22 18:07:19,Pepperstone Razor,USDJPY,158.417,158.418,0.001,1,NewYork,Thursday
2026-01-22 18:07:19,Pepperstone Razor,AUDUSD,0.68267,0.68268,1e-05,1,NewYork,Thursday
2026-01-22 18:07:22,FusionMarkets Zero,XAUUSD,4870.31,4870.37,0.06,6,NewYork,Thursday
2026-01-22 18:07:23,FusionMarkets Zero,EURUSD,1.17354,1.17354,0.0,0,NewYork,Thursday
2026-01-22 18:07:24,FusionMarkets Zero,GBPUSD,1.34802,1.34802,0.0,0,NewYork,Thursday
2026-01-22 18:07:25,FusionMarkets Zero,USDJPY,158.418,158.418,0.0,0,NewYork,Thursday
2026-01-22 18:07:26,FusionMarkets Zero,AUDUSD,0.6826,0.6826,0.0,0,NewYork,Thursday
2026-01-22 18:07:28,ThinkMarkets ThinkZero,XAUUSD,4869.44,4869.52,0.08,8,NewYork,Thursday
2026-01-22 18:07:29,ThinkMarkets ThinkZero,EURUSD,1.17355,1.17357,2e-05,2,NewYork,Thursday
2026-01-22 18:07:30,ThinkMarkets ThinkZero,GBPUSD,1.34805,1.34808,3e-05,3,NewYork,Thursday
2026-01-22 18:07:31,ThinkMarkets ThinkZero,USDJPY,158.412,158.417,0.005,5,NewYork,Thursday
2026-01-22 18:07:32,ThinkMarkets ThinkZero,AUDUSD,0.68256,0.68258,2e-05,2,NewYork,Thursday
2026-01-22 18:07:35,ICMarkets Raw,XAUUSD,4868.81,4868.88,0.07,7,NewYork,Thursday
2026-01-22 18:07:35,ICMarkets Raw,EURUSD,1.17352,1.17353,1e-05,1,NewYork,Thursday
2026-01-22 18:07:36,ICMarkets Raw,GBPUSD,1.34807,1.34808,1e-05,1,NewYork,Thursday
2026-01-22 18:07:37,ICMarkets Raw,USDJPY,158.417,158.417,0.0,0,NewYork,Thursday
2026-01-22 18:07:38,ICMarkets Raw,AUDUSD,0.68258,0.68259,1e-05,1,NewYork,Thursday
2026-01-22 18:07:41,VantageMarkets Raw,XAUUSD,4868.27,4868.35,0.08,8,NewYork,Thursday
2026-01-22 18:07:41,VantageMarkets Raw,EURUSD,1.17351,1.17353,2e-05,2,NewYork,Thursday
2026-01-22 18:07:42,VantageMarkets Raw,GBPUSD,1.34804,1.34805,1e-05,1,NewYork,Thursday
2026-01-22 18:07:43,VantageMarkets Raw,USDJPY,158.417,158.418,0.001,1,NewYork,Thursday
2026-01-22 18:07:44,VantageMarkets Raw,AUDUSD,0.68249,0.68253,4e-05,4,NewYork,Thursday
2026-01-22 18:07:47,FPMarkets Raw,XAUUSD,4868.2,4868.27,0.07,7,NewYork,Thursday
2026-01-22 18:07:48,FPMarkets Raw,EURUSD,1.1735,1.17351,1e-05,1,NewYork,Thursday
2026-01-22 18:07:49,FPMarkets Raw,GBPUSD,1.34802,1.34806,4e-05,4,NewYork,Thursday
2026-01-22 18:07:50,FPMarkets Raw,USDJPY,158.414,158.417,0.003,3,NewYork,Thursday
2026-01-22 18:07:50,FPMarkets Raw,AUDUSD,0.68253,0.68255,2e-05,2,NewYork,Thursday
2026-01-22 18:07:52,8Cap Raw,XAUUSD,4868.85,4869.01,0.16,16,NewYork,Thursday
2026-01-22 18:07:53,8Cap Raw,EURUSD,1.17353,1.17354,1e-05,1,NewYork,Thursday
2026-01-22 18:07:54,8Cap Raw,GBPUSD,1.34807,1.34808,1e-05,1,NewYork,Thursday
2026-01-22 18:07:54,8Cap Raw,USDJPY,158.426,158.427,0.001,1,NewYork,Thursday
2026-01-22 18:07:55,8Cap Raw,AUDUSD,0.68258,0.68262,4e-05,4,NewYork,Thursday
2026-01-22 18:12:16,Pepperstone Razor,XAUUSD,4874.62,4874.77,0.15,15,NewYork,Thursday
2026-01-22 18:12:17,Pepperstone Razor,EURUSD,1.17438,1.17438,0.0,0,NewYork,Thursday
2026-01-22 18:12:18,Pepperstone Razor,GBPUSD,1.3487,1.34871,1e-05,1,NewYork,Thursday
2026-01-22 18:12:19,Pepperstone Razor,USDJPY,158.342,158.343,0.001,1,NewYork,Thursday
2026-01-22 18:12:20,Pepperstone Razor,AUDUSD,0.68291,0.68293,2e-05,2,NewYork,Thursday
2026-01-22 18:12:23,FusionMarkets Zero,XAUUSD,4874.62,4874.67,0.05,5,NewYork,Thursday
2026-01-22 18:12:23,FusionMarkets Zero,EURUSD,1.17439,1.17439,0.0,0,NewYork,Thursday
2026-01-22 18:12:24,FusionMarkets Zero,GBPUSD,1.34872,1.34872,0.0,0,NewYork,Thursday
2026-01-22 18:12:25,FusionMarkets Zero,USDJPY,158.34,158.34,0.0,0,NewYork,Thursday
2026-01-22 18:12:26,FusionMarkets Zero,AUDUSD,0.68291,0.68291,0.0,0,NewYork,Thursday
2026-01-22 18:12:29,ThinkMarkets ThinkZero,XAUUSD,4874.97,4875.05,0.08,8,NewYork,Thursday
2026-01-22 18:12:30,ThinkMarkets ThinkZero,EURUSD,1.17434,1.17436,2e-05,2,NewYork,Thursday
2026-01-22 18:12:31,ThinkMarkets ThinkZero,GBPUSD,1.34864,1.3487,6e-05,6,NewYork,Thursday
2026-01-22 18:12:32,ThinkMarkets ThinkZero,USDJPY,158.338,158.342,0.004,4,NewYork,Thursday
2026-01-22 18:12:32,ThinkMarkets ThinkZero,AUDUSD,0.68287,0.68291,4e-05,4,NewYork,Thursday
2026-01-22 18:12:36,ICMarkets Raw,XAUUSD,4875.0,4875.05,0.05,5,NewYork,Thursday
2026-01-22 18:12:36,ICMarkets Raw,EURUSD,1.17432,1.17432,0.0,0,NewYork,Thursday
2026-01-22 18:12:37,ICMarkets Raw,GBPUSD,1.34866,1.34867,1e-05,1,NewYork,Thursday
2026-01-22 18:12:38,ICMarkets Raw,USDJPY,158.335,158.335,0.0,0,NewYork,Thursday
2026-01-22 18:12:39,ICMarkets Raw,AUDUSD,0.6829,0.68291,1e-05,1,NewYork,Thursday
2026-01-22 18:12:41,VantageMarkets Raw,XAUUSD,4875.27,4875.35,0.08,8,NewYork,Thursday
2026-01-22 18:12:42,VantageMarkets Raw,EURUSD,1.17436,1.17438,2e-05,2,NewYork,Thursday
2026-01-22 18:12:43,VantageMarkets Raw,GBPUSD,1.34865,1.34866,1e-05,1,NewYork,Thursday
2026-01-22 18:12:44,VantageMarkets Raw,USDJPY,158.334,158.336,0.002,2,NewYork,Thursday
2026-01-22 18:12:45,VantageMarkets Raw,AUDUSD,0.68293,0.68296,3e-05,3,NewYork,Thursday
2026-01-22 18:12:48,FPMarkets Raw,XAUUSD,4875.49,4875.56,0.07,7,NewYork,Thursday
2026-01-22 18:12:49,FPMarkets Raw,EURUSD,1.1743,1.17432,2e-05,2,NewYork,Thursday
2026-01-22 18:12:50,FPMarkets Raw,GBPUSD,1.34867,1.3487,3e-05,3,NewYork,Thursday
2026-01-22 18:12:51,FPMarkets Raw,USDJPY,158.329,158.332,0.003,3,NewYork,Thursday
2026-01-22 18:12:52,FPMarkets Raw,AUDUSD,0.68293,0.68296,3e-05,3,NewYork,Thursday
2026-01-22 18:12:53,8Cap Raw,XAUUSD,4874.85,4875.01,0.16,16,NewYork,Thursday
2026-01-22 18:12:54,8Cap Raw,EURUSD,1.17432,1.17432,0.0,0,NewYork,Thursday
2026-01-22 18:12:55,8Cap Raw,GBPUSD,1.3487,1.34871,1e-05,1,NewYork,Thursday
2026-01-22 18:12:55,8Cap Raw,USDJPY,158.325,158.326,0.001,1,NewYork,Thursday
2026-01-22 18:12:56,8Cap Raw,AUDUSD,0.68294,0.68298,4e-05,4,NewYork,Thursday
2026-01-22 18:17:17,Pepperstone Razor,XAUUSD,4872.12,4872.27,0.15,15,NewYork,Thursday
2026-01-22 18:17:17,Pepperstone Razor,EURUSD,1.17448,1.17448,0.0,0,NewYork,Thursday
2026-01-22 18:17:18,Pepperstone Razor,GBPUSD,1.34891,1.34891,0.0,0,NewYork,Thursday
2026-01-22 18:17:19,Pepperstone Razor,USDJPY,158.324,158.325,0.001,1,NewYork,Thursday
2026-01-22 18:17:20,Pepperstone Razor,AUDUSD,0.68287,0.68288,1e-05,1,NewYork,Thursday
2026-01-22 18:17:23,FusionMarkets Zero,XAUUSD,4872.79,4872.85,0.06,6,NewYork,Thursday
2026-01-22 18:17:24,FusionMarkets Zero,EURUSD,1.17448,1.17448,0.0,0,NewYork,Thursday
2026-01-22 18:17:25,FusionMarkets Zero,GBPUSD,1.3489,1.3489,0.0,0,NewYork,Thursday
2026-01-22 18:17:26,FusionMarkets Zero,USDJPY,158.315,158.315,0.0,0,NewYork,Thursday
2026-01-22 18:17:27,FusionMarkets Zero,AUDUSD,0.6829,0.6829,0.0,0,NewYork,Thursday
2026-01-22 18:17:30,ThinkMarkets ThinkZero,XAUUSD,4873.24,4873.32,0.08,8,NewYork,Thursday
2026-01-22 18:17:31,ThinkMarkets ThinkZero,EURUSD,1.17446,1.17449,3e-05,3,NewYork,Thursday
2026-01-22 18:17:32,ThinkMarkets ThinkZero,GBPUSD,1.3489,1.34897,7e-05,7,NewYork,Thursday
2026-01-22 18:17:33,ThinkMarkets ThinkZero,USDJPY,158.312,158.317,0.005,5,NewYork,Thursday
2026-01-22 18:17:33,ThinkMarkets ThinkZero,AUDUSD,0.68286,0.6829,4e-05,4,NewYork,Thursday
2026-01-22 18:17:36,ICMarkets Raw,XAUUSD,4873.04,4873.09,0.05,5,NewYork,Thursday
2026-01-22 18:17:37,ICMarkets Raw,EURUSD,1.17446,1.17446,0.0,0,NewYork,Thursday
2026-01-22 18:17:38,ICMarkets Raw,GBPUSD,1.34891,1.34892,1e-05,1,NewYork,Thursday
2026-01-22 18:17:39,ICMarkets Raw,USDJPY,158.313,158.313,0.0,0,NewYork,Thursday
2026-01-22 18:17:40,ICMarkets Raw,AUDUSD,0.68288,0.68288,0.0,0,NewYork,Thursday
2026-01-22 18:17:43,VantageMarkets Raw,XAUUSD,4873.83,4873.91,0.08,8,NewYork,Thursday
2026-01-22 18:17:44,VantageMarkets Raw,EURUSD,1.17449,1.1745,1e-05,1,NewYork,Thursday
2026-01-22 18:17:44,VantageMarkets Raw,GBPUSD,1.34888,1.34889,1e-05,1,NewYork,Thursday
2026-01-22 18:17:45,VantageMarkets Raw,USDJPY,158.311,158.313,0.002,2,NewYork,Thursday
2026-01-22 18:17:46,VantageMarkets Raw,AUDUSD,0.68287,0.6829,3e-05,3,NewYork,Thursday
2026-01-22 18:17:49,FPMarkets Raw,XAUUSD,4872.67,4872.74,0.07,7,NewYork,Thursday
2026-01-22 18:17:50,FPMarkets Raw,EURUSD,1.17454,1.17455,1e-05,1,NewYork,Thursday
2026-01-22 18:17:51,FPMarkets Raw,GBPUSD,1.34893,1.34896,3e-05,3,NewYork,Thursday
2026-01-22 18:17:52,FPMarkets Raw,USDJPY,158.315,158.318,0.003,3,NewYork,Thursday
2026-01-22 18:17:53,FPMarkets Raw,AUDUSD,0.68287,0.68291,4e-05,4,NewYork,Thursday
2026-01-22 18:17:55,8Cap Raw,XAUUSD,4873.08,4873.24,0.16,16,NewYork,Thursday
2026-01-22 18:17:56,8Cap Raw,EURUSD,1.17455,1.17455,0.0,0,NewYork,Thursday
2026-01-22 18:17:56,8Cap Raw,GBPUSD,1.34894,1.34895,1e-05,1,NewYork,Thursday
2026-01-22 18:17:57,8Cap Raw,USDJPY,158.316,158.317,0.001,1,NewYork,Thursday
2026-01-22 18:17:58,8Cap Raw,AUDUSD,0.68288,0.68291,3e-05,3,NewYork,Thursday
2026-01-22 18:22:16,Pepperstone Razor,XAUUSD,4875.67,4875.86,0.19,19,NewYork,Thursday
2026-01-22 18:22:17,Pepperstone Razor,EURUSD,1.17487,1.17487,0.0,0,NewYork,Thursday
2026-01-22 18:22:18,Pepperstone Razor,GBPUSD,1.3498,1.34981,1e-05,1,NewYork,Thursday
2026-01-22 18:22:19,Pepperstone Razor,USDJPY,158.286,158.291,0.005,5,NewYork,Thursday
2026-01-22 18:22:20,Pepperstone Razor,AUDUSD,0.68344,0.68345,1e-05,1,NewYork,Thursday
2026-01-22 18:22:23,FusionMarkets Zero,XAUUSD,4876.5,4876.6,0.1,10,NewYork,Thursday
2026-01-22 18:22:24,FusionMarkets Zero,EURUSD,1.17486,1.17486,0.0,0,NewYork,Thursday
2026-01-22 18:22:25,FusionMarkets Zero,GBPUSD,1.34986,1.34986,0.0,0,NewYork,Thursday
2026-01-22 18:22:26,FusionMarkets Zero,USDJPY,158.288,158.288,0.0,0,NewYork,Thursday
2026-01-22 18:22:27,FusionMarkets Zero,AUDUSD,0.68343,0.68343,0.0,0,NewYork,Thursday
2026-01-22 18:22:30,ThinkMarkets ThinkZero,XAUUSD,4876.49,4876.57,0.08,8,NewYork,Thursday
2026-01-22 18:22:31,ThinkMarkets ThinkZero,EURUSD,1.17486,1.17489,3e-05,3,NewYork,Thursday
2026-01-22 18:22:32,ThinkMarkets ThinkZero,GBPUSD,1.34978,1.34985,7e-05,7,NewYork,Thursday
2026-01-22 18:22:33,ThinkMarkets ThinkZero,USDJPY,158.286,158.29,0.004,4,NewYork,Thursday
2026-01-22 18:22:33,ThinkMarkets ThinkZero,AUDUSD,0.68342,0.68345,3e-05,3,NewYork,Thursday
2026-01-22 18:22:36,ICMarkets Raw,XAUUSD,4877.94,4878.04,0.1,10,NewYork,Thursday
2026-01-22 18:22:37,ICMarkets Raw,EURUSD,1.1749,1.1749,0.0,0,NewYork,Thursday
2026-01-22 18:22:38,ICMarkets Raw,GBPUSD,1.34987,1.34988,1e-05,1,NewYork,Thursday
2026-01-22 18:22:39,ICMarkets Raw,USDJPY,158.286,158.286,0.0,0,NewYork,Thursday
2026-01-22 18:22:40,ICMarkets Raw,AUDUSD,0.68342,0.68342,0.0,0,NewYork,Thursday
2026-01-22 18:22:43,VantageMarkets Raw,XAUUSD,4878.19,4878.27,0.08,8,NewYork,Thursday
2026-01-22 18:22:44,VantageMarkets Raw,EURUSD,1.17493,1.17495,2e-05,2,NewYork,Thursday
2026-01-22 18:22:45,VantageMarkets Raw,GBPUSD,1.34985,1.34986,1e-05,1,NewYork,Thursday
2026-01-22 18:22:45,VantageMarkets Raw,USDJPY,158.28,158.282,0.002,2,NewYork,Thursday
2026-01-22 18:22:46,VantageMarkets Raw,AUDUSD,0.68342,0.68345,3e-05,3,NewYork,Thursday
2026-01-22 18:22:50,FPMarkets Raw,XAUUSD,4876.15,4876.22,0.07,7,NewYork,Thursday
2026-01-22 18:22:50,FPMarkets Raw,EURUSD,1.17494,1.17495,1e-05,1,NewYork,Thursday
2026-01-22 18:22:51,FPMarkets Raw,GBPUSD,1.34985,1.34988,3e-05,3,NewYork,Thursday
2026-01-22 18:22:52,FPMarkets Raw,USDJPY,158.284,158.287,0.003,3,NewYork,Thursday
2026-01-22 18:22:53,FPMarkets Raw,AUDUSD,0.6834,0.68344,4e-05,4,NewYork,Thursday
2026-01-22 18:22:55,8Cap Raw,XAUUSD,4877.93,4878.09,0.16,16,NewYork,Thursday
2026-01-22 18:22:56,8Cap Raw,EURUSD,1.17499,1.17499,0.0,0,NewYork,Thursday
2026-01-22 18:22:56,8Cap Raw,GBPUSD,1.34987,1.34988,1e-05,1,NewYork,Thursday
2026-01-22 18:22:57,8Cap Raw,USDJPY,158.279,158.28,0.001,1,NewYork,Thursday
2026-01-22 18:22:58,8Cap Raw,AUDUSD,0.68343,0.68346,3e-05,3,NewYork,Thursday
2026-01-22 18:27:16,Pepperstone Razor,XAUUSD,4877.89,4878.07,0.18,18,NewYork,Thursday
2026-01-22 18:27:17,Pepperstone Razor,EURUSD,1.17487,1.17487,0.0,0,NewYork,Thursday
2026-01-22 18:27:18,Pepperstone Razor,GBPUSD,1.34961,1.34963,2e-05,2,NewYork,Thursday
2026-01-22 18:27:19,Pepperstone Razor,USDJPY,158.291,158.294,0.003,3,NewYork,Thursday
2026-01-22 18:27:20,Pepperstone Razor,AUDUSD,0.68347,0.68348,1e-05,1,NewYork,Thursday
2026-01-22 18:27:23,FusionMarkets Zero,XAUUSD,4876.49,4876.58,0.09,9,NewYork,Thursday
2026-01-22 18:27:24,FusionMarkets Zero,EURUSD,1.17492,1.17492,0.0,0,NewYork,Thursday
2026-01-22 18:27:25,FusionMarkets Zero,GBPUSD,1.34965,1.34965,0.0,0,NewYork,Thursday
2026-01-22 18:27:26,FusionMarkets Zero,USDJPY,158.273,158.275,0.002,2,NewYork,Thursday
2026-01-22 18:27:27,FusionMarkets Zero,AUDUSD,0.68347,0.68347,0.0,0,NewYork,Thursday
2026-01-22 18:27:30,ThinkMarkets ThinkZero,XAUUSD,4876.83,4876.91,0.08,8,NewYork,Thursday
2026-01-22 18:27:31,ThinkMarkets ThinkZero,EURUSD,1.17489,1.17492,3e-05,3,NewYork,Thursday
2026-01-22 18:27:31,ThinkMarkets ThinkZero,GBPUSD,1.34958,1.34962,4e-05,4,NewYork,Thursday
2026-01-22 18:27:32,ThinkMarkets ThinkZero,USDJPY,158.274,158.278,0.004,4,NewYork,Thursday
2026-01-22 18:27:33,ThinkMarkets ThinkZero,AUDUSD,0.68344,0.68348,4e-05,4,NewYork,Thursday
2026-01-22 18:27:36,ICMarkets Raw,XAUUSD,4876.79,4876.89,0.1,10,NewYork,Thursday
2026-01-22 18:27:37,ICMarkets Raw,EURUSD,1.17482,1.17482,0.0,0,NewYork,Thursday
2026-01-22 18:27:38,ICMarkets Raw,GBPUSD,1.34956,1.34957,1e-05,1,NewYork,Thursday
2026-01-22 18:27:39,ICMarkets Raw,USDJPY,158.287,158.289,0.002,2,NewYork,Thursday
2026-01-22 18:27:40,ICMarkets Raw,AUDUSD,0.68346,0.68347,1e-05,1,NewYork,Thursday
2026-01-22 18:27:43,VantageMarkets Raw,XAUUSD,4876.77,4876.85,0.08,8,NewYork,Thursday
2026-01-22 18:27:44,VantageMarkets Raw,EURUSD,1.17482,1.17483,1e-05,1,NewYork,Thursday
2026-01-22 18:27:44,VantageMarkets Raw,GBPUSD,1.34961,1.34962,1e-05,1,NewYork,Thursday
2026-01-22 18:27:45,VantageMarkets Raw,USDJPY,158.286,158.288,0.002,2,NewYork,Thursday
2026-01-22 18:27:46,VantageMarkets Raw,AUDUSD,0.68346,0.68349,3e-05,3,NewYork,Thursday
2026-01-22 18:27:49,FPMarkets Raw,XAUUSD,4877.03,4877.1,0.07,7,NewYork,Thursday
2026-01-22 18:27:50,FPMarkets Raw,EURUSD,1.17481,1.17482,1e-05,1,NewYork,Thursday
2026-01-22 18:27:51,FPMarkets Raw,GBPUSD,1.34963,1.34966,3e-05,3,NewYork,Thursday
2026-01-22 18:27:52,FPMarkets Raw,USDJPY,158.281,158.284,0.003,3,NewYork,Thursday
2026-01-22 18:27:53,FPMarkets Raw,AUDUSD,0.68344,0.68346,2e-05,2,NewYork,Thursday
2026-01-22 18:27:55,8Cap Raw,XAUUSD,4877.58,4877.74,0.16,16,NewYork,Thursday
2026-01-22 18:27:55,8Cap Raw,EURUSD,1.17478,1.17479,1e-05,1,NewYork,Thursday
2026-01-22 18:27:56,8Cap Raw,GBPUSD,1.34963,1.34964,1e-05,1,NewYork,Thursday
2026-01-22 18:27:57,8Cap Raw,USDJPY,158.281,158.282,0.001,1,NewYork,Thursday
2026-01-22 18:27:58,8Cap Raw,AUDUSD,0.68343,0.68345,2e-05,2,NewYork,Thursday
2026-01-22 18:32:17,Pepperstone Razor,XAUUSD,4874.81,4874.94,0.13,13,NewYork,Thursday
2026-01-22 18:32:18,Pepperstone Razor,EURUSD,1.17417,1.17418,1e-05,1,NewYork,Thursday
2026-01-22 18:32:19,Pepperstone Razor,GBPUSD,1.34898,1.34898,0.0,0,NewYork,Thursday
2026-01-22 18:32:19,Pepperstone Razor,USDJPY,158.349,158.352,0.003,3,NewYork,Thursday
2026-01-22 18:32:20,Pepperstone Razor,AUDUSD,0.68307,0.68309,2e-05,2,NewYork,Thursday
2026-01-22 18:32:24,FusionMarkets Zero,XAUUSD,4874.57,4874.62,0.05,5,NewYork,Thursday
2026-01-22 18:32:25,FusionMarkets Zero,EURUSD,1.17412,1.17412,0.0,0,NewYork,Thursday
2026-01-22 18:32:25,FusionMarkets Zero,GBPUSD,1.34897,1.34897,0.0,0,NewYork,Thursday
2026-01-22 18:32:26,FusionMarkets Zero,USDJPY,158.353,158.353,0.0,0,NewYork,Thursday
2026-01-22 18:32:27,FusionMarkets Zero,AUDUSD,0.68309,0.68309,0.0,0,NewYork,Thursday
2026-01-22 18:32:31,ThinkMarkets ThinkZero,XAUUSD,4873.84,4873.92,0.08,8,NewYork,Thursday
2026-01-22 18:32:32,ThinkMarkets ThinkZero,EURUSD,1.17409,1.17411,2e-05,2,NewYork,Thursday
2026-01-22 18:32:33,ThinkMarkets ThinkZero,GBPUSD,1.34891,1.34898,7e-05,7,NewYork,Thursday
2026-01-22 18:32:33,ThinkMarkets ThinkZero,USDJPY,158.353,158.355,0.002,2,NewYork,Thursday
2026-01-22 18:32:34,ThinkMarkets ThinkZero,AUDUSD,0.68305,0.68308,3e-05,3,NewYork,Thursday
2026-01-22 18:32:38,ICMarkets Raw,XAUUSD,4873.97,4874.03,0.06,6,NewYork,Thursday
2026-01-22 18:32:38,ICMarkets Raw,EURUSD,1.17409,1.1741,1e-05,1,NewYork,Thursday
2026-01-22 18:32:39,ICMarkets Raw,GBPUSD,1.34894,1.34895,1e-05,1,NewYork,Thursday
2026-01-22 18:32:40,ICMarkets Raw,USDJPY,158.353,158.353,0.0,0,NewYork,Thursday
2026-01-22 18:32:41,ICMarkets Raw,AUDUSD,0.68309,0.68309,0.0,0,NewYork,Thursday
2026-01-22 18:32:44,VantageMarkets Raw,XAUUSD,4873.74,4873.82,0.08,8,NewYork,Thursday
2026-01-22 18:32:45,VantageMarkets Raw,EURUSD,1.17407,1.1741,3e-05,3,NewYork,Thursday
2026-01-22 18:32:46,VantageMarkets Raw,GBPUSD,1.34892,1.34893,1e-05,1,NewYork,Thursday
2026-01-22 18:32:47,VantageMarkets Raw,USDJPY,158.349,158.351,0.002,2,NewYork,Thursday
2026-01-22 18:32:48,VantageMarkets Raw,AUDUSD,0.68307,0.6831,3e-05,3,NewYork,Thursday
2026-01-22 18:32:51,FPMarkets Raw,XAUUSD,4873.56,4873.63,0.07,7,NewYork,Thursday
2026-01-22 18:32:52,FPMarkets Raw,EURUSD,1.17406,1.17407,1e-05,1,NewYork,Thursday
2026-01-22 18:32:53,FPMarkets Raw,GBPUSD,1.34892,1.34896,4e-05,4,NewYork,Thursday
2026-01-22 18:32:54,FPMarkets Raw,USDJPY,158.35,158.353,0.003,3,NewYork,Thursday
2026-01-22 18:32:55,FPMarkets Raw,AUDUSD,0.68308,0.68311,3e-05,3,NewYork,Thursday
2026-01-22 18:32:57,8Cap Raw,XAUUSD,4873.79,4873.95,0.16,16,NewYork,Thursday
2026-01-22 18:32:57,8Cap Raw,EURUSD,1.17404,1.17404,0.0,0,NewYork,Thursday
2026-01-22 18:32:58,8Cap Raw,GBPUSD,1.34894,1.34895,1e-05,1,NewYork,Thursday
2026-01-22 18:32:59,8Cap Raw,USDJPY,158.35,158.351,0.001,1,NewYork,Thursday
2026-01-22 18:32:59,8Cap Raw,AUDUSD,0.68307,0.6831,3e-05,3,NewYork,Thursday
2026-01-22 18:37:17,Pepperstone Razor,XAUUSD,4877.33,4877.49,0.16,16,NewYork,Thursday
2026-01-22 18:37:18,Pepperstone Razor,EURUSD,1.17448,1.17448,0.0,0,NewYork,Thursday
2026-01-22 18:37:18,Pepperstone Razor,GBPUSD,1.34936,1.34936,0.0,0,NewYork,Thursday
2026-01-22 18:37:19,Pepperstone Razor,USDJPY,158.314,158.316,0.002,2,NewYork,Thursday
2026-01-22 18:37:20,Pepperstone Razor,AUDUSD,0.68332,0.68333,1e-05,1,NewYork,Thursday
2026-01-22 18:37:23,FusionMarkets Zero,XAUUSD,4876.82,4876.87,0.05,5,NewYork,Thursday
2026-01-22 18:37:24,FusionMarkets Zero,EURUSD,1.17447,1.17447,0.0,0,NewYork,Thursday
2026-01-22 18:37:25,FusionMarkets Zero,GBPUSD,1.34935,1.34935,0.0,0,NewYork,Thursday
2026-01-22 18:37:26,FusionMarkets Zero,USDJPY,158.311,158.312,0.001,1,NewYork,Thursday
2026-01-22 18:37:27,FusionMarkets Zero,AUDUSD,0.68336,0.68336,0.0,0,NewYork,Thursday
2026-01-22 18:37:31,ThinkMarkets ThinkZero,XAUUSD,4877.07,4877.15,0.08,8,NewYork,Thursday
2026-01-22 18:37:31,ThinkMarkets ThinkZero,EURUSD,1.17437,1.1744,3e-05,3,NewYork,Thursday
2026-01-22 18:37:32,ThinkMarkets ThinkZero,GBPUSD,1.34925,1.34931,6e-05,6,NewYork,Thursday
2026-01-22 18:37:33,ThinkMarkets ThinkZero,USDJPY,158.311,158.316,0.005,5,NewYork,Thursday
2026-01-22 18:37:34,ThinkMarkets ThinkZero,AUDUSD,0.68332,0.68334,2e-05,2,NewYork,Thursday
2026-01-22 18:37:38,ICMarkets Raw,XAUUSD,4878.39,4878.44,0.05,5,NewYork,Thursday
2026-01-22 18:37:38,ICMarkets Raw,EURUSD,1.17437,1.17437,0.0,0,NewYork,Thursday
2026-01-22 18:37:39,ICMarkets Raw,GBPUSD,1.3493,1.34931,1e-05,1,NewYork,Thursday
2026-01-22 18:37:40,ICMarkets Raw,USDJPY,158.31,158.311,0.001,1,NewYork,Thursday
2026-01-22 18:37:41,ICMarkets Raw,AUDUSD,0.68339,0.68339,0.0,0,NewYork,Thursday
2026-01-22 18:37:44,VantageMarkets Raw,XAUUSD,4879.49,4879.57,0.08,8,NewYork,Thursday
2026-01-22 18:37:45,VantageMarkets Raw,EURUSD,1.17444,1.17447,3e-05,3,NewYork,Thursday
2026-01-22 18:37:46,VantageMarkets Raw,GBPUSD,1.34927,1.34928,1e-05,1,NewYork,Thursday
2026-01-22 18:37:47,VantageMarkets Raw,USDJPY,158.309,158.311,0.002,2,NewYork,Thursday
2026-01-22 18:37:48,VantageMarkets Raw,AUDUSD,0.68338,0.68341,3e-05,3,NewYork,Thursday
2026-01-22 18:37:51,FPMarkets Raw,XAUUSD,4881.11,4881.18,0.07,7,NewYork,Thursday
2026-01-22 18:37:52,FPMarkets Raw,EURUSD,1.1744,1.17441,1e-05,1,NewYork,Thursday
2026-01-22 18:37:53,FPMarkets Raw,GBPUSD,1.34929,1.34932,3e-05,3,NewYork,Thursday
2026-01-22 18:37:54,FPMarkets Raw,USDJPY,158.308,158.311,0.003,3,NewYork,Thursday
2026-01-22 18:37:55,FPMarkets Raw,AUDUSD,0.68339,0.68342,3e-05,3,NewYork,Thursday
2026-01-22 18:37:57,8Cap Raw,XAUUSD,4881.07,4881.23,0.16,16,NewYork,Thursday
2026-01-22 18:37:58,8Cap Raw,EURUSD,1.17448,1.17449,1e-05,1,NewYork,Thursday
2026-01-22 18:37:58,8Cap Raw,GBPUSD,1.34938,1.34939,1e-05,1,NewYork,Thursday
2026-01-22 18:37:59,8Cap Raw,USDJPY,158.303,158.304,0.001,1,NewYork,Thursday
2026-01-22 18:38:00,8Cap Raw,AUDUSD,0.68343,0.68346,3e-05,3,NewYork,Thursday
2026-01-22 18:42:17,Pepperstone Razor,XAUUSD,4882.81,4882.99,0.18,18,NewYork,Thursday
2026-01-22 18:42:18,Pepperstone Razor,EURUSD,1.17427,1.17427,0.0,0,NewYork,Thursday
2026-01-22 18:42:19,Pepperstone Razor,GBPUSD,1.34933,1.34933,0.0,0,NewYork,Thursday
2026-01-22 18:42:19,Pepperstone Razor,USDJPY,158.314,158.316,0.002,2,NewYork,Thursday
2026-01-22 18:42:20,Pepperstone Razor,AUDUSD,0.6834,0.68342,2e-05,2,NewYork,Thursday
2026-01-22 18:42:24,FusionMarkets Zero,XAUUSD,4882.1,4882.17,0.07,7,NewYork,Thursday
2026-01-22 18:42:25,FusionMarkets Zero,EURUSD,1.17424,1.17424,0.0,0,NewYork,Thursday
2026-01-22 18:42:26,FusionMarkets Zero,GBPUSD,1.34929,1.34929,0.0,0,NewYork,Thursday
2026-01-22 18:42:27,FusionMarkets Zero,USDJPY,158.324,158.326,0.002,2,NewYork,Thursday
2026-01-22 18:42:27,FusionMarkets Zero,AUDUSD,0.68344,0.68344,0.0,0,NewYork,Thursday
2026-01-22 18:42:31,ThinkMarkets ThinkZero,XAUUSD,4881.89,4881.97,0.08,8,NewYork,Thursday
2026-01-22 18:42:32,ThinkMarkets ThinkZero,EURUSD,1.17426,1.17429,3e-05,3,NewYork,Thursday
2026-01-22 18:42:32,ThinkMarkets ThinkZero,GBPUSD,1.34931,1.34935,4e-05,4,NewYork,Thursday
2026-01-22 18:42:33,ThinkMarkets ThinkZero,USDJPY,158.312,158.316,0.004,4,NewYork,Thursday
2026-01-22 18:42:34,ThinkMarkets ThinkZero,AUDUSD,0.68344,0.68346,2e-05,2,NewYork,Thursday
2026-01-22 18:42:38,ICMarkets Raw,XAUUSD,4884.03,4884.12,0.09,9,NewYork,Thursday
2026-01-22 18:42:38,ICMarkets Raw,EURUSD,1.17427,1.17427,0.0,0,NewYork,Thursday
2026-01-22 18:42:39,ICMarkets Raw,GBPUSD,1.34935,1.34936,1e-05,1,NewYork,Thursday
2026-01-22 18:42:40,ICMarkets Raw,USDJPY,158.312,158.314,0.002,2,NewYork,Thursday
2026-01-22 18:42:41,ICMarkets Raw,AUDUSD,0.68345,0.68346,1e-05,1,NewYork,Thursday
2026-01-22 18:42:44,VantageMarkets Raw,XAUUSD,4883.78,4883.86,0.08,8,NewYork,Thursday
2026-01-22 18:42:45,VantageMarkets Raw,EURUSD,1.17426,1.17428,2e-05,2,NewYork,Thursday
2026-01-22 18:42:46,VantageMarkets Raw,GBPUSD,1.34934,1.34935,1e-05,1,NewYork,Thursday
2026-01-22 18:42:47,VantageMarkets Raw,USDJPY,158.314,158.315,0.001,1,NewYork,Thursday
2026-01-22 18:42:48,VantageMarkets Raw,AUDUSD,0.68343,0.68345,2e-05,2,NewYork,Thursday
2026-01-22 18:42:51,FPMarkets Raw,XAUUSD,4883.48,4883.55,0.07,7,NewYork,Thursday
2026-01-22 18:42:52,FPMarkets Raw,EURUSD,1.17428,1.17429,1e-05,1,NewYork,Thursday
2026-01-22 18:42:53,FPMarkets Raw,GBPUSD,1.34942,1.34945,3e-05,3,NewYork,Thursday
2026-01-22 18:42:54,FPMarkets Raw,USDJPY,158.312,158.315,0.003,3,NewYork,Thursday
2026-01-22 18:42:55,FPMarkets Raw,AUDUSD,0.68344,0.68347,3e-05,3,NewYork,Thursday
2026-01-22 18:42:57,8Cap Raw,XAUUSD,4883.04,4883.2,0.16,16,NewYork,Thursday
2026-01-22 18:42:57,8Cap Raw,EURUSD,1.1743,1.1743,0.0,0,NewYork,Thursday
2026-01-22 18:42:58,8Cap Raw,GBPUSD,1.34954,1.34956,2e-05,2,NewYork,Thursday
2026-01-22 18:42:59,8Cap Raw,USDJPY,158.308,158.309,0.001,1,NewYork,Thursday
2026-01-22 18:42:59,8Cap Raw,AUDUSD,0.68343,0.68346,3e-05,3,NewYork,Thursday
2026-01-22 18:47:17,Pepperstone Razor,XAUUSD,4882.54,4882.69,0.15,15,NewYork,Thursday
2026-01-22 18:47:18,Pepperstone Razor,EURUSD,1.17443,1.17443,0.0,0,NewYork,Thursday
2026-01-22 18:47:19,Pepperstone Razor,GBPUSD,1.3497,1.34971,1e-05,1,NewYork,Thursday
2026-01-22 18:47:20,Pepperstone Razor,USDJPY,158.263,158.263,0.0,0,NewYork,Thursday
2026-01-22 18:47:20,Pepperstone Razor,AUDUSD,0.68354,0.68354,0.0,0,NewYork,Thursday
2026-01-22 18:47:24,FusionMarkets Zero,XAUUSD,4882.54,4882.6,0.06,6,NewYork,Thursday
2026-01-22 18:47:25,FusionMarkets Zero,EURUSD,1.17436,1.17436,0.0,0,NewYork,Thursday
2026-01-22 18:47:26,FusionMarkets Zero,GBPUSD,1.34972,1.34972,0.0,0,NewYork,Thursday
2026-01-22 18:47:27,FusionMarkets Zero,USDJPY,158.264,158.264,0.0,0,NewYork,Thursday
2026-01-22 18:47:28,FusionMarkets Zero,AUDUSD,0.68355,0.68355,0.0,0,NewYork,Thursday
2026-01-22 18:47:31,ThinkMarkets ThinkZero,XAUUSD,4882.19,4882.27,0.08,8,NewYork,Thursday
2026-01-22 18:47:32,ThinkMarkets ThinkZero,EURUSD,1.17432,1.17434,2e-05,2,NewYork,Thursday
2026-01-22 18:47:33,ThinkMarkets ThinkZero,GBPUSD,1.34967,1.34974,7e-05,7,NewYork,Thursday
2026-01-22 18:47:34,ThinkMarkets ThinkZero,USDJPY,158.265,158.269,0.004,4,NewYork,Thursday
2026-01-22 18:47:35,ThinkMarkets ThinkZero,AUDUSD,0.6835,0.68353,3e-05,3,NewYork,Thursday
2026-01-22 18:47:38,ICMarkets Raw,XAUUSD,4882.79,4882.86,0.07,7,NewYork,Thursday
2026-01-22 18:47:39,ICMarkets Raw,EURUSD,1.17434,1.17435,1e-05,1,NewYork,Thursday
2026-01-22 18:47:40,ICMarkets Raw,GBPUSD,1.34966,1.34967,1e-05,1,NewYork,Thursday
2026-01-22 18:47:40,ICMarkets Raw,USDJPY,158.269,158.269,0.0,0,NewYork,Thursday
2026-01-22 18:47:41,ICMarkets Raw,AUDUSD,0.68351,0.68351,0.0,0,NewYork,Thursday
2026-01-22 18:47:44,VantageMarkets Raw,XAUUSD,4882.8,4882.88,0.08,8,NewYork,Thursday
2026-01-22 18:47:45,VantageMarkets Raw,EURUSD,1.17434,1.17435,1e-05,1,NewYork,Thursday
2026-01-22 18:47:46,VantageMarkets Raw,GBPUSD,1.34966,1.34967,1e-05,1,NewYork,Thursday
2026-01-22 18:47:47,VantageMarkets Raw,USDJPY,158.27,158.272,0.002,2,NewYork,Thursday
2026-01-22 18:47:48,VantageMarkets Raw,AUDUSD,0.68351,0.68355,4e-05,4,NewYork,Thursday
2026-01-22 18:47:51,FPMarkets Raw,XAUUSD,4883.08,4883.15,0.07,7,NewYork,Thursday
2026-01-22 18:47:52,FPMarkets Raw,EURUSD,1.17426,1.17428,2e-05,2,NewYork,Thursday
2026-01-22 18:47:53,FPMarkets Raw,GBPUSD,1.34962,1.34966,4e-05,4,NewYork,Thursday
2026-01-22 18:47:54,FPMarkets Raw,USDJPY,158.271,158.274,0.003,3,NewYork,Thursday
2026-01-22 18:47:55,FPMarkets Raw,AUDUSD,0.68353,0.68356,3e-05,3,NewYork,Thursday
2026-01-22 18:47:57,8Cap Raw,XAUUSD,4882.96,4883.12,0.16,16,NewYork,Thursday
2026-01-22 18:47:57,8Cap Raw,EURUSD,1.1743,1.1743,0.0,0,NewYork,Thursday
2026-01-22 18:47:58,8Cap Raw,GBPUSD,1.34963,1.34964,1e-05,1,NewYork,Thursday
2026-01-22 18:47:59,8Cap Raw,USDJPY,158.28,158.281,0.001,1,NewYork,Thursday
2026-01-22 18:47:59,8Cap Raw,AUDUSD,0.68348,0.6835,2e-05,2,NewYork,Thursday
2026-01-22 18:52:17,Pepperstone Razor,XAUUSD,4882.48,4882.63,0.15,15,NewYork,Thursday
2026-01-22 18:52:18,Pepperstone Razor,EURUSD,1.17422,1.17422,0.0,0,NewYork,Thursday
2026-01-22 18:52:19,Pepperstone Razor,GBPUSD,1.34951,1.34951,0.0,0,NewYork,Thursday
2026-01-22 18:52:20,Pepperstone Razor,USDJPY,158.289,158.29,0.001,1,NewYork,Thursday
2026-01-22 18:52:20,Pepperstone Razor,AUDUSD,0.68363,0.68364,1e-05,1,NewYork,Thursday
2026-01-22 18:52:24,FusionMarkets Zero,XAUUSD,4882.77,4882.84,0.07,7,NewYork,Thursday
2026-01-22 18:52:25,FusionMarkets Zero,EURUSD,1.17427,1.17427,0.0,0,NewYork,Thursday
2026-01-22 18:52:26,FusionMarkets Zero,GBPUSD,1.34952,1.34952,0.0,0,NewYork,Thursday
2026-01-22 18:52:27,FusionMarkets Zero,USDJPY,158.287,158.287,0.0,0,NewYork,Thursday
2026-01-22 18:52:28,FusionMarkets Zero,AUDUSD,0.68364,0.68364,0.0,0,NewYork,Thursday
2026-01-22 18:52:31,ThinkMarkets ThinkZero,XAUUSD,4882.32,4882.4,0.08,8,NewYork,Thursday
2026-01-22 18:52:32,ThinkMarkets ThinkZero,EURUSD,1.17426,1.17428,2e-05,2,NewYork,Thursday
2026-01-22 18:52:33,ThinkMarkets ThinkZero,GBPUSD,1.34955,1.34959,4e-05,4,NewYork,Thursday
2026-01-22 18:52:34,ThinkMarkets ThinkZero,USDJPY,158.287,158.29,0.003,3,NewYork,Thursday
2026-01-22 18:52:35,ThinkMarkets ThinkZero,AUDUSD,0.68362,0.68366,4e-05,4,NewYork,Thursday
2026-01-22 18:52:38,ICMarkets Raw,XAUUSD,4882.53,4882.58,0.05,5,NewYork,Thursday
2026-01-22 18:52:39,ICMarkets Raw,EURUSD,1.17422,1.17423,1e-05,1,NewYork,Thursday
2026-01-22 18:52:40,ICMarkets Raw,GBPUSD,1.34951,1.34952,1e-05,1,NewYork,Thursday
2026-01-22 18:52:41,ICMarkets Raw,USDJPY,158.29,158.29,0.0,0,NewYork,Thursday
2026-01-22 18:52:42,ICMarkets Raw,AUDUSD,0.68364,0.68364,0.0,0,NewYork,Thursday
2026-01-22 18:52:45,VantageMarkets Raw,XAUUSD,4882.71,4882.79,0.08,8,NewYork,Thursday
2026-01-22 18:52:46,VantageMarkets Raw,EURUSD,1.17425,1.17427,2e-05,2,NewYork,Thursday
2026-01-22 18:52:47,VantageMarkets Raw,GBPUSD,1.34952,1.34953,1e-05,1,NewYork,Thursday
2026-01-22 18:52:48,VantageMarkets Raw,USDJPY,158.288,158.289,0.001,1,NewYork,Thursday
2026-01-22 18:52:48,VantageMarkets Raw,AUDUSD,0.68363,0.68366,3e-05,3,NewYork,Thursday
2026-01-22 18:52:52,FPMarkets Raw,XAUUSD,4882.02,4882.09,0.07,7,NewYork,Thursday
2026-01-22 18:52:53,FPMarkets Raw,EURUSD,1.17422,1.17424,2e-05,2,NewYork,Thursday
2026-01-22 18:52:54,FPMarkets Raw,GBPUSD,1.34955,1.34958,3e-05,3,NewYork,Thursday
2026-01-22 18:52:55,FPMarkets Raw,USDJPY,158.288,158.291,0.003,3,NewYork,Thursday
2026-01-22 18:52:56,FPMarkets Raw,AUDUSD,0.68362,0.68365,3e-05,3,NewYork,Thursday
2026-01-22 18:52:58,8Cap Raw,XAUUSD,4881.61,4881.77,0.16,16,NewYork,Thursday
2026-01-22 18:52:58,8Cap Raw,EURUSD,1.17424,1.17424,0.0,0,NewYork,Thursday
2026-01-22 18:52:59,8Cap Raw,GBPUSD,1.34955,1.34956,1e-05,1,NewYork,Thursday
2026-01-22 18:53:00,8Cap Raw,USDJPY,158.289,158.29,0.001,1,NewYork,Thursday
2026-01-22 18:53:00,8Cap Raw,AUDUSD,0.68363,0.68366,3e-05,3,NewYork,Thursday
2026-01-22 18:57:17,Pepperstone Razor,XAUUSD,4876.65,4876.82,0.17,17,NewYork,Thursday
2026-01-22 18:57:18,Pepperstone Razor,EURUSD,1.1742,1.1742,0.0,0,NewYork,Thursday
2026-01-22 18:57:18,Pepperstone Razor,GBPUSD,1.34929,1.34929,0.0,0,NewYork,Thursday
2026-01-22 18:57:19,Pepperstone Razor,USDJPY,158.333,158.335,0.002,2,NewYork,Thursday
2026-01-22 18:57:20,Pepperstone Razor,AUDUSD,0.68342,0.68343,1e-05,1,NewYork,Thursday
2026-01-22 18:57:24,FusionMarkets Zero,XAUUSD,4875.72,4875.8,0.08,8,NewYork,Thursday
2026-01-22 18:57:24,FusionMarkets Zero,EURUSD,1.17414,1.17414,0.0,0,NewYork,Thursday
2026-01-22 18:57:25,FusionMarkets Zero,GBPUSD,1.34935,1.34935,0.0,0,NewYork,Thursday
2026-01-22 18:57:26,FusionMarkets Zero,USDJPY,158.337,158.339,0.002,2,NewYork,Thursday
2026-01-22 18:57:27,FusionMarkets Zero,AUDUSD,0.68347,0.68347,0.0,0,NewYork,Thursday
2026-01-22 18:57:31,ThinkMarkets ThinkZero,XAUUSD,4875.5,4875.58,0.08,8,NewYork,Thursday
2026-01-22 18:57:31,ThinkMarkets ThinkZero,EURUSD,1.17418,1.1742,2e-05,2,NewYork,Thursday
2026-01-22 18:57:32,ThinkMarkets ThinkZero,GBPUSD,1.34934,1.34939,5e-05,5,NewYork,Thursday
2026-01-22 18:57:33,ThinkMarkets ThinkZero,USDJPY,158.331,158.336,0.005,5,NewYork,Thursday
2026-01-22 18:57:34,ThinkMarkets ThinkZero,AUDUSD,0.68346,0.68349,3e-05,3,NewYork,Thursday
2026-01-22 18:57:37,ICMarkets Raw,XAUUSD,4875.75,4875.82,0.07,7,NewYork,Thursday
2026-01-22 18:57:38,ICMarkets Raw,EURUSD,1.17413,1.17413,0.0,0,NewYork,Thursday
2026-01-22 18:57:39,ICMarkets Raw,GBPUSD,1.34935,1.34936,1e-05,1,NewYork,Thursday
2026-01-22 18:57:40,ICMarkets Raw,USDJPY,158.335,158.337,0.002,2,NewYork,Thursday
2026-01-22 18:57:41,ICMarkets Raw,AUDUSD,0.68345,0.68345,0.0,0,NewYork,Thursday
2026-01-22 18:57:44,VantageMarkets Raw,XAUUSD,4875.51,4875.59,0.08,8,NewYork,Thursday
2026-01-22 18:57:45,VantageMarkets Raw,EURUSD,1.17414,1.17416,2e-05,2,NewYork,Thursday
2026-01-22 18:57:46,VantageMarkets Raw,GBPUSD,1.34935,1.34936,1e-05,1,NewYork,Thursday
2026-01-22 18:57:47,VantageMarkets Raw,USDJPY,158.328,158.33,0.002,2,NewYork,Thursday
2026-01-22 18:57:48,VantageMarkets Raw,AUDUSD,0.68346,0.68348,2e-05,2,NewYork,Thursday
2026-01-22 18:57:51,FPMarkets Raw,XAUUSD,4875.44,4875.51,0.07,7,NewYork,Thursday
2026-01-22 18:57:52,FPMarkets Raw,EURUSD,1.17414,1.17416,2e-05,2,NewYork,Thursday
2026-01-22 18:57:53,FPMarkets Raw,GBPUSD,1.34932,1.34935,3e-05,3,NewYork,Thursday
2026-01-22 18:57:54,FPMarkets Raw,USDJPY,158.326,158.329,0.003,3,NewYork,Thursday
2026-01-22 18:57:55,FPMarkets Raw,AUDUSD,0.68345,0.68348,3e-05,3,NewYork,Thursday
2026-01-22 18:57:57,8Cap Raw,XAUUSD,4875.39,4875.55,0.16,16,NewYork,Thursday
2026-01-22 18:57:58,8Cap Raw,EURUSD,1.17413,1.17414,1e-05,1,NewYork,Thursday
2026-01-22 18:57:58,8Cap Raw,GBPUSD,1.34928,1.34929,1e-05,1,NewYork,Thursday
2026-01-22 18:57:59,8Cap Raw,USDJPY,158.328,158.329,0.001,1,NewYork,Thursday
2026-01-22 18:58:00,8Cap Raw,AUDUSD,0.68345,0.68348,3e-05,3,NewYork,Thursday
2026-01-22 19:02:16,Pepperstone Razor,XAUUSD,4880.82,4880.95,0.13,13,NewYork,Thursday
2026-01-22 19:02:17,Pepperstone Razor,EURUSD,1.1737,1.1737,0.0,0,NewYork,Thursday
2026-01-22 19:02:18,Pepperstone Razor,GBPUSD,1.34835,1.34836,1e-05,1,NewYork,Thursday
2026-01-22 19:02:19,Pepperstone Razor,USDJPY,158.361,158.363,0.002,2,NewYork,Thursday
2026-01-22 19:02:20,Pepperstone Razor,AUDUSD,0.68338,0.6834,2e-05,2,NewYork,Thursday
2026-01-22 19:02:23,FusionMarkets Zero,XAUUSD,4880.78,4880.85,0.07,7,NewYork,Thursday
2026-01-22 19:02:24,FusionMarkets Zero,EURUSD,1.17368,1.17368,0.0,0,NewYork,Thursday
2026-01-22 19:02:24,FusionMarkets Zero,GBPUSD,1.34832,1.34832,0.0,0,NewYork,Thursday
2026-01-22 19:02:25,FusionMarkets Zero,USDJPY,158.362,158.362,0.0,0,NewYork,Thursday
2026-01-22 19:02:26,FusionMarkets Zero,AUDUSD,0.68339,0.68339,0.0,0,NewYork,Thursday
2026-01-22 19:02:29,ThinkMarkets ThinkZero,XAUUSD,4881.3,4881.38,0.08,8,NewYork,Thursday
2026-01-22 19:02:30,ThinkMarkets ThinkZero,EURUSD,1.17371,1.17373,2e-05,2,NewYork,Thursday
2026-01-22 19:02:31,ThinkMarkets ThinkZero,GBPUSD,1.34836,1.34842,6e-05,6,NewYork,Thursday
2026-01-22 19:02:32,ThinkMarkets ThinkZero,USDJPY,158.364,158.368,0.004,4,NewYork,Thursday
2026-01-22 19:02:33,ThinkMarkets ThinkZero,AUDUSD,0.6834,0.68342,2e-05,2,NewYork,Thursday
2026-01-22 19:02:36,ICMarkets Raw,XAUUSD,4881.42,4881.48,0.06,6,NewYork,Thursday
2026-01-22 19:02:37,ICMarkets Raw,EURUSD,1.17373,1.17373,0.0,0,NewYork,Thursday
2026-01-22 19:02:38,ICMarkets Raw,GBPUSD,1.34849,1.3485,1e-05,1,NewYork,Thursday
2026-01-22 19:02:38,ICMarkets Raw,USDJPY,158.363,158.364,0.001,1,NewYork,Thursday
2026-01-22 19:02:39,ICMarkets Raw,AUDUSD,0.68341,0.68341,0.0,0,NewYork,Thursday
2026-01-22 19:02:42,VantageMarkets Raw,XAUUSD,4881.02,4881.1,0.08,8,NewYork,Thursday
2026-01-22 19:02:43,VantageMarkets Raw,EURUSD,1.17373,1.17374,1e-05,1,NewYork,Thursday
2026-01-22 19:02:44,VantageMarkets Raw,GBPUSD,1.34848,1.34853,5e-05,5,NewYork,Thursday
2026-01-22 19:02:45,VantageMarkets Raw,USDJPY,158.363,158.365,0.002,2,NewYork,Thursday
2026-01-22 19:02:45,VantageMarkets Raw,AUDUSD,0.68339,0.68342,3e-05,3,NewYork,Thursday
2026-01-22 19:02:48,FPMarkets Raw,XAUUSD,4880.66,4880.73,0.07,7,NewYork,Thursday
2026-01-22 19:02:49,FPMarkets Raw,EURUSD,1.17371,1.17372,1e-05,1,NewYork,Thursday
2026-01-22 19:02:50,FPMarkets Raw,GBPUSD,1.34845,1.34849,4e-05,4,NewYork,Thursday
2026-01-22 19:02:51,FPMarkets Raw,USDJPY,158.363,158.366,0.003,3,NewYork,Thursday
2026-01-22 19:02:52,FPMarkets Raw,AUDUSD,0.68342,0.68345,3e-05,3,NewYork,Thursday
2026-01-22 19:02:54,8Cap Raw,XAUUSD,4880.52,4880.68,0.16,16,NewYork,Thursday
2026-01-22 19:02:54,8Cap Raw,EURUSD,1.17372,1.17373,1e-05,1,NewYork,Thursday
2026-01-22 19:02:55,8Cap Raw,GBPUSD,1.34854,1.34856,2e-05,2,NewYork,Thursday
2026-01-22 19:02:56,8Cap Raw,USDJPY,158.363,158.364,0.001,1,NewYork,Thursday
2026-01-22 19:02:57,8Cap Raw,AUDUSD,0.68344,0.68346,2e-05,2,NewYork,Thursday
2026-01-22 19:07:16,Pepperstone Razor,XAUUSD,4882.91,4883.06,0.15,15,NewYork,Thursday
2026-01-22 19:07:17,Pepperstone Razor,EURUSD,1.17393,1.17393,0.0,0,NewYork,Thursday
2026-01-22 19:07:18,Pepperstone Razor,GBPUSD,1.34864,1.34864,0.0,0,NewYork,Thursday
2026-01-22 19:07:19,Pepperstone Razor,USDJPY,158.326,158.326,0.0,0,NewYork,Thursday
2026-01-22 19:07:20,Pepperstone Razor,AUDUSD,0.68352,0.68353,1e-05,1,NewYork,Thursday
2026-01-22 19:07:22,FusionMarkets Zero,XAUUSD,4883.89,4883.94,0.05,5,NewYork,Thursday
2026-01-22 19:07:23,FusionMarkets Zero,EURUSD,1.17397,1.17397,0.0,0,NewYork,Thursday
2026-01-22 19:07:24,FusionMarkets Zero,GBPUSD,1.34878,1.34878,0.0,0,NewYork,Thursday
2026-01-22 19:07:25,FusionMarkets Zero,USDJPY,158.321,158.322,0.001,1,NewYork,Thursday
2026-01-22 19:07:26,FusionMarkets Zero,AUDUSD,0.68358,0.68358,0.0,0,NewYork,Thursday
2026-01-22 19:07:29,ThinkMarkets ThinkZero,XAUUSD,4884.38,4884.46,0.08,8,NewYork,Thursday
2026-01-22 19:07:30,ThinkMarkets ThinkZero,EURUSD,1.17401,1.17403,2e-05,2,NewYork,Thursday
2026-01-22 19:07:31,ThinkMarkets ThinkZero,GBPUSD,1.3488,1.34886,6e-05,6,NewYork,Thursday
2026-01-22 19:07:31,ThinkMarkets ThinkZero,USDJPY,158.317,158.321,0.004,4,NewYork,Thursday
2026-01-22 19:07:32,ThinkMarkets ThinkZero,AUDUSD,0.68356,0.6836,4e-05,4,NewYork,Thursday
2026-01-22 19:07:35,ICMarkets Raw,XAUUSD,4883.94,4883.99,0.05,5,NewYork,Thursday
2026-01-22 19:07:36,ICMarkets Raw,EURUSD,1.17398,1.17398,0.0,0,NewYork,Thursday
2026-01-22 19:07:37,ICMarkets Raw,GBPUSD,1.34876,1.34877,1e-05,1,NewYork,Thursday
2026-01-22 19:07:38,ICMarkets Raw,USDJPY,158.32,158.321,0.001,1,NewYork,Thursday
2026-01-22 19:07:39,ICMarkets Raw,AUDUSD,0.68356,0.68356,0.0,0,NewYork,Thursday
2026-01-22 19:07:41,VantageMarkets Raw,XAUUSD,4883.92,4884.0,0.08,8,NewYork,Thursday
2026-01-22 19:07:42,VantageMarkets Raw,EURUSD,1.17395,1.17397,2e-05,2,NewYork,Thursday
2026-01-22 19:07:43,VantageMarkets Raw,GBPUSD,1.34873,1.34874,1e-05,1,NewYork,Thursday
2026-01-22 19:07:44,VantageMarkets Raw,USDJPY,158.318,158.32,0.002,2,NewYork,Thursday
2026-01-22 19:07:45,VantageMarkets Raw,AUDUSD,0.68351,0.68355,4e-05,4,NewYork,Thursday
2026-01-22 19:07:47,FPMarkets Raw,XAUUSD,4884.2,4884.27,0.07,7,NewYork,Thursday
2026-01-22 19:07:48,FPMarkets Raw,EURUSD,1.17393,1.17395,2e-05,2,NewYork,Thursday
2026-01-22 19:07:49,FPMarkets Raw,GBPUSD,1.34864,1.34868,4e-05,4,NewYork,Thursday
2026-01-22 19:07:50,FPMarkets Raw,USDJPY,158.323,158.326,0.003,3,NewYork,Thursday
2026-01-22 19:07:51,FPMarkets Raw,AUDUSD,0.6835,0.68352,2e-05,2,NewYork,Thursday
2026-01-22 19:07:53,8Cap Raw,XAUUSD,4884.11,4884.27,0.16,16,NewYork,Thursday
2026-01-22 19:07:54,8Cap Raw,EURUSD,1.17393,1.17394,1e-05,1,NewYork,Thursday
2026-01-22 19:07:54,8Cap Raw,GBPUSD,1.34864,1.34865,1e-05,1,NewYork,Thursday
2026-01-22 19:07:55,8Cap Raw,USDJPY,158.322,158.323,0.001,1,NewYork,Thursday
2026-01-22 19:07:56,8Cap Raw,AUDUSD,0.68348,0.68352,4e-05,4,NewYork,Thursday
2026-01-22 19:12:16,Pepperstone Razor,XAUUSD,4876.35,4876.5,0.15,15,NewYork,Thursday
2026-01-22 19:12:17,Pepperstone Razor,EURUSD,1.17343,1.17344,1e-05,1,NewYork,Thursday
2026-01-22 19:12:18,Pepperstone Razor,GBPUSD,1.34846,1.34847,1e-05,1,NewYork,Thursday
2026-01-22 19:12:19,Pepperstone Razor,USDJPY,158.356,158.359,0.003,3,NewYork,Thursday
2026-01-22 19:12:20,Pepperstone Razor,AUDUSD,0.68327,0.68327,0.0,0,NewYork,Thursday
2026-01-22 19:12:22,FusionMarkets Zero,XAUUSD,4877.52,4877.59,0.07,7,NewYork,Thursday
2026-01-22 19:12:23,FusionMarkets Zero,EURUSD,1.17347,1.17347,0.0,0,NewYork,Thursday
2026-01-22 19:12:24,FusionMarkets Zero,GBPUSD,1.3485,1.3485,0.0,0,NewYork,Thursday
2026-01-22 19:12:25,FusionMarkets Zero,USDJPY,158.352,158.353,0.001,1,NewYork,Thursday
2026-01-22 19:12:26,FusionMarkets Zero,AUDUSD,0.68328,0.68328,0.0,0,NewYork,Thursday
2026-01-22 19:12:29,ThinkMarkets ThinkZero,XAUUSD,4876.94,4877.02,0.08,8,NewYork,Thursday
2026-01-22 19:12:30,ThinkMarkets ThinkZero,EURUSD,1.17346,1.17349,3e-05,3,NewYork,Thursday
2026-01-22 19:12:31,ThinkMarkets ThinkZero,GBPUSD,1.34847,1.34855,8e-05,8,NewYork,Thursday
2026-01-22 19:12:32,ThinkMarkets ThinkZero,USDJPY,158.347,158.351,0.004,4,NewYork,Thursday
2026-01-22 19:12:33,ThinkMarkets ThinkZero,AUDUSD,0.68326,0.68328,2e-05,2,NewYork,Thursday
2026-01-22 19:12:36,ICMarkets Raw,XAUUSD,4876.86,4876.97,0.11,11,NewYork,Thursday
2026-01-22 19:12:36,ICMarkets Raw,EURUSD,1.17354,1.17354,0.0,0,NewYork,Thursday
2026-01-22 19:12:37,ICMarkets Raw,GBPUSD,1.34858,1.34859,1e-05,1,NewYork,Thursday
2026-01-22 19:12:38,ICMarkets Raw,USDJPY,158.333,158.334,0.001,1,NewYork,Thursday
2026-01-22 19:12:39,ICMarkets Raw,AUDUSD,0.68329,0.68329,0.0,0,NewYork,Thursday
2026-01-22 19:12:42,VantageMarkets Raw,XAUUSD,4876.97,4877.05,0.08,8,NewYork,Thursday
2026-01-22 19:12:43,VantageMarkets Raw,EURUSD,1.17361,1.17363,2e-05,2,NewYork,Thursday
2026-01-22 19:12:44,VantageMarkets Raw,GBPUSD,1.34865,1.34866,1e-05,1,NewYork,Thursday
2026-01-22 19:12:45,VantageMarkets Raw,USDJPY,158.337,158.338,0.001,1,NewYork,Thursday
2026-01-22 19:12:45,VantageMarkets Raw,AUDUSD,0.68329,0.68333,4e-05,4,NewYork,Thursday
2026-01-22 19:12:48,FPMarkets Raw,XAUUSD,4877.41,4877.48,0.07,7,NewYork,Thursday
2026-01-22 19:12:49,FPMarkets Raw,EURUSD,1.17351,1.17352,1e-05,1,NewYork,Thursday
2026-01-22 19:12:50,FPMarkets Raw,GBPUSD,1.34855,1.3486,5e-05,5,NewYork,Thursday
2026-01-22 19:12:51,FPMarkets Raw,USDJPY,158.325,158.328,0.003,3,NewYork,Thursday
2026-01-22 19:12:52,FPMarkets Raw,AUDUSD,0.68322,0.68325,3e-05,3,NewYork,Thursday
2026-01-22 19:12:54,8Cap Raw,XAUUSD,4875.09,4875.25,0.16,16,NewYork,Thursday
2026-01-22 19:12:54,8Cap Raw,EURUSD,1.17352,1.17352,0.0,0,NewYork,Thursday
2026-01-22 19:12:55,8Cap Raw,GBPUSD,1.34856,1.34857,1e-05,1,NewYork,Thursday
2026-01-22 19:12:56,8Cap Raw,USDJPY,158.328,158.329,0.001,1,NewYork,Thursday
2026-01-22 19:12:56,8Cap Raw,AUDUSD,0.68323,0.68326,3e-05,3,NewYork,Thursday
2026-01-22 19:17:16,Pepperstone Razor,XAUUSD,4880.15,4880.31,0.16,16,NewYork,Thursday
2026-01-22 19:17:17,Pepperstone Razor,EURUSD,1.17366,1.17366,0.0,0,NewYork,Thursday
2026-01-22 19:17:18,Pepperstone Razor,GBPUSD,1.34855,1.34855,0.0,0,NewYork,Thursday
2026-01-22 19:17:19,Pepperstone Razor,USDJPY,158.307,158.308,0.001,1,NewYork,Thursday
2026-01-22 19:17:20,Pepperstone Razor,AUDUSD,0.6832,0.6832,0.0,0,NewYork,Thursday
2026-01-22 19:17:23,FusionMarkets Zero,XAUUSD,4879.32,4879.37,0.05,5,NewYork,Thursday
2026-01-22 19:17:24,FusionMarkets Zero,EURUSD,1.1737,1.1737,0.0,0,NewYork,Thursday
2026-01-22 19:17:24,FusionMarkets Zero,GBPUSD,1.34851,1.34851,0.0,0,NewYork,Thursday
2026-01-22 19:17:25,FusionMarkets Zero,USDJPY,158.3,158.302,0.002,2,NewYork,Thursday
2026-01-22 19:17:26,FusionMarkets Zero,AUDUSD,0.68313,0.68313,0.0,0,NewYork,Thursday
2026-01-22 19:17:29,ThinkMarkets ThinkZero,XAUUSD,4879.39,4879.47,0.08,8,NewYork,Thursday
2026-01-22 19:17:30,ThinkMarkets ThinkZero,EURUSD,1.17361,1.17364,3e-05,3,NewYork,Thursday
2026-01-22 19:17:31,ThinkMarkets ThinkZero,GBPUSD,1.34838,1.34846,8e-05,8,NewYork,Thursday
2026-01-22 19:17:32,ThinkMarkets ThinkZero,USDJPY,158.298,158.3,0.002,2,NewYork,Thursday
2026-01-22 19:17:33,ThinkMarkets ThinkZero,AUDUSD,0.68312,0.68314,2e-05,2,NewYork,Thursday
2026-01-22 19:17:36,ICMarkets Raw,XAUUSD,4879.22,4879.33,0.11,11,NewYork,Thursday
2026-01-22 19:17:36,ICMarkets Raw,EURUSD,1.17364,1.17365,1e-05,1,NewYork,Thursday
2026-01-22 19:17:37,ICMarkets Raw,GBPUSD,1.34846,1.34847,1e-05,1,NewYork,Thursday
2026-01-22 19:17:38,ICMarkets Raw,USDJPY,158.297,158.297,0.0,0,NewYork,Thursday
2026-01-22 19:17:39,ICMarkets Raw,AUDUSD,0.68312,0.68312,0.0,0,NewYork,Thursday
2026-01-22 19:17:41,VantageMarkets Raw,XAUUSD,4878.73,4878.81,0.08,8,NewYork,Thursday
2026-01-22 19:17:42,VantageMarkets Raw,EURUSD,1.17365,1.17366,1e-05,1,NewYork,Thursday
2026-01-22 19:17:43,VantageMarkets Raw,GBPUSD,1.34848,1.34849,1e-05,1,NewYork,Thursday
2026-01-22 19:17:44,VantageMarkets Raw,USDJPY,158.298,158.3,0.002,2,NewYork,Thursday
2026-01-22 19:17:45,VantageMarkets Raw,AUDUSD,0.68308,0.68311,3e-05,3,NewYork,Thursday
2026-01-22 19:17:48,FPMarkets Raw,XAUUSD,4879.28,4879.35,0.07,7,NewYork,Thursday
2026-01-22 19:17:49,FPMarkets Raw,EURUSD,1.17372,1.17373,1e-05,1,NewYork,Thursday
2026-01-22 19:17:50,FPMarkets Raw,GBPUSD,1.34854,1.34858,4e-05,4,NewYork,Thursday
2026-01-22 19:17:51,FPMarkets Raw,USDJPY,158.285,158.288,0.003,3,NewYork,Thursday
2026-01-22 19:17:52,FPMarkets Raw,AUDUSD,0.6831,0.68313,3e-05,3,NewYork,Thursday
2026-01-22 19:17:53,8Cap Raw,XAUUSD,4878.71,4878.87,0.16,16,NewYork,Thursday
2026-01-22 19:17:54,8Cap Raw,EURUSD,1.17373,1.17374,1e-05,1,NewYork,Thursday
2026-01-22 19:17:55,8Cap Raw,GBPUSD,1.34861,1.34862,1e-05,1,NewYork,Thursday
2026-01-22 19:17:55,8Cap Raw,USDJPY,158.283,158.284,0.001,1,NewYork,Thursday
2026-01-22 19:17:56,8Cap Raw,AUDUSD,0.68312,0.68316,4e-05,4,NewYork,Thursday
2026-01-22 19:22:16,Pepperstone Razor,XAUUSD,4882.28,4882.42,0.14,14,NewYork,Thursday
2026-01-22 19:22:17,Pepperstone Razor,EURUSD,1.17407,1.17407,0.0,0,NewYork,Thursday
2026-01-22 19:22:18,Pepperstone Razor,GBPUSD,1.34867,1.34868,1e-05,1,NewYork,Thursday
2026-01-22 19:22:19,Pepperstone Razor,USDJPY,158.249,158.252,0.003,3,NewYork,Thursday
2026-01-22 19:22:20,Pepperstone Razor,AUDUSD,0.68332,0.68333,1e-05,1,NewYork,Thursday
2026-01-22 19:22:23,FusionMarkets Zero,XAUUSD,4881.96,4882.05,0.09,9,NewYork,Thursday
2026-01-22 19:22:24,FusionMarkets Zero,EURUSD,1.17402,1.17402,0.0,0,NewYork,Thursday
2026-01-22 19:22:24,FusionMarkets Zero,GBPUSD,1.34863,1.34863,0.0,0,NewYork,Thursday
2026-01-22 19:22:25,FusionMarkets Zero,USDJPY,158.251,158.252,0.001,1,NewYork,Thursday
2026-01-22 19:22:26,FusionMarkets Zero,AUDUSD,0.6833,0.6833,0.0,0,NewYork,Thursday
2026-01-22 19:22:29,ThinkMarkets ThinkZero,XAUUSD,4881.87,4881.95,0.08,8,NewYork,Thursday
2026-01-22 19:22:30,ThinkMarkets ThinkZero,EURUSD,1.17401,1.17404,3e-05,3,NewYork,Thursday
2026-01-22 19:22:31,ThinkMarkets ThinkZero,GBPUSD,1.3486,1.34866,6e-05,6,NewYork,Thursday
2026-01-22 19:22:32,ThinkMarkets ThinkZero,USDJPY,158.253,158.258,0.005,5,NewYork,Thursday
2026-01-22 19:22:33,ThinkMarkets ThinkZero,AUDUSD,0.68327,0.6833,3e-05,3,NewYork,Thursday
2026-01-22 19:22:36,ICMarkets Raw,XAUUSD,4881.96,4882.01,0.05,5,NewYork,Thursday
2026-01-22 19:22:37,ICMarkets Raw,EURUSD,1.174,1.174,0.0,0,NewYork,Thursday
2026-01-22 19:22:37,ICMarkets Raw,GBPUSD,1.34861,1.34862,1e-05,1,NewYork,Thursday
2026-01-22 19:22:38,ICMarkets Raw,USDJPY,158.264,158.264,0.0,0,NewYork,Thursday
2026-01-22 19:22:39,ICMarkets Raw,AUDUSD,0.6833,0.6833,0.0,0,NewYork,Thursday
2026-01-22 19:22:42,VantageMarkets Raw,XAUUSD,4881.98,4882.06,0.08,8,NewYork,Thursday
2026-01-22 19:22:43,VantageMarkets Raw,EURUSD,1.17399,1.17401,2e-05,2,NewYork,Thursday
2026-01-22 19:22:44,VantageMarkets Raw,GBPUSD,1.34864,1.34865,1e-05,1,NewYork,Thursday
2026-01-22 19:22:44,VantageMarkets Raw,USDJPY,158.261,158.268,0.007,7,NewYork,Thursday
2026-01-22 19:22:45,VantageMarkets Raw,AUDUSD,0.68333,0.68335,2e-05,2,NewYork,Thursday
2026-01-22 19:22:48,FPMarkets Raw,XAUUSD,4883.94,4884.01,0.07,7,NewYork,Thursday
2026-01-22 19:22:49,FPMarkets Raw,EURUSD,1.17412,1.17414,2e-05,2,NewYork,Thursday
2026-01-22 19:22:50,FPMarkets Raw,GBPUSD,1.34872,1.34876,4e-05,4,NewYork,Thursday
2026-01-22 19:22:51,FPMarkets Raw,USDJPY,158.251,158.254,0.003,3,NewYork,Thursday
2026-01-22 19:22:52,FPMarkets Raw,AUDUSD,0.68337,0.6834,3e-05,3,NewYork,Thursday
2026-01-22 19:22:54,8Cap Raw,XAUUSD,4886.98,4887.14,0.16,16,NewYork,Thursday
2026-01-22 19:22:54,8Cap Raw,EURUSD,1.17413,1.17414,1e-05,1,NewYork,Thursday
2026-01-22 19:22:55,8Cap Raw,GBPUSD,1.34874,1.34875,1e-05,1,NewYork,Thursday
2026-01-22 19:22:56,8Cap Raw,USDJPY,158.247,158.248,0.001,1,NewYork,Thursday
2026-01-22 19:22:56,8Cap Raw,AUDUSD,0.6834,0.68343,3e-05,3,NewYork,Thursday
2026-01-22 19:27:17,Pepperstone Razor,XAUUSD,4887.36,4887.53,0.17,17,NewYork,Thursday
2026-01-22 19:27:17,Pepperstone Razor,EURUSD,1.17412,1.17412,0.0,0,NewYork,Thursday
2026-01-22 19:27:18,Pepperstone Razor,GBPUSD,1.34881,1.34884,3e-05,3,NewYork,Thursday
2026-01-22 19:27:19,Pepperstone Razor,USDJPY,158.288,158.291,0.003,3,NewYork,Thursday
2026-01-22 19:27:20,Pepperstone Razor,AUDUSD,0.68348,0.68348,0.0,0,NewYork,Thursday
2026-01-22 19:27:23,FusionMarkets Zero,XAUUSD,4887.35,4887.4,0.05,5,NewYork,Thursday
2026-01-22 19:27:24,FusionMarkets Zero,EURUSD,1.17414,1.17414,0.0,0,NewYork,Thursday
2026-01-22 19:27:25,FusionMarkets Zero,GBPUSD,1.34885,1.34885,0.0,0,NewYork,Thursday
2026-01-22 19:27:26,FusionMarkets Zero,USDJPY,158.288,158.29,0.002,2,NewYork,Thursday
2026-01-22 19:27:27,FusionMarkets Zero,AUDUSD,0.6835,0.6835,0.0,0,NewYork,Thursday
2026-01-22 19:27:30,ThinkMarkets ThinkZero,XAUUSD,4888.38,4888.46,0.08,8,NewYork,Thursday
2026-01-22 19:27:31,ThinkMarkets ThinkZero,EURUSD,1.17411,1.17413,2e-05,2,NewYork,Thursday
2026-01-22 19:27:32,ThinkMarkets ThinkZero,GBPUSD,1.3489,1.34894,4e-05,4,NewYork,Thursday
2026-01-22 19:27:33,ThinkMarkets ThinkZero,USDJPY,158.288,158.292,0.004,4,NewYork,Thursday
2026-01-22 19:27:34,ThinkMarkets ThinkZero,AUDUSD,0.6835,0.68353,3e-05,3,NewYork,Thursday
2026-01-22 19:27:37,ICMarkets Raw,XAUUSD,4890.41,4890.48,0.07,7,NewYork,Thursday
2026-01-22 19:27:37,ICMarkets Raw,EURUSD,1.17416,1.17416,0.0,0,NewYork,Thursday
2026-01-22 19:27:38,ICMarkets Raw,GBPUSD,1.34894,1.34895,1e-05,1,NewYork,Thursday
2026-01-22 19:27:39,ICMarkets Raw,USDJPY,158.292,158.292,0.0,0,NewYork,Thursday
2026-01-22 19:27:40,ICMarkets Raw,AUDUSD,0.68353,0.68353,0.0,0,NewYork,Thursday
2026-01-22 19:27:43,VantageMarkets Raw,XAUUSD,4891.12,4891.2,0.08,8,NewYork,Thursday
2026-01-22 19:27:44,VantageMarkets Raw,EURUSD,1.17417,1.17418,1e-05,1,NewYork,Thursday
2026-01-22 19:27:45,VantageMarkets Raw,GBPUSD,1.34895,1.34896,1e-05,1,NewYork,Thursday
2026-01-22 19:27:46,VantageMarkets Raw,USDJPY,158.287,158.289,0.002,2,NewYork,Thursday
2026-01-22 19:27:47,VantageMarkets Raw,AUDUSD,0.68351,0.68354,3e-05,3,NewYork,Thursday
2026-01-22 19:27:50,FPMarkets Raw,XAUUSD,4891.12,4891.19,0.07,7,NewYork,Thursday
2026-01-22 19:27:51,FPMarkets Raw,EURUSD,1.17409,1.1741,1e-05,1,NewYork,Thursday
2026-01-22 19:27:52,FPMarkets Raw,GBPUSD,1.34883,1.34887,4e-05,4,NewYork,Thursday
2026-01-22 19:27:53,FPMarkets Raw,USDJPY,158.295,158.299,0.004,4,NewYork,Thursday
2026-01-22 19:27:54,FPMarkets Raw,AUDUSD,0.68347,0.68351,4e-05,4,NewYork,Thursday
2026-01-22 19:27:55,8Cap Raw,XAUUSD,4892.75,4892.91,0.16,16,NewYork,Thursday
2026-01-22 19:27:56,8Cap Raw,EURUSD,1.1741,1.1741,0.0,0,NewYork,Thursday
2026-01-22 19:27:56,8Cap Raw,GBPUSD,1.34889,1.3489,1e-05,1,NewYork,Thursday
2026-01-22 19:27:57,8Cap Raw,USDJPY,158.297,158.298,0.001,1,NewYork,Thursday
2026-01-22 19:27:58,8Cap Raw,AUDUSD,0.68349,0.68351,2e-05,2,NewYork,Thursday
2026-01-22 19:32:17,Pepperstone Razor,XAUUSD,4889.14,4889.31,0.17,17,NewYork,Thursday
2026-01-22 19:32:17,Pepperstone Razor,EURUSD,1.17402,1.17402,0.0,0,NewYork,Thursday
2026-01-22 19:32:18,Pepperstone Razor,GBPUSD,1.34873,1.34873,0.0,0,NewYork,Thursday
2026-01-22 19:32:19,Pepperstone Razor,USDJPY,158.342,158.345,0.003,3,NewYork,Thursday
2026-01-22 19:32:20,Pepperstone Razor,AUDUSD,0.6836,0.68361,1e-05,1,NewYork,Thursday
2026-01-22 19:32:24,FusionMarkets Zero,XAUUSD,4891.3,4891.36,0.06,6,NewYork,Thursday
2026-01-22 19:32:25,FusionMarkets Zero,EURUSD,1.17404,1.17404,0.0,0,NewYork,Thursday
2026-01-22 19:32:25,FusionMarkets Zero,GBPUSD,1.34876,1.34876,0.0,0,NewYork,Thursday
2026-01-22 19:32:26,FusionMarkets Zero,USDJPY,158.34,158.34,0.0,0,NewYork,Thursday
2026-01-22 19:32:27,FusionMarkets Zero,AUDUSD,0.68362,0.68362,0.0,0,NewYork,Thursday
2026-01-22 19:32:31,ThinkMarkets ThinkZero,XAUUSD,4891.16,4891.24,0.08,8,NewYork,Thursday
2026-01-22 19:32:32,ThinkMarkets ThinkZero,EURUSD,1.17402,1.17404,2e-05,2,NewYork,Thursday
2026-01-22 19:32:32,ThinkMarkets ThinkZero,GBPUSD,1.3487,1.34877,7e-05,7,NewYork,Thursday
2026-01-22 19:32:33,ThinkMarkets ThinkZero,USDJPY,158.34,158.346,0.006,6,NewYork,Thursday
2026-01-22 19:32:34,ThinkMarkets ThinkZero,AUDUSD,0.6836,0.68364,4e-05,4,NewYork,Thursday
2026-01-22 19:32:37,ICMarkets Raw,XAUUSD,4891.24,4891.3,0.06,6,NewYork,Thursday
2026-01-22 19:32:38,ICMarkets Raw,EURUSD,1.17405,1.17405,0.0,0,NewYork,Thursday
2026-01-22 19:32:39,ICMarkets Raw,GBPUSD,1.34876,1.34877,1e-05,1,NewYork,Thursday
2026-01-22 19:32:40,ICMarkets Raw,USDJPY,158.341,158.341,0.0,0,NewYork,Thursday
2026-01-22 19:32:41,ICMarkets Raw,AUDUSD,0.68363,0.68364,1e-05,1,NewYork,Thursday
2026-01-22 19:32:44,VantageMarkets Raw,XAUUSD,4891.91,4891.99,0.08,8,NewYork,Thursday
2026-01-22 19:32:45,VantageMarkets Raw,EURUSD,1.17405,1.17407,2e-05,2,NewYork,Thursday
2026-01-22 19:32:46,VantageMarkets Raw,GBPUSD,1.34877,1.34878,1e-05,1,NewYork,Thursday
2026-01-22 19:32:47,VantageMarkets Raw,USDJPY,158.343,158.344,0.001,1,NewYork,Thursday
2026-01-22 19:32:47,VantageMarkets Raw,AUDUSD,0.68366,0.68369,3e-05,3,NewYork,Thursday
2026-01-22 19:32:51,FPMarkets Raw,XAUUSD,4892.49,4892.56,0.07,7,NewYork,Thursday
2026-01-22 19:32:52,FPMarkets Raw,EURUSD,1.17414,1.17416,2e-05,2,NewYork,Thursday
2026-01-22 19:32:53,FPMarkets Raw,GBPUSD,1.34886,1.3489,4e-05,4,NewYork,Thursday
2026-01-22 19:32:53,FPMarkets Raw,USDJPY,158.333,158.336,0.003,3,NewYork,Thursday
2026-01-22 19:32:54,FPMarkets Raw,AUDUSD,0.68368,0.68371,3e-05,3,NewYork,Thursday
2026-01-22 19:32:56,8Cap Raw,XAUUSD,4891.59,4891.75,0.16,16,NewYork,Thursday
2026-01-22 19:32:57,8Cap Raw,EURUSD,1.17413,1.17414,1e-05,1,NewYork,Thursday
2026-01-22 19:32:58,8Cap Raw,GBPUSD,1.34886,1.34888,2e-05,2,NewYork,Thursday
2026-01-22 19:32:58,8Cap Raw,USDJPY,158.333,158.336,0.003,3,NewYork,Thursday
2026-01-22 19:32:59,8Cap Raw,AUDUSD,0.68364,0.68368,4e-05,4,NewYork,Thursday
2026-01-22 19:37:16,Pepperstone Razor,XAUUSD,4892.45,4892.67,0.22,22,NewYork,Thursday
2026-01-22 19:37:17,Pepperstone Razor,EURUSD,1.17431,1.17431,0.0,0,NewYork,Thursday
2026-01-22 19:37:18,Pepperstone Razor,GBPUSD,1.34903,1.34904,1e-05,1,NewYork,Thursday
2026-01-22 19:37:19,Pepperstone Razor,USDJPY,158.309,158.309,0.0,0,NewYork,Thursday
2026-01-22 19:37:20,Pepperstone Razor,AUDUSD,0.68368,0.68368,0.0,0,NewYork,Thursday
2026-01-22 19:37:23,FusionMarkets Zero,XAUUSD,4892.32,4892.37,0.05,5,NewYork,Thursday
2026-01-22 19:37:24,FusionMarkets Zero,EURUSD,1.17428,1.17428,0.0,0,NewYork,Thursday
2026-01-22 19:37:25,FusionMarkets Zero,GBPUSD,1.34904,1.34904,0.0,0,NewYork,Thursday
2026-01-22 19:37:26,FusionMarkets Zero,USDJPY,158.301,158.301,0.0,0,NewYork,Thursday
2026-01-22 19:37:27,FusionMarkets Zero,AUDUSD,0.68372,0.68372,0.0,0,NewYork,Thursday
2026-01-22 19:37:30,ThinkMarkets ThinkZero,XAUUSD,4892.88,4892.96,0.08,8,NewYork,Thursday
2026-01-22 19:37:31,ThinkMarkets ThinkZero,EURUSD,1.17426,1.17429,3e-05,3,NewYork,Thursday
2026-01-22 19:37:32,ThinkMarkets ThinkZero,GBPUSD,1.349,1.34906,6e-05,6,NewYork,Thursday
2026-01-22 19:37:33,ThinkMarkets ThinkZero,USDJPY,158.307,158.31,0.003,3,NewYork,Thursday
2026-01-22 19:37:34,ThinkMarkets ThinkZero,AUDUSD,0.68369,0.6837,1e-05,1,NewYork,Thursday
2026-01-22 19:37:37,ICMarkets Raw,XAUUSD,4892.28,4892.34,0.06,6,NewYork,Thursday
2026-01-22 19:37:38,ICMarkets Raw,EURUSD,1.17427,1.17427,0.0,0,NewYork,Thursday
2026-01-22 19:37:39,ICMarkets Raw,GBPUSD,1.34904,1.34905,1e-05,1,NewYork,Thursday
2026-01-22 19:37:40,ICMarkets Raw,USDJPY,158.307,158.307,0.0,0,NewYork,Thursday
2026-01-22 19:37:41,ICMarkets Raw,AUDUSD,0.68368,0.68368,0.0,0,NewYork,Thursday
2026-01-22 19:37:44,VantageMarkets Raw,XAUUSD,4891.77,4891.85,0.08,8,NewYork,Thursday
2026-01-22 19:37:44,VantageMarkets Raw,EURUSD,1.17426,1.17428,2e-05,2,NewYork,Thursday
2026-01-22 19:37:45,VantageMarkets Raw,GBPUSD,1.34903,1.34904,1e-05,1,NewYork,Thursday
2026-01-22 19:37:46,VantageMarkets Raw,USDJPY,158.308,158.31,0.002,2,NewYork,Thursday
2026-01-22 19:37:47,VantageMarkets Raw,AUDUSD,0.68367,0.6837,3e-05,3,NewYork,Thursday
2026-01-22 19:37:50,FPMarkets Raw,XAUUSD,4892.61,4892.68,0.07,7,NewYork,Thursday
2026-01-22 19:37:51,FPMarkets Raw,EURUSD,1.17427,1.17428,1e-05,1,NewYork,Thursday
2026-01-22 19:37:52,FPMarkets Raw,GBPUSD,1.34904,1.34908,4e-05,4,NewYork,Thursday
2026-01-22 19:37:53,FPMarkets Raw,USDJPY,158.302,158.305,0.003,3,NewYork,Thursday
2026-01-22 19:37:54,FPMarkets Raw,AUDUSD,0.68369,0.68372,3e-05,3,NewYork,Thursday
2026-01-22 19:37:56,8Cap Raw,XAUUSD,4892.33,4892.49,0.16,16,NewYork,Thursday
2026-01-22 19:37:57,8Cap Raw,EURUSD,1.17433,1.17434,1e-05,1,NewYork,Thursday
2026-01-22 19:37:57,8Cap Raw,GBPUSD,1.34905,1.34906,1e-05,1,NewYork,Thursday
2026-01-22 19:37:58,8Cap Raw,USDJPY,158.297,158.298,0.001,1,NewYork,Thursday
2026-01-22 19:37:59,8Cap Raw,AUDUSD,0.68369,0.68371,2e-05,2,NewYork,Thursday
2026-01-22 19:42:17,Pepperstone Razor,XAUUSD,4892.75,4892.92,0.17,17,NewYork,Thursday
2026-01-22 19:42:18,Pepperstone Razor,EURUSD,1.17464,1.17464,0.0,0,NewYork,Thursday
2026-01-22 19:42:19,Pepperstone Razor,GBPUSD,1.34923,1.34923,0.0,0,NewYork,Thursday
2026-01-22 19:42:19,Pepperstone Razor,USDJPY,158.281,158.282,0.001,1,NewYork,Thursday
2026-01-22 19:42:20,Pepperstone Razor,AUDUSD,0.68375,0.68376,1e-05,1,NewYork,Thursday
2026-01-22 19:42:24,FusionMarkets Zero,XAUUSD,4893.26,4893.37,0.11,11,NewYork,Thursday
2026-01-22 19:42:25,FusionMarkets Zero,EURUSD,1.17462,1.17462,0.0,0,NewYork,Thursday
2026-01-22 19:42:26,FusionMarkets Zero,GBPUSD,1.34924,1.34924,0.0,0,NewYork,Thursday
2026-01-22 19:42:27,FusionMarkets Zero,USDJPY,158.283,158.283,0.0,0,NewYork,Thursday
2026-01-22 19:42:28,FusionMarkets Zero,AUDUSD,0.68376,0.68376,0.0,0,NewYork,Thursday
2026-01-22 19:42:32,ThinkMarkets ThinkZero,XAUUSD,4892.84,4892.92,0.08,8,NewYork,Thursday
2026-01-22 19:42:33,ThinkMarkets ThinkZero,EURUSD,1.17461,1.17464,3e-05,3,NewYork,Thursday
2026-01-22 19:42:34,ThinkMarkets ThinkZero,GBPUSD,1.3492,1.34926,6e-05,6,NewYork,Thursday
2026-01-22 19:42:34,ThinkMarkets ThinkZero,USDJPY,158.282,158.285,0.003,3,NewYork,Thursday
2026-01-22 19:42:35,ThinkMarkets ThinkZero,AUDUSD,0.68373,0.68375,2e-05,2,NewYork,Thursday
2026-01-22 19:42:39,ICMarkets Raw,XAUUSD,4892.93,4893.04,0.11,11,NewYork,Thursday
2026-01-22 19:42:40,ICMarkets Raw,EURUSD,1.17463,1.17463,0.0,0,NewYork,Thursday
2026-01-22 19:42:41,ICMarkets Raw,GBPUSD,1.34924,1.34925,1e-05,1,NewYork,Thursday
2026-01-22 19:42:42,ICMarkets Raw,USDJPY,158.288,158.288,0.0,0,NewYork,Thursday
2026-01-22 19:42:42,ICMarkets Raw,AUDUSD,0.68374,0.68374,0.0,0,NewYork,Thursday
2026-01-22 19:42:45,VantageMarkets Raw,XAUUSD,4893.41,4893.49,0.08,8,NewYork,Thursday
2026-01-22 19:42:46,VantageMarkets Raw,EURUSD,1.17462,1.17464,2e-05,2,NewYork,Thursday
2026-01-22 19:42:47,VantageMarkets Raw,GBPUSD,1.34925,1.34926,1e-05,1,NewYork,Thursday
2026-01-22 19:42:48,VantageMarkets Raw,USDJPY,158.287,158.289,0.002,2,NewYork,Thursday
2026-01-22 19:42:49,VantageMarkets Raw,AUDUSD,0.68374,0.68377,3e-05,3,NewYork,Thursday
2026-01-22 19:42:52,FPMarkets Raw,XAUUSD,4893.91,4893.98,0.07,7,NewYork,Thursday
2026-01-22 19:42:53,FPMarkets Raw,EURUSD,1.17463,1.17465,2e-05,2,NewYork,Thursday
2026-01-22 19:42:54,FPMarkets Raw,GBPUSD,1.34923,1.34927,4e-05,4,NewYork,Thursday
2026-01-22 19:42:55,FPMarkets Raw,USDJPY,158.281,158.284,0.003,3,NewYork,Thursday
2026-01-22 19:42:56,FPMarkets Raw,AUDUSD,0.68375,0.68378,3e-05,3,NewYork,Thursday
2026-01-22 19:42:58,8Cap Raw,XAUUSD,4896.36,4896.52,0.16,16,NewYork,Thursday
2026-01-22 19:42:58,8Cap Raw,EURUSD,1.17465,1.17466,1e-05,1,NewYork,Thursday
2026-01-22 19:42:59,8Cap Raw,GBPUSD,1.34932,1.34933,1e-05,1,NewYork,Thursday
2026-01-22 19:43:00,8Cap Raw,USDJPY,158.28,158.282,0.002,2,NewYork,Thursday
2026-01-22 19:43:00,8Cap Raw,AUDUSD,0.68376,0.68379,3e-05,3,NewYork,Thursday
2026-01-22 19:47:17,Pepperstone Razor,XAUUSD,4899.03,4899.15,0.12,12,NewYork,Thursday
2026-01-22 19:47:18,Pepperstone Razor,EURUSD,1.17472,1.17473,1e-05,1,NewYork,Thursday
2026-01-22 19:47:19,Pepperstone Razor,GBPUSD,1.34946,1.34947,1e-05,1,NewYork,Thursday
2026-01-22 19:47:19,Pepperstone Razor,USDJPY,158.271,158.273,0.002,2,NewYork,Thursday
2026-01-22 19:47:20,Pepperstone Razor,AUDUSD,0.6838,0.6838,0.0,0,NewYork,Thursday
2026-01-22 19:47:24,FusionMarkets Zero,XAUUSD,4899.36,4899.41,0.05,5,NewYork,Thursday
2026-01-22 19:47:25,FusionMarkets Zero,EURUSD,1.17474,1.17474,0.0,0,NewYork,Thursday
2026-01-22 19:47:26,FusionMarkets Zero,GBPUSD,1.34948,1.34948,0.0,0,NewYork,Thursday
2026-01-22 19:47:27,FusionMarkets Zero,USDJPY,158.273,158.273,0.0,0,NewYork,Thursday
2026-01-22 19:47:28,FusionMarkets Zero,AUDUSD,0.6838,0.6838,0.0,0,NewYork,Thursday
2026-01-22 19:47:31,ThinkMarkets ThinkZero,XAUUSD,4899.8,4899.88,0.08,8,NewYork,Thursday
2026-01-22 19:47:32,ThinkMarkets ThinkZero,EURUSD,1.17469,1.17471,2e-05,2,NewYork,Thursday
2026-01-22 19:47:33,ThinkMarkets ThinkZero,GBPUSD,1.34945,1.34952,7e-05,7,NewYork,Thursday
2026-01-22 19:47:33,ThinkMarkets ThinkZero,USDJPY,158.271,158.276,0.005,5,NewYork,Thursday
2026-01-22 19:47:34,ThinkMarkets ThinkZero,AUDUSD,0.68378,0.6838,2e-05,2,NewYork,Thursday
2026-01-22 19:47:38,ICMarkets Raw,XAUUSD,4899.69,4899.77,0.08,8,NewYork,Thursday
2026-01-22 19:47:39,ICMarkets Raw,EURUSD,1.17471,1.17471,0.0,0,NewYork,Thursday
2026-01-22 19:47:40,ICMarkets Raw,GBPUSD,1.3495,1.34951,1e-05,1,NewYork,Thursday
2026-01-22 19:47:40,ICMarkets Raw,USDJPY,158.273,158.273,0.0,0,NewYork,Thursday
2026-01-22 19:47:41,ICMarkets Raw,AUDUSD,0.68378,0.68379,1e-05,1,NewYork,Thursday
2026-01-22 19:47:44,VantageMarkets Raw,XAUUSD,4899.7,4899.78,0.08,8,NewYork,Thursday
2026-01-22 19:47:45,VantageMarkets Raw,EURUSD,1.17468,1.17471,3e-05,3,NewYork,Thursday
2026-01-22 19:47:46,VantageMarkets Raw,GBPUSD,1.34944,1.34945,1e-05,1,NewYork,Thursday
2026-01-22 19:47:47,VantageMarkets Raw,USDJPY,158.272,158.274,0.002,2,NewYork,Thursday
2026-01-22 19:47:48,VantageMarkets Raw,AUDUSD,0.68378,0.68381,3e-05,3,NewYork,Thursday
2026-01-22 19:47:51,FPMarkets Raw,XAUUSD,4900.15,4900.22,0.07,7,NewYork,Thursday
2026-01-22 19:47:52,FPMarkets Raw,EURUSD,1.17474,1.17474,0.0,0,NewYork,Thursday
2026-01-22 19:47:53,FPMarkets Raw,GBPUSD,1.34944,1.34949,5e-05,5,NewYork,Thursday
2026-01-22 19:47:53,FPMarkets Raw,USDJPY,158.269,158.272,0.003,3,NewYork,Thursday
2026-01-22 19:47:54,FPMarkets Raw,AUDUSD,0.68379,0.68382,3e-05,3,NewYork,Thursday
2026-01-22 19:47:56,8Cap Raw,XAUUSD,4899.57,4899.73,0.16,16,NewYork,Thursday
2026-01-22 19:47:57,8Cap Raw,EURUSD,1.17475,1.17475,0.0,0,NewYork,Thursday
2026-01-22 19:47:57,8Cap Raw,GBPUSD,1.34949,1.3495,1e-05,1,NewYork,Thursday
2026-01-22 19:47:58,8Cap Raw,USDJPY,158.271,158.272,0.001,1,NewYork,Thursday
2026-01-22 19:47:59,8Cap Raw,AUDUSD,0.68381,0.68383,2e-05,2,NewYork,Thursday
2026-01-22 19:52:17,Pepperstone Razor,XAUUSD,4902.86,4903.02,0.16,16,NewYork,Thursday
2026-01-22 19:52:17,Pepperstone Razor,EURUSD,1.17464,1.17464,0.0,0,NewYork,Thursday
2026-01-22 19:52:18,Pepperstone Razor,GBPUSD,1.34914,1.34914,0.0,0,NewYork,Thursday
2026-01-22 19:52:19,Pepperstone Razor,USDJPY,158.295,158.298,0.003,3,NewYork,Thursday
2026-01-22 19:52:20,Pepperstone Razor,AUDUSD,0.68398,0.68399,1e-05,1,NewYork,Thursday
2026-01-22 19:52:23,FusionMarkets Zero,XAUUSD,4902.65,4902.71,0.06,6,NewYork,Thursday
2026-01-22 19:52:24,FusionMarkets Zero,EURUSD,1.17467,1.17467,0.0,0,NewYork,Thursday
2026-01-22 19:52:25,FusionMarkets Zero,GBPUSD,1.34925,1.34925,0.0,0,NewYork,Thursday
2026-01-22 19:52:26,FusionMarkets Zero,USDJPY,158.298,158.298,0.0,0,NewYork,Thursday
2026-01-22 19:52:27,FusionMarkets Zero,AUDUSD,0.68405,0.68405,0.0,0,NewYork,Thursday
2026-01-22 19:52:30,ThinkMarkets ThinkZero,XAUUSD,4903.0,4903.08,0.08,8,NewYork,Thursday
2026-01-22 19:52:31,ThinkMarkets ThinkZero,EURUSD,1.17462,1.17464,2e-05,2,NewYork,Thursday
2026-01-22 19:52:32,ThinkMarkets ThinkZero,GBPUSD,1.34921,1.34925,4e-05,4,NewYork,Thursday
2026-01-22 19:52:33,ThinkMarkets ThinkZero,USDJPY,158.296,158.299,0.003,3,NewYork,Thursday
2026-01-22 19:52:34,ThinkMarkets ThinkZero,AUDUSD,0.68398,0.68401,3e-05,3,NewYork,Thursday
2026-01-22 19:52:37,ICMarkets Raw,XAUUSD,4901.7,4901.81,0.11,11,NewYork,Thursday
2026-01-22 19:52:38,ICMarkets Raw,EURUSD,1.17465,1.17465,0.0,0,NewYork,Thursday
2026-01-22 19:52:39,ICMarkets Raw,GBPUSD,1.34922,1.34923,1e-05,1,NewYork,Thursday
2026-01-22 19:52:40,ICMarkets Raw,USDJPY,158.308,158.309,0.001,1,NewYork,Thursday
2026-01-22 19:52:41,ICMarkets Raw,AUDUSD,0.68399,0.68399,0.0,0,NewYork,Thursday
2026-01-22 19:52:44,VantageMarkets Raw,XAUUSD,4901.99,4902.07,0.08,8,NewYork,Thursday
2026-01-22 19:52:45,VantageMarkets Raw,EURUSD,1.17465,1.17467,2e-05,2,NewYork,Thursday
2026-01-22 19:52:46,VantageMarkets Raw,GBPUSD,1.34923,1.34924,1e-05,1,NewYork,Thursday
2026-01-22 19:52:46,VantageMarkets Raw,USDJPY,158.304,158.309,0.005,5,NewYork,Thursday
2026-01-22 19:52:47,VantageMarkets Raw,AUDUSD,0.68397,0.68401,4e-05,4,NewYork,Thursday
2026-01-22 19:52:50,FPMarkets Raw,XAUUSD,4901.41,4901.48,0.07,7,NewYork,Thursday
2026-01-22 19:52:51,FPMarkets Raw,EURUSD,1.17468,1.17469,1e-05,1,NewYork,Thursday
2026-01-22 19:52:52,FPMarkets Raw,GBPUSD,1.34923,1.34924,1e-05,1,NewYork,Thursday
2026-01-22 19:52:53,FPMarkets Raw,USDJPY,158.305,158.308,0.003,3,NewYork,Thursday
2026-01-22 19:52:54,FPMarkets Raw,AUDUSD,0.68397,0.684,3e-05,3,NewYork,Thursday
2026-01-22 19:52:56,8Cap Raw,XAUUSD,4901.15,4901.31,0.16,16,NewYork,Thursday
2026-01-22 19:52:57,8Cap Raw,EURUSD,1.17467,1.17467,0.0,0,NewYork,Thursday
2026-01-22 19:52:58,8Cap Raw,GBPUSD,1.34925,1.34926,1e-05,1,NewYork,Thursday
2026-01-22 19:52:58,8Cap Raw,USDJPY,158.306,158.307,0.001,1,NewYork,Thursday
2026-01-22 19:52:59,8Cap Raw,AUDUSD,0.68398,0.68401,3e-05,3,NewYork,Thursday
2026-01-22 19:57:17,Pepperstone Razor,XAUUSD,4905.66,4905.78,0.12,12,NewYork,Thursday
2026-01-22 19:57:18,Pepperstone Razor,EURUSD,1.17468,1.17468,0.0,0,NewYork,Thursday
2026-01-22 19:57:19,Pepperstone Razor,GBPUSD,1.3492,1.34921,1e-05,1,NewYork,Thursday
2026-01-22 19:57:20,Pepperstone Razor,USDJPY,158.299,158.3,0.001,1,NewYork,Thursday
2026-01-22 19:57:21,Pepperstone Razor,AUDUSD,0.68399,0.68399,0.0,0,NewYork,Thursday
2026-01-22 19:57:25,FusionMarkets Zero,XAUUSD,4905.68,4905.73,0.05,5,NewYork,Thursday
2026-01-22 19:57:26,FusionMarkets Zero,EURUSD,1.1747,1.1747,0.0,0,NewYork,Thursday
2026-01-22 19:57:27,FusionMarkets Zero,GBPUSD,1.34916,1.34916,0.0,0,NewYork,Thursday
2026-01-22 19:57:28,FusionMarkets Zero,USDJPY,158.299,158.299,0.0,0,NewYork,Thursday
2026-01-22 19:57:28,FusionMarkets Zero,AUDUSD,0.68397,0.68397,0.0,0,NewYork,Thursday
2026-01-22 19:57:32,ThinkMarkets ThinkZero,XAUUSD,4905.45,4905.53,0.08,8,NewYork,Thursday
2026-01-22 19:57:33,ThinkMarkets ThinkZero,EURUSD,1.17463,1.17466,3e-05,3,NewYork,Thursday
2026-01-22 19:57:34,ThinkMarkets ThinkZero,GBPUSD,1.34905,1.34912,7e-05,7,NewYork,Thursday
2026-01-22 19:57:35,ThinkMarkets ThinkZero,USDJPY,158.3,158.305,0.005,5,NewYork,Thursday
2026-01-22 19:57:36,ThinkMarkets ThinkZero,AUDUSD,0.68394,0.68397,3e-05,3,NewYork,Thursday
2026-01-22 19:57:39,ICMarkets Raw,XAUUSD,4905.5,4905.55,0.05,5,NewYork,Thursday
2026-01-22 19:57:40,ICMarkets Raw,EURUSD,1.17471,1.17471,0.0,0,NewYork,Thursday
2026-01-22 19:57:41,ICMarkets Raw,GBPUSD,1.34914,1.34915,1e-05,1,NewYork,Thursday
2026-01-22 19:57:41,ICMarkets Raw,USDJPY,158.294,158.295,0.001,1,NewYork,Thursday
2026-01-22 19:57:42,ICMarkets Raw,AUDUSD,0.684,0.684,0.0,0,NewYork,Thursday
2026-01-22 19:57:45,VantageMarkets Raw,XAUUSD,4904.92,4905.0,0.08,8,NewYork,Thursday
2026-01-22 19:57:46,VantageMarkets Raw,EURUSD,1.17471,1.17473,2e-05,2,NewYork,Thursday
2026-01-22 19:57:47,VantageMarkets Raw,GBPUSD,1.34914,1.34917,3e-05,3,NewYork,Thursday
2026-01-22 19:57:48,VantageMarkets Raw,USDJPY,158.296,158.297,0.001,1,NewYork,Thursday
2026-01-22 19:57:49,VantageMarkets Raw,AUDUSD,0.68398,0.68402,4e-05,4,NewYork,Thursday
2026-01-22 19:57:52,FPMarkets Raw,XAUUSD,4904.33,4904.4,0.07,7,NewYork,Thursday
2026-01-22 19:57:53,FPMarkets Raw,EURUSD,1.17466,1.17467,1e-05,1,NewYork,Thursday
2026-01-22 19:57:54,FPMarkets Raw,GBPUSD,1.34911,1.34915,4e-05,4,NewYork,Thursday
2026-01-22 19:57:55,FPMarkets Raw,USDJPY,158.297,158.3,0.003,3,NewYork,Thursday
2026-01-22 19:57:56,FPMarkets Raw,AUDUSD,0.68398,0.68402,4e-05,4,NewYork,Thursday
2026-01-22 19:57:58,8Cap Raw,XAUUSD,4904.75,4904.91,0.16,16,NewYork,Thursday
2026-01-22 19:57:58,8Cap Raw,EURUSD,1.1747,1.17471,1e-05,1,NewYork,Thursday
2026-01-22 19:57:59,8Cap Raw,GBPUSD,1.34915,1.34917,2e-05,2,NewYork,Thursday
2026-01-22 19:58:00,8Cap Raw,USDJPY,158.295,158.296,0.001,1,NewYork,Thursday
2026-01-22 19:58:00,8Cap Raw,AUDUSD,0.68399,0.68401,2e-05,2,NewYork,Thursday
2026-01-22 20:02:16,Pepperstone Razor,XAUUSD,4906.35,4906.58,0.23,23,NewYork,Thursday
2026-01-22 20:02:17,Pepperstone Razor,EURUSD,1.17433,1.17433,0.0,0,NewYork,Thursday
2026-01-22 20:02:18,Pepperstone Razor,GBPUSD,1.34909,1.34909,0.0,0,NewYork,Thursday
2026-01-22 20:02:19,Pepperstone Razor,USDJPY,158.32,158.324,0.004,4,NewYork,Thursday
2026-01-22 20:02:20,Pepperstone Razor,AUDUSD,0.68386,0.68387,1e-05,1,NewYork,Thursday
2026-01-22 20:02:23,FusionMarkets Zero,XAUUSD,4907.52,4907.64,0.12,12,NewYork,Thursday
2026-01-22 20:02:24,FusionMarkets Zero,EURUSD,1.17438,1.17438,0.0,0,NewYork,Thursday
2026-01-22 20:02:25,FusionMarkets Zero,GBPUSD,1.34914,1.34914,0.0,0,NewYork,Thursday
2026-01-22 20:02:25,FusionMarkets Zero,USDJPY,158.312,158.315,0.003,3,NewYork,Thursday
2026-01-22 20:02:26,FusionMarkets Zero,AUDUSD,0.6839,0.6839,0.0,0,NewYork,Thursday
2026-01-22 20:02:29,ThinkMarkets ThinkZero,XAUUSD,4907.28,4907.36,0.08,8,NewYork,Thursday
2026-01-22 20:02:30,ThinkMarkets ThinkZero,EURUSD,1.17436,1.17439,3e-05,3,NewYork,Thursday
2026-01-22 20:02:31,ThinkMarkets ThinkZero,GBPUSD,1.34911,1.34914,3e-05,3,NewYork,Thursday
2026-01-22 20:02:32,ThinkMarkets ThinkZero,USDJPY,158.319,158.322,0.003,3,NewYork,Thursday
2026-01-22 20:02:33,ThinkMarkets ThinkZero,AUDUSD,0.68387,0.6839,3e-05,3,NewYork,Thursday
2026-01-22 20:02:35,ICMarkets Raw,XAUUSD,4906.99,4907.14,0.15,15,NewYork,Thursday
2026-01-22 20:02:36,ICMarkets Raw,EURUSD,1.17436,1.17436,0.0,0,NewYork,Thursday
2026-01-22 20:02:37,ICMarkets Raw,GBPUSD,1.34915,1.34916,1e-05,1,NewYork,Thursday
2026-01-22 20:02:38,ICMarkets Raw,USDJPY,158.319,158.32,0.001,1,NewYork,Thursday
2026-01-22 20:02:39,ICMarkets Raw,AUDUSD,0.6839,0.6839,0.0,0,NewYork,Thursday
2026-01-22 20:02:41,VantageMarkets Raw,XAUUSD,4906.98,4907.06,0.08,8,NewYork,Thursday
2026-01-22 20:02:42,VantageMarkets Raw,EURUSD,1.17436,1.17437,1e-05,1,NewYork,Thursday
2026-01-22 20:02:43,VantageMarkets Raw,GBPUSD,1.34916,1.34917,1e-05,1,NewYork,Thursday
2026-01-22 20:02:44,VantageMarkets Raw,USDJPY,158.32,158.321,0.001,1,NewYork,Thursday
2026-01-22 20:02:45,VantageMarkets Raw,AUDUSD,0.68389,0.68392,3e-05,3,NewYork,Thursday
2026-01-22 20:02:48,FPMarkets Raw,XAUUSD,4908.48,4908.55,0.07,7,NewYork,Thursday
2026-01-22 20:02:49,FPMarkets Raw,EURUSD,1.17444,1.17445,1e-05,1,NewYork,Thursday
2026-01-22 20:02:50,FPMarkets Raw,GBPUSD,1.34912,1.34916,4e-05,4,NewYork,Thursday
2026-01-22 20:02:51,FPMarkets Raw,USDJPY,158.318,158.321,0.003,3,NewYork,Thursday
2026-01-22 20:02:52,FPMarkets Raw,AUDUSD,0.68388,0.68392,4e-05,4,NewYork,Thursday
2026-01-22 20:02:54,8Cap Raw,XAUUSD,4906.59,4906.75,0.16,16,NewYork,Thursday
2026-01-22 20:02:55,8Cap Raw,EURUSD,1.17438,1.1744,2e-05,2,NewYork,Thursday
2026-01-22 20:02:55,8Cap Raw,GBPUSD,1.34913,1.34914,1e-05,1,NewYork,Thursday
2026-01-22 20:02:56,8Cap Raw,USDJPY,158.318,158.322,0.004,4,NewYork,Thursday
2026-01-22 20:02:57,8Cap Raw,AUDUSD,0.68388,0.68391,3e-05,3,NewYork,Thursday
2026-01-22 20:07:16,Pepperstone Razor,XAUUSD,4908.31,4908.46,0.15,15,NewYork,Thursday
2026-01-22 20:07:17,Pepperstone Razor,EURUSD,1.17459,1.17459,0.0,0,NewYork,Thursday
2026-01-22 20:07:17,Pepperstone Razor,GBPUSD,1.34933,1.34934,1e-05,1,NewYork,Thursday
2026-01-22 20:07:18,Pepperstone Razor,USDJPY,158.301,158.303,0.002,2,NewYork,Thursday
2026-01-22 20:07:19,Pepperstone Razor,AUDUSD,0.68401,0.68402,1e-05,1,NewYork,Thursday
2026-01-22 20:07:22,FusionMarkets Zero,XAUUSD,4907.19,4907.24,0.05,5,NewYork,Thursday
2026-01-22 20:07:23,FusionMarkets Zero,EURUSD,1.17458,1.17458,0.0,0,NewYork,Thursday
2026-01-22 20:07:24,FusionMarkets Zero,GBPUSD,1.34933,1.34933,0.0,0,NewYork,Thursday
2026-01-22 20:07:24,FusionMarkets Zero,USDJPY,158.299,158.299,0.0,0,NewYork,Thursday
2026-01-22 20:07:25,FusionMarkets Zero,AUDUSD,0.68398,0.68398,0.0,0,NewYork,Thursday
2026-01-22 20:07:28,ThinkMarkets ThinkZero,XAUUSD,4907.51,4907.59,0.08,8,NewYork,Thursday
2026-01-22 20:07:29,ThinkMarkets ThinkZero,EURUSD,1.17454,1.17458,4e-05,4,NewYork,Thursday
2026-01-22 20:07:30,ThinkMarkets ThinkZero,GBPUSD,1.34928,1.34933,5e-05,5,NewYork,Thursday
2026-01-22 20:07:31,ThinkMarkets ThinkZero,USDJPY,158.296,158.299,0.003,3,NewYork,Thursday
2026-01-22 20:07:32,ThinkMarkets ThinkZero,AUDUSD,0.68395,0.68398,3e-05,3,NewYork,Thursday
2026-01-22 20:07:35,ICMarkets Raw,XAUUSD,4907.55,4907.62,0.07,7,NewYork,Thursday
2026-01-22 20:07:36,ICMarkets Raw,EURUSD,1.17456,1.17456,0.0,0,NewYork,Thursday
2026-01-22 20:07:37,ICMarkets Raw,GBPUSD,1.34932,1.34933,1e-05,1,NewYork,Thursday
2026-01-22 20:07:38,ICMarkets Raw,USDJPY,158.297,158.298,0.001,1,NewYork,Thursday
2026-01-22 20:07:38,ICMarkets Raw,AUDUSD,0.68399,0.68399,0.0,0,NewYork,Thursday
2026-01-22 20:07:41,VantageMarkets Raw,XAUUSD,4907.9,4907.98,0.08,8,NewYork,Thursday
2026-01-22 20:07:42,VantageMarkets Raw,EURUSD,1.17457,1.17458,1e-05,1,NewYork,Thursday
2026-01-22 20:07:43,VantageMarkets Raw,GBPUSD,1.34935,1.34936,1e-05,1,NewYork,Thursday
2026-01-22 20:07:44,VantageMarkets Raw,USDJPY,158.296,158.297,0.001,1,NewYork,Thursday
2026-01-22 20:07:45,VantageMarkets Raw,AUDUSD,0.684,0.68403,3e-05,3,NewYork,Thursday
2026-01-22 20:07:47,FPMarkets Raw,XAUUSD,4908.95,4909.02,0.07,7,NewYork,Thursday
2026-01-22 20:07:48,FPMarkets Raw,EURUSD,1.17457,1.17459,2e-05,2,NewYork,Thursday
2026-01-22 20:07:49,FPMarkets Raw,GBPUSD,1.34935,1.34939,4e-05,4,NewYork,Thursday
2026-01-22 20:07:50,FPMarkets Raw,USDJPY,158.287,158.29,0.003,3,NewYork,Thursday
2026-01-22 20:07:51,FPMarkets Raw,AUDUSD,0.68401,0.68405,4e-05,4,NewYork,Thursday
2026-01-22 20:07:53,8Cap Raw,XAUUSD,4908.93,4909.09,0.16,16,NewYork,Thursday
2026-01-22 20:07:54,8Cap Raw,EURUSD,1.17459,1.1746,1e-05,1,NewYork,Thursday
2026-01-22 20:07:54,8Cap Raw,GBPUSD,1.34934,1.34935,1e-05,1,NewYork,Thursday
2026-01-22 20:07:55,8Cap Raw,USDJPY,158.288,158.293,0.005,5,NewYork,Thursday
2026-01-22 20:07:56,8Cap Raw,AUDUSD,0.68401,0.68404,3e-05,3,NewYork,Thursday
2026-01-22 20:12:16,Pepperstone Razor,XAUUSD,4914.21,4914.44,0.23,23,NewYork,Thursday
2026-01-22 20:12:17,Pepperstone Razor,EURUSD,1.17447,1.17447,0.0,0,NewYork,Thursday
2026-01-22 20:12:18,Pepperstone Razor,GBPUSD,1.34943,1.34944,1e-05,1,NewYork,Thursday
2026-01-22 20:12:19,Pepperstone Razor,USDJPY,158.313,158.315,0.002,2,NewYork,Thursday
2026-01-22 20:12:20,Pepperstone Razor,AUDUSD,0.68403,0.68403,0.0,0,NewYork,Thursday
2026-01-22 20:12:23,FusionMarkets Zero,XAUUSD,4913.73,4913.96,0.23,23,NewYork,Thursday
2026-01-22 20:12:23,FusionMarkets Zero,EURUSD,1.17447,1.17447,0.0,0,NewYork,Thursday
2026-01-22 20:12:24,FusionMarkets Zero,GBPUSD,1.34944,1.34944,0.0,0,NewYork,Thursday
2026-01-22 20:12:25,FusionMarkets Zero,USDJPY,158.313,158.313,0.0,0,NewYork,Thursday
2026-01-22 20:12:26,FusionMarkets Zero,AUDUSD,0.68405,0.68405,0.0,0,NewYork,Thursday
2026-01-22 20:12:29,ThinkMarkets ThinkZero,XAUUSD,4914.28,4914.36,0.08,8,NewYork,Thursday
2026-01-22 20:12:30,ThinkMarkets ThinkZero,EURUSD,1.17447,1.1745,3e-05,3,NewYork,Thursday
2026-01-22 20:12:31,ThinkMarkets ThinkZero,GBPUSD,1.34943,1.34949,6e-05,6,NewYork,Thursday
2026-01-22 20:12:32,ThinkMarkets ThinkZero,USDJPY,158.31,158.314,0.004,4,NewYork,Thursday
2026-01-22 20:12:33,ThinkMarkets ThinkZero,AUDUSD,0.68401,0.68405,4e-05,4,NewYork,Thursday
2026-01-22 20:12:36,ICMarkets Raw,XAUUSD,4914.2,4914.27,0.07,7,NewYork,Thursday
2026-01-22 20:12:37,ICMarkets Raw,EURUSD,1.17446,1.17447,1e-05,1,NewYork,Thursday
2026-01-22 20:12:37,ICMarkets Raw,GBPUSD,1.34944,1.34945,1e-05,1,NewYork,Thursday
2026-01-22 20:12:38,ICMarkets Raw,USDJPY,158.314,158.315,0.001,1,NewYork,Thursday
2026-01-22 20:12:39,ICMarkets Raw,AUDUSD,0.68403,0.68403,0.0,0,NewYork,Thursday
2026-01-22 20:12:42,VantageMarkets Raw,XAUUSD,4914.64,4914.72,0.08,8,NewYork,Thursday
2026-01-22 20:12:42,VantageMarkets Raw,EURUSD,1.17445,1.17446,1e-05,1,NewYork,Thursday
2026-01-22 20:12:43,VantageMarkets Raw,GBPUSD,1.34942,1.34946,4e-05,4,NewYork,Thursday
2026-01-22 20:12:44,VantageMarkets Raw,USDJPY,158.312,158.314,0.002,2,NewYork,Thursday
2026-01-22 20:12:45,VantageMarkets Raw,AUDUSD,0.68402,0.68405,3e-05,3,NewYork,Thursday
2026-01-22 20:12:48,FPMarkets Raw,XAUUSD,4914.67,4914.74,0.07,7,NewYork,Thursday
2026-01-22 20:12:49,FPMarkets Raw,EURUSD,1.17447,1.17448,1e-05,1,NewYork,Thursday
2026-01-22 20:12:50,FPMarkets Raw,GBPUSD,1.34942,1.34946,4e-05,4,NewYork,Thursday
2026-01-22 20:12:51,FPMarkets Raw,USDJPY,158.311,158.314,0.003,3,NewYork,Thursday
2026-01-22 20:12:52,FPMarkets Raw,AUDUSD,0.68403,0.68406,3e-05,3,NewYork,Thursday
2026-01-22 20:12:53,8Cap Raw,XAUUSD,4914.33,4914.49,0.16,16,NewYork,Thursday
2026-01-22 20:12:54,8Cap Raw,EURUSD,1.17448,1.17448,0.0,0,NewYork,Thursday
2026-01-22 20:12:55,8Cap Raw,GBPUSD,1.34942,1.34944,2e-05,2,NewYork,Thursday
2026-01-22 20:12:55,8Cap Raw,USDJPY,158.312,158.313,0.001,1,NewYork,Thursday
2026-01-22 20:12:56,8Cap Raw,AUDUSD,0.68402,0.68406,4e-05,4,NewYork,Thursday
2026-01-22 20:17:16,Pepperstone Razor,XAUUSD,4910.76,4910.91,0.15,15,NewYork,Thursday
2026-01-22 20:17:17,Pepperstone Razor,EURUSD,1.17457,1.17457,0.0,0,NewYork,Thursday
2026-01-22 20:17:18,Pepperstone Razor,GBPUSD,1.34971,1.34972,1e-05,1,NewYork,Thursday
2026-01-22 20:17:19,Pepperstone Razor,USDJPY,158.298,158.3,0.002,2,NewYork,Thursday
2026-01-22 20:17:20,Pepperstone Razor,AUDUSD,0.6841,0.68411,1e-05,1,NewYork,Thursday
2026-01-22 20:17:23,FusionMarkets Zero,XAUUSD,4911.27,4911.32,0.05,5,NewYork,Thursday
2026-01-22 20:17:24,FusionMarkets Zero,EURUSD,1.17459,1.17459,0.0,0,NewYork,Thursday
2026-01-22 20:17:25,FusionMarkets Zero,GBPUSD,1.34974,1.34974,0.0,0,NewYork,Thursday
2026-01-22 20:17:26,FusionMarkets Zero,USDJPY,158.297,158.297,0.0,0,NewYork,Thursday
2026-01-22 20:17:26,FusionMarkets Zero,AUDUSD,0.68415,0.68415,0.0,0,NewYork,Thursday
2026-01-22 20:17:29,ThinkMarkets ThinkZero,XAUUSD,4911.7,4911.78,0.08,8,NewYork,Thursday
2026-01-22 20:17:30,ThinkMarkets ThinkZero,EURUSD,1.17458,1.17461,3e-05,3,NewYork,Thursday
2026-01-22 20:17:31,ThinkMarkets ThinkZero,GBPUSD,1.34971,1.34979,8e-05,8,NewYork,Thursday
2026-01-22 20:17:32,ThinkMarkets ThinkZero,USDJPY,158.296,158.301,0.005,5,NewYork,Thursday
2026-01-22 20:17:33,ThinkMarkets ThinkZero,AUDUSD,0.68413,0.68415,2e-05,2,NewYork,Thursday
2026-01-22 20:17:36,ICMarkets Raw,XAUUSD,4911.1,4911.15,0.05,5,NewYork,Thursday
2026-01-22 20:17:37,ICMarkets Raw,EURUSD,1.1746,1.17461,1e-05,1,NewYork,Thursday
2026-01-22 20:17:38,ICMarkets Raw,GBPUSD,1.34974,1.34975,1e-05,1,NewYork,Thursday
2026-01-22 20:17:38,ICMarkets Raw,USDJPY,158.298,158.298,0.0,0,NewYork,Thursday
2026-01-22 20:17:39,ICMarkets Raw,AUDUSD,0.68412,0.68412,0.0,0,NewYork,Thursday
2026-01-22 20:17:42,VantageMarkets Raw,XAUUSD,4911.34,4911.42,0.08,8,NewYork,Thursday
2026-01-22 20:17:43,VantageMarkets Raw,EURUSD,1.17461,1.17462,1e-05,1,NewYork,Thursday
2026-01-22 20:17:44,VantageMarkets Raw,GBPUSD,1.34973,1.34974,1e-05,1,NewYork,Thursday
2026-01-22 20:17:45,VantageMarkets Raw,USDJPY,158.297,158.299,0.002,2,NewYork,Thursday
2026-01-22 20:17:46,VantageMarkets Raw,AUDUSD,0.68411,0.68414,3e-05,3,NewYork,Thursday
2026-01-22 20:17:49,FPMarkets Raw,XAUUSD,4910.88,4910.95,0.07,7,NewYork,Thursday
2026-01-22 20:17:50,FPMarkets Raw,EURUSD,1.17459,1.17461,2e-05,2,NewYork,Thursday
2026-01-22 20:17:51,FPMarkets Raw,GBPUSD,1.34974,1.34978,4e-05,4,NewYork,Thursday
2026-01-22 20:17:51,FPMarkets Raw,USDJPY,158.3,158.303,0.003,3,NewYork,Thursday
2026-01-22 20:17:52,FPMarkets Raw,AUDUSD,0.68412,0.68415,3e-05,3,NewYork,Thursday
2026-01-22 20:17:55,8Cap Raw,XAUUSD,4910.75,4910.91,0.16,16,NewYork,Thursday
2026-01-22 20:17:55,8Cap Raw,EURUSD,1.17461,1.17461,0.0,0,NewYork,Thursday
2026-01-22 20:17:56,8Cap Raw,GBPUSD,1.34974,1.34975,1e-05,1,NewYork,Thursday
2026-01-22 20:17:57,8Cap Raw,USDJPY,158.297,158.298,0.001,1,NewYork,Thursday
2026-01-22 20:17:57,8Cap Raw,AUDUSD,0.68412,0.68414,2e-05,2,NewYork,Thursday
2026-01-22 20:22:16,Pepperstone Razor,XAUUSD,4911.42,4911.59,0.17,17,NewYork,Thursday
2026-01-22 20:22:17,Pepperstone Razor,EURUSD,1.17479,1.17479,0.0,0,NewYork,Thursday
2026-01-22 20:22:18,Pepperstone Razor,GBPUSD,1.34995,1.34995,0.0,0,NewYork,Thursday
2026-01-22 20:22:19,Pepperstone Razor,USDJPY,158.284,158.286,0.002,2,NewYork,Thursday
2026-01-22 20:22:20,Pepperstone Razor,AUDUSD,0.68429,0.6843,1e-05,1,NewYork,Thursday
2026-01-22 20:22:23,FusionMarkets Zero,XAUUSD,4910.66,4910.75,0.09,9,NewYork,Thursday
2026-01-22 20:22:23,FusionMarkets Zero,EURUSD,1.17481,1.17481,0.0,0,NewYork,Thursday
2026-01-22 20:22:24,FusionMarkets Zero,GBPUSD,1.35,1.35,0.0,0,NewYork,Thursday
2026-01-22 20:22:25,FusionMarkets Zero,USDJPY,158.284,158.285,0.001,1,NewYork,Thursday
2026-01-22 20:22:26,FusionMarkets Zero,AUDUSD,0.68434,0.68434,0.0,0,NewYork,Thursday
2026-01-22 20:22:29,ThinkMarkets ThinkZero,XAUUSD,4911.01,4911.09,0.08,8,NewYork,Thursday
2026-01-22 20:22:30,ThinkMarkets ThinkZero,EURUSD,1.17478,1.17479,1e-05,1,NewYork,Thursday
2026-01-22 20:22:31,ThinkMarkets ThinkZero,GBPUSD,1.34997,1.35004,7e-05,7,NewYork,Thursday
2026-01-22 20:22:32,ThinkMarkets ThinkZero,USDJPY,158.282,158.286,0.004,4,NewYork,Thursday
2026-01-22 20:22:33,ThinkMarkets ThinkZero,AUDUSD,0.68431,0.68434,3e-05,3,NewYork,Thursday
2026-01-22 20:22:36,ICMarkets Raw,XAUUSD,4910.88,4910.95,0.07,7,NewYork,Thursday
2026-01-22 20:22:37,ICMarkets Raw,EURUSD,1.17482,1.17483,1e-05,1,NewYork,Thursday
2026-01-22 20:22:38,ICMarkets Raw,GBPUSD,1.35008,1.35009,1e-05,1,NewYork,Thursday
2026-01-22 20:22:38,ICMarkets Raw,USDJPY,158.279,158.279,0.0,0,NewYork,Thursday
2026-01-22 20:22:39,ICMarkets Raw,AUDUSD,0.68436,0.68436,0.0,0,NewYork,Thursday
2026-01-22 20:22:42,VantageMarkets Raw,XAUUSD,4911.75,4911.83,0.08,8,NewYork,Thursday
2026-01-22 20:22:43,VantageMarkets Raw,EURUSD,1.17485,1.17488,3e-05,3,NewYork,Thursday
2026-01-22 20:22:44,VantageMarkets Raw,GBPUSD,1.35006,1.35007,1e-05,1,NewYork,Thursday
2026-01-22 20:22:45,VantageMarkets Raw,USDJPY,158.28,158.289,0.009,9,NewYork,Thursday
2026-01-22 20:22:46,VantageMarkets Raw,AUDUSD,0.68437,0.68441,4e-05,4,NewYork,Thursday
2026-01-22 20:22:49,FPMarkets Raw,XAUUSD,4911.86,4911.93,0.07,7,NewYork,Thursday
2026-01-22 20:22:50,FPMarkets Raw,EURUSD,1.17484,1.17485,1e-05,1,NewYork,Thursday
2026-01-22 20:22:51,FPMarkets Raw,GBPUSD,1.35004,1.35008,4e-05,4,NewYork,Thursday
2026-01-22 20:22:52,FPMarkets Raw,USDJPY,158.283,158.286,0.003,3,NewYork,Thursday
2026-01-22 20:22:53,FPMarkets Raw,AUDUSD,0.68436,0.68439,3e-05,3,NewYork,Thursday
2026-01-22 20:22:55,8Cap Raw,XAUUSD,4912.35,4912.51,0.16,16,NewYork,Thursday
2026-01-22 20:22:56,8Cap Raw,EURUSD,1.17484,1.17484,0.0,0,NewYork,Thursday
2026-01-22 20:22:56,8Cap Raw,GBPUSD,1.35007,1.35008,1e-05,1,NewYork,Thursday
2026-01-22 20:22:57,8Cap Raw,USDJPY,158.284,158.285,0.001,1,NewYork,Thursday
2026-01-22 20:22:58,8Cap Raw,AUDUSD,0.68437,0.68439,2e-05,2,NewYork,Thursday
2026-01-22 20:27:16,Pepperstone Razor,XAUUSD,4909.06,4909.22,0.16,16,NewYork,Thursday
2026-01-22 20:27:17,Pepperstone Razor,EURUSD,1.17461,1.17461,0.0,0,NewYork,Thursday
2026-01-22 20:27:18,Pepperstone Razor,GBPUSD,1.34981,1.34982,1e-05,1,NewYork,Thursday
2026-01-22 20:27:19,Pepperstone Razor,USDJPY,158.315,158.317,0.002,2,NewYork,Thursday
2026-01-22 20:27:20,Pepperstone Razor,AUDUSD,0.68418,0.68418,0.0,0,NewYork,Thursday
2026-01-22 20:27:23,FusionMarkets Zero,XAUUSD,4909.31,4909.38,0.07,7,NewYork,Thursday
2026-01-22 20:27:24,FusionMarkets Zero,EURUSD,1.17458,1.17458,0.0,0,NewYork,Thursday
2026-01-22 20:27:25,FusionMarkets Zero,GBPUSD,1.34987,1.34987,0.0,0,NewYork,Thursday
2026-01-22 20:27:26,FusionMarkets Zero,USDJPY,158.322,158.324,0.002,2,NewYork,Thursday
2026-01-22 20:27:27,FusionMarkets Zero,AUDUSD,0.68423,0.68423,0.0,0,NewYork,Thursday
2026-01-22 20:27:30,ThinkMarkets ThinkZero,XAUUSD,4909.56,4909.64,0.08,8,NewYork,Thursday
2026-01-22 20:27:31,ThinkMarkets ThinkZero,EURUSD,1.17463,1.17464,1e-05,1,NewYork,Thursday
2026-01-22 20:27:32,ThinkMarkets ThinkZero,GBPUSD,1.3499,1.34995,5e-05,5,NewYork,Thursday
2026-01-22 20:27:32,ThinkMarkets ThinkZero,USDJPY,158.311,158.314,0.003,3,NewYork,Thursday
2026-01-22 20:27:33,ThinkMarkets ThinkZero,AUDUSD,0.68421,0.68425,4e-05,4,NewYork,Thursday
2026-01-22 20:27:36,ICMarkets Raw,XAUUSD,4910.19,4910.24,0.05,5,NewYork,Thursday
2026-01-22 20:27:37,ICMarkets Raw,EURUSD,1.17461,1.17461,0.0,0,NewYork,Thursday
2026-01-22 20:27:38,ICMarkets Raw,GBPUSD,1.3499,1.34991,1e-05,1,NewYork,Thursday
2026-01-22 20:27:39,ICMarkets Raw,USDJPY,158.317,158.318,0.001,1,NewYork,Thursday
2026-01-22 20:27:40,ICMarkets Raw,AUDUSD,0.68425,0.68425,0.0,0,NewYork,Thursday
2026-01-22 20:27:43,VantageMarkets Raw,XAUUSD,4910.36,4910.44,0.08,8,NewYork,Thursday
2026-01-22 20:27:43,VantageMarkets Raw,EURUSD,1.17461,1.17463,2e-05,2,NewYork,Thursday
2026-01-22 20:27:44,VantageMarkets Raw,GBPUSD,1.3499,1.34991,1e-05,1,NewYork,Thursday
2026-01-22 20:27:45,VantageMarkets Raw,USDJPY,158.316,158.318,0.002,2,NewYork,Thursday
2026-01-22 20:27:46,VantageMarkets Raw,AUDUSD,0.68424,0.68427,3e-05,3,NewYork,Thursday
2026-01-22 20:27:49,FPMarkets Raw,XAUUSD,4910.49,4910.56,0.07,7,NewYork,Thursday
2026-01-22 20:27:50,FPMarkets Raw,EURUSD,1.17464,1.17465,1e-05,1,NewYork,Thursday
2026-01-22 20:27:51,FPMarkets Raw,GBPUSD,1.34993,1.34997,4e-05,4,NewYork,Thursday
2026-01-22 20:27:52,FPMarkets Raw,USDJPY,158.311,158.314,0.003,3,NewYork,Thursday
2026-01-22 20:27:53,FPMarkets Raw,AUDUSD,0.68422,0.68426,4e-05,4,NewYork,Thursday
2026-01-22 20:27:54,8Cap Raw,XAUUSD,4909.75,4909.91,0.16,16,NewYork,Thursday
2026-01-22 20:27:55,8Cap Raw,EURUSD,1.17464,1.17465,1e-05,1,NewYork,Thursday
2026-01-22 20:27:56,8Cap Raw,GBPUSD,1.34992,1.34995,3e-05,3,NewYork,Thursday
2026-01-22 20:27:56,8Cap Raw,USDJPY,158.315,158.319,0.004,4,NewYork,Thursday
2026-01-22 20:27:57,8Cap Raw,AUDUSD,0.68425,0.68427,2e-05,2,NewYork,Thursday
2026-01-22 20:32:17,Pepperstone Razor,XAUUSD,4908.88,4909.17,0.29,29,NewYork,Thursday
2026-01-22 20:32:18,Pepperstone Razor,EURUSD,1.1747,1.1747,0.0,0,NewYork,Thursday
2026-01-22 20:32:18,Pepperstone Razor,GBPUSD,1.35019,1.3502,1e-05,1,NewYork,Thursday
2026-01-22 20:32:19,Pepperstone Razor,USDJPY,158.325,158.326,0.001,1,NewYork,Thursday
2026-01-22 20:32:20,Pepperstone Razor,AUDUSD,0.68433,0.68433,0.0,0,NewYork,Thursday
2026-01-22 20:32:24,FusionMarkets Zero,XAUUSD,4909.54,4909.6,0.06,6,NewYork,Thursday
2026-01-22 20:32:25,FusionMarkets Zero,EURUSD,1.17472,1.17472,0.0,0,NewYork,Thursday
2026-01-22 20:32:26,FusionMarkets Zero,GBPUSD,1.35018,1.35018,0.0,0,NewYork,Thursday
2026-01-22 20:32:27,FusionMarkets Zero,USDJPY,158.326,158.326,0.0,0,NewYork,Thursday
2026-01-22 20:32:28,FusionMarkets Zero,AUDUSD,0.68434,0.68434,0.0,0,NewYork,Thursday
2026-01-22 20:32:31,ThinkMarkets ThinkZero,XAUUSD,4909.53,4909.61,0.08,8,NewYork,Thursday
2026-01-22 20:32:32,ThinkMarkets ThinkZero,EURUSD,1.17466,1.17469,3e-05,3,NewYork,Thursday
2026-01-22 20:32:33,ThinkMarkets ThinkZero,GBPUSD,1.35012,1.35019,7e-05,7,NewYork,Thursday
2026-01-22 20:32:34,ThinkMarkets ThinkZero,USDJPY,158.326,158.329,0.003,3,NewYork,Thursday
2026-01-22 20:32:35,ThinkMarkets ThinkZero,AUDUSD,0.68431,0.68435,4e-05,4,NewYork,Thursday
2026-01-22 20:32:38,ICMarkets Raw,XAUUSD,4909.06,4909.12,0.06,6,NewYork,Thursday
2026-01-22 20:32:39,ICMarkets Raw,EURUSD,1.1747,1.1747,0.0,0,NewYork,Thursday
2026-01-22 20:32:40,ICMarkets Raw,GBPUSD,1.35018,1.35019,1e-05,1,NewYork,Thursday
2026-01-22 20:32:41,ICMarkets Raw,USDJPY,158.324,158.324,0.0,0,NewYork,Thursday
2026-01-22 20:32:42,ICMarkets Raw,AUDUSD,0.68434,0.68434,0.0,0,NewYork,Thursday
2026-01-22 20:32:45,VantageMarkets Raw,XAUUSD,4909.16,4909.24,0.08,8,NewYork,Thursday
2026-01-22 20:32:46,VantageMarkets Raw,EURUSD,1.1747,1.17473,3e-05,3,NewYork,Thursday
2026-01-22 20:32:47,VantageMarkets Raw,GBPUSD,1.35017,1.35018,1e-05,1,NewYork,Thursday
2026-01-22 20:32:48,VantageMarkets Raw,USDJPY,158.32,158.328,0.008,8,NewYork,Thursday
2026-01-22 20:32:49,VantageMarkets Raw,AUDUSD,0.68433,0.68435,2e-05,2,NewYork,Thursday
2026-01-22 20:32:52,FPMarkets Raw,XAUUSD,4908.66,4908.73,0.07,7,NewYork,Thursday
2026-01-22 20:32:53,FPMarkets Raw,EURUSD,1.17471,1.17473,2e-05,2,NewYork,Thursday
2026-01-22 20:32:54,FPMarkets Raw,GBPUSD,1.35017,1.35021,4e-05,4,NewYork,Thursday
2026-01-22 20:32:55,FPMarkets Raw,USDJPY,158.323,158.326,0.003,3,NewYork,Thursday
2026-01-22 20:32:56,FPMarkets Raw,AUDUSD,0.6843,0.68434,4e-05,4,NewYork,Thursday
2026-01-22 20:32:58,8Cap Raw,XAUUSD,4908.87,4909.03,0.16,16,NewYork,Thursday
2026-01-22 20:32:59,8Cap Raw,EURUSD,1.17473,1.17473,0.0,0,NewYork,Thursday
2026-01-22 20:33:00,8Cap Raw,GBPUSD,1.35017,1.35018,1e-05,1,NewYork,Thursday
2026-01-22 20:33:00,8Cap Raw,USDJPY,158.326,158.327,0.001,1,NewYork,Thursday
2026-01-22 20:33:01,8Cap Raw,AUDUSD,0.6843,0.68434,4e-05,4,NewYork,Thursday
2026-01-22 20:37:17,Pepperstone Razor,XAUUSD,4913.55,4913.7,0.15,15,NewYork,Thursday
2026-01-22 20:37:18,Pepperstone Razor,EURUSD,1.17473,1.17473,0.0,0,NewYork,Thursday
2026-01-22 20:37:18,Pepperstone Razor,GBPUSD,1.35004,1.35004,0.0,0,NewYork,Thursday
2026-01-22 20:37:19,Pepperstone Razor,USDJPY,158.298,158.299,0.001,1,NewYork,Thursday
2026-01-22 20:37:20,Pepperstone Razor,AUDUSD,0.68442,0.68443,1e-05,1,NewYork,Thursday
2026-01-22 20:37:23,FusionMarkets Zero,XAUUSD,4914.03,4914.08,0.05,5,NewYork,Thursday
2026-01-22 20:37:24,FusionMarkets Zero,EURUSD,1.17474,1.17474,0.0,0,NewYork,Thursday
2026-01-22 20:37:25,FusionMarkets Zero,GBPUSD,1.35008,1.35008,0.0,0,NewYork,Thursday
2026-01-22 20:37:26,FusionMarkets Zero,USDJPY,158.296,158.296,0.0,0,NewYork,Thursday
2026-01-22 20:37:27,FusionMarkets Zero,AUDUSD,0.68439,0.68439,0.0,0,NewYork,Thursday
2026-01-22 20:37:30,ThinkMarkets ThinkZero,XAUUSD,4913.89,4913.97,0.08,8,NewYork,Thursday
2026-01-22 20:37:31,ThinkMarkets ThinkZero,EURUSD,1.17473,1.17477,4e-05,4,NewYork,Thursday
2026-01-22 20:37:32,ThinkMarkets ThinkZero,GBPUSD,1.35004,1.3501,6e-05,6,NewYork,Thursday
2026-01-22 20:37:33,ThinkMarkets ThinkZero,USDJPY,158.298,158.302,0.004,4,NewYork,Thursday
2026-01-22 20:37:34,ThinkMarkets ThinkZero,AUDUSD,0.68436,0.68439,3e-05,3,NewYork,Thursday
2026-01-22 20:37:37,ICMarkets Raw,XAUUSD,4914.03,4914.09,0.06,6,NewYork,Thursday
2026-01-22 20:37:38,ICMarkets Raw,EURUSD,1.17475,1.17475,0.0,0,NewYork,Thursday
2026-01-22 20:37:39,ICMarkets Raw,GBPUSD,1.35006,1.35007,1e-05,1,NewYork,Thursday
2026-01-22 20:37:40,ICMarkets Raw,USDJPY,158.297,158.298,0.001,1,NewYork,Thursday
2026-01-22 20:37:40,ICMarkets Raw,AUDUSD,0.68439,0.68439,0.0,0,NewYork,Thursday
2026-01-22 20:37:43,VantageMarkets Raw,XAUUSD,4914.33,4914.41,0.08,8,NewYork,Thursday
2026-01-22 20:37:44,VantageMarkets Raw,EURUSD,1.17476,1.17478,2e-05,2,NewYork,Thursday
2026-01-22 20:37:45,VantageMarkets Raw,GBPUSD,1.35008,1.35009,1e-05,1,NewYork,Thursday
2026-01-22 20:37:46,VantageMarkets Raw,USDJPY,158.297,158.299,0.002,2,NewYork,Thursday
2026-01-22 20:37:47,VantageMarkets Raw,AUDUSD,0.68438,0.68441,3e-05,3,NewYork,Thursday
2026-01-22 20:37:50,FPMarkets Raw,XAUUSD,4914.31,4914.38,0.07,7,NewYork,Thursday
2026-01-22 20:37:51,FPMarkets Raw,EURUSD,1.17477,1.17478,1e-05,1,NewYork,Thursday
2026-01-22 20:37:52,FPMarkets Raw,GBPUSD,1.35005,1.35009,4e-05,4,NewYork,Thursday
2026-01-22 20:37:53,FPMarkets Raw,USDJPY,158.295,158.298,0.003,3,NewYork,Thursday
2026-01-22 20:37:54,FPMarkets Raw,AUDUSD,0.68436,0.6844,4e-05,4,NewYork,Thursday
2026-01-22 20:37:56,8Cap Raw,XAUUSD,4914.7,4914.86,0.16,16,NewYork,Thursday
2026-01-22 20:37:57,8Cap Raw,EURUSD,1.17478,1.17478,0.0,0,NewYork,Thursday
2026-01-22 20:37:57,8Cap Raw,GBPUSD,1.35006,1.35007,1e-05,1,NewYork,Thursday
2026-01-22 20:37:58,8Cap Raw,USDJPY,158.295,158.297,0.002,2,NewYork,Thursday
2026-01-22 20:37:59,8Cap Raw,AUDUSD,0.68437,0.68439,2e-05,2,NewYork,Thursday
2026-01-22 20:42:16,Pepperstone Razor,XAUUSD,4912.64,4912.78,0.14,14,NewYork,Thursday
2026-01-22 20:42:17,Pepperstone Razor,EURUSD,1.17458,1.17458,0.0,0,NewYork,Thursday
2026-01-22 20:42:18,Pepperstone Razor,GBPUSD,1.34943,1.34943,0.0,0,NewYork,Thursday
2026-01-22 20:42:19,Pepperstone Razor,USDJPY,158.312,158.316,0.004,4,NewYork,Thursday
2026-01-22 20:42:20,Pepperstone Razor,AUDUSD,0.68423,0.68425,2e-05,2,NewYork,Thursday
2026-01-22 20:42:23,FusionMarkets Zero,XAUUSD,4912.24,4912.29,0.05,5,NewYork,Thursday
2026-01-22 20:42:24,FusionMarkets Zero,EURUSD,1.17458,1.17458,0.0,0,NewYork,Thursday
2026-01-22 20:42:25,FusionMarkets Zero,GBPUSD,1.34945,1.34945,0.0,0,NewYork,Thursday
2026-01-22 20:42:26,FusionMarkets Zero,USDJPY,158.315,158.315,0.0,0,NewYork,Thursday
2026-01-22 20:42:27,FusionMarkets Zero,AUDUSD,0.68427,0.68427,0.0,0,NewYork,Thursday
2026-01-22 20:42:30,ThinkMarkets ThinkZero,XAUUSD,4911.96,4912.04,0.08,8,NewYork,Thursday
2026-01-22 20:42:31,ThinkMarkets ThinkZero,EURUSD,1.17456,1.17458,2e-05,2,NewYork,Thursday
2026-01-22 20:42:32,ThinkMarkets ThinkZero,GBPUSD,1.34942,1.34948,6e-05,6,NewYork,Thursday
2026-01-22 20:42:33,ThinkMarkets ThinkZero,USDJPY,158.313,158.318,0.005,5,NewYork,Thursday
2026-01-22 20:42:34,ThinkMarkets ThinkZero,AUDUSD,0.68421,0.68425,4e-05,4,NewYork,Thursday
2026-01-22 20:42:37,ICMarkets Raw,XAUUSD,4911.53,4911.6,0.07,7,NewYork,Thursday
2026-01-22 20:42:38,ICMarkets Raw,EURUSD,1.17458,1.17458,0.0,0,NewYork,Thursday
2026-01-22 20:42:39,ICMarkets Raw,GBPUSD,1.34944,1.34945,1e-05,1,NewYork,Thursday
2026-01-22 20:42:40,ICMarkets Raw,USDJPY,158.315,158.316,0.001,1,NewYork,Thursday
2026-01-22 20:42:41,ICMarkets Raw,AUDUSD,0.68426,0.68426,0.0,0,NewYork,Thursday
2026-01-22 20:42:45,VantageMarkets Raw,XAUUSD,4911.82,4911.9,0.08,8,NewYork,Thursday
2026-01-22 20:42:47,VantageMarkets Raw,EURUSD,1.17458,1.17459,1e-05,1,NewYork,Thursday
2026-01-22 20:42:47,VantageMarkets Raw,GBPUSD,1.34941,1.34946,5e-05,5,NewYork,Thursday
2026-01-22 20:42:48,VantageMarkets Raw,USDJPY,158.315,158.317,0.002,2,NewYork,Thursday
2026-01-22 20:42:49,VantageMarkets Raw,AUDUSD,0.68426,0.68429,3e-05,3,NewYork,Thursday
2026-01-22 20:42:53,FPMarkets Raw,XAUUSD,4912.29,4912.36,0.07,7,NewYork,Thursday
2026-01-22 20:42:54,FPMarkets Raw,EURUSD,1.17458,1.17459,1e-05,1,NewYork,Thursday
2026-01-22 20:42:55,FPMarkets Raw,GBPUSD,1.3494,1.34947,7e-05,7,NewYork,Thursday
2026-01-22 20:42:56,FPMarkets Raw,USDJPY,158.312,158.315,0.003,3,NewYork,Thursday
2026-01-22 20:42:57,FPMarkets Raw,AUDUSD,0.68427,0.6843,3e-05,3,NewYork,Thursday
2026-01-22 20:42:58,8Cap Raw,XAUUSD,4911.99,4912.15,0.16,16,NewYork,Thursday
2026-01-22 20:42:59,8Cap Raw,EURUSD,1.17458,1.17458,0.0,0,NewYork,Thursday
2026-01-22 20:43:00,8Cap Raw,GBPUSD,1.34942,1.34946,4e-05,4,NewYork,Thursday
2026-01-22 20:43:00,8Cap Raw,USDJPY,158.313,158.314,0.001,1,NewYork,Thursday
2026-01-22 20:43:01,8Cap Raw,AUDUSD,0.68428,0.68431,3e-05,3,NewYork,Thursday
2026-01-22 20:47:16,Pepperstone Razor,XAUUSD,4911.99,4912.12,0.13,13,NewYork,Thursday
2026-01-22 20:47:17,Pepperstone Razor,EURUSD,1.17466,1.17466,0.0,0,NewYork,Thursday
2026-01-22 20:47:18,Pepperstone Razor,GBPUSD,1.34944,1.34944,0.0,0,NewYork,Thursday
2026-01-22 20:47:19,Pepperstone Razor,USDJPY,158.297,158.299,0.002,2,NewYork,Thursday
2026-01-22 20:47:20,Pepperstone Razor,AUDUSD,0.68424,0.68424,0.0,0,NewYork,Thursday
2026-01-22 20:47:23,FusionMarkets Zero,XAUUSD,4912.0,4912.1,0.1,10,NewYork,Thursday
2026-01-22 20:47:24,FusionMarkets Zero,EURUSD,1.17463,1.17463,0.0,0,NewYork,Thursday
2026-01-22 20:47:25,FusionMarkets Zero,GBPUSD,1.34944,1.34944,0.0,0,NewYork,Thursday
2026-01-22 20:47:26,FusionMarkets Zero,USDJPY,158.297,158.297,0.0,0,NewYork,Thursday
2026-01-22 20:47:27,FusionMarkets Zero,AUDUSD,0.68425,0.68425,0.0,0,NewYork,Thursday
2026-01-22 20:47:30,ThinkMarkets ThinkZero,XAUUSD,4912.23,4912.31,0.08,8,NewYork,Thursday
2026-01-22 20:47:31,ThinkMarkets ThinkZero,EURUSD,1.17462,1.17465,3e-05,3,NewYork,Thursday
2026-01-22 20:47:32,ThinkMarkets ThinkZero,GBPUSD,1.34942,1.34948,6e-05,6,NewYork,Thursday
2026-01-22 20:47:33,ThinkMarkets ThinkZero,USDJPY,158.297,158.302,0.005,5,NewYork,Thursday
2026-01-22 20:47:34,ThinkMarkets ThinkZero,AUDUSD,0.68423,0.68426,3e-05,3,NewYork,Thursday
2026-01-22 20:47:37,ICMarkets Raw,XAUUSD,4912.14,4912.22,0.08,8,NewYork,Thursday
2026-01-22 20:47:38,ICMarkets Raw,EURUSD,1.17465,1.17465,0.0,0,NewYork,Thursday
2026-01-22 20:47:39,ICMarkets Raw,GBPUSD,1.34947,1.34948,1e-05,1,NewYork,Thursday
2026-01-22 20:47:40,ICMarkets Raw,USDJPY,158.296,158.296,0.0,0,NewYork,Thursday
2026-01-22 20:47:41,ICMarkets Raw,AUDUSD,0.68427,0.68427,0.0,0,NewYork,Thursday
2026-01-22 20:47:44,VantageMarkets Raw,XAUUSD,4912.38,4912.46,0.08,8,NewYork,Thursday
2026-01-22 20:47:45,VantageMarkets Raw,EURUSD,1.17472,1.17473,1e-05,1,NewYork,Thursday
2026-01-22 20:47:46,VantageMarkets Raw,GBPUSD,1.34954,1.34959,5e-05,5,NewYork,Thursday
2026-01-22 20:47:47,VantageMarkets Raw,USDJPY,158.282,158.291,0.009,9,NewYork,Thursday
2026-01-22 20:47:48,VantageMarkets Raw,AUDUSD,0.68431,0.68435,4e-05,4,NewYork,Thursday
2026-01-22 20:47:51,FPMarkets Raw,XAUUSD,4912.76,4912.83,0.07,7,NewYork,Thursday
2026-01-22 20:47:52,FPMarkets Raw,EURUSD,1.17468,1.1747,2e-05,2,NewYork,Thursday
2026-01-22 20:47:53,FPMarkets Raw,GBPUSD,1.34956,1.3496,4e-05,4,NewYork,Thursday
2026-01-22 20:47:54,FPMarkets Raw,USDJPY,158.284,158.287,0.003,3,NewYork,Thursday
2026-01-22 20:47:55,FPMarkets Raw,AUDUSD,0.68431,0.68434,3e-05,3,NewYork,Thursday
2026-01-22 20:47:57,8Cap Raw,XAUUSD,4912.61,4912.77,0.16,16,NewYork,Thursday
2026-01-22 20:47:57,8Cap Raw,EURUSD,1.17469,1.1747,1e-05,1,NewYork,Thursday
2026-01-22 20:47:58,8Cap Raw,GBPUSD,1.34957,1.3496,3e-05,3,NewYork,Thursday
2026-01-22 20:47:59,8Cap Raw,USDJPY,158.284,158.285,0.001,1,NewYork,Thursday
2026-01-22 20:47:59,8Cap Raw,AUDUSD,0.68432,0.68435,3e-05,3,NewYork,Thursday
2026-01-22 20:52:17,Pepperstone Razor,XAUUSD,4916.99,4917.18,0.19,19,NewYork,Thursday
2026-01-22 20:52:18,Pepperstone Razor,EURUSD,1.17478,1.17478,0.0,0,NewYork,Thursday
2026-01-22 20:52:19,Pepperstone Razor,GBPUSD,1.34974,1.34974,0.0,0,NewYork,Thursday
2026-01-22 20:52:20,Pepperstone Razor,USDJPY,158.302,158.305,0.003,3,NewYork,Thursday
2026-01-22 20:52:20,Pepperstone Razor,AUDUSD,0.68432,0.68433,1e-05,1,NewYork,Thursday
2026-01-22 20:52:24,FusionMarkets Zero,XAUUSD,4916.92,4916.99,0.07,7,NewYork,Thursday
2026-01-22 20:52:25,FusionMarkets Zero,EURUSD,1.17476,1.17476,0.0,0,NewYork,Thursday
2026-01-22 20:52:26,FusionMarkets Zero,GBPUSD,1.34977,1.34977,0.0,0,NewYork,Thursday
2026-01-22 20:52:27,FusionMarkets Zero,USDJPY,158.302,158.302,0.0,0,NewYork,Thursday
2026-01-22 20:52:28,FusionMarkets Zero,AUDUSD,0.68436,0.68436,0.0,0,NewYork,Thursday
2026-01-22 20:52:31,ThinkMarkets ThinkZero,XAUUSD,4916.86,4916.94,0.08,8,NewYork,Thursday
2026-01-22 20:52:32,ThinkMarkets ThinkZero,EURUSD,1.17475,1.17477,2e-05,2,NewYork,Thursday
2026-01-22 20:52:33,ThinkMarkets ThinkZero,GBPUSD,1.34975,1.34982,7e-05,7,NewYork,Thursday
2026-01-22 20:52:34,ThinkMarkets ThinkZero,USDJPY,158.299,158.304,0.005,5,NewYork,Thursday
2026-01-22 20:52:35,ThinkMarkets ThinkZero,AUDUSD,0.68433,0.68436,3e-05,3,NewYork,Thursday
2026-01-22 20:52:38,ICMarkets Raw,XAUUSD,4917.24,4917.33,0.09,9,NewYork,Thursday
2026-01-22 20:52:39,ICMarkets Raw,EURUSD,1.17476,1.17476,0.0,0,NewYork,Thursday
2026-01-22 20:52:39,ICMarkets Raw,GBPUSD,1.34977,1.34978,1e-05,1,NewYork,Thursday
2026-01-22 20:52:40,ICMarkets Raw,USDJPY,158.3,158.301,0.001,1,NewYork,Thursday
2026-01-22 20:52:41,ICMarkets Raw,AUDUSD,0.68434,0.68434,0.0,0,NewYork,Thursday
2026-01-22 20:52:44,VantageMarkets Raw,XAUUSD,4917.85,4917.93,0.08,8,NewYork,Thursday
2026-01-22 20:52:45,VantageMarkets Raw,EURUSD,1.17475,1.17476,1e-05,1,NewYork,Thursday
2026-01-22 20:52:46,VantageMarkets Raw,GBPUSD,1.34978,1.34979,1e-05,1,NewYork,Thursday
2026-01-22 20:52:47,VantageMarkets Raw,USDJPY,158.3,158.302,0.002,2,NewYork,Thursday
2026-01-22 20:52:48,VantageMarkets Raw,AUDUSD,0.68432,0.68435,3e-05,3,NewYork,Thursday
2026-01-22 20:52:51,FPMarkets Raw,XAUUSD,4916.99,4917.06,0.07,7,NewYork,Thursday
2026-01-22 20:52:52,FPMarkets Raw,EURUSD,1.17477,1.17477,0.0,0,NewYork,Thursday
2026-01-22 20:52:53,FPMarkets Raw,GBPUSD,1.34982,1.34986,4e-05,4,NewYork,Thursday
2026-01-22 20:52:54,FPMarkets Raw,USDJPY,158.3,158.303,0.003,3,NewYork,Thursday
2026-01-22 20:52:55,FPMarkets Raw,AUDUSD,0.68432,0.68435,3e-05,3,NewYork,Thursday
2026-01-22 20:52:56,8Cap Raw,XAUUSD,4916.82,4916.98,0.16,16,NewYork,Thursday
2026-01-22 20:52:57,8Cap Raw,EURUSD,1.17476,1.17477,1e-05,1,NewYork,Thursday
2026-01-22 20:52:58,8Cap Raw,GBPUSD,1.34987,1.34988,1e-05,1,NewYork,Thursday
2026-01-22 20:52:58,8Cap Raw,USDJPY,158.299,158.3,0.001,1,NewYork,Thursday
2026-01-22 20:52:59,8Cap Raw,AUDUSD,0.68433,0.68435,2e-05,2,NewYork,Thursday
2026-01-22 20:57:17,Pepperstone Razor,XAUUSD,4915.66,4915.83,0.17,17,NewYork,Thursday
2026-01-22 20:57:18,Pepperstone Razor,EURUSD,1.17477,1.17477,0.0,0,NewYork,Thursday
2026-01-22 20:57:19,Pepperstone Razor,GBPUSD,1.34985,1.34986,1e-05,1,NewYork,Thursday
2026-01-22 20:57:20,Pepperstone Razor,USDJPY,158.314,158.315,0.001,1,NewYork,Thursday
2026-01-22 20:57:21,Pepperstone Razor,AUDUSD,0.68436,0.68437,1e-05,1,NewYork,Thursday
2026-01-22 20:57:24,FusionMarkets Zero,XAUUSD,4915.57,4915.66,0.09,9,NewYork,Thursday
2026-01-22 20:57:25,FusionMarkets Zero,EURUSD,1.17476,1.17476,0.0,0,NewYork,Thursday
2026-01-22 20:57:26,FusionMarkets Zero,GBPUSD,1.34986,1.34986,0.0,0,NewYork,Thursday
2026-01-22 20:57:27,FusionMarkets Zero,USDJPY,158.315,158.315,0.0,0,NewYork,Thursday
2026-01-22 20:57:28,FusionMarkets Zero,AUDUSD,0.68436,0.68436,0.0,0,NewYork,Thursday
2026-01-22 20:57:31,ThinkMarkets ThinkZero,XAUUSD,4915.53,4915.61,0.08,8,NewYork,Thursday
2026-01-22 20:57:32,ThinkMarkets ThinkZero,EURUSD,1.17476,1.17478,2e-05,2,NewYork,Thursday
2026-01-22 20:57:33,ThinkMarkets ThinkZero,GBPUSD,1.34984,1.34989,5e-05,5,NewYork,Thursday
2026-01-22 20:57:34,ThinkMarkets ThinkZero,USDJPY,158.311,158.317,0.006,6,NewYork,Thursday
2026-01-22 20:57:35,ThinkMarkets ThinkZero,AUDUSD,0.68432,0.68434,2e-05,2,NewYork,Thursday
2026-01-22 20:57:38,ICMarkets Raw,XAUUSD,4916.24,4916.35,0.11,11,NewYork,Thursday
2026-01-22 20:57:39,ICMarkets Raw,EURUSD,1.17475,1.17475,0.0,0,NewYork,Thursday
2026-01-22 20:57:40,ICMarkets Raw,GBPUSD,1.34989,1.3499,1e-05,1,NewYork,Thursday
2026-01-22 20:57:41,ICMarkets Raw,USDJPY,158.313,158.314,0.001,1,NewYork,Thursday
2026-01-22 20:57:42,ICMarkets Raw,AUDUSD,0.68435,0.68435,0.0,0,NewYork,Thursday
2026-01-22 20:57:45,VantageMarkets Raw,XAUUSD,4917.0,4917.08,0.08,8,NewYork,Thursday
2026-01-22 20:57:46,VantageMarkets Raw,EURUSD,1.17476,1.1748,4e-05,4,NewYork,Thursday
2026-01-22 20:57:46,VantageMarkets Raw,GBPUSD,1.34994,1.34995,1e-05,1,NewYork,Thursday
2026-01-22 20:57:47,VantageMarkets Raw,USDJPY,158.312,158.313,0.001,1,NewYork,Thursday
2026-01-22 20:57:48,VantageMarkets Raw,AUDUSD,0.68435,0.68439,4e-05,4,NewYork,Thursday
2026-01-22 20:57:52,FPMarkets Raw,XAUUSD,4916.95,4917.02,0.07,7,NewYork,Thursday
2026-01-22 20:57:53,FPMarkets Raw,EURUSD,1.17477,1.17478,1e-05,1,NewYork,Thursday
2026-01-22 20:57:53,FPMarkets Raw,GBPUSD,1.34986,1.3499,4e-05,4,NewYork,Thursday
2026-01-22 20:57:54,FPMarkets Raw,USDJPY,158.312,158.315,0.003,3,NewYork,Thursday
2026-01-22 20:57:55,FPMarkets Raw,AUDUSD,0.68437,0.68438,1e-05,1,NewYork,Thursday
2026-01-22 20:57:57,8Cap Raw,XAUUSD,4916.51,4916.67,0.16,16,NewYork,Thursday
2026-01-22 20:57:58,8Cap Raw,EURUSD,1.17478,1.17479,1e-05,1,NewYork,Thursday
2026-01-22 20:57:59,8Cap Raw,GBPUSD,1.34987,1.34988,1e-05,1,NewYork,Thursday
2026-01-22 20:57:59,8Cap Raw,USDJPY,158.313,158.314,0.001,1,NewYork,Thursday
2026-01-22 20:58:00,8Cap Raw,AUDUSD,0.68438,0.6844,2e-05,2,NewYork,Thursday
2026-01-22 21:02:16,Pepperstone Razor,XAUUSD,4917.24,4917.4,0.16,16,Sydney,Thursday
2026-01-22 21:02:17,Pepperstone Razor,EURUSD,1.17474,1.17474,0.0,0,Sydney,Thursday
2026-01-22 21:02:18,Pepperstone Razor,GBPUSD,1.34976,1.34976,0.0,0,Sydney,Thursday
2026-01-22 21:02:19,Pepperstone Razor,USDJPY,158.299,158.304,0.005,5,Sydney,Thursday
2026-01-22 21:02:20,Pepperstone Razor,AUDUSD,0.68424,0.68426,2e-05,2,Sydney,Thursday
2026-01-22 21:02:23,FusionMarkets Zero,XAUUSD,4916.83,4916.88,0.05,5,Sydney,Thursday
2026-01-22 21:02:24,FusionMarkets Zero,EURUSD,1.17474,1.17474,0.0,0,Sydney,Thursday
2026-01-22 21:02:25,FusionMarkets Zero,GBPUSD,1.34978,1.34978,0.0,0,Sydney,Thursday
2026-01-22 21:02:26,FusionMarkets Zero,USDJPY,158.301,158.301,0.0,0,Sydney,Thursday
2026-01-22 21:02:27,FusionMarkets Zero,AUDUSD,0.68425,0.68425,0.0,0,Sydney,Thursday
2026-01-22 21:02:30,ThinkMarkets ThinkZero,XAUUSD,4917.71,4917.79,0.08,8,Sydney,Thursday
2026-01-22 21:02:30,ThinkMarkets ThinkZero,EURUSD,1.17471,1.17474,3e-05,3,Sydney,Thursday
2026-01-22 21:02:31,ThinkMarkets ThinkZero,GBPUSD,1.3497,1.34976,6e-05,6,Sydney,Thursday
2026-01-22 21:02:32,ThinkMarkets ThinkZero,USDJPY,158.305,158.311,0.006,6,Sydney,Thursday
2026-01-22 21:02:33,ThinkMarkets ThinkZero,AUDUSD,0.68424,0.68427,3e-05,3,Sydney,Thursday
2026-01-22 21:02:36,ICMarkets Raw,XAUUSD,4917.25,4917.3,0.05,5,Sydney,Thursday
2026-01-22 21:02:37,ICMarkets Raw,EURUSD,1.17468,1.17468,0.0,0,Sydney,Thursday
2026-01-22 21:02:38,ICMarkets Raw,GBPUSD,1.34976,1.34977,1e-05,1,Sydney,Thursday
2026-01-22 21:02:38,ICMarkets Raw,USDJPY,158.309,158.31,0.001,1,Sydney,Thursday
2026-01-22 21:02:39,ICMarkets Raw,AUDUSD,0.68426,0.68428,2e-05,2,Sydney,Thursday
2026-01-22 21:02:42,VantageMarkets Raw,XAUUSD,4917.87,4917.95,0.08,8,Sydney,Thursday
2026-01-22 21:02:43,VantageMarkets Raw,EURUSD,1.17467,1.1747,3e-05,3,Sydney,Thursday
2026-01-22 21:02:44,VantageMarkets Raw,GBPUSD,1.34975,1.34976,1e-05,1,Sydney,Thursday
2026-01-22 21:02:45,VantageMarkets Raw,USDJPY,158.308,158.311,0.003,3,Sydney,Thursday
2026-01-22 21:02:46,VantageMarkets Raw,AUDUSD,0.68424,0.68428,4e-05,4,Sydney,Thursday
2026-01-22 21:02:49,FPMarkets Raw,XAUUSD,4918.04,4918.11,0.07,7,Sydney,Thursday
2026-01-22 21:02:50,FPMarkets Raw,EURUSD,1.17469,1.1747,1e-05,1,Sydney,Thursday
2026-01-22 21:02:50,FPMarkets Raw,GBPUSD,1.34971,1.34975,4e-05,4,Sydney,Thursday
2026-01-22 21:02:51,FPMarkets Raw,USDJPY,158.313,158.316,0.003,3,Sydney,Thursday
2026-01-22 21:02:52,FPMarkets Raw,AUDUSD,0.68426,0.68429,3e-05,3,Sydney,Thursday
2026-01-22 21:02:54,8Cap Raw,XAUUSD,4917.88,4918.04,0.16,16,Sydney,Thursday
2026-01-22 21:02:55,8Cap Raw,EURUSD,1.17472,1.17472,0.0,0,Sydney,Thursday
2026-01-22 21:02:55,8Cap Raw,GBPUSD,1.34972,1.34973,1e-05,1,Sydney,Thursday
2026-01-22 21:02:56,8Cap Raw,USDJPY,158.313,158.316,0.003,3,Sydney,Thursday
2026-01-22 21:02:57,8Cap Raw,AUDUSD,0.68427,0.68429,2e-05,2,Sydney,Thursday
2026-01-22 21:07:16,Pepperstone Razor,XAUUSD,4920.81,4920.96,0.15,15,Sydney,Thursday
2026-01-22 21:07:17,Pepperstone Razor,EURUSD,1.17462,1.17462,0.0,0,Sydney,Thursday
2026-01-22 21:07:17,Pepperstone Razor,GBPUSD,1.34951,1.34951,0.0,0,Sydney,Thursday
2026-01-22 21:07:18,Pepperstone Razor,USDJPY,158.328,158.329,0.001,1,Sydney,Thursday
2026-01-22 21:07:19,Pepperstone Razor,AUDUSD,0.68434,0.68434,0.0,0,Sydney,Thursday
2026-01-22 21:07:22,FusionMarkets Zero,XAUUSD,4920.93,4920.98,0.05,5,Sydney,Thursday
2026-01-22 21:07:22,FusionMarkets Zero,EURUSD,1.17459,1.17459,0.0,0,Sydney,Thursday
2026-01-22 21:07:23,FusionMarkets Zero,GBPUSD,1.34946,1.34946,0.0,0,Sydney,Thursday
2026-01-22 21:07:24,FusionMarkets Zero,USDJPY,158.337,158.339,0.002,2,Sydney,Thursday
2026-01-22 21:07:25,FusionMarkets Zero,AUDUSD,0.68442,0.68442,0.0,0,Sydney,Thursday
2026-01-22 21:07:28,ThinkMarkets ThinkZero,XAUUSD,4921.93,4922.01,0.08,8,Sydney,Thursday
2026-01-22 21:07:29,ThinkMarkets ThinkZero,EURUSD,1.17455,1.17458,3e-05,3,Sydney,Thursday
2026-01-22 21:07:29,ThinkMarkets ThinkZero,GBPUSD,1.34944,1.3495,6e-05,6,Sydney,Thursday
2026-01-22 21:07:30,ThinkMarkets ThinkZero,USDJPY,158.334,158.339,0.005,5,Sydney,Thursday
2026-01-22 21:07:31,ThinkMarkets ThinkZero,AUDUSD,0.68437,0.68439,2e-05,2,Sydney,Thursday
2026-01-22 21:07:34,ICMarkets Raw,XAUUSD,4923.63,4923.74,0.11,11,Sydney,Thursday
2026-01-22 21:07:35,ICMarkets Raw,EURUSD,1.17457,1.17457,0.0,0,Sydney,Thursday
2026-01-22 21:07:35,ICMarkets Raw,GBPUSD,1.34944,1.34945,1e-05,1,Sydney,Thursday
2026-01-22 21:07:36,ICMarkets Raw,USDJPY,158.337,158.338,0.001,1,Sydney,Thursday
2026-01-22 21:07:37,ICMarkets Raw,AUDUSD,0.68434,0.68434,0.0,0,Sydney,Thursday
2026-01-22 21:07:40,VantageMarkets Raw,XAUUSD,4923.69,4923.77,0.08,8,Sydney,Thursday
2026-01-22 21:07:41,VantageMarkets Raw,EURUSD,1.17456,1.17458,2e-05,2,Sydney,Thursday
2026-01-22 21:07:41,VantageMarkets Raw,GBPUSD,1.34939,1.34944,5e-05,5,Sydney,Thursday
2026-01-22 21:07:42,VantageMarkets Raw,USDJPY,158.337,158.338,0.001,1,Sydney,Thursday
2026-01-22 21:07:43,VantageMarkets Raw,AUDUSD,0.6843,0.68434,4e-05,4,Sydney,Thursday
2026-01-22 21:07:46,FPMarkets Raw,XAUUSD,4923.42,4923.49,0.07,7,Sydney,Thursday
2026-01-22 21:07:47,FPMarkets Raw,EURUSD,1.17455,1.17457,2e-05,2,Sydney,Thursday
2026-01-22 21:07:48,FPMarkets Raw,GBPUSD,1.34936,1.3494,4e-05,4,Sydney,Thursday
2026-01-22 21:07:49,FPMarkets Raw,USDJPY,158.337,158.34,0.003,3,Sydney,Thursday
2026-01-22 21:07:50,FPMarkets Raw,AUDUSD,0.68431,0.68435,4e-05,4,Sydney,Thursday
2026-01-22 21:07:52,8Cap Raw,XAUUSD,4922.78,4922.94,0.16,16,Sydney,Thursday
2026-01-22 21:07:52,8Cap Raw,EURUSD,1.17455,1.17456,1e-05,1,Sydney,Thursday
2026-01-22 21:07:53,8Cap Raw,GBPUSD,1.34936,1.34938,2e-05,2,Sydney,Thursday
2026-01-22 21:07:54,8Cap Raw,USDJPY,158.337,158.338,0.001,1,Sydney,Thursday
2026-01-22 21:07:54,8Cap Raw,AUDUSD,0.68431,0.68433,2e-05,2,Sydney,Thursday
2026-01-22 21:12:16,Pepperstone Razor,XAUUSD,4922.4,4922.55,0.15,15,Sydney,Thursday
2026-01-22 21:12:17,Pepperstone Razor,EURUSD,1.17452,1.17452,0.0,0,Sydney,Thursday
2026-01-22 21:12:17,Pepperstone Razor,GBPUSD,1.34942,1.34943,1e-05,1,Sydney,Thursday
2026-01-22 21:12:18,Pepperstone Razor,USDJPY,158.337,158.338,0.001,1,Sydney,Thursday
2026-01-22 21:12:19,Pepperstone Razor,AUDUSD,0.68433,0.68433,0.0,0,Sydney,Thursday
2026-01-22 21:12:22,FusionMarkets Zero,XAUUSD,4922.5,4922.55,0.05,5,Sydney,Thursday
2026-01-22 21:12:23,FusionMarkets Zero,EURUSD,1.17456,1.17456,0.0,0,Sydney,Thursday
2026-01-22 21:12:24,FusionMarkets Zero,GBPUSD,1.34947,1.34947,0.0,0,Sydney,Thursday
2026-01-22 21:12:25,FusionMarkets Zero,USDJPY,158.337,158.337,0.0,0,Sydney,Thursday
2026-01-22 21:12:26,FusionMarkets Zero,AUDUSD,0.68437,0.68437,0.0,0,Sydney,Thursday
2026-01-22 21:12:29,ThinkMarkets ThinkZero,XAUUSD,4922.99,4923.07,0.08,8,Sydney,Thursday
2026-01-22 21:12:30,ThinkMarkets ThinkZero,EURUSD,1.17454,1.17457,3e-05,3,Sydney,Thursday
2026-01-22 21:12:31,ThinkMarkets ThinkZero,GBPUSD,1.34943,1.34951,8e-05,8,Sydney,Thursday
2026-01-22 21:12:31,ThinkMarkets ThinkZero,USDJPY,158.336,158.34,0.004,4,Sydney,Thursday
2026-01-22 21:12:32,ThinkMarkets ThinkZero,AUDUSD,0.68434,0.68437,3e-05,3,Sydney,Thursday
2026-01-22 21:12:35,ICMarkets Raw,XAUUSD,4923.02,4923.07,0.05,5,Sydney,Thursday
2026-01-22 21:12:36,ICMarkets Raw,EURUSD,1.17457,1.17457,0.0,0,Sydney,Thursday
2026-01-22 21:12:37,ICMarkets Raw,GBPUSD,1.34951,1.34952,1e-05,1,Sydney,Thursday
2026-01-22 21:12:38,ICMarkets Raw,USDJPY,158.337,158.337,0.0,0,Sydney,Thursday
2026-01-22 21:12:39,ICMarkets Raw,AUDUSD,0.68437,0.68437,0.0,0,Sydney,Thursday
2026-01-22 21:12:42,VantageMarkets Raw,XAUUSD,4922.91,4922.99,0.08,8,Sydney,Thursday
2026-01-22 21:12:42,VantageMarkets Raw,EURUSD,1.17457,1.17458,1e-05,1,Sydney,Thursday
2026-01-22 21:12:43,VantageMarkets Raw,GBPUSD,1.34949,1.3495,1e-05,1,Sydney,Thursday
2026-01-22 21:12:44,VantageMarkets Raw,USDJPY,158.337,158.339,0.002,2,Sydney,Thursday
2026-01-22 21:12:45,VantageMarkets Raw,AUDUSD,0.68434,0.68437,3e-05,3,Sydney,Thursday
2026-01-22 21:12:48,FPMarkets Raw,XAUUSD,4922.56,4922.63,0.07,7,Sydney,Thursday
2026-01-22 21:12:49,FPMarkets Raw,EURUSD,1.17459,1.1746,1e-05,1,Sydney,Thursday
2026-01-22 21:12:50,FPMarkets Raw,GBPUSD,1.34949,1.34953,4e-05,4,Sydney,Thursday
2026-01-22 21:12:51,FPMarkets Raw,USDJPY,158.326,158.329,0.003,3,Sydney,Thursday
2026-01-22 21:12:52,FPMarkets Raw,AUDUSD,0.68434,0.68437,3e-05,3,Sydney,Thursday
2026-01-22 21:12:54,8Cap Raw,XAUUSD,4922.43,4922.59,0.16,16,Sydney,Thursday
2026-01-22 21:12:54,8Cap Raw,EURUSD,1.17459,1.1746,1e-05,1,Sydney,Thursday
2026-01-22 21:12:55,8Cap Raw,GBPUSD,1.34953,1.34954,1e-05,1,Sydney,Thursday
2026-01-22 21:12:56,8Cap Raw,USDJPY,158.325,158.328,0.003,3,Sydney,Thursday
2026-01-22 21:12:56,8Cap Raw,AUDUSD,0.68436,0.68439,3e-05,3,Sydney,Thursday
2026-01-22 21:17:16,Pepperstone Razor,XAUUSD,4921.7,4921.83,0.13,13,Sydney,Thursday
2026-01-22 21:17:17,Pepperstone Razor,EURUSD,1.17433,1.17433,0.0,0,Sydney,Thursday
2026-01-22 21:17:18,Pepperstone Razor,GBPUSD,1.34927,1.34927,0.0,0,Sydney,Thursday
2026-01-22 21:17:19,Pepperstone Razor,USDJPY,158.386,158.388,0.002,2,Sydney,Thursday
2026-01-22 21:17:19,Pepperstone Razor,AUDUSD,0.68424,0.68425,1e-05,1,Sydney,Thursday
2026-01-22 21:17:22,FusionMarkets Zero,XAUUSD,4921.89,4921.98,0.09,9,Sydney,Thursday
2026-01-22 21:17:23,FusionMarkets Zero,EURUSD,1.17434,1.17434,0.0,0,Sydney,Thursday
2026-01-22 21:17:24,FusionMarkets Zero,GBPUSD,1.34923,1.34923,0.0,0,Sydney,Thursday
2026-01-22 21:17:25,FusionMarkets Zero,USDJPY,158.388,158.388,0.0,0,Sydney,Thursday
2026-01-22 21:17:26,FusionMarkets Zero,AUDUSD,0.68426,0.68426,0.0,0,Sydney,Thursday
2026-01-22 21:17:29,ThinkMarkets ThinkZero,XAUUSD,4921.55,4921.63,0.08,8,Sydney,Thursday
2026-01-22 21:17:29,ThinkMarkets ThinkZero,EURUSD,1.17432,1.17435,3e-05,3,Sydney,Thursday
2026-01-22 21:17:30,ThinkMarkets ThinkZero,GBPUSD,1.34921,1.34926,5e-05,5,Sydney,Thursday
2026-01-22 21:17:31,ThinkMarkets ThinkZero,USDJPY,158.387,158.392,0.005,5,Sydney,Thursday
2026-01-22 21:17:32,ThinkMarkets ThinkZero,AUDUSD,0.68422,0.68424,2e-05,2,Sydney,Thursday
2026-01-22 21:17:35,ICMarkets Raw,XAUUSD,4921.44,4921.53,0.09,9,Sydney,Thursday
2026-01-22 21:17:36,ICMarkets Raw,EURUSD,1.17428,1.17428,0.0,0,Sydney,Thursday
2026-01-22 21:17:37,ICMarkets Raw,GBPUSD,1.34917,1.34918,1e-05,1,Sydney,Thursday
2026-01-22 21:17:38,ICMarkets Raw,USDJPY,158.387,158.388,0.001,1,Sydney,Thursday
2026-01-22 21:17:39,ICMarkets Raw,AUDUSD,0.68423,0.68423,0.0,0,Sydney,Thursday
2026-01-22 21:17:41,VantageMarkets Raw,XAUUSD,4921.3,4921.38,0.08,8,Sydney,Thursday
2026-01-22 21:17:42,VantageMarkets Raw,EURUSD,1.17427,1.17429,2e-05,2,Sydney,Thursday
2026-01-22 21:17:43,VantageMarkets Raw,GBPUSD,1.34916,1.34917,1e-05,1,Sydney,Thursday
2026-01-22 21:17:44,VantageMarkets Raw,USDJPY,158.388,158.39,0.002,2,Sydney,Thursday
2026-01-22 21:17:45,VantageMarkets Raw,AUDUSD,0.68422,0.68424,2e-05,2,Sydney,Thursday
2026-01-22 21:17:47,FPMarkets Raw,XAUUSD,4921.65,4921.72,0.07,7,Sydney,Thursday
2026-01-22 21:17:48,FPMarkets Raw,EURUSD,1.17427,1.17428,1e-05,1,Sydney,Thursday
2026-01-22 21:17:49,FPMarkets Raw,GBPUSD,1.34914,1.34918,4e-05,4,Sydney,Thursday
2026-01-22 21:17:50,FPMarkets Raw,USDJPY,158.389,158.392,0.003,3,Sydney,Thursday
2026-01-22 21:17:51,FPMarkets Raw,AUDUSD,0.68423,0.68427,4e-05,4,Sydney,Thursday
2026-01-22 21:17:53,8Cap Raw,XAUUSD,4921.8,4921.96,0.16,16,Sydney,Thursday
2026-01-22 21:17:54,8Cap Raw,EURUSD,1.17427,1.17428,1e-05,1,Sydney,Thursday
2026-01-22 21:17:54,8Cap Raw,GBPUSD,1.34914,1.34915,1e-05,1,Sydney,Thursday
2026-01-22 21:17:55,8Cap Raw,USDJPY,158.388,158.389,0.001,1,Sydney,Thursday
2026-01-22 21:17:56,8Cap Raw,AUDUSD,0.68423,0.68426,3e-05,3,Sydney,Thursday
2026-01-22 21:22:16,Pepperstone Razor,XAUUSD,4921.67,4921.79,0.12,12,Sydney,Thursday
2026-01-22 21:22:17,Pepperstone Razor,EURUSD,1.17436,1.17436,0.0,0,Sydney,Thursday
2026-01-22 21:22:18,Pepperstone Razor,GBPUSD,1.34918,1.34918,0.0,0,Sydney,Thursday
2026-01-22 21:22:19,Pepperstone Razor,USDJPY,158.412,158.413,0.001,1,Sydney,Thursday
2026-01-22 21:22:20,Pepperstone Razor,AUDUSD,0.68427,0.68427,0.0,0,Sydney,Thursday
2026-01-22 21:22:23,FusionMarkets Zero,XAUUSD,4921.33,4921.41,0.08,8,Sydney,Thursday
2026-01-22 21:22:24,FusionMarkets Zero,EURUSD,1.17433,1.17433,0.0,0,Sydney,Thursday
2026-01-22 21:22:25,FusionMarkets Zero,GBPUSD,1.34909,1.34909,0.0,0,Sydney,Thursday
2026-01-22 21:22:25,FusionMarkets Zero,USDJPY,158.411,158.412,0.001,1,Sydney,Thursday
2026-01-22 21:22:26,FusionMarkets Zero,AUDUSD,0.68428,0.68428,0.0,0,Sydney,Thursday
2026-01-22 21:22:29,ThinkMarkets ThinkZero,XAUUSD,4921.09,4921.17,0.08,8,Sydney,Thursday
2026-01-22 21:22:30,ThinkMarkets ThinkZero,EURUSD,1.17428,1.1743,2e-05,2,Sydney,Thursday
2026-01-22 21:22:31,ThinkMarkets ThinkZero,GBPUSD,1.34906,1.34911,5e-05,5,Sydney,Thursday
2026-01-22 21:22:32,ThinkMarkets ThinkZero,USDJPY,158.41,158.415,0.005,5,Sydney,Thursday
2026-01-22 21:22:33,ThinkMarkets ThinkZero,AUDUSD,0.68423,0.68426,3e-05,3,Sydney,Thursday
2026-01-22 21:22:36,ICMarkets Raw,XAUUSD,4921.1,4921.15,0.05,5,Sydney,Thursday
2026-01-22 21:22:37,ICMarkets Raw,EURUSD,1.17429,1.17429,0.0,0,Sydney,Thursday
2026-01-22 21:22:38,ICMarkets Raw,GBPUSD,1.34908,1.34909,1e-05,1,Sydney,Thursday
2026-01-22 21:22:39,ICMarkets Raw,USDJPY,158.419,158.42,0.001,1,Sydney,Thursday
2026-01-22 21:22:39,ICMarkets Raw,AUDUSD,0.68425,0.68425,0.0,0,Sydney,Thursday
2026-01-22 21:22:42,VantageMarkets Raw,XAUUSD,4921.22,4921.3,0.08,8,Sydney,Thursday
2026-01-22 21:22:43,VantageMarkets Raw,EURUSD,1.1743,1.17432,2e-05,2,Sydney,Thursday
2026-01-22 21:22:44,VantageMarkets Raw,GBPUSD,1.34906,1.34907,1e-05,1,Sydney,Thursday
2026-01-22 21:22:44,VantageMarkets Raw,USDJPY,158.415,158.424,0.009,9,Sydney,Thursday
2026-01-22 21:22:45,VantageMarkets Raw,AUDUSD,0.68423,0.68426,3e-05,3,Sydney,Thursday
2026-01-22 21:22:48,FPMarkets Raw,XAUUSD,4920.94,4921.01,0.07,7,Sydney,Thursday
2026-01-22 21:22:49,FPMarkets Raw,EURUSD,1.1743,1.17431,1e-05,1,Sydney,Thursday
2026-01-22 21:22:50,FPMarkets Raw,GBPUSD,1.34905,1.34905,0.0,0,Sydney,Thursday
2026-01-22 21:22:51,FPMarkets Raw,USDJPY,158.416,158.419,0.003,3,Sydney,Thursday
2026-01-22 21:22:52,FPMarkets Raw,AUDUSD,0.68426,0.68429,3e-05,3,Sydney,Thursday
2026-01-22 21:22:54,8Cap Raw,XAUUSD,4921.06,4921.22,0.16,16,Sydney,Thursday
2026-01-22 21:22:54,8Cap Raw,EURUSD,1.1743,1.1743,0.0,0,Sydney,Thursday
2026-01-22 21:22:55,8Cap Raw,GBPUSD,1.34905,1.34906,1e-05,1,Sydney,Thursday
2026-01-22 21:22:56,8Cap Raw,USDJPY,158.417,158.418,0.001,1,Sydney,Thursday
2026-01-22 21:22:56,8Cap Raw,AUDUSD,0.68428,0.6843,2e-05,2,Sydney,Thursday
2026-01-22 21:27:16,Pepperstone Razor,XAUUSD,4910.8,4911.01,0.21,21,Sydney,Thursday
2026-01-22 21:27:17,Pepperstone Razor,EURUSD,1.17428,1.17428,0.0,0,Sydney,Thursday
2026-01-22 21:27:18,Pepperstone Razor,GBPUSD,1.34874,1.34878,4e-05,4,Sydney,Thursday
2026-01-22 21:27:19,Pepperstone Razor,USDJPY,158.439,158.445,0.006,6,Sydney,Thursday
2026-01-22 21:27:20,Pepperstone Razor,AUDUSD,0.68417,0.68419,2e-05,2,Sydney,Thursday
2026-01-22 21:27:23,FusionMarkets Zero,XAUUSD,4910.42,4910.54,0.12,12,Sydney,Thursday
2026-01-22 21:27:24,FusionMarkets Zero,EURUSD,1.17428,1.17428,0.0,0,Sydney,Thursday
2026-01-22 21:27:25,FusionMarkets Zero,GBPUSD,1.34881,1.34881,0.0,0,Sydney,Thursday
2026-01-22 21:27:25,FusionMarkets Zero,USDJPY,158.437,158.437,0.0,0,Sydney,Thursday
2026-01-22 21:27:26,FusionMarkets Zero,AUDUSD,0.68422,0.68422,0.0,0,Sydney,Thursday
2026-01-22 21:27:30,ThinkMarkets ThinkZero,XAUUSD,4910.55,4910.63,0.08,8,Sydney,Thursday
2026-01-22 21:27:30,ThinkMarkets ThinkZero,EURUSD,1.17427,1.1743,3e-05,3,Sydney,Thursday
2026-01-22 21:27:31,ThinkMarkets ThinkZero,GBPUSD,1.34872,1.34879,7e-05,7,Sydney,Thursday
2026-01-22 21:27:32,ThinkMarkets ThinkZero,USDJPY,158.436,158.44,0.004,4,Sydney,Thursday
2026-01-22 21:27:33,ThinkMarkets ThinkZero,AUDUSD,0.68418,0.6842,2e-05,2,Sydney,Thursday
2026-01-22 21:27:36,ICMarkets Raw,XAUUSD,4909.96,4910.07,0.11,11,Sydney,Thursday
2026-01-22 21:27:37,ICMarkets Raw,EURUSD,1.17426,1.17426,0.0,0,Sydney,Thursday
2026-01-22 21:27:38,ICMarkets Raw,GBPUSD,1.34877,1.34878,1e-05,1,Sydney,Thursday
2026-01-22 21:27:39,ICMarkets Raw,USDJPY,158.435,158.436,0.001,1,Sydney,Thursday
2026-01-22 21:27:39,ICMarkets Raw,AUDUSD,0.68419,0.68419,0.0,0,Sydney,Thursday
2026-01-22 21:27:42,VantageMarkets Raw,XAUUSD,4910.91,4910.99,0.08,8,Sydney,Thursday
2026-01-22 21:27:43,VantageMarkets Raw,EURUSD,1.17427,1.17428,1e-05,1,Sydney,Thursday
2026-01-22 21:27:44,VantageMarkets Raw,GBPUSD,1.34874,1.34878,4e-05,4,Sydney,Thursday
2026-01-22 21:27:45,VantageMarkets Raw,USDJPY,158.435,158.436,0.001,1,Sydney,Thursday
2026-01-22 21:27:46,VantageMarkets Raw,AUDUSD,0.68418,0.6842,2e-05,2,Sydney,Thursday
2026-01-22 21:27:49,FPMarkets Raw,XAUUSD,4911.43,4911.5,0.07,7,Sydney,Thursday
2026-01-22 21:27:50,FPMarkets Raw,EURUSD,1.17428,1.1743,2e-05,2,Sydney,Thursday
2026-01-22 21:27:50,FPMarkets Raw,GBPUSD,1.34875,1.34879,4e-05,4,Sydney,Thursday
2026-01-22 21:27:51,FPMarkets Raw,USDJPY,158.433,158.436,0.003,3,Sydney,Thursday
2026-01-22 21:27:52,FPMarkets Raw,AUDUSD,0.68419,0.68422,3e-05,3,Sydney,Thursday
2026-01-22 21:27:54,8Cap Raw,XAUUSD,4910.45,4910.61,0.16,16,Sydney,Thursday
2026-01-22 21:27:55,8Cap Raw,EURUSD,1.17429,1.1743,1e-05,1,Sydney,Thursday
2026-01-22 21:27:55,8Cap Raw,GBPUSD,1.34875,1.34879,4e-05,4,Sydney,Thursday
2026-01-22 21:27:56,8Cap Raw,USDJPY,158.428,158.43,0.002,2,Sydney,Thursday
2026-01-22 21:27:57,8Cap Raw,AUDUSD,0.68419,0.68421,2e-05,2,Sydney,Thursday
2026-01-22 21:32:16,Pepperstone Razor,XAUUSD,4915.42,4915.57,0.15,15,Sydney,Thursday
2026-01-22 21:32:17,Pepperstone Razor,EURUSD,1.17419,1.17419,0.0,0,Sydney,Thursday
2026-01-22 21:32:18,Pepperstone Razor,GBPUSD,1.34876,1.34876,0.0,0,Sydney,Thursday
2026-01-22 21:32:19,Pepperstone Razor,USDJPY,158.436,158.438,0.002,2,Sydney,Thursday
2026-01-22 21:32:20,Pepperstone Razor,AUDUSD,0.68417,0.68418,1e-05,1,Sydney,Thursday
2026-01-22 21:32:23,FusionMarkets Zero,XAUUSD,4915.75,4915.8,0.05,5,Sydney,Thursday
2026-01-22 21:32:24,FusionMarkets Zero,EURUSD,1.17422,1.17422,0.0,0,Sydney,Thursday
2026-01-22 21:32:25,FusionMarkets Zero,GBPUSD,1.34873,1.34873,0.0,0,Sydney,Thursday
2026-01-22 21:32:25,FusionMarkets Zero,USDJPY,158.44,158.44,0.0,0,Sydney,Thursday
2026-01-22 21:32:26,FusionMarkets Zero,AUDUSD,0.68417,0.68417,0.0,0,Sydney,Thursday
2026-01-22 21:32:29,ThinkMarkets ThinkZero,XAUUSD,4916.01,4916.09,0.08,8,Sydney,Thursday
2026-01-22 21:32:30,ThinkMarkets ThinkZero,EURUSD,1.17418,1.1742,2e-05,2,Sydney,Thursday
2026-01-22 21:32:31,ThinkMarkets ThinkZero,GBPUSD,1.34866,1.34871,5e-05,5,Sydney,Thursday
2026-01-22 21:32:32,ThinkMarkets ThinkZero,USDJPY,158.441,158.446,0.005,5,Sydney,Thursday
2026-01-22 21:32:33,ThinkMarkets ThinkZero,AUDUSD,0.68417,0.68419,2e-05,2,Sydney,Thursday
2026-01-22 21:32:38,ICMarkets Raw,XAUUSD,4915.85,4915.9,0.05,5,Sydney,Thursday
2026-01-22 21:32:38,ICMarkets Raw,EURUSD,1.17424,1.17424,0.0,0,Sydney,Thursday
2026-01-22 21:32:39,ICMarkets Raw,GBPUSD,1.34869,1.3487,1e-05,1,Sydney,Thursday
2026-01-22 21:32:40,ICMarkets Raw,USDJPY,158.442,158.442,0.0,0,Sydney,Thursday
2026-01-22 21:32:41,ICMarkets Raw,AUDUSD,0.68416,0.68418,2e-05,2,Sydney,Thursday
2026-01-22 21:32:44,VantageMarkets Raw,XAUUSD,4915.54,4915.62,0.08,8,Sydney,Thursday
2026-01-22 21:32:44,VantageMarkets Raw,EURUSD,1.17419,1.17421,2e-05,2,Sydney,Thursday
2026-01-22 21:32:45,VantageMarkets Raw,GBPUSD,1.34867,1.34868,1e-05,1,Sydney,Thursday
2026-01-22 21:32:46,VantageMarkets Raw,USDJPY,158.442,158.444,0.002,2,Sydney,Thursday
2026-01-22 21:32:47,VantageMarkets Raw,AUDUSD,0.68416,0.68419,3e-05,3,Sydney,Thursday
2026-01-22 21:32:50,FPMarkets Raw,XAUUSD,4915.26,4915.33,0.07,7,Sydney,Thursday
2026-01-22 21:32:51,FPMarkets Raw,EURUSD,1.17419,1.1742,1e-05,1,Sydney,Thursday
2026-01-22 21:32:52,FPMarkets Raw,GBPUSD,1.34868,1.34872,4e-05,4,Sydney,Thursday
2026-01-22 21:32:53,FPMarkets Raw,USDJPY,158.439,158.442,0.003,3,Sydney,Thursday
2026-01-22 21:32:54,FPMarkets Raw,AUDUSD,0.68417,0.6842,3e-05,3,Sydney,Thursday
2026-01-22 21:32:56,8Cap Raw,XAUUSD,4916.06,4916.22,0.16,16,Sydney,Thursday
2026-01-22 21:32:57,8Cap Raw,EURUSD,1.17419,1.1742,1e-05,1,Sydney,Thursday
2026-01-22 21:32:57,8Cap Raw,GBPUSD,1.34872,1.34875,3e-05,3,Sydney,Thursday
2026-01-22 21:32:58,8Cap Raw,USDJPY,158.438,158.44,0.002,2,Sydney,Thursday
2026-01-22 21:32:59,8Cap Raw,AUDUSD,0.68418,0.6842,2e-05,2,Sydney,Thursday
2026-01-22 21:37:16,Pepperstone Razor,XAUUSD,4917.28,4917.46,0.18,18,Sydney,Thursday
2026-01-22 21:37:17,Pepperstone Razor,EURUSD,1.17421,1.17421,0.0,0,Sydney,Thursday
2026-01-22 21:37:18,Pepperstone Razor,GBPUSD,1.34869,1.3487,1e-05,1,Sydney,Thursday
2026-01-22 21:37:19,Pepperstone Razor,USDJPY,158.449,158.451,0.002,2,Sydney,Thursday
2026-01-22 21:37:20,Pepperstone Razor,AUDUSD,0.68418,0.68418,0.0,0,Sydney,Thursday
2026-01-22 21:37:24,FusionMarkets Zero,XAUUSD,4917.4,4917.45,0.05,5,Sydney,Thursday
2026-01-22 21:37:25,FusionMarkets Zero,EURUSD,1.17423,1.17423,0.0,0,Sydney,Thursday
2026-01-22 21:37:26,FusionMarkets Zero,GBPUSD,1.34876,1.34876,0.0,0,Sydney,Thursday
2026-01-22 21:37:27,FusionMarkets Zero,USDJPY,158.439,158.441,0.002,2,Sydney,Thursday
2026-01-22 21:37:27,FusionMarkets Zero,AUDUSD,0.68424,0.68424,0.0,0,Sydney,Thursday
2026-01-22 21:37:31,ThinkMarkets ThinkZero,XAUUSD,4917.02,4917.1,0.08,8,Sydney,Thursday
2026-01-22 21:37:32,ThinkMarkets ThinkZero,EURUSD,1.17425,1.17427,2e-05,2,Sydney,Thursday
2026-01-22 21:37:32,ThinkMarkets ThinkZero,GBPUSD,1.34875,1.3488,5e-05,5,Sydney,Thursday
2026-01-22 21:37:33,ThinkMarkets ThinkZero,USDJPY,158.435,158.439,0.004,4,Sydney,Thursday
2026-01-22 21:37:34,ThinkMarkets ThinkZero,AUDUSD,0.68423,0.68424,1e-05,1,Sydney,Thursday
2026-01-22 21:37:37,ICMarkets Raw,XAUUSD,4917.12,4917.23,0.11,11,Sydney,Thursday
2026-01-22 21:37:38,ICMarkets Raw,EURUSD,1.17436,1.17437,1e-05,1,Sydney,Thursday
2026-01-22 21:37:39,ICMarkets Raw,GBPUSD,1.3488,1.34881,1e-05,1,Sydney,Thursday
2026-01-22 21:37:40,ICMarkets Raw,USDJPY,158.43,158.43,0.0,0,Sydney,Thursday
2026-01-22 21:37:41,ICMarkets Raw,AUDUSD,0.68425,0.68425,0.0,0,Sydney,Thursday
2026-01-22 21:37:44,VantageMarkets Raw,XAUUSD,4917.44,4917.52,0.08,8,Sydney,Thursday
2026-01-22 21:37:44,VantageMarkets Raw,EURUSD,1.17437,1.1744,3e-05,3,Sydney,Thursday
2026-01-22 21:37:45,VantageMarkets Raw,GBPUSD,1.34884,1.34886,2e-05,2,Sydney,Thursday
2026-01-22 21:37:46,VantageMarkets Raw,USDJPY,158.431,158.432,0.001,1,Sydney,Thursday
2026-01-22 21:37:47,VantageMarkets Raw,AUDUSD,0.68424,0.68427,3e-05,3,Sydney,Thursday
2026-01-22 21:37:50,FPMarkets Raw,XAUUSD,4917.52,4917.59,0.07,7,Sydney,Thursday
2026-01-22 21:37:51,FPMarkets Raw,EURUSD,1.17436,1.17437,1e-05,1,Sydney,Thursday
2026-01-22 21:37:52,FPMarkets Raw,GBPUSD,1.34885,1.34889,4e-05,4,Sydney,Thursday
2026-01-22 21:37:53,FPMarkets Raw,USDJPY,158.43,158.433,0.003,3,Sydney,Thursday
2026-01-22 21:37:54,FPMarkets Raw,AUDUSD,0.68423,0.68426,3e-05,3,Sydney,Thursday
2026-01-22 21:37:56,8Cap Raw,XAUUSD,4916.67,4916.83,0.16,16,Sydney,Thursday
2026-01-22 21:37:57,8Cap Raw,EURUSD,1.17437,1.17437,0.0,0,Sydney,Thursday
2026-01-22 21:37:58,8Cap Raw,GBPUSD,1.34886,1.34887,1e-05,1,Sydney,Thursday
2026-01-22 21:37:58,8Cap Raw,USDJPY,158.433,158.434,0.001,1,Sydney,Thursday
2026-01-22 21:37:59,8Cap Raw,AUDUSD,0.68424,0.68427,3e-05,3,Sydney,Thursday
2026-01-22 21:42:16,Pepperstone Razor,XAUUSD,4915.92,4916.07,0.15,15,Sydney,Thursday
2026-01-22 21:42:17,Pepperstone Razor,EURUSD,1.17439,1.17439,0.0,0,Sydney,Thursday
2026-01-22 21:42:18,Pepperstone Razor,GBPUSD,1.34893,1.34893,0.0,0,Sydney,Thursday
2026-01-22 21:42:19,Pepperstone Razor,USDJPY,158.429,158.432,0.003,3,Sydney,Thursday
2026-01-22 21:42:20,Pepperstone Razor,AUDUSD,0.68412,0.68412,0.0,0,Sydney,Thursday
2026-01-22 21:42:23,FusionMarkets Zero,XAUUSD,4916.11,4916.16,0.05,5,Sydney,Thursday
2026-01-22 21:42:24,FusionMarkets Zero,EURUSD,1.17441,1.17441,0.0,0,Sydney,Thursday
2026-01-22 21:42:25,FusionMarkets Zero,GBPUSD,1.3489,1.3489,0.0,0,Sydney,Thursday
2026-01-22 21:42:26,FusionMarkets Zero,USDJPY,158.425,158.427,0.002,2,Sydney,Thursday
2026-01-22 21:42:27,FusionMarkets Zero,AUDUSD,0.68415,0.68415,0.0,0,Sydney,Thursday
2026-01-22 21:42:30,ThinkMarkets ThinkZero,XAUUSD,4916.14,4916.22,0.08,8,Sydney,Thursday
2026-01-22 21:42:31,ThinkMarkets ThinkZero,EURUSD,1.17438,1.17439,1e-05,1,Sydney,Thursday
2026-01-22 21:42:32,ThinkMarkets ThinkZero,GBPUSD,1.34885,1.34893,8e-05,8,Sydney,Thursday
2026-01-22 21:42:32,ThinkMarkets ThinkZero,USDJPY,158.421,158.426,0.005,5,Sydney,Thursday
2026-01-22 21:42:33,ThinkMarkets ThinkZero,AUDUSD,0.68411,0.68414,3e-05,3,Sydney,Thursday
2026-01-22 21:42:36,ICMarkets Raw,XAUUSD,4916.13,4916.18,0.05,5,Sydney,Thursday
2026-01-22 21:42:37,ICMarkets Raw,EURUSD,1.17444,1.17444,0.0,0,Sydney,Thursday
2026-01-22 21:42:38,ICMarkets Raw,GBPUSD,1.34895,1.34896,1e-05,1,Sydney,Thursday
2026-01-22 21:42:39,ICMarkets Raw,USDJPY,158.424,158.424,0.0,0,Sydney,Thursday
2026-01-22 21:42:40,ICMarkets Raw,AUDUSD,0.68412,0.68412,0.0,0,Sydney,Thursday
2026-01-22 21:42:43,VantageMarkets Raw,XAUUSD,4915.94,4916.02,0.08,8,Sydney,Thursday
2026-01-22 21:42:44,VantageMarkets Raw,EURUSD,1.17442,1.17445,3e-05,3,Sydney,Thursday
2026-01-22 21:42:44,VantageMarkets Raw,GBPUSD,1.34891,1.34895,4e-05,4,Sydney,Thursday
2026-01-22 21:42:45,VantageMarkets Raw,USDJPY,158.424,158.425,0.001,1,Sydney,Thursday
2026-01-22 21:42:46,VantageMarkets Raw,AUDUSD,0.68412,0.68416,4e-05,4,Sydney,Thursday
2026-01-22 21:42:50,FPMarkets Raw,XAUUSD,4916.29,4916.36,0.07,7,Sydney,Thursday
2026-01-22 21:42:51,FPMarkets Raw,EURUSD,1.17444,1.17445,1e-05,1,Sydney,Thursday
2026-01-22 21:42:52,FPMarkets Raw,GBPUSD,1.3489,1.34894,4e-05,4,Sydney,Thursday
2026-01-22 21:42:52,FPMarkets Raw,USDJPY,158.423,158.426,0.003,3,Sydney,Thursday
2026-01-22 21:42:53,FPMarkets Raw,AUDUSD,0.68413,0.68417,4e-05,4,Sydney,Thursday
2026-01-22 21:42:56,8Cap Raw,XAUUSD,4916.43,4916.59,0.16,16,Sydney,Thursday
2026-01-22 21:42:56,8Cap Raw,EURUSD,1.17444,1.17444,0.0,0,Sydney,Thursday
2026-01-22 21:42:57,8Cap Raw,GBPUSD,1.34894,1.34896,2e-05,2,Sydney,Thursday
2026-01-22 21:42:58,8Cap Raw,USDJPY,158.425,158.426,0.001,1,Sydney,Thursday
2026-01-22 21:42:59,8Cap Raw,AUDUSD,0.68413,0.68416,3e-05,3,Sydney,Thursday
2026-01-22 21:47:16,Pepperstone Razor,XAUUSD,4910.52,4910.71,0.19,19,Sydney,Thursday
2026-01-22 21:47:17,Pepperstone Razor,EURUSD,1.1744,1.1744,0.0,0,Sydney,Thursday
2026-01-22 21:47:18,Pepperstone Razor,GBPUSD,1.34901,1.34902,1e-05,1,Sydney,Thursday
2026-01-22 21:47:19,Pepperstone Razor,USDJPY,158.437,158.438,0.001,1,Sydney,Thursday
2026-01-22 21:47:20,Pepperstone Razor,AUDUSD,0.68411,0.68411,0.0,0,Sydney,Thursday
2026-01-22 21:47:23,FusionMarkets Zero,XAUUSD,4910.79,4910.88,0.09,9,Sydney,Thursday
2026-01-22 21:47:24,FusionMarkets Zero,EURUSD,1.17439,1.17439,0.0,0,Sydney,Thursday
2026-01-22 21:47:24,FusionMarkets Zero,GBPUSD,1.34904,1.34904,0.0,0,Sydney,Thursday
2026-01-22 21:47:25,FusionMarkets Zero,USDJPY,158.436,158.436,0.0,0,Sydney,Thursday
2026-01-22 21:47:26,FusionMarkets Zero,AUDUSD,0.68411,0.68411,0.0,0,Sydney,Thursday
2026-01-22 21:47:29,ThinkMarkets ThinkZero,XAUUSD,4910.95,4911.03,0.08,8,Sydney,Thursday
2026-01-22 21:47:30,ThinkMarkets ThinkZero,EURUSD,1.17436,1.17439,3e-05,3,Sydney,Thursday
2026-01-22 21:47:31,ThinkMarkets ThinkZero,GBPUSD,1.34897,1.34901,4e-05,4,Sydney,Thursday
2026-01-22 21:47:32,ThinkMarkets ThinkZero,USDJPY,158.449,158.452,0.003,3,Sydney,Thursday
2026-01-22 21:47:33,ThinkMarkets ThinkZero,AUDUSD,0.68407,0.68409,2e-05,2,Sydney,Thursday
2026-01-22 21:47:36,ICMarkets Raw,XAUUSD,4910.95,4911.02,0.07,7,Sydney,Thursday
2026-01-22 21:47:37,ICMarkets Raw,EURUSD,1.17437,1.17437,0.0,0,Sydney,Thursday
2026-01-22 21:47:38,ICMarkets Raw,GBPUSD,1.349,1.34901,1e-05,1,Sydney,Thursday
2026-01-22 21:47:38,ICMarkets Raw,USDJPY,158.447,158.449,0.002,2,Sydney,Thursday
2026-01-22 21:47:39,ICMarkets Raw,AUDUSD,0.68411,0.68411,0.0,0,Sydney,Thursday
2026-01-22 21:47:42,VantageMarkets Raw,XAUUSD,4910.71,4910.79,0.08,8,Sydney,Thursday
2026-01-22 21:47:43,VantageMarkets Raw,EURUSD,1.17437,1.17439,2e-05,2,Sydney,Thursday
2026-01-22 21:47:44,VantageMarkets Raw,GBPUSD,1.34898,1.34899,1e-05,1,Sydney,Thursday
2026-01-22 21:47:45,VantageMarkets Raw,USDJPY,158.437,158.442,0.005,5,Sydney,Thursday
2026-01-22 21:47:46,VantageMarkets Raw,AUDUSD,0.68409,0.68412,3e-05,3,Sydney,Thursday
2026-01-22 21:47:49,FPMarkets Raw,XAUUSD,4909.76,4909.83,0.07,7,Sydney,Thursday
2026-01-22 21:47:50,FPMarkets Raw,EURUSD,1.17438,1.1744,2e-05,2,Sydney,Thursday
2026-01-22 21:47:51,FPMarkets Raw,GBPUSD,1.34894,1.34898,4e-05,4,Sydney,Thursday
2026-01-22 21:47:52,FPMarkets Raw,USDJPY,158.442,158.445,0.003,3,Sydney,Thursday
2026-01-22 21:47:53,FPMarkets Raw,AUDUSD,0.68409,0.68412,3e-05,3,Sydney,Thursday
2026-01-22 21:47:55,8Cap Raw,XAUUSD,4909.99,4910.15,0.16,16,Sydney,Thursday
2026-01-22 21:47:55,8Cap Raw,EURUSD,1.17438,1.17438,0.0,0,Sydney,Thursday
2026-01-22 21:47:56,8Cap Raw,GBPUSD,1.34897,1.34898,1e-05,1,Sydney,Thursday
2026-01-22 21:47:57,8Cap Raw,USDJPY,158.439,158.44,0.001,1,Sydney,Thursday
2026-01-22 21:47:57,8Cap Raw,AUDUSD,0.68409,0.68412,3e-05,3,Sydney,Thursday
2026-01-22 21:52:17,Pepperstone Razor,XAUUSD,4909.96,4910.11,0.15,15,Sydney,Thursday
2026-01-22 21:52:18,Pepperstone Razor,EURUSD,1.17437,1.17437,0.0,0,Sydney,Thursday
2026-01-22 21:52:19,Pepperstone Razor,GBPUSD,1.34894,1.34894,0.0,0,Sydney,Thursday
2026-01-22 21:52:20,Pepperstone Razor,USDJPY,158.453,158.454,0.001,1,Sydney,Thursday
2026-01-22 21:52:20,Pepperstone Razor,AUDUSD,0.6841,0.6841,0.0,0,Sydney,Thursday
2026-01-22 21:52:24,FusionMarkets Zero,XAUUSD,4911.11,4911.19,0.08,8,Sydney,Thursday
2026-01-22 21:52:25,FusionMarkets Zero,EURUSD,1.17433,1.17433,0.0,0,Sydney,Thursday
2026-01-22 21:52:26,FusionMarkets Zero,GBPUSD,1.34895,1.34895,0.0,0,Sydney,Thursday
2026-01-22 21:52:27,FusionMarkets Zero,USDJPY,158.451,158.451,0.0,0,Sydney,Thursday
2026-01-22 21:52:28,FusionMarkets Zero,AUDUSD,0.68409,0.68409,0.0,0,Sydney,Thursday
2026-01-22 21:52:31,ThinkMarkets ThinkZero,XAUUSD,4910.62,4910.7,0.08,8,Sydney,Thursday
2026-01-22 21:52:32,ThinkMarkets ThinkZero,EURUSD,1.17436,1.1744,4e-05,4,Sydney,Thursday
2026-01-22 21:52:33,ThinkMarkets ThinkZero,GBPUSD,1.34888,1.34894,6e-05,6,Sydney,Thursday
2026-01-22 21:52:34,ThinkMarkets ThinkZero,USDJPY,158.461,158.466,0.005,5,Sydney,Thursday
2026-01-22 21:52:35,ThinkMarkets ThinkZero,AUDUSD,0.68404,0.68407,3e-05,3,Sydney,Thursday
2026-01-22 21:52:38,ICMarkets Raw,XAUUSD,4910.14,4910.25,0.11,11,Sydney,Thursday
2026-01-22 21:52:39,ICMarkets Raw,EURUSD,1.17431,1.17431,0.0,0,Sydney,Thursday
2026-01-22 21:52:40,ICMarkets Raw,GBPUSD,1.34895,1.34896,1e-05,1,Sydney,Thursday
2026-01-22 21:52:41,ICMarkets Raw,USDJPY,158.462,158.463,0.001,1,Sydney,Thursday
2026-01-22 21:52:42,ICMarkets Raw,AUDUSD,0.68404,0.68405,1e-05,1,Sydney,Thursday
2026-01-22 21:52:45,VantageMarkets Raw,XAUUSD,4910.15,4910.23,0.08,8,Sydney,Thursday
2026-01-22 21:52:45,VantageMarkets Raw,EURUSD,1.1743,1.17433,3e-05,3,Sydney,Thursday
2026-01-22 21:52:46,VantageMarkets Raw,GBPUSD,1.34892,1.34893,1e-05,1,Sydney,Thursday
2026-01-22 21:52:47,VantageMarkets Raw,USDJPY,158.463,158.465,0.002,2,Sydney,Thursday
2026-01-22 21:52:48,VantageMarkets Raw,AUDUSD,0.68404,0.68407,3e-05,3,Sydney,Thursday
2026-01-22 21:52:52,FPMarkets Raw,XAUUSD,4909.77,4909.84,0.07,7,Sydney,Thursday
2026-01-22 21:52:53,FPMarkets Raw,EURUSD,1.17434,1.17435,1e-05,1,Sydney,Thursday
2026-01-22 21:52:54,FPMarkets Raw,GBPUSD,1.34895,1.34899,4e-05,4,Sydney,Thursday
2026-01-22 21:52:54,FPMarkets Raw,USDJPY,158.463,158.466,0.003,3,Sydney,Thursday
2026-01-22 21:52:55,FPMarkets Raw,AUDUSD,0.68406,0.68409,3e-05,3,Sydney,Thursday
2026-01-22 21:52:57,8Cap Raw,XAUUSD,4909.52,4909.68,0.16,16,Sydney,Thursday
2026-01-22 21:52:58,8Cap Raw,EURUSD,1.17436,1.17437,1e-05,1,Sydney,Thursday
2026-01-22 21:52:59,8Cap Raw,GBPUSD,1.34896,1.34897,1e-05,1,Sydney,Thursday
2026-01-22 21:52:59,8Cap Raw,USDJPY,158.463,158.464,0.001,1,Sydney,Thursday
2026-01-22 21:53:00,8Cap Raw,AUDUSD,0.68406,0.68408,2e-05,2,Sydney,Thursday
2026-01-22 21:57:17,Pepperstone Razor,XAUUSD,4912.51,4912.66,0.15,15,Sydney,Thursday
2026-01-22 21:57:18,Pepperstone Razor,EURUSD,1.17437,1.17437,0.0,0,Sydney,Thursday
2026-01-22 21:57:19,Pepperstone Razor,GBPUSD,1.34901,1.34901,0.0,0,Sydney,Thursday
2026-01-22 21:57:19,Pepperstone Razor,USDJPY,158.439,158.441,0.002,2,Sydney,Thursday
2026-01-22 21:57:20,Pepperstone Razor,AUDUSD,0.68403,0.68403,0.0,0,Sydney,Thursday
2026-01-22 21:57:24,FusionMarkets Zero,XAUUSD,4912.55,4912.6,0.05,5,Sydney,Thursday
2026-01-22 21:57:25,FusionMarkets Zero,EURUSD,1.17441,1.17441,0.0,0,Sydney,Thursday
2026-01-22 21:57:26,FusionMarkets Zero,GBPUSD,1.34898,1.34898,0.0,0,Sydney,Thursday
2026-01-22 21:57:26,FusionMarkets Zero,USDJPY,158.438,158.438,0.0,0,Sydney,Thursday
2026-01-22 21:57:27,FusionMarkets Zero,AUDUSD,0.68402,0.68402,0.0,0,Sydney,Thursday
2026-01-22 21:57:31,ThinkMarkets ThinkZero,XAUUSD,4912.6,4912.68,0.08,8,Sydney,Thursday
2026-01-22 21:57:32,ThinkMarkets ThinkZero,EURUSD,1.17437,1.1744,3e-05,3,Sydney,Thursday
2026-01-22 21:57:33,ThinkMarkets ThinkZero,GBPUSD,1.34895,1.34901,6e-05,6,Sydney,Thursday
2026-01-22 21:57:33,ThinkMarkets ThinkZero,USDJPY,158.434,158.439,0.005,5,Sydney,Thursday
2026-01-22 21:57:34,ThinkMarkets ThinkZero,AUDUSD,0.68398,0.68401,3e-05,3,Sydney,Thursday
2026-01-22 21:57:37,ICMarkets Raw,XAUUSD,4911.81,4911.92,0.11,11,Sydney,Thursday
2026-01-22 21:57:38,ICMarkets Raw,EURUSD,1.1744,1.1744,0.0,0,Sydney,Thursday
2026-01-22 21:57:39,ICMarkets Raw,GBPUSD,1.34899,1.349,1e-05,1,Sydney,Thursday
2026-01-22 21:57:40,ICMarkets Raw,USDJPY,158.433,158.435,0.002,2,Sydney,Thursday
2026-01-22 21:57:41,ICMarkets Raw,AUDUSD,0.68399,0.684,1e-05,1,Sydney,Thursday
2026-01-22 21:57:44,VantageMarkets Raw,XAUUSD,4912.09,4912.17,0.08,8,Sydney,Thursday
2026-01-22 21:57:45,VantageMarkets Raw,EURUSD,1.17441,1.17445,4e-05,4,Sydney,Thursday
2026-01-22 21:57:46,VantageMarkets Raw,GBPUSD,1.34908,1.34909,1e-05,1,Sydney,Thursday
2026-01-22 21:57:47,VantageMarkets Raw,USDJPY,158.433,158.435,0.002,2,Sydney,Thursday
2026-01-22 21:57:48,VantageMarkets Raw,AUDUSD,0.68402,0.68406,4e-05,4,Sydney,Thursday
2026-01-22 21:57:51,FPMarkets Raw,XAUUSD,4912.36,4912.43,0.07,7,Sydney,Thursday
2026-01-22 21:57:52,FPMarkets Raw,EURUSD,1.17449,1.1745,1e-05,1,Sydney,Thursday
2026-01-22 21:57:53,FPMarkets Raw,GBPUSD,1.34908,1.34912,4e-05,4,Sydney,Thursday
2026-01-22 21:57:54,FPMarkets Raw,USDJPY,158.422,158.425,0.003,3,Sydney,Thursday
2026-01-22 21:57:55,FPMarkets Raw,AUDUSD,0.68405,0.68408,3e-05,3,Sydney,Thursday
2026-01-22 21:57:57,8Cap Raw,XAUUSD,4912.28,4912.44,0.16,16,Sydney,Thursday
2026-01-22 21:57:57,8Cap Raw,EURUSD,1.17446,1.17446,0.0,0,Sydney,Thursday
2026-01-22 21:57:58,8Cap Raw,GBPUSD,1.34909,1.34912,3e-05,3,Sydney,Thursday
2026-01-22 21:57:59,8Cap Raw,USDJPY,158.422,158.423,0.001,1,Sydney,Thursday
2026-01-22 21:57:59,8Cap Raw,AUDUSD,0.68404,0.68406,2e-05,2,Sydney,Thursday
2026-01-22 22:02:20,Pepperstone Razor,XAUUSD,4916.94,4917.18,0.24,24,Sydney,Thursday
2026-01-22 22:02:22,Pepperstone Razor,EURUSD,1.17423,1.17423,0.0,0,Sydney,Thursday
2026-01-22 22:02:23,Pepperstone Razor,GBPUSD,1.3489,1.34891,1e-05,1,Sydney,Thursday
2026-01-22 22:02:25,Pepperstone Razor,USDJPY,158.412,158.413,0.001,1,Sydney,Thursday
2026-01-22 22:02:26,Pepperstone Razor,AUDUSD,0.68389,0.68389,0.0,0,Sydney,Thursday
2026-01-22 22:02:33,FusionMarkets Zero,XAUUSD,4918.6,4918.7,0.1,10,Sydney,Thursday
2026-01-22 22:02:34,FusionMarkets Zero,EURUSD,1.17422,1.17422,0.0,0,Sydney,Thursday
2026-01-22 22:02:35,FusionMarkets Zero,GBPUSD,1.34889,1.34889,0.0,0,Sydney,Thursday
2026-01-22 22:02:37,FusionMarkets Zero,USDJPY,158.421,158.422,0.001,1,Sydney,Thursday
2026-01-22 22:02:38,FusionMarkets Zero,AUDUSD,0.68388,0.68388,0.0,0,Sydney,Thursday
2026-01-22 22:02:44,ThinkMarkets ThinkZero,XAUUSD,4918.57,4918.65,0.08,8,Sydney,Thursday
2026-01-22 22:02:46,ThinkMarkets ThinkZero,EURUSD,1.17422,1.17424,2e-05,2,Sydney,Thursday
2026-01-22 22:02:47,ThinkMarkets ThinkZero,GBPUSD,1.34888,1.34892,4e-05,4,Sydney,Thursday
2026-01-22 22:02:48,ThinkMarkets ThinkZero,USDJPY,158.42,158.424,0.004,4,Sydney,Thursday
2026-01-22 22:02:50,ThinkMarkets ThinkZero,AUDUSD,0.68388,0.68389,1e-05,1,Sydney,Thursday
2026-01-22 22:02:55,ICMarkets Raw,XAUUSD,4918.56,4918.66,0.1,10,Sydney,Thursday
2026-01-22 22:02:56,ICMarkets Raw,EURUSD,1.17424,1.17424,0.0,0,Sydney,Thursday
2026-01-22 22:02:58,ICMarkets Raw,GBPUSD,1.34889,1.34893,4e-05,4,Sydney,Thursday
2026-01-22 22:02:59,ICMarkets Raw,USDJPY,158.42,158.422,0.002,2,Sydney,Thursday
2026-01-22 22:03:00,ICMarkets Raw,AUDUSD,0.68389,0.68389,0.0,0,Sydney,Thursday
2026-01-22 22:03:05,VantageMarkets Raw,XAUUSD,4918.5,4918.58,0.08,8,Sydney,Thursday
2026-01-22 22:03:06,VantageMarkets Raw,EURUSD,1.17423,1.17424,1e-05,1,Sydney,Thursday
2026-01-22 22:03:08,VantageMarkets Raw,GBPUSD,1.34896,1.34897,1e-05,1,Sydney,Thursday
2026-01-22 22:03:09,VantageMarkets Raw,USDJPY,158.422,158.424,0.002,2,Sydney,Thursday
2026-01-22 22:03:10,VantageMarkets Raw,AUDUSD,0.68387,0.68391,4e-05,4,Sydney,Thursday
2026-01-22 22:03:16,FPMarkets Raw,XAUUSD,4918.96,4919.03,0.07,7,Sydney,Thursday
2026-01-22 22:03:17,FPMarkets Raw,EURUSD,1.17425,1.17426,1e-05,1,Sydney,Thursday
2026-01-22 22:03:18,FPMarkets Raw,GBPUSD,1.3489,1.34894,4e-05,4,Sydney,Thursday
2026-01-22 22:03:20,FPMarkets Raw,USDJPY,158.434,158.437,0.003,3,Sydney,Thursday
2026-01-22 22:03:21,FPMarkets Raw,AUDUSD,0.68388,0.68391,3e-05,3,Sydney,Thursday
2026-01-22 22:03:23,8Cap Raw,XAUUSD,4918.7,4918.86,0.16,16,Sydney,Thursday
2026-01-22 22:03:24,8Cap Raw,EURUSD,1.1743,1.1743,0.0,0,Sydney,Thursday
2026-01-22 22:03:25,8Cap Raw,GBPUSD,1.34895,1.34896,1e-05,1,Sydney,Thursday
2026-01-22 22:03:26,8Cap Raw,USDJPY,158.434,158.436,0.002,2,Sydney,Thursday
2026-01-22 22:03:27,8Cap Raw,AUDUSD,0.68388,0.68391,3e-05,3,Sydney,Thursday
2026-01-22 22:07:20,Pepperstone Razor,XAUUSD,4922.52,4922.67,0.15,15,Sydney,Thursday
2026-01-22 22:07:21,Pepperstone Razor,EURUSD,1.17437,1.17437,0.0,0,Sydney,Thursday
2026-01-22 22:07:23,Pepperstone Razor,GBPUSD,1.34922,1.34923,1e-05,1,Sydney,Thursday
2026-01-22 22:07:24,Pepperstone Razor,USDJPY,158.422,158.423,0.001,1,Sydney,Thursday
2026-01-22 22:07:25,Pepperstone Razor,AUDUSD,0.68391,0.68392,1e-05,1,Sydney,Thursday
2026-01-22 22:07:32,FusionMarkets Zero,XAUUSD,4922.32,4922.38,0.06,6,Sydney,Thursday
2026-01-22 22:07:33,FusionMarkets Zero,EURUSD,1.17435,1.17435,0.0,0,Sydney,Thursday
2026-01-22 22:07:34,FusionMarkets Zero,GBPUSD,1.34917,1.34917,0.0,0,Sydney,Thursday
2026-01-22 22:07:35,FusionMarkets Zero,USDJPY,158.423,158.423,0.0,0,Sydney,Thursday
2026-01-22 22:07:36,FusionMarkets Zero,AUDUSD,0.68392,0.68392,0.0,0,Sydney,Thursday
2026-01-22 22:07:41,ThinkMarkets ThinkZero,XAUUSD,4922.25,4922.33,0.08,8,Sydney,Thursday
2026-01-22 22:07:43,ThinkMarkets ThinkZero,EURUSD,1.17433,1.17435,2e-05,2,Sydney,Thursday
2026-01-22 22:07:44,ThinkMarkets ThinkZero,GBPUSD,1.34914,1.34919,5e-05,5,Sydney,Thursday
2026-01-22 22:07:45,ThinkMarkets ThinkZero,USDJPY,158.422,158.425,0.003,3,Sydney,Thursday
2026-01-22 22:07:46,ThinkMarkets ThinkZero,AUDUSD,0.68389,0.6839,1e-05,1,Sydney,Thursday
2026-01-22 22:07:52,ICMarkets Raw,XAUUSD,4922.62,4922.67,0.05,5,Sydney,Thursday
2026-01-22 22:07:53,ICMarkets Raw,EURUSD,1.17433,1.17433,0.0,0,Sydney,Thursday
2026-01-22 22:07:54,ICMarkets Raw,GBPUSD,1.34918,1.34919,1e-05,1,Sydney,Thursday
2026-01-22 22:07:55,ICMarkets Raw,USDJPY,158.424,158.424,0.0,0,Sydney,Thursday
2026-01-22 22:07:56,ICMarkets Raw,AUDUSD,0.68391,0.68391,0.0,0,Sydney,Thursday
2026-01-22 22:08:02,VantageMarkets Raw,XAUUSD,4922.52,4922.6,0.08,8,Sydney,Thursday
2026-01-22 22:08:03,VantageMarkets Raw,EURUSD,1.17435,1.17437,2e-05,2,Sydney,Thursday
2026-01-22 22:08:04,VantageMarkets Raw,GBPUSD,1.34918,1.34919,1e-05,1,Sydney,Thursday
2026-01-22 22:08:05,VantageMarkets Raw,USDJPY,158.422,158.424,0.002,2,Sydney,Thursday
2026-01-22 22:08:06,VantageMarkets Raw,AUDUSD,0.68392,0.68395,3e-05,3,Sydney,Thursday
2026-01-22 22:08:11,FPMarkets Raw,XAUUSD,4922.49,4922.56,0.07,7,Sydney,Thursday
2026-01-22 22:08:12,FPMarkets Raw,EURUSD,1.17444,1.17445,1e-05,1,Sydney,Thursday
2026-01-22 22:08:13,FPMarkets Raw,GBPUSD,1.34928,1.34928,0.0,0,Sydney,Thursday
2026-01-22 22:08:15,FPMarkets Raw,USDJPY,158.404,158.407,0.003,3,Sydney,Thursday
2026-01-22 22:08:16,FPMarkets Raw,AUDUSD,0.68394,0.68397,3e-05,3,Sydney,Thursday
2026-01-22 22:08:19,8Cap Raw,XAUUSD,4922.18,4922.34,0.16,16,Sydney,Thursday
2026-01-22 22:08:19,8Cap Raw,EURUSD,1.17445,1.17445,0.0,0,Sydney,Thursday
2026-01-22 22:08:20,8Cap Raw,GBPUSD,1.34928,1.34929,1e-05,1,Sydney,Thursday
2026-01-22 22:08:21,8Cap Raw,USDJPY,158.408,158.409,0.001,1,Sydney,Thursday
2026-01-22 22:08:21,8Cap Raw,AUDUSD,0.68393,0.68396,3e-05,3,Sydney,Thursday
2026-01-22 22:12:20,Pepperstone Razor,XAUUSD,4922.46,4922.59,0.13,13,Sydney,Thursday
2026-01-22 22:12:21,Pepperstone Razor,EURUSD,1.17453,1.17453,0.0,0,Sydney,Thursday
2026-01-22 22:12:23,Pepperstone Razor,GBPUSD,1.3494,1.34942,2e-05,2,Sydney,Thursday
2026-01-22 22:12:24,Pepperstone Razor,USDJPY,158.421,158.423,0.002,2,Sydney,Thursday
2026-01-22 22:12:25,Pepperstone Razor,AUDUSD,0.68398,0.68399,1e-05,1,Sydney,Thursday
2026-01-22 22:12:31,FusionMarkets Zero,XAUUSD,4922.39,4922.44,0.05,5,Sydney,Thursday
2026-01-22 22:12:33,FusionMarkets Zero,EURUSD,1.17453,1.17453,0.0,0,Sydney,Thursday
2026-01-22 22:12:34,FusionMarkets Zero,GBPUSD,1.34939,1.34939,0.0,0,Sydney,Thursday
2026-01-22 22:12:35,FusionMarkets Zero,USDJPY,158.423,158.423,0.0,0,Sydney,Thursday
2026-01-22 22:12:36,FusionMarkets Zero,AUDUSD,0.68395,0.68395,0.0,0,Sydney,Thursday
2026-01-22 22:12:41,ThinkMarkets ThinkZero,XAUUSD,4922.3,4922.38,0.08,8,Sydney,Thursday
2026-01-22 22:12:42,ThinkMarkets ThinkZero,EURUSD,1.17453,1.17455,2e-05,2,Sydney,Thursday
2026-01-22 22:12:43,ThinkMarkets ThinkZero,GBPUSD,1.34933,1.34939,6e-05,6,Sydney,Thursday
2026-01-22 22:12:45,ThinkMarkets ThinkZero,USDJPY,158.422,158.427,0.005,5,Sydney,Thursday
2026-01-22 22:12:46,ThinkMarkets ThinkZero,AUDUSD,0.68393,0.68394,1e-05,1,Sydney,Thursday
2026-01-22 22:12:51,ICMarkets Raw,XAUUSD,4922.38,4922.43,0.05,5,Sydney,Thursday
2026-01-22 22:12:52,ICMarkets Raw,EURUSD,1.1745,1.1745,0.0,0,Sydney,Thursday
2026-01-22 22:12:54,ICMarkets Raw,GBPUSD,1.34949,1.3495,1e-05,1,Sydney,Thursday
2026-01-22 22:12:55,ICMarkets Raw,USDJPY,158.424,158.424,0.0,0,Sydney,Thursday
2026-01-22 22:12:56,ICMarkets Raw,AUDUSD,0.68392,0.68392,0.0,0,Sydney,Thursday
2026-01-22 22:13:01,VantageMarkets Raw,XAUUSD,4922.54,4922.62,0.08,8,Sydney,Thursday
2026-01-22 22:13:02,VantageMarkets Raw,EURUSD,1.1745,1.17452,2e-05,2,Sydney,Thursday
2026-01-22 22:13:03,VantageMarkets Raw,GBPUSD,1.34945,1.3495,5e-05,5,Sydney,Thursday
2026-01-22 22:13:04,VantageMarkets Raw,USDJPY,158.424,158.426,0.002,2,Sydney,Thursday
2026-01-22 22:13:05,VantageMarkets Raw,AUDUSD,0.68393,0.68395,2e-05,2,Sydney,Thursday
2026-01-22 22:13:10,FPMarkets Raw,XAUUSD,4922.56,4922.63,0.07,7,Sydney,Thursday
2026-01-22 22:13:11,FPMarkets Raw,EURUSD,1.17451,1.17452,1e-05,1,Sydney,Thursday
2026-01-22 22:13:13,FPMarkets Raw,GBPUSD,1.34948,1.34952,4e-05,4,Sydney,Thursday
2026-01-22 22:13:14,FPMarkets Raw,USDJPY,158.421,158.424,0.003,3,Sydney,Thursday
2026-01-22 22:13:15,FPMarkets Raw,AUDUSD,0.68392,0.68395,3e-05,3,Sydney,Thursday
2026-01-22 22:13:17,8Cap Raw,XAUUSD,4922.57,4922.73,0.16,16,Sydney,Thursday
2026-01-22 22:13:18,8Cap Raw,EURUSD,1.17453,1.17455,2e-05,2,Sydney,Thursday
2026-01-22 22:13:19,8Cap Raw,GBPUSD,1.34946,1.3495,4e-05,4,Sydney,Thursday
2026-01-22 22:13:19,8Cap Raw,USDJPY,158.423,158.424,0.001,1,Sydney,Thursday
2026-01-22 22:13:20,8Cap Raw,AUDUSD,0.68393,0.68395,2e-05,2,Sydney,Thursday
2026-01-22 22:17:19,Pepperstone Razor,XAUUSD,4926.86,4927.06,0.2,20,Sydney,Thursday
2026-01-22 22:17:21,Pepperstone Razor,EURUSD,1.17482,1.17482,0.0,0,Sydney,Thursday
2026-01-22 22:17:22,Pepperstone Razor,GBPUSD,1.34982,1.34982,0.0,0,Sydney,Thursday
2026-01-22 22:17:23,Pepperstone Razor,USDJPY,158.406,158.412,0.006,6,Sydney,Thursday
2026-01-22 22:17:24,Pepperstone Razor,AUDUSD,0.68402,0.68405,3e-05,3,Sydney,Thursday
2026-01-22 22:17:31,FusionMarkets Zero,XAUUSD,4927.22,4927.32,0.1,10,Sydney,Thursday
2026-01-22 22:17:32,FusionMarkets Zero,EURUSD,1.17481,1.17481,0.0,0,Sydney,Thursday
2026-01-22 22:17:33,FusionMarkets Zero,GBPUSD,1.3498,1.3498,0.0,0,Sydney,Thursday
2026-01-22 22:17:35,FusionMarkets Zero,USDJPY,158.409,158.409,0.0,0,Sydney,Thursday
2026-01-22 22:17:36,FusionMarkets Zero,AUDUSD,0.68404,0.68404,0.0,0,Sydney,Thursday
2026-01-22 22:17:41,ThinkMarkets ThinkZero,XAUUSD,4927.78,4927.86,0.08,8,Sydney,Thursday
2026-01-22 22:17:42,ThinkMarkets ThinkZero,EURUSD,1.17482,1.17485,3e-05,3,Sydney,Thursday
2026-01-22 22:17:43,ThinkMarkets ThinkZero,GBPUSD,1.34976,1.34982,6e-05,6,Sydney,Thursday
2026-01-22 22:17:44,ThinkMarkets ThinkZero,USDJPY,158.409,158.413,0.004,4,Sydney,Thursday
2026-01-22 22:17:46,ThinkMarkets ThinkZero,AUDUSD,0.68402,0.68404,2e-05,2,Sydney,Thursday
2026-01-22 22:17:51,ICMarkets Raw,XAUUSD,4927.79,4927.9,0.11,11,Sydney,Thursday
2026-01-22 22:17:53,ICMarkets Raw,EURUSD,1.17478,1.17478,0.0,0,Sydney,Thursday
2026-01-22 22:17:54,ICMarkets Raw,GBPUSD,1.34979,1.3498,1e-05,1,Sydney,Thursday
2026-01-22 22:17:55,ICMarkets Raw,USDJPY,158.411,158.412,0.001,1,Sydney,Thursday
2026-01-22 22:17:56,ICMarkets Raw,AUDUSD,0.68402,0.68402,0.0,0,Sydney,Thursday
2026-01-22 22:18:01,VantageMarkets Raw,XAUUSD,4927.67,4927.75,0.08,8,Sydney,Thursday
2026-01-22 22:18:02,VantageMarkets Raw,EURUSD,1.1748,1.17482,2e-05,2,Sydney,Thursday
2026-01-22 22:18:03,VantageMarkets Raw,GBPUSD,1.34979,1.3498,1e-05,1,Sydney,Thursday
2026-01-22 22:18:04,VantageMarkets Raw,USDJPY,158.41,158.412,0.002,2,Sydney,Thursday
2026-01-22 22:18:05,VantageMarkets Raw,AUDUSD,0.68402,0.68405,3e-05,3,Sydney,Thursday
2026-01-22 22:18:10,FPMarkets Raw,XAUUSD,4927.28,4927.35,0.07,7,Sydney,Thursday
2026-01-22 22:18:12,FPMarkets Raw,EURUSD,1.17478,1.1748,2e-05,2,Sydney,Thursday
2026-01-22 22:18:13,FPMarkets Raw,GBPUSD,1.34976,1.3498,4e-05,4,Sydney,Thursday
2026-01-22 22:18:14,FPMarkets Raw,USDJPY,158.41,158.413,0.003,3,Sydney,Thursday
2026-01-22 22:18:15,FPMarkets Raw,AUDUSD,0.68402,0.68405,3e-05,3,Sydney,Thursday
2026-01-22 22:18:18,8Cap Raw,XAUUSD,4926.66,4926.82,0.16,16,Sydney,Thursday
2026-01-22 22:18:19,8Cap Raw,EURUSD,1.17479,1.1748,1e-05,1,Sydney,Thursday
2026-01-22 22:18:19,8Cap Raw,GBPUSD,1.34978,1.34979,1e-05,1,Sydney,Thursday
2026-01-22 22:18:20,8Cap Raw,USDJPY,158.411,158.412,0.001,1,Sydney,Thursday
2026-01-22 22:18:21,8Cap Raw,AUDUSD,0.68402,0.68405,3e-05,3,Sydney,Thursday
2026-01-22 22:22:20,Pepperstone Razor,XAUUSD,4926.5,4926.65,0.15,15,Sydney,Thursday
2026-01-22 22:22:21,Pepperstone Razor,EURUSD,1.17478,1.17478,0.0,0,Sydney,Thursday
2026-01-22 22:22:22,Pepperstone Razor,GBPUSD,1.34971,1.34972,1e-05,1,Sydney,Thursday
2026-01-22 22:22:24,Pepperstone Razor,USDJPY,158.408,158.409,0.001,1,Sydney,Thursday
2026-01-22 22:22:25,Pepperstone Razor,AUDUSD,0.684,0.68401,1e-05,1,Sydney,Thursday
2026-01-22 22:22:31,FusionMarkets Zero,XAUUSD,4926.27,4926.32,0.05,5,Sydney,Thursday
2026-01-22 22:22:32,FusionMarkets Zero,EURUSD,1.17478,1.17478,0.0,0,Sydney,Thursday
2026-01-22 22:22:33,FusionMarkets Zero,GBPUSD,1.34967,1.34967,0.0,0,Sydney,Thursday
2026-01-22 22:22:35,FusionMarkets Zero,USDJPY,158.409,158.41,0.001,1,Sydney,Thursday
2026-01-22 22:22:36,FusionMarkets Zero,AUDUSD,0.68402,0.68402,0.0,0,Sydney,Thursday
2026-01-22 22:22:41,ThinkMarkets ThinkZero,XAUUSD,4925.72,4925.8,0.08,8,Sydney,Thursday
2026-01-22 22:22:42,ThinkMarkets ThinkZero,EURUSD,1.17476,1.1748,4e-05,4,Sydney,Thursday
2026-01-22 22:22:43,ThinkMarkets ThinkZero,GBPUSD,1.34968,1.34973,5e-05,5,Sydney,Thursday
2026-01-22 22:22:44,ThinkMarkets ThinkZero,USDJPY,158.396,158.399,0.003,3,Sydney,Thursday
2026-01-22 22:22:46,ThinkMarkets ThinkZero,AUDUSD,0.684,0.68401,1e-05,1,Sydney,Thursday
2026-01-22 22:22:51,ICMarkets Raw,XAUUSD,4926.28,4926.33,0.05,5,Sydney,Thursday
2026-01-22 22:22:53,ICMarkets Raw,EURUSD,1.17479,1.17479,0.0,0,Sydney,Thursday
2026-01-22 22:22:54,ICMarkets Raw,GBPUSD,1.34971,1.34972,1e-05,1,Sydney,Thursday
2026-01-22 22:22:55,ICMarkets Raw,USDJPY,158.401,158.401,0.0,0,Sydney,Thursday
2026-01-22 22:22:56,ICMarkets Raw,AUDUSD,0.684,0.684,0.0,0,Sydney,Thursday
2026-01-22 22:23:00,VantageMarkets Raw,XAUUSD,4926.22,4926.3,0.08,8,Sydney,Thursday
2026-01-22 22:23:02,VantageMarkets Raw,EURUSD,1.1748,1.17482,2e-05,2,Sydney,Thursday
2026-01-22 22:23:03,VantageMarkets Raw,GBPUSD,1.34973,1.34974,1e-05,1,Sydney,Thursday
2026-01-22 22:23:04,VantageMarkets Raw,USDJPY,158.4,158.402,0.002,2,Sydney,Thursday
2026-01-22 22:23:05,VantageMarkets Raw,AUDUSD,0.684,0.68402,2e-05,2,Sydney,Thursday
2026-01-22 22:23:10,FPMarkets Raw,XAUUSD,4926.75,4926.82,0.07,7,Sydney,Thursday
2026-01-22 22:23:12,FPMarkets Raw,EURUSD,1.1748,1.17481,1e-05,1,Sydney,Thursday
2026-01-22 22:23:13,FPMarkets Raw,GBPUSD,1.34982,1.34987,5e-05,5,Sydney,Thursday
2026-01-22 22:23:14,FPMarkets Raw,USDJPY,158.386,158.389,0.003,3,Sydney,Thursday
2026-01-22 22:23:15,FPMarkets Raw,AUDUSD,0.68399,0.68403,4e-05,4,Sydney,Thursday
2026-01-22 22:23:18,8Cap Raw,XAUUSD,4926.35,4926.51,0.16,16,Sydney,Thursday
2026-01-22 22:23:19,8Cap Raw,EURUSD,1.17474,1.17474,0.0,0,Sydney,Thursday
2026-01-22 22:23:19,8Cap Raw,GBPUSD,1.3498,1.34984,4e-05,4,Sydney,Thursday
2026-01-22 22:23:20,8Cap Raw,USDJPY,158.386,158.387,0.001,1,Sydney,Thursday
2026-01-22 22:23:21,8Cap Raw,AUDUSD,0.684,0.68402,2e-05,2,Sydney,Thursday
2026-01-22 22:27:20,Pepperstone Razor,XAUUSD,4926.23,4926.39,0.16,16,Sydney,Thursday
2026-01-22 22:27:21,Pepperstone Razor,EURUSD,1.17468,1.17468,0.0,0,Sydney,Thursday
2026-01-22 22:27:22,Pepperstone Razor,GBPUSD,1.34955,1.34955,0.0,0,Sydney,Thursday
2026-01-22 22:27:24,Pepperstone Razor,USDJPY,158.391,158.392,0.001,1,Sydney,Thursday
2026-01-22 22:27:25,Pepperstone Razor,AUDUSD,0.68392,0.68393,1e-05,1,Sydney,Thursday
2026-01-22 22:27:31,FusionMarkets Zero,XAUUSD,4926.39,4926.44,0.05,5,Sydney,Thursday
2026-01-22 22:27:32,FusionMarkets Zero,EURUSD,1.17469,1.17469,0.0,0,Sydney,Thursday
2026-01-22 22:27:33,FusionMarkets Zero,GBPUSD,1.34959,1.34959,0.0,0,Sydney,Thursday
2026-01-22 22:27:34,FusionMarkets Zero,USDJPY,158.388,158.388,0.0,0,Sydney,Thursday
2026-01-22 22:27:36,FusionMarkets Zero,AUDUSD,0.68396,0.68396,0.0,0,Sydney,Thursday
2026-01-22 22:27:42,ThinkMarkets ThinkZero,XAUUSD,4925.87,4925.95,0.08,8,Sydney,Thursday
2026-01-22 22:27:43,ThinkMarkets ThinkZero,EURUSD,1.1747,1.17472,2e-05,2,Sydney,Thursday
2026-01-22 22:27:44,ThinkMarkets ThinkZero,GBPUSD,1.34955,1.34959,4e-05,4,Sydney,Thursday
2026-01-22 22:27:45,ThinkMarkets ThinkZero,USDJPY,158.391,158.396,0.005,5,Sydney,Thursday
2026-01-22 22:27:47,ThinkMarkets ThinkZero,AUDUSD,0.6839,0.68392,2e-05,2,Sydney,Thursday
2026-01-22 22:27:52,ICMarkets Raw,XAUUSD,4926.25,4926.31,0.06,6,Sydney,Thursday
2026-01-22 22:27:53,ICMarkets Raw,EURUSD,1.17469,1.1747,1e-05,1,Sydney,Thursday
2026-01-22 22:27:54,ICMarkets Raw,GBPUSD,1.34954,1.34955,1e-05,1,Sydney,Thursday
2026-01-22 22:27:56,ICMarkets Raw,USDJPY,158.395,158.395,0.0,0,Sydney,Thursday
2026-01-22 22:27:57,ICMarkets Raw,AUDUSD,0.6839,0.68391,1e-05,1,Sydney,Thursday
2026-01-22 22:28:01,VantageMarkets Raw,XAUUSD,4925.83,4925.91,0.08,8,Sydney,Thursday
2026-01-22 22:28:02,VantageMarkets Raw,EURUSD,1.17469,1.1747,1e-05,1,Sydney,Thursday
2026-01-22 22:28:03,VantageMarkets Raw,GBPUSD,1.34955,1.34956,1e-05,1,Sydney,Thursday
2026-01-22 22:28:05,VantageMarkets Raw,USDJPY,158.396,158.398,0.002,2,Sydney,Thursday
2026-01-22 22:28:06,VantageMarkets Raw,AUDUSD,0.68386,0.68389,3e-05,3,Sydney,Thursday
2026-01-22 22:28:11,FPMarkets Raw,XAUUSD,4925.57,4925.64,0.07,7,Sydney,Thursday
2026-01-22 22:28:12,FPMarkets Raw,EURUSD,1.17472,1.17473,1e-05,1,Sydney,Thursday
2026-01-22 22:28:14,FPMarkets Raw,GBPUSD,1.34957,1.34957,0.0,0,Sydney,Thursday
2026-01-22 22:28:15,FPMarkets Raw,USDJPY,158.394,158.397,0.003,3,Sydney,Thursday
2026-01-22 22:28:16,FPMarkets Raw,AUDUSD,0.68388,0.68391,3e-05,3,Sydney,Thursday
2026-01-22 22:28:19,8Cap Raw,XAUUSD,4924.87,4925.03,0.16,16,Sydney,Thursday
2026-01-22 22:28:19,8Cap Raw,EURUSD,1.1747,1.17471,1e-05,1,Sydney,Thursday
2026-01-22 22:28:20,8Cap Raw,GBPUSD,1.34957,1.34958,1e-05,1,Sydney,Thursday
2026-01-22 22:28:21,8Cap Raw,USDJPY,158.397,158.398,0.001,1,Sydney,Thursday
2026-01-22 22:28:21,8Cap Raw,AUDUSD,0.68387,0.68389,2e-05,2,Sydney,Thursday
2026-01-22 22:32:20,Pepperstone Razor,XAUUSD,4926.64,4926.79,0.15,15,Sydney,Thursday
2026-01-22 22:32:21,Pepperstone Razor,EURUSD,1.17472,1.17472,0.0,0,Sydney,Thursday
2026-01-22 22:32:22,Pepperstone Razor,GBPUSD,1.34956,1.34956,0.0,0,Sydney,Thursday
2026-01-22 22:32:24,Pepperstone Razor,USDJPY,158.397,158.398,0.001,1,Sydney,Thursday
2026-01-22 22:32:25,Pepperstone Razor,AUDUSD,0.68383,0.68384,1e-05,1,Sydney,Thursday
2026-01-22 22:32:31,FusionMarkets Zero,XAUUSD,4926.92,4926.97,0.05,5,Sydney,Thursday
2026-01-22 22:32:32,FusionMarkets Zero,EURUSD,1.17473,1.17473,0.0,0,Sydney,Thursday
2026-01-22 22:32:34,FusionMarkets Zero,GBPUSD,1.34957,1.34957,0.0,0,Sydney,Thursday
2026-01-22 22:32:35,FusionMarkets Zero,USDJPY,158.396,158.396,0.0,0,Sydney,Thursday
2026-01-22 22:32:36,FusionMarkets Zero,AUDUSD,0.68386,0.68386,0.0,0,Sydney,Thursday
2026-01-22 22:32:39,ThinkMarkets ThinkZero,XAUUSD,4927.05,4927.13,0.08,8,Sydney,Thursday
2026-01-22 22:32:40,ThinkMarkets ThinkZero,EURUSD,1.17471,1.17473,2e-05,2,Sydney,Thursday
2026-01-22 22:32:41,ThinkMarkets ThinkZero,GBPUSD,1.34954,1.34961,7e-05,7,Sydney,Thursday
2026-01-22 22:32:43,ThinkMarkets ThinkZero,USDJPY,158.394,158.399,0.005,5,Sydney,Thursday
2026-01-22 22:32:44,ThinkMarkets ThinkZero,AUDUSD,0.68383,0.68386,3e-05,3,Sydney,Thursday
2026-01-22 22:32:49,ICMarkets Raw,XAUUSD,4926.88,4926.94,0.06,6,Sydney,Thursday
2026-01-22 22:32:50,ICMarkets Raw,EURUSD,1.17471,1.17471,0.0,0,Sydney,Thursday
2026-01-22 22:32:51,ICMarkets Raw,GBPUSD,1.34956,1.34957,1e-05,1,Sydney,Thursday
2026-01-22 22:32:52,ICMarkets Raw,USDJPY,158.394,158.394,0.0,0,Sydney,Thursday
2026-01-22 22:32:53,ICMarkets Raw,AUDUSD,0.68384,0.68384,0.0,0,Sydney,Thursday
2026-01-22 22:32:57,VantageMarkets Raw,XAUUSD,4926.79,4926.87,0.08,8,Sydney,Thursday
2026-01-22 22:32:59,VantageMarkets Raw,EURUSD,1.17475,1.17476,1e-05,1,Sydney,Thursday
2026-01-22 22:33:00,VantageMarkets Raw,GBPUSD,1.34958,1.34959,1e-05,1,Sydney,Thursday
2026-01-22 22:33:01,VantageMarkets Raw,USDJPY,158.395,158.396,0.001,1,Sydney,Thursday
2026-01-22 22:33:02,VantageMarkets Raw,AUDUSD,0.68382,0.68385,3e-05,3,Sydney,Thursday
2026-01-22 22:33:07,FPMarkets Raw,XAUUSD,4926.11,4926.18,0.07,7,Sydney,Thursday
2026-01-22 22:33:09,FPMarkets Raw,EURUSD,1.1748,1.17481,1e-05,1,Sydney,Thursday
2026-01-22 22:33:10,FPMarkets Raw,GBPUSD,1.34956,1.3496,4e-05,4,Sydney,Thursday
2026-01-22 22:33:11,FPMarkets Raw,USDJPY,158.393,158.396,0.003,3,Sydney,Thursday
2026-01-22 22:33:12,FPMarkets Raw,AUDUSD,0.68382,0.68384,2e-05,2,Sydney,Thursday
2026-01-22 22:33:15,8Cap Raw,XAUUSD,4926.06,4926.22,0.16,16,Sydney,Thursday
2026-01-22 22:33:16,8Cap Raw,EURUSD,1.17475,1.17475,0.0,0,Sydney,Thursday
2026-01-22 22:33:16,8Cap Raw,GBPUSD,1.34958,1.34959,1e-05,1,Sydney,Thursday
2026-01-22 22:33:17,8Cap Raw,USDJPY,158.388,158.39,0.002,2,Sydney,Thursday
2026-01-22 22:33:18,8Cap Raw,AUDUSD,0.68382,0.68385,3e-05,3,Sydney,Thursday
2026-01-22 22:37:20,Pepperstone Razor,XAUUSD,4923.55,4923.67,0.12,12,Sydney,Thursday
2026-01-22 22:37:21,Pepperstone Razor,EURUSD,1.17476,1.17476,0.0,0,Sydney,Thursday
2026-01-22 22:37:22,Pepperstone Razor,GBPUSD,1.34978,1.3498,2e-05,2,Sydney,Thursday
2026-01-22 22:37:24,Pepperstone Razor,USDJPY,158.371,158.373,0.002,2,Sydney,Thursday
2026-01-22 22:37:25,Pepperstone Razor,AUDUSD,0.68376,0.68377,1e-05,1,Sydney,Thursday
2026-01-22 22:37:31,FusionMarkets Zero,XAUUSD,4921.97,4922.08,0.11,11,Sydney,Thursday
2026-01-22 22:37:32,FusionMarkets Zero,EURUSD,1.17475,1.17475,0.0,0,Sydney,Thursday
2026-01-22 22:37:33,FusionMarkets Zero,GBPUSD,1.34986,1.34986,0.0,0,Sydney,Thursday
2026-01-22 22:37:35,FusionMarkets Zero,USDJPY,158.377,158.377,0.0,0,Sydney,Thursday
2026-01-22 22:37:36,FusionMarkets Zero,AUDUSD,0.6838,0.6838,0.0,0,Sydney,Thursday
2026-01-22 22:37:39,ThinkMarkets ThinkZero,XAUUSD,4921.67,4921.75,0.08,8,Sydney,Thursday
2026-01-22 22:37:40,ThinkMarkets ThinkZero,EURUSD,1.17472,1.17475,3e-05,3,Sydney,Thursday
2026-01-22 22:37:41,ThinkMarkets ThinkZero,GBPUSD,1.34988,1.34993,5e-05,5,Sydney,Thursday
2026-01-22 22:37:42,ThinkMarkets ThinkZero,USDJPY,158.371,158.376,0.005,5,Sydney,Thursday
2026-01-22 22:37:43,ThinkMarkets ThinkZero,AUDUSD,0.68377,0.68379,2e-05,2,Sydney,Thursday
2026-01-22 22:37:48,ICMarkets Raw,XAUUSD,4922.18,4922.28,0.1,10,Sydney,Thursday
2026-01-22 22:37:50,ICMarkets Raw,EURUSD,1.17474,1.17475,1e-05,1,Sydney,Thursday
2026-01-22 22:37:51,ICMarkets Raw,GBPUSD,1.34983,1.34987,4e-05,4,Sydney,Thursday
2026-01-22 22:37:52,ICMarkets Raw,USDJPY,158.374,158.375,0.001,1,Sydney,Thursday
2026-01-22 22:37:53,ICMarkets Raw,AUDUSD,0.68377,0.68377,0.0,0,Sydney,Thursday
2026-01-22 22:37:57,VantageMarkets Raw,XAUUSD,4922.73,4922.81,0.08,8,Sydney,Thursday
2026-01-22 22:37:58,VantageMarkets Raw,EURUSD,1.17475,1.17476,1e-05,1,Sydney,Thursday
2026-01-22 22:38:00,VantageMarkets Raw,GBPUSD,1.3498,1.34985,5e-05,5,Sydney,Thursday
2026-01-22 22:38:01,VantageMarkets Raw,USDJPY,158.372,158.377,0.005,5,Sydney,Thursday
2026-01-22 22:38:02,VantageMarkets Raw,AUDUSD,0.68376,0.6838,4e-05,4,Sydney,Thursday
2026-01-22 22:38:08,FPMarkets Raw,XAUUSD,4922.79,4922.86,0.07,7,Sydney,Thursday
2026-01-22 22:38:09,FPMarkets Raw,EURUSD,1.17476,1.17477,1e-05,1,Sydney,Thursday
2026-01-22 22:38:10,FPMarkets Raw,GBPUSD,1.34975,1.34979,4e-05,4,Sydney,Thursday
2026-01-22 22:38:11,FPMarkets Raw,USDJPY,158.38,158.383,0.003,3,Sydney,Thursday
2026-01-22 22:38:12,FPMarkets Raw,AUDUSD,0.68376,0.68379,3e-05,3,Sydney,Thursday
2026-01-22 22:38:15,8Cap Raw,XAUUSD,4921.53,4921.69,0.16,16,Sydney,Thursday
2026-01-22 22:38:16,8Cap Raw,EURUSD,1.17479,1.17479,0.0,0,Sydney,Thursday
2026-01-22 22:38:16,8Cap Raw,GBPUSD,1.34975,1.3498,5e-05,5,Sydney,Thursday
2026-01-22 22:38:17,8Cap Raw,USDJPY,158.376,158.378,0.002,2,Sydney,Thursday
2026-01-22 22:38:18,8Cap Raw,AUDUSD,0.68377,0.68379,2e-05,2,Sydney,Thursday
2026-01-22 22:42:20,Pepperstone Razor,XAUUSD,4920.25,4920.43,0.18,18,Sydney,Thursday
2026-01-22 22:42:21,Pepperstone Razor,EURUSD,1.17496,1.17496,0.0,0,Sydney,Thursday
2026-01-22 22:42:22,Pepperstone Razor,GBPUSD,1.35,1.35,0.0,0,Sydney,Thursday
2026-01-22 22:42:24,Pepperstone Razor,USDJPY,158.372,158.375,0.003,3,Sydney,Thursday
2026-01-22 22:42:25,Pepperstone Razor,AUDUSD,0.68378,0.6838,2e-05,2,Sydney,Thursday
2026-01-22 22:42:31,FusionMarkets Zero,XAUUSD,4920.68,4920.75,0.07,7,Sydney,Thursday
2026-01-22 22:42:32,FusionMarkets Zero,EURUSD,1.17499,1.17499,0.0,0,Sydney,Thursday
2026-01-22 22:42:34,FusionMarkets Zero,GBPUSD,1.34996,1.34996,0.0,0,Sydney,Thursday
2026-01-22 22:42:35,FusionMarkets Zero,USDJPY,158.373,158.374,0.001,1,Sydney,Thursday
2026-01-22 22:42:36,FusionMarkets Zero,AUDUSD,0.6838,0.6838,0.0,0,Sydney,Thursday
2026-01-22 22:42:39,ThinkMarkets ThinkZero,XAUUSD,4920.9,4920.98,0.08,8,Sydney,Thursday
2026-01-22 22:42:40,ThinkMarkets ThinkZero,EURUSD,1.17503,1.17505,2e-05,2,Sydney,Thursday
2026-01-22 22:42:41,ThinkMarkets ThinkZero,GBPUSD,1.34997,1.35004,7e-05,7,Sydney,Thursday
2026-01-22 22:42:42,ThinkMarkets ThinkZero,USDJPY,158.367,158.371,0.004,4,Sydney,Thursday
2026-01-22 22:42:43,ThinkMarkets ThinkZero,AUDUSD,0.68376,0.68379,3e-05,3,Sydney,Thursday
2026-01-22 22:42:49,ICMarkets Raw,XAUUSD,4920.28,4920.34,0.06,6,Sydney,Thursday
2026-01-22 22:42:50,ICMarkets Raw,EURUSD,1.17507,1.17507,0.0,0,Sydney,Thursday
2026-01-22 22:42:51,ICMarkets Raw,GBPUSD,1.35003,1.35004,1e-05,1,Sydney,Thursday
2026-01-22 22:42:52,ICMarkets Raw,USDJPY,158.363,158.363,0.0,0,Sydney,Thursday
2026-01-22 22:42:54,ICMarkets Raw,AUDUSD,0.68378,0.68378,0.0,0,Sydney,Thursday
2026-01-22 22:42:58,VantageMarkets Raw,XAUUSD,4919.89,4919.97,0.08,8,Sydney,Thursday
2026-01-22 22:42:59,VantageMarkets Raw,EURUSD,1.17509,1.1751,1e-05,1,Sydney,Thursday
2026-01-22 22:43:00,VantageMarkets Raw,GBPUSD,1.35001,1.35002,1e-05,1,Sydney,Thursday
2026-01-22 22:43:01,VantageMarkets Raw,USDJPY,158.367,158.373,0.006,6,Sydney,Thursday
2026-01-22 22:43:02,VantageMarkets Raw,AUDUSD,0.68377,0.6838,3e-05,3,Sydney,Thursday
2026-01-22 22:43:07,FPMarkets Raw,XAUUSD,4920.48,4920.55,0.07,7,Sydney,Thursday
2026-01-22 22:43:09,FPMarkets Raw,EURUSD,1.17508,1.17509,1e-05,1,Sydney,Thursday
2026-01-22 22:43:10,FPMarkets Raw,GBPUSD,1.35004,1.35008,4e-05,4,Sydney,Thursday
2026-01-22 22:43:11,FPMarkets Raw,USDJPY,158.367,158.37,0.003,3,Sydney,Thursday
2026-01-22 22:43:12,FPMarkets Raw,AUDUSD,0.68378,0.68381,3e-05,3,Sydney,Thursday
2026-01-22 22:43:15,8Cap Raw,XAUUSD,4920.4,4920.56,0.16,16,Sydney,Thursday
2026-01-22 22:43:15,8Cap Raw,EURUSD,1.17507,1.17508,1e-05,1,Sydney,Thursday
2026-01-22 22:43:16,8Cap Raw,GBPUSD,1.35001,1.35002,1e-05,1,Sydney,Thursday
2026-01-22 22:43:17,8Cap Raw,USDJPY,158.37,158.371,0.001,1,Sydney,Thursday
2026-01-22 22:43:18,8Cap Raw,AUDUSD,0.68376,0.68379,3e-05,3,Sydney,Thursday
2026-01-22 22:47:20,Pepperstone Razor,XAUUSD,4922.59,4922.8,0.21,21,Sydney,Thursday
2026-01-22 22:47:22,Pepperstone Razor,EURUSD,1.17511,1.17511,0.0,0,Sydney,Thursday
2026-01-22 22:47:23,Pepperstone Razor,GBPUSD,1.34995,1.34998,3e-05,3,Sydney,Thursday
2026-01-22 22:47:24,Pepperstone Razor,USDJPY,158.373,158.375,0.002,2,Sydney,Thursday
2026-01-22 22:47:25,Pepperstone Razor,AUDUSD,0.68385,0.68385,0.0,0,Sydney,Thursday
2026-01-22 22:47:32,FusionMarkets Zero,XAUUSD,4923.11,4923.16,0.05,5,Sydney,Thursday
2026-01-22 22:47:33,FusionMarkets Zero,EURUSD,1.17513,1.17513,0.0,0,Sydney,Thursday
2026-01-22 22:47:35,FusionMarkets Zero,GBPUSD,1.34997,1.34997,0.0,0,Sydney,Thursday
2026-01-22 22:47:36,FusionMarkets Zero,USDJPY,158.371,158.371,0.0,0,Sydney,Thursday
2026-01-22 22:47:37,FusionMarkets Zero,AUDUSD,0.68385,0.68385,0.0,0,Sydney,Thursday
2026-01-22 22:47:40,ThinkMarkets ThinkZero,XAUUSD,4923.15,4923.23,0.08,8,Sydney,Thursday
2026-01-22 22:47:41,ThinkMarkets ThinkZero,EURUSD,1.17511,1.17513,2e-05,2,Sydney,Thursday
2026-01-22 22:47:42,ThinkMarkets ThinkZero,GBPUSD,1.34992,1.34999,7e-05,7,Sydney,Thursday
2026-01-22 22:47:44,ThinkMarkets ThinkZero,USDJPY,158.369,158.374,0.005,5,Sydney,Thursday
2026-01-22 22:47:45,ThinkMarkets ThinkZero,AUDUSD,0.68385,0.68387,2e-05,2,Sydney,Thursday
2026-01-22 22:47:50,ICMarkets Raw,XAUUSD,4922.91,4922.96,0.05,5,Sydney,Thursday
2026-01-22 22:47:51,ICMarkets Raw,EURUSD,1.17512,1.17512,0.0,0,Sydney,Thursday
2026-01-22 22:47:52,ICMarkets Raw,GBPUSD,1.34999,1.35,1e-05,1,Sydney,Thursday
2026-01-22 22:47:54,ICMarkets Raw,USDJPY,158.37,158.372,0.002,2,Sydney,Thursday
2026-01-22 22:47:55,ICMarkets Raw,AUDUSD,0.68385,0.68385,0.0,0,Sydney,Thursday
2026-01-22 22:47:59,VantageMarkets Raw,XAUUSD,4923.77,4923.85,0.08,8,Sydney,Thursday
2026-01-22 22:48:00,VantageMarkets Raw,EURUSD,1.17511,1.17514,3e-05,3,Sydney,Thursday
2026-01-22 22:48:01,VantageMarkets Raw,GBPUSD,1.34998,1.34999,1e-05,1,Sydney,Thursday
2026-01-22 22:48:02,VantageMarkets Raw,USDJPY,158.372,158.373,0.001,1,Sydney,Thursday
2026-01-22 22:48:03,VantageMarkets Raw,AUDUSD,0.68378,0.68382,4e-05,4,Sydney,Thursday
2026-01-22 22:48:09,FPMarkets Raw,XAUUSD,4923.19,4923.26,0.07,7,Sydney,Thursday
2026-01-22 22:48:10,FPMarkets Raw,EURUSD,1.17504,1.17505,1e-05,1,Sydney,Thursday
2026-01-22 22:48:11,FPMarkets Raw,GBPUSD,1.34983,1.34987,4e-05,4,Sydney,Thursday
2026-01-22 22:48:13,FPMarkets Raw,USDJPY,158.371,158.374,0.003,3,Sydney,Thursday
2026-01-22 22:48:14,FPMarkets Raw,AUDUSD,0.6838,0.68383,3e-05,3,Sydney,Thursday
2026-01-22 22:48:16,8Cap Raw,XAUUSD,4923.16,4923.32,0.16,16,Sydney,Thursday
2026-01-22 22:48:17,8Cap Raw,EURUSD,1.17508,1.1751,2e-05,2,Sydney,Thursday
2026-01-22 22:48:18,8Cap Raw,GBPUSD,1.34987,1.3499,3e-05,3,Sydney,Thursday
2026-01-22 22:48:19,8Cap Raw,USDJPY,158.371,158.372,0.001,1,Sydney,Thursday
2026-01-22 22:48:19,8Cap Raw,AUDUSD,0.68379,0.68381,2e-05,2,Sydney,Thursday
2026-01-22 22:52:20,Pepperstone Razor,XAUUSD,4919.88,4920.02,0.14,14,Sydney,Thursday
2026-01-22 22:52:21,Pepperstone Razor,EURUSD,1.17504,1.17504,0.0,0,Sydney,Thursday
2026-01-22 22:52:22,Pepperstone Razor,GBPUSD,1.34976,1.34978,2e-05,2,Sydney,Thursday
2026-01-22 22:52:23,Pepperstone Razor,USDJPY,158.396,158.4,0.004,4,Sydney,Thursday
2026-01-22 22:52:24,Pepperstone Razor,AUDUSD,0.68377,0.68378,1e-05,1,Sydney,Thursday
2026-01-22 22:52:31,FusionMarkets Zero,XAUUSD,4919.67,4919.72,0.05,5,Sydney,Thursday
2026-01-22 22:52:32,FusionMarkets Zero,EURUSD,1.17505,1.17505,0.0,0,Sydney,Thursday
2026-01-22 22:52:33,FusionMarkets Zero,GBPUSD,1.3498,1.3498,0.0,0,Sydney,Thursday
2026-01-22 22:52:34,FusionMarkets Zero,USDJPY,158.4,158.4,0.0,0,Sydney,Thursday
2026-01-22 22:52:35,FusionMarkets Zero,AUDUSD,0.68379,0.68379,0.0,0,Sydney,Thursday
2026-01-22 22:52:39,ThinkMarkets ThinkZero,XAUUSD,4920.16,4920.24,0.08,8,Sydney,Thursday
2026-01-22 22:52:40,ThinkMarkets ThinkZero,EURUSD,1.17499,1.17501,2e-05,2,Sydney,Thursday
2026-01-22 22:52:42,ThinkMarkets ThinkZero,GBPUSD,1.34972,1.34979,7e-05,7,Sydney,Thursday
2026-01-22 22:52:44,ThinkMarkets ThinkZero,USDJPY,158.402,158.406,0.004,4,Sydney,Thursday
2026-01-22 22:52:45,ThinkMarkets ThinkZero,AUDUSD,0.68374,0.68378,4e-05,4,Sydney,Thursday
2026-01-22 22:52:50,ICMarkets Raw,XAUUSD,4920.7,4920.77,0.07,7,Sydney,Thursday
2026-01-22 22:52:51,ICMarkets Raw,EURUSD,1.17494,1.17495,1e-05,1,Sydney,Thursday
2026-01-22 22:52:53,ICMarkets Raw,GBPUSD,1.34977,1.34979,2e-05,2,Sydney,Thursday
2026-01-22 22:52:54,ICMarkets Raw,USDJPY,158.406,158.408,0.002,2,Sydney,Thursday
2026-01-22 22:52:55,ICMarkets Raw,AUDUSD,0.68376,0.68376,0.0,0,Sydney,Thursday
2026-01-22 22:52:59,VantageMarkets Raw,XAUUSD,4920.6,4920.68,0.08,8,Sydney,Thursday
2026-01-22 22:53:00,VantageMarkets Raw,EURUSD,1.17493,1.17495,2e-05,2,Sydney,Thursday
2026-01-22 22:53:01,VantageMarkets Raw,GBPUSD,1.34978,1.34979,1e-05,1,Sydney,Thursday
2026-01-22 22:53:03,VantageMarkets Raw,USDJPY,158.408,158.41,0.002,2,Sydney,Thursday
2026-01-22 22:53:04,VantageMarkets Raw,AUDUSD,0.68376,0.6838,4e-05,4,Sydney,Thursday
2026-01-22 22:53:10,FPMarkets Raw,XAUUSD,4920.54,4920.61,0.07,7,Sydney,Thursday
2026-01-22 22:53:11,FPMarkets Raw,EURUSD,1.17494,1.17495,1e-05,1,Sydney,Thursday
2026-01-22 22:53:12,FPMarkets Raw,GBPUSD,1.34976,1.3498,4e-05,4,Sydney,Thursday
2026-01-22 22:53:13,FPMarkets Raw,USDJPY,158.408,158.411,0.003,3,Sydney,Thursday
2026-01-22 22:53:15,FPMarkets Raw,AUDUSD,0.68376,0.68378,2e-05,2,Sydney,Thursday
2026-01-22 22:53:17,8Cap Raw,XAUUSD,4920.29,4920.45,0.16,16,Sydney,Thursday
2026-01-22 22:53:18,8Cap Raw,EURUSD,1.17496,1.17496,0.0,0,Sydney,Thursday
2026-01-22 22:53:19,8Cap Raw,GBPUSD,1.34979,1.3498,1e-05,1,Sydney,Thursday
2026-01-22 22:53:19,8Cap Raw,USDJPY,158.409,158.41,0.001,1,Sydney,Thursday
2026-01-22 22:53:20,8Cap Raw,AUDUSD,0.68376,0.68378,2e-05,2,Sydney,Thursday
2026-01-22 22:57:20,Pepperstone Razor,XAUUSD,4920.79,4920.95,0.16,16,Sydney,Thursday
2026-01-22 22:57:21,Pepperstone Razor,EURUSD,1.17485,1.17485,0.0,0,Sydney,Thursday
2026-01-22 22:57:22,Pepperstone Razor,GBPUSD,1.34966,1.34967,1e-05,1,Sydney,Thursday
2026-01-22 22:57:23,Pepperstone Razor,USDJPY,158.425,158.428,0.003,3,Sydney,Thursday
2026-01-22 22:57:25,Pepperstone Razor,AUDUSD,0.68383,0.68383,0.0,0,Sydney,Thursday
2026-01-22 22:57:31,FusionMarkets Zero,XAUUSD,4918.41,4918.51,0.1,10,Sydney,Thursday
2026-01-22 22:57:32,FusionMarkets Zero,EURUSD,1.1748,1.1748,0.0,0,Sydney,Thursday
2026-01-22 22:57:33,FusionMarkets Zero,GBPUSD,1.34965,1.34965,0.0,0,Sydney,Thursday
2026-01-22 22:57:34,FusionMarkets Zero,USDJPY,158.425,158.425,0.0,0,Sydney,Thursday
2026-01-22 22:57:35,FusionMarkets Zero,AUDUSD,0.68386,0.68386,0.0,0,Sydney,Thursday
2026-01-22 22:57:38,ThinkMarkets ThinkZero,XAUUSD,4918.43,4918.51,0.08,8,Sydney,Thursday
2026-01-22 22:57:40,ThinkMarkets ThinkZero,EURUSD,1.1748,1.17483,3e-05,3,Sydney,Thursday
2026-01-22 22:57:41,ThinkMarkets ThinkZero,GBPUSD,1.34963,1.3497,7e-05,7,Sydney,Thursday
2026-01-22 22:57:42,ThinkMarkets ThinkZero,USDJPY,158.423,158.427,0.004,4,Sydney,Thursday
2026-01-22 22:57:43,ThinkMarkets ThinkZero,AUDUSD,0.68382,0.68386,4e-05,4,Sydney,Thursday
2026-01-22 22:57:48,ICMarkets Raw,XAUUSD,4917.92,4918.0,0.08,8,Sydney,Thursday
2026-01-22 22:57:49,ICMarkets Raw,EURUSD,1.17484,1.17484,0.0,0,Sydney,Thursday
2026-01-22 22:57:50,ICMarkets Raw,GBPUSD,1.34969,1.3497,1e-05,1,Sydney,Thursday
2026-01-22 22:57:52,ICMarkets Raw,USDJPY,158.426,158.426,0.0,0,Sydney,Thursday
2026-01-22 22:57:53,ICMarkets Raw,AUDUSD,0.68385,0.68386,1e-05,1,Sydney,Thursday
2026-01-22 22:57:57,VantageMarkets Raw,XAUUSD,4917.61,4917.69,0.08,8,Sydney,Thursday
2026-01-22 22:57:58,VantageMarkets Raw,EURUSD,1.17482,1.17483,1e-05,1,Sydney,Thursday
2026-01-22 22:57:59,VantageMarkets Raw,GBPUSD,1.34968,1.34969,1e-05,1,Sydney,Thursday
2026-01-22 22:58:00,VantageMarkets Raw,USDJPY,158.425,158.427,0.002,2,Sydney,Thursday
2026-01-22 22:58:01,VantageMarkets Raw,AUDUSD,0.68383,0.68387,4e-05,4,Sydney,Thursday
2026-01-22 22:58:07,FPMarkets Raw,XAUUSD,4917.7,4917.77,0.07,7,Sydney,Thursday
2026-01-22 22:58:08,FPMarkets Raw,EURUSD,1.17483,1.17485,2e-05,2,Sydney,Thursday
2026-01-22 22:58:09,FPMarkets Raw,GBPUSD,1.34974,1.34975,1e-05,1,Sydney,Thursday
2026-01-22 22:58:10,FPMarkets Raw,USDJPY,158.425,158.428,0.003,3,Sydney,Thursday
2026-01-22 22:58:12,FPMarkets Raw,AUDUSD,0.68381,0.68385,4e-05,4,Sydney,Thursday
2026-01-22 22:58:14,8Cap Raw,XAUUSD,4916.65,4916.81,0.16,16,Sydney,Thursday
2026-01-22 22:58:15,8Cap Raw,EURUSD,1.17482,1.17482,0.0,0,Sydney,Thursday
2026-01-22 22:58:15,8Cap Raw,GBPUSD,1.34973,1.34974,1e-05,1,Sydney,Thursday
2026-01-22 22:58:16,8Cap Raw,USDJPY,158.422,158.423,0.001,1,Sydney,Thursday
2026-01-22 22:58:17,8Cap Raw,AUDUSD,0.68381,0.68384,3e-05,3,Sydney,Thursday
2026-01-22 23:02:19,Pepperstone Razor,XAUUSD,4915.07,4915.34,0.27,27,Sydney,Thursday
2026-01-22 23:02:21,Pepperstone Razor,EURUSD,1.17488,1.17489,1e-05,1,Sydney,Thursday
2026-01-22 23:02:22,Pepperstone Razor,GBPUSD,1.34961,1.34964,3e-05,3,Sydney,Thursday
2026-01-22 23:02:23,Pepperstone Razor,USDJPY,158.438,158.438,0.0,0,Sydney,Thursday
2026-01-22 23:02:24,Pepperstone Razor,AUDUSD,0.68382,0.68382,0.0,0,Sydney,Thursday
2026-01-22 23:02:29,FusionMarkets Zero,XAUUSD,4914.89,4914.94,0.05,5,Sydney,Thursday
2026-01-22 23:02:31,FusionMarkets Zero,EURUSD,1.1748,1.1748,0.0,0,Sydney,Thursday
2026-01-22 23:02:32,FusionMarkets Zero,GBPUSD,1.34963,1.34963,0.0,0,Sydney,Thursday
2026-01-22 23:02:33,FusionMarkets Zero,USDJPY,158.44,158.442,0.002,2,Sydney,Thursday
2026-01-22 23:02:34,FusionMarkets Zero,AUDUSD,0.68385,0.68385,0.0,0,Sydney,Thursday
2026-01-22 23:02:37,ThinkMarkets ThinkZero,XAUUSD,4915.25,4915.33,0.08,8,Sydney,Thursday
2026-01-22 23:02:38,ThinkMarkets ThinkZero,EURUSD,1.17477,1.17479,2e-05,2,Sydney,Thursday
2026-01-22 23:02:39,ThinkMarkets ThinkZero,GBPUSD,1.34959,1.34966,7e-05,7,Sydney,Thursday
2026-01-22 23:02:40,ThinkMarkets ThinkZero,USDJPY,158.441,158.447,0.006,6,Sydney,Thursday
2026-01-22 23:02:42,ThinkMarkets ThinkZero,AUDUSD,0.68382,0.68385,3e-05,3,Sydney,Thursday
2026-01-22 23:02:47,ICMarkets Raw,XAUUSD,4915.28,4915.33,0.05,5,Sydney,Thursday
2026-01-22 23:02:48,ICMarkets Raw,EURUSD,1.17479,1.17479,0.0,0,Sydney,Thursday
2026-01-22 23:02:49,ICMarkets Raw,GBPUSD,1.34963,1.34964,1e-05,1,Sydney,Thursday
2026-01-22 23:02:50,ICMarkets Raw,USDJPY,158.443,158.444,0.001,1,Sydney,Thursday
2026-01-22 23:02:52,ICMarkets Raw,AUDUSD,0.68383,0.68383,0.0,0,Sydney,Thursday
2026-01-22 23:02:56,VantageMarkets Raw,XAUUSD,4915.84,4915.92,0.08,8,Sydney,Thursday
2026-01-22 23:02:57,VantageMarkets Raw,EURUSD,1.17479,1.1748,1e-05,1,Sydney,Thursday
2026-01-22 23:02:58,VantageMarkets Raw,GBPUSD,1.34964,1.34965,1e-05,1,Sydney,Thursday
2026-01-22 23:02:59,VantageMarkets Raw,USDJPY,158.446,158.451,0.005,5,Sydney,Thursday
2026-01-22 23:03:00,VantageMarkets Raw,AUDUSD,0.68382,0.68385,3e-05,3,Sydney,Thursday
2026-01-22 23:03:05,FPMarkets Raw,XAUUSD,4916.87,4916.94,0.07,7,Sydney,Thursday
2026-01-22 23:03:06,FPMarkets Raw,EURUSD,1.17477,1.17479,2e-05,2,Sydney,Thursday
2026-01-22 23:03:08,FPMarkets Raw,GBPUSD,1.34963,1.34967,4e-05,4,Sydney,Thursday
2026-01-22 23:03:09,FPMarkets Raw,USDJPY,158.449,158.452,0.003,3,Sydney,Thursday
2026-01-22 23:03:10,FPMarkets Raw,AUDUSD,0.68382,0.68385,3e-05,3,Sydney,Thursday
2026-01-22 23:03:12,8Cap Raw,XAUUSD,4916.34,4916.5,0.16,16,Sydney,Thursday
2026-01-22 23:03:12,8Cap Raw,EURUSD,1.17479,1.17479,0.0,0,Sydney,Thursday
2026-01-22 23:03:13,8Cap Raw,GBPUSD,1.34964,1.34965,1e-05,1,Sydney,Thursday
2026-01-22 23:03:14,8Cap Raw,USDJPY,158.448,158.449,0.001,1,Sydney,Thursday
2026-01-22 23:03:15,8Cap Raw,AUDUSD,0.68382,0.68385,3e-05,3,Sydney,Thursday
2026-01-22 23:07:16,Pepperstone Razor,XAUUSD,4919.76,4920.03,0.27,27,Sydney,Thursday
2026-01-22 23:07:18,Pepperstone Razor,EURUSD,1.17478,1.17479,1e-05,1,Sydney,Thursday
2026-01-22 23:07:19,Pepperstone Razor,GBPUSD,1.35006,1.35008,2e-05,2,Sydney,Thursday
2026-01-22 23:07:20,Pepperstone Razor,USDJPY,158.464,158.468,0.004,4,Sydney,Thursday
2026-01-22 23:07:21,Pepperstone Razor,AUDUSD,0.6839,0.68392,2e-05,2,Sydney,Thursday
2026-01-22 23:07:24,FusionMarkets Zero,XAUUSD,4919.88,4919.93,0.05,5,Sydney,Thursday
2026-01-22 23:07:25,FusionMarkets Zero,EURUSD,1.17481,1.17481,0.0,0,Sydney,Thursday
2026-01-22 23:07:27,FusionMarkets Zero,GBPUSD,1.35006,1.35008,2e-05,2,Sydney,Thursday
2026-01-22 23:07:28,FusionMarkets Zero,USDJPY,158.462,158.462,0.0,0,Sydney,Thursday
2026-01-22 23:07:29,FusionMarkets Zero,AUDUSD,0.68391,0.68391,0.0,0,Sydney,Thursday
2026-01-22 23:07:32,ThinkMarkets ThinkZero,XAUUSD,4919.59,4919.67,0.08,8,Sydney,Thursday
2026-01-22 23:07:33,ThinkMarkets ThinkZero,EURUSD,1.17478,1.17481,3e-05,3,Sydney,Thursday
2026-01-22 23:07:34,ThinkMarkets ThinkZero,GBPUSD,1.35005,1.3501,5e-05,5,Sydney,Thursday
2026-01-22 23:07:35,ThinkMarkets ThinkZero,USDJPY,158.46,158.466,0.006,6,Sydney,Thursday
2026-01-22 23:07:36,ThinkMarkets ThinkZero,AUDUSD,0.68388,0.68391,3e-05,3,Sydney,Thursday
2026-01-22 23:07:39,ICMarkets Raw,XAUUSD,4920.18,4920.24,0.06,6,Sydney,Thursday
2026-01-22 23:07:40,ICMarkets Raw,EURUSD,1.17481,1.17481,0.0,0,Sydney,Thursday
2026-01-22 23:07:42,ICMarkets Raw,GBPUSD,1.35006,1.3501,4e-05,4,Sydney,Thursday
2026-01-22 23:07:43,ICMarkets Raw,USDJPY,158.459,158.459,0.0,0,Sydney,Thursday
2026-01-22 23:07:44,ICMarkets Raw,AUDUSD,0.6839,0.6839,0.0,0,Sydney,Thursday
2026-01-22 23:07:47,VantageMarkets Raw,XAUUSD,4920.16,4920.24,0.08,8,Sydney,Thursday
2026-01-22 23:07:48,VantageMarkets Raw,EURUSD,1.17481,1.17482,1e-05,1,Sydney,Thursday
2026-01-22 23:07:49,VantageMarkets Raw,GBPUSD,1.35007,1.35008,1e-05,1,Sydney,Thursday
2026-01-22 23:07:50,VantageMarkets Raw,USDJPY,158.462,158.464,0.002,2,Sydney,Thursday
2026-01-22 23:07:51,VantageMarkets Raw,AUDUSD,0.68388,0.68391,3e-05,3,Sydney,Thursday
2026-01-22 23:07:54,FPMarkets Raw,XAUUSD,4920.1,4920.17,0.07,7,Sydney,Thursday
2026-01-22 23:07:55,FPMarkets Raw,EURUSD,1.1748,1.17481,1e-05,1,Sydney,Thursday
2026-01-22 23:07:56,FPMarkets Raw,GBPUSD,1.35009,1.35009,0.0,0,Sydney,Thursday
2026-01-22 23:07:58,FPMarkets Raw,USDJPY,158.459,158.462,0.003,3,Sydney,Thursday
2026-01-22 23:07:59,FPMarkets Raw,AUDUSD,0.68387,0.68391,4e-05,4,Sydney,Thursday
2026-01-22 23:08:01,8Cap Raw,XAUUSD,4919.92,4920.08,0.16,16,Sydney,Thursday
2026-01-22 23:08:02,8Cap Raw,EURUSD,1.17481,1.17482,1e-05,1,Sydney,Thursday
2026-01-22 23:08:02,8Cap Raw,GBPUSD,1.3501,1.35011,1e-05,1,Sydney,Thursday
2026-01-22 23:08:03,8Cap Raw,USDJPY,158.456,158.459,0.003,3,Sydney,Thursday
2026-01-22 23:08:04,8Cap Raw,AUDUSD,0.68387,0.68391,4e-05,4,Sydney,Thursday
2026-01-22 23:12:16,Pepperstone Razor,XAUUSD,4921.83,4922.1,0.27,27,Sydney,Thursday
2026-01-22 23:12:17,Pepperstone Razor,EURUSD,1.17489,1.1749,1e-05,1,Sydney,Thursday
2026-01-22 23:12:19,Pepperstone Razor,GBPUSD,1.34996,1.34998,2e-05,2,Sydney,Thursday
2026-01-22 23:12:20,Pepperstone Razor,USDJPY,158.408,158.412,0.004,4,Sydney,Thursday
2026-01-22 23:12:21,Pepperstone Razor,AUDUSD,0.68385,0.68386,1e-05,1,Sydney,Thursday
2026-01-22 23:12:24,FusionMarkets Zero,XAUUSD,4921.78,4921.83,0.05,5,Sydney,Thursday
2026-01-22 23:12:25,FusionMarkets Zero,EURUSD,1.17487,1.17487,0.0,0,Sydney,Thursday
2026-01-22 23:12:27,FusionMarkets Zero,GBPUSD,1.34996,1.34997,1e-05,1,Sydney,Thursday
2026-01-22 23:12:28,FusionMarkets Zero,USDJPY,158.41,158.411,0.001,1,Sydney,Thursday
2026-01-22 23:12:29,FusionMarkets Zero,AUDUSD,0.68384,0.68384,0.0,0,Sydney,Thursday
2026-01-22 23:12:32,ThinkMarkets ThinkZero,XAUUSD,4921.98,4922.06,0.08,8,Sydney,Thursday
2026-01-22 23:12:33,ThinkMarkets ThinkZero,EURUSD,1.17486,1.17489,3e-05,3,Sydney,Thursday
2026-01-22 23:12:35,ThinkMarkets ThinkZero,GBPUSD,1.34992,1.34999,7e-05,7,Sydney,Thursday
2026-01-22 23:12:36,ThinkMarkets ThinkZero,USDJPY,158.411,158.414,0.003,3,Sydney,Thursday
2026-01-22 23:12:37,ThinkMarkets ThinkZero,AUDUSD,0.68381,0.68383,2e-05,2,Sydney,Thursday
2026-01-22 23:12:40,ICMarkets Raw,XAUUSD,4922.12,4922.17,0.05,5,Sydney,Thursday
2026-01-22 23:12:41,ICMarkets Raw,EURUSD,1.17487,1.17488,1e-05,1,Sydney,Thursday
2026-01-22 23:12:43,ICMarkets Raw,GBPUSD,1.34996,1.34997,1e-05,1,Sydney,Thursday
2026-01-22 23:12:44,ICMarkets Raw,USDJPY,158.413,158.413,0.0,0,Sydney,Thursday
2026-01-22 23:12:45,ICMarkets Raw,AUDUSD,0.68383,0.68383,0.0,0,Sydney,Thursday
2026-01-22 23:12:48,VantageMarkets Raw,XAUUSD,4922.08,4922.16,0.08,8,Sydney,Thursday
2026-01-22 23:12:49,VantageMarkets Raw,EURUSD,1.17487,1.17489,2e-05,2,Sydney,Thursday
2026-01-22 23:12:50,VantageMarkets Raw,GBPUSD,1.34996,1.34997,1e-05,1,Sydney,Thursday
2026-01-22 23:12:51,VantageMarkets Raw,USDJPY,158.411,158.413,0.002,2,Sydney,Thursday
2026-01-22 23:12:52,VantageMarkets Raw,AUDUSD,0.68382,0.68385,3e-05,3,Sydney,Thursday
2026-01-22 23:12:55,FPMarkets Raw,XAUUSD,4922.36,4922.43,0.07,7,Sydney,Thursday
2026-01-22 23:12:56,FPMarkets Raw,EURUSD,1.17488,1.17488,0.0,0,Sydney,Thursday
2026-01-22 23:12:58,FPMarkets Raw,GBPUSD,1.34996,1.34997,1e-05,1,Sydney,Thursday
2026-01-22 23:12:59,FPMarkets Raw,USDJPY,158.411,158.415,0.004,4,Sydney,Thursday
2026-01-22 23:13:00,FPMarkets Raw,AUDUSD,0.68381,0.68384,3e-05,3,Sydney,Thursday
2026-01-22 23:13:02,8Cap Raw,XAUUSD,4921.49,4921.65,0.16,16,Sydney,Thursday
2026-01-22 23:13:03,8Cap Raw,EURUSD,1.17485,1.17487,2e-05,2,Sydney,Thursday
2026-01-22 23:13:03,8Cap Raw,GBPUSD,1.34995,1.34996,1e-05,1,Sydney,Thursday
2026-01-22 23:13:04,8Cap Raw,USDJPY,158.41,158.414,0.004,4,Sydney,Thursday
2026-01-22 23:13:05,8Cap Raw,AUDUSD,0.68388,0.68391,3e-05,3,Sydney,Thursday
2026-01-22 23:17:17,Pepperstone Razor,XAUUSD,4923.19,4923.51,0.32,32,Sydney,Thursday
2026-01-22 23:17:18,Pepperstone Razor,EURUSD,1.17492,1.17493,1e-05,1,Sydney,Thursday
2026-01-22 23:17:19,Pepperstone Razor,GBPUSD,1.35003,1.35005,2e-05,2,Sydney,Thursday
2026-01-22 23:17:20,Pepperstone Razor,USDJPY,158.41,158.41,0.0,0,Sydney,Thursday
2026-01-22 23:17:21,Pepperstone Razor,AUDUSD,0.68389,0.6839,1e-05,1,Sydney,Thursday
2026-01-22 23:17:25,FusionMarkets Zero,XAUUSD,4923.42,4923.49,0.07,7,Sydney,Thursday
2026-01-22 23:17:26,FusionMarkets Zero,EURUSD,1.17491,1.17491,0.0,0,Sydney,Thursday
2026-01-22 23:17:27,FusionMarkets Zero,GBPUSD,1.35007,1.35007,0.0,0,Sydney,Thursday
2026-01-22 23:17:28,FusionMarkets Zero,USDJPY,158.411,158.411,0.0,0,Sydney,Thursday
2026-01-22 23:17:29,FusionMarkets Zero,AUDUSD,0.68391,0.68391,0.0,0,Sydney,Thursday
2026-01-22 23:17:33,ThinkMarkets ThinkZero,XAUUSD,4923.26,4923.34,0.08,8,Sydney,Thursday
2026-01-22 23:17:34,ThinkMarkets ThinkZero,EURUSD,1.1749,1.17493,3e-05,3,Sydney,Thursday
2026-01-22 23:17:35,ThinkMarkets ThinkZero,GBPUSD,1.35003,1.35009,6e-05,6,Sydney,Thursday
2026-01-22 23:17:36,ThinkMarkets ThinkZero,USDJPY,158.409,158.414,0.005,5,Sydney,Thursday
2026-01-22 23:17:37,ThinkMarkets ThinkZero,AUDUSD,0.68389,0.68391,2e-05,2,Sydney,Thursday
2026-01-22 23:17:41,ICMarkets Raw,XAUUSD,4922.87,4922.95,0.08,8,Sydney,Thursday
2026-01-22 23:17:42,ICMarkets Raw,EURUSD,1.17491,1.17491,0.0,0,Sydney,Thursday
2026-01-22 23:17:43,ICMarkets Raw,GBPUSD,1.35007,1.35008,1e-05,1,Sydney,Thursday
2026-01-22 23:17:45,ICMarkets Raw,USDJPY,158.412,158.412,0.0,0,Sydney,Thursday
2026-01-22 23:17:46,ICMarkets Raw,AUDUSD,0.68391,0.68391,0.0,0,Sydney,Thursday
2026-01-22 23:17:49,VantageMarkets Raw,XAUUSD,4922.89,4922.97,0.08,8,Sydney,Thursday
2026-01-22 23:17:50,VantageMarkets Raw,EURUSD,1.17491,1.17492,1e-05,1,Sydney,Thursday
2026-01-22 23:17:51,VantageMarkets Raw,GBPUSD,1.35007,1.35008,1e-05,1,Sydney,Thursday
2026-01-22 23:17:52,VantageMarkets Raw,USDJPY,158.411,158.413,0.002,2,Sydney,Thursday
2026-01-22 23:17:53,VantageMarkets Raw,AUDUSD,0.6839,0.68392,2e-05,2,Sydney,Thursday
2026-01-22 23:17:57,FPMarkets Raw,XAUUSD,4922.82,4922.89,0.07,7,Sydney,Thursday
2026-01-22 23:17:58,FPMarkets Raw,EURUSD,1.17492,1.17492,0.0,0,Sydney,Thursday
2026-01-22 23:17:59,FPMarkets Raw,GBPUSD,1.35003,1.35009,6e-05,6,Sydney,Thursday
2026-01-22 23:18:00,FPMarkets Raw,USDJPY,158.41,158.413,0.003,3,Sydney,Thursday
2026-01-22 23:18:02,FPMarkets Raw,AUDUSD,0.68389,0.68392,3e-05,3,Sydney,Thursday
2026-01-22 23:18:03,8Cap Raw,XAUUSD,4922.71,4922.87,0.16,16,Sydney,Thursday
2026-01-22 23:18:04,8Cap Raw,EURUSD,1.17492,1.17492,0.0,0,Sydney,Thursday
2026-01-22 23:18:05,8Cap Raw,GBPUSD,1.35008,1.35009,1e-05,1,Sydney,Thursday
2026-01-22 23:18:05,8Cap Raw,USDJPY,158.411,158.412,0.001,1,Sydney,Thursday
2026-01-22 23:18:06,8Cap Raw,AUDUSD,0.68389,0.68392,3e-05,3,Sydney,Thursday
2026-01-22 23:22:17,Pepperstone Razor,XAUUSD,4921.36,4921.63,0.27,27,Sydney,Thursday
2026-01-22 23:22:18,Pepperstone Razor,EURUSD,1.17497,1.17497,0.0,0,Sydney,Thursday
2026-01-22 23:22:19,Pepperstone Razor,GBPUSD,1.34988,1.34991,3e-05,3,Sydney,Thursday
2026-01-22 23:22:21,Pepperstone Razor,USDJPY,158.412,158.414,0.002,2,Sydney,Thursday
2026-01-22 23:22:22,Pepperstone Razor,AUDUSD,0.68393,0.68394,1e-05,1,Sydney,Thursday
2026-01-22 23:22:25,FusionMarkets Zero,XAUUSD,4921.19,4921.25,0.06,6,Sydney,Thursday
2026-01-22 23:22:27,FusionMarkets Zero,EURUSD,1.17507,1.17507,0.0,0,Sydney,Thursday
2026-01-22 23:22:28,FusionMarkets Zero,GBPUSD,1.35002,1.35004,2e-05,2,Sydney,Thursday
2026-01-22 23:22:29,FusionMarkets Zero,USDJPY,158.408,158.41,0.002,2,Sydney,Thursday
2026-01-22 23:22:30,FusionMarkets Zero,AUDUSD,0.684,0.684,0.0,0,Sydney,Thursday
2026-01-22 23:22:34,ThinkMarkets ThinkZero,XAUUSD,4921.02,4921.1,0.08,8,Sydney,Thursday
2026-01-22 23:22:35,ThinkMarkets ThinkZero,EURUSD,1.17525,1.17528,3e-05,3,Sydney,Thursday
2026-01-22 23:22:36,ThinkMarkets ThinkZero,GBPUSD,1.35001,1.35007,6e-05,6,Sydney,Thursday
2026-01-22 23:22:37,ThinkMarkets ThinkZero,USDJPY,158.407,158.413,0.006,6,Sydney,Thursday
2026-01-22 23:22:38,ThinkMarkets ThinkZero,AUDUSD,0.68401,0.68405,4e-05,4,Sydney,Thursday
2026-01-22 23:22:41,ICMarkets Raw,XAUUSD,4921.59,4921.68,0.09,9,Sydney,Thursday
2026-01-22 23:22:42,ICMarkets Raw,EURUSD,1.17525,1.17528,3e-05,3,Sydney,Thursday
2026-01-22 23:22:44,ICMarkets Raw,GBPUSD,1.35016,1.35018,2e-05,2,Sydney,Thursday
2026-01-22 23:22:45,ICMarkets Raw,USDJPY,158.401,158.402,0.001,1,Sydney,Thursday
2026-01-22 23:22:46,ICMarkets Raw,AUDUSD,0.68404,0.68404,0.0,0,Sydney,Thursday
2026-01-22 23:22:49,VantageMarkets Raw,XAUUSD,4921.67,4921.75,0.08,8,Sydney,Thursday
2026-01-22 23:22:50,VantageMarkets Raw,EURUSD,1.17531,1.17533,2e-05,2,Sydney,Thursday
2026-01-22 23:22:51,VantageMarkets Raw,GBPUSD,1.35016,1.35021,5e-05,5,Sydney,Thursday
2026-01-22 23:22:52,VantageMarkets Raw,USDJPY,158.399,158.403,0.004,4,Sydney,Thursday
2026-01-22 23:22:54,VantageMarkets Raw,AUDUSD,0.68403,0.68407,4e-05,4,Sydney,Thursday
2026-01-22 23:22:57,FPMarkets Raw,XAUUSD,4921.92,4921.99,0.07,7,Sydney,Thursday
2026-01-22 23:22:58,FPMarkets Raw,EURUSD,1.17538,1.1754,2e-05,2,Sydney,Thursday
2026-01-22 23:22:59,FPMarkets Raw,GBPUSD,1.35019,1.35023,4e-05,4,Sydney,Thursday
2026-01-22 23:23:01,FPMarkets Raw,USDJPY,158.396,158.399,0.003,3,Sydney,Thursday
2026-01-22 23:23:02,FPMarkets Raw,AUDUSD,0.68402,0.68405,3e-05,3,Sydney,Thursday
2026-01-22 23:23:04,8Cap Raw,XAUUSD,4921.47,4921.63,0.16,16,Sydney,Thursday
2026-01-22 23:23:04,8Cap Raw,EURUSD,1.1753,1.1753,0.0,0,Sydney,Thursday
2026-01-22 23:23:05,8Cap Raw,GBPUSD,1.35017,1.35021,4e-05,4,Sydney,Thursday
2026-01-22 23:23:06,8Cap Raw,USDJPY,158.4,158.401,0.001,1,Sydney,Thursday
2026-01-22 23:23:07,8Cap Raw,AUDUSD,0.68401,0.68405,4e-05,4,Sydney,Thursday
2026-01-22 23:27:17,Pepperstone Razor,XAUUSD,4922.18,4922.45,0.27,27,Sydney,Thursday
2026-01-22 23:27:18,Pepperstone Razor,EURUSD,1.17527,1.17528,1e-05,1,Sydney,Thursday
2026-01-22 23:27:19,Pepperstone Razor,GBPUSD,1.35028,1.3503,2e-05,2,Sydney,Thursday
2026-01-22 23:27:20,Pepperstone Razor,USDJPY,158.409,158.413,0.004,4,Sydney,Thursday
2026-01-22 23:27:22,Pepperstone Razor,AUDUSD,0.68409,0.6841,1e-05,1,Sydney,Thursday
2026-01-22 23:27:25,FusionMarkets Zero,XAUUSD,4922.31,4922.36,0.05,5,Sydney,Thursday
2026-01-22 23:27:26,FusionMarkets Zero,EURUSD,1.17534,1.17534,0.0,0,Sydney,Thursday
2026-01-22 23:27:28,FusionMarkets Zero,GBPUSD,1.35029,1.35029,0.0,0,Sydney,Thursday
2026-01-22 23:27:29,FusionMarkets Zero,USDJPY,158.399,158.402,0.003,3,Sydney,Thursday
2026-01-22 23:27:30,FusionMarkets Zero,AUDUSD,0.68412,0.68412,0.0,0,Sydney,Thursday
2026-01-22 23:27:34,ThinkMarkets ThinkZero,XAUUSD,4922.02,4922.1,0.08,8,Sydney,Thursday
2026-01-22 23:27:35,ThinkMarkets ThinkZero,EURUSD,1.17533,1.17536,3e-05,3,Sydney,Thursday
2026-01-22 23:27:36,ThinkMarkets ThinkZero,GBPUSD,1.35024,1.3503,6e-05,6,Sydney,Thursday
2026-01-22 23:27:37,ThinkMarkets ThinkZero,USDJPY,158.398,158.402,0.004,4,Sydney,Thursday
2026-01-22 23:27:38,ThinkMarkets ThinkZero,AUDUSD,0.68411,0.68415,4e-05,4,Sydney,Thursday
2026-01-22 23:27:42,ICMarkets Raw,XAUUSD,4922.7,4922.75,0.05,5,Sydney,Thursday
2026-01-22 23:27:43,ICMarkets Raw,EURUSD,1.17534,1.17537,3e-05,3,Sydney,Thursday
2026-01-22 23:27:44,ICMarkets Raw,GBPUSD,1.35027,1.35028,1e-05,1,Sydney,Thursday
2026-01-22 23:27:45,ICMarkets Raw,USDJPY,158.398,158.4,0.002,2,Sydney,Thursday
2026-01-22 23:27:47,ICMarkets Raw,AUDUSD,0.68413,0.68413,0.0,0,Sydney,Thursday
2026-01-22 23:27:49,VantageMarkets Raw,XAUUSD,4922.45,4922.53,0.08,8,Sydney,Thursday
2026-01-22 23:27:51,VantageMarkets Raw,EURUSD,1.17535,1.17536,1e-05,1,Sydney,Thursday
2026-01-22 23:27:52,VantageMarkets Raw,GBPUSD,1.35028,1.35029,1e-05,1,Sydney,Thursday
2026-01-22 23:27:53,VantageMarkets Raw,USDJPY,158.402,158.404,0.002,2,Sydney,Thursday
2026-01-22 23:27:54,VantageMarkets Raw,AUDUSD,0.68409,0.68413,4e-05,4,Sydney,Thursday
2026-01-22 23:27:57,FPMarkets Raw,XAUUSD,4922.46,4922.53,0.07,7,Sydney,Thursday
2026-01-22 23:27:59,FPMarkets Raw,EURUSD,1.17534,1.17536,2e-05,2,Sydney,Thursday
2026-01-22 23:28:00,FPMarkets Raw,GBPUSD,1.35025,1.35029,4e-05,4,Sydney,Thursday
2026-01-22 23:28:01,FPMarkets Raw,USDJPY,158.404,158.407,0.003,3,Sydney,Thursday
2026-01-22 23:28:02,FPMarkets Raw,AUDUSD,0.68411,0.68415,4e-05,4,Sydney,Thursday
2026-01-22 23:28:04,8Cap Raw,XAUUSD,4922.09,4922.25,0.16,16,Sydney,Thursday
2026-01-22 23:28:05,8Cap Raw,EURUSD,1.17535,1.17535,0.0,0,Sydney,Thursday
2026-01-22 23:28:05,8Cap Raw,GBPUSD,1.35035,1.35036,1e-05,1,Sydney,Thursday
2026-01-22 23:28:06,8Cap Raw,USDJPY,158.405,158.406,0.001,1,Sydney,Thursday
2026-01-22 23:28:07,8Cap Raw,AUDUSD,0.68413,0.68416,3e-05,3,Sydney,Thursday
2026-01-22 23:32:17,Pepperstone Razor,XAUUSD,4926.51,4926.78,0.27,27,Sydney,Thursday
2026-01-22 23:32:19,Pepperstone Razor,EURUSD,1.17546,1.17547,1e-05,1,Sydney,Thursday
2026-01-22 23:32:20,Pepperstone Razor,GBPUSD,1.35051,1.35053,2e-05,2,Sydney,Thursday
2026-01-22 23:32:21,Pepperstone Razor,USDJPY,158.403,158.404,0.001,1,Sydney,Thursday
2026-01-22 23:32:22,Pepperstone Razor,AUDUSD,0.68417,0.68419,2e-05,2,Sydney,Thursday
2026-01-22 23:32:25,FusionMarkets Zero,XAUUSD,4928.43,4928.55,0.12,12,Sydney,Thursday
2026-01-22 23:32:27,FusionMarkets Zero,EURUSD,1.17547,1.17547,0.0,0,Sydney,Thursday
2026-01-22 23:32:28,FusionMarkets Zero,GBPUSD,1.35048,1.35048,0.0,0,Sydney,Thursday
2026-01-22 23:32:29,FusionMarkets Zero,USDJPY,158.402,158.402,0.0,0,Sydney,Thursday
2026-01-22 23:32:30,FusionMarkets Zero,AUDUSD,0.68423,0.68423,0.0,0,Sydney,Thursday
2026-01-22 23:32:34,ThinkMarkets ThinkZero,XAUUSD,4927.95,4928.03,0.08,8,Sydney,Thursday
2026-01-22 23:32:35,ThinkMarkets ThinkZero,EURUSD,1.17545,1.17547,2e-05,2,Sydney,Thursday
2026-01-22 23:32:36,ThinkMarkets ThinkZero,GBPUSD,1.35045,1.35051,6e-05,6,Sydney,Thursday
2026-01-22 23:32:37,ThinkMarkets ThinkZero,USDJPY,158.397,158.402,0.005,5,Sydney,Thursday
2026-01-22 23:32:38,ThinkMarkets ThinkZero,AUDUSD,0.68418,0.68422,4e-05,4,Sydney,Thursday
2026-01-22 23:32:42,ICMarkets Raw,XAUUSD,4929.14,4929.27,0.13,13,Sydney,Thursday
2026-01-22 23:32:43,ICMarkets Raw,EURUSD,1.17546,1.17546,0.0,0,Sydney,Thursday
2026-01-22 23:32:45,ICMarkets Raw,GBPUSD,1.3505,1.35051,1e-05,1,Sydney,Thursday
2026-01-22 23:32:46,ICMarkets Raw,USDJPY,158.401,158.402,0.001,1,Sydney,Thursday
2026-01-22 23:32:47,ICMarkets Raw,AUDUSD,0.6842,0.6842,0.0,0,Sydney,Thursday
2026-01-22 23:32:50,VantageMarkets Raw,XAUUSD,4929.56,4929.64,0.08,8,Sydney,Thursday
2026-01-22 23:32:51,VantageMarkets Raw,EURUSD,1.17547,1.17549,2e-05,2,Sydney,Thursday
2026-01-22 23:32:52,VantageMarkets Raw,GBPUSD,1.35052,1.35053,1e-05,1,Sydney,Thursday
2026-01-22 23:32:54,VantageMarkets Raw,USDJPY,158.399,158.401,0.002,2,Sydney,Thursday
2026-01-22 23:32:55,VantageMarkets Raw,AUDUSD,0.68421,0.68424,3e-05,3,Sydney,Thursday
2026-01-22 23:32:58,FPMarkets Raw,XAUUSD,4929.66,4929.73,0.07,7,Sydney,Thursday
2026-01-22 23:32:59,FPMarkets Raw,EURUSD,1.17549,1.17549,0.0,0,Sydney,Thursday
2026-01-22 23:33:01,FPMarkets Raw,GBPUSD,1.35053,1.35054,1e-05,1,Sydney,Thursday
2026-01-22 23:33:02,FPMarkets Raw,USDJPY,158.396,158.399,0.003,3,Sydney,Thursday
2026-01-22 23:33:03,FPMarkets Raw,AUDUSD,0.6842,0.68425,5e-05,5,Sydney,Thursday
2026-01-22 23:33:05,8Cap Raw,XAUUSD,4930.31,4930.47,0.16,16,Sydney,Thursday
2026-01-22 23:33:05,8Cap Raw,EURUSD,1.17548,1.17549,1e-05,1,Sydney,Thursday
2026-01-22 23:33:06,8Cap Raw,GBPUSD,1.35055,1.35056,1e-05,1,Sydney,Thursday
2026-01-22 23:33:07,8Cap Raw,USDJPY,158.399,158.4,0.001,1,Sydney,Thursday
2026-01-22 23:33:08,8Cap Raw,AUDUSD,0.68417,0.68421,4e-05,4,Sydney,Thursday
2026-01-22 23:37:17,Pepperstone Razor,XAUUSD,4934.11,4934.38,0.27,27,Sydney,Thursday
2026-01-22 23:37:18,Pepperstone Razor,EURUSD,1.17531,1.17532,1e-05,1,Sydney,Thursday
2026-01-22 23:37:19,Pepperstone Razor,GBPUSD,1.35051,1.35054,3e-05,3,Sydney,Thursday
2026-01-22 23:37:21,Pepperstone Razor,USDJPY,158.413,158.416,0.003,3,Sydney,Thursday
2026-01-22 23:37:22,Pepperstone Razor,AUDUSD,0.68426,0.68427,1e-05,1,Sydney,Thursday
2026-01-22 23:37:25,FusionMarkets Zero,XAUUSD,4933.99,4934.07,0.08,8,Sydney,Thursday
2026-01-22 23:37:27,FusionMarkets Zero,EURUSD,1.17534,1.17534,0.0,0,Sydney,Thursday
2026-01-22 23:37:28,FusionMarkets Zero,GBPUSD,1.3505,1.3505,0.0,0,Sydney,Thursday
2026-01-22 23:37:29,FusionMarkets Zero,USDJPY,158.415,158.415,0.0,0,Sydney,Thursday
2026-01-22 23:37:30,FusionMarkets Zero,AUDUSD,0.68428,0.68428,0.0,0,Sydney,Thursday
2026-01-22 23:37:34,ThinkMarkets ThinkZero,XAUUSD,4933.84,4933.92,0.08,8,Sydney,Thursday
2026-01-22 23:37:35,ThinkMarkets ThinkZero,EURUSD,1.17531,1.17535,4e-05,4,Sydney,Thursday
2026-01-22 23:37:36,ThinkMarkets ThinkZero,GBPUSD,1.35047,1.35053,6e-05,6,Sydney,Thursday
2026-01-22 23:37:37,ThinkMarkets ThinkZero,USDJPY,158.412,158.417,0.005,5,Sydney,Thursday
2026-01-22 23:37:38,ThinkMarkets ThinkZero,AUDUSD,0.68426,0.68429,3e-05,3,Sydney,Thursday
2026-01-22 23:37:42,ICMarkets Raw,XAUUSD,4934.83,4934.93,0.1,10,Sydney,Thursday
2026-01-22 23:37:43,ICMarkets Raw,EURUSD,1.17533,1.17534,1e-05,1,Sydney,Thursday
2026-01-22 23:37:44,ICMarkets Raw,GBPUSD,1.35052,1.35053,1e-05,1,Sydney,Thursday
2026-01-22 23:37:45,ICMarkets Raw,USDJPY,158.414,158.414,0.0,0,Sydney,Thursday
2026-01-22 23:37:47,ICMarkets Raw,AUDUSD,0.68428,0.68428,0.0,0,Sydney,Thursday
2026-01-22 23:37:49,VantageMarkets Raw,XAUUSD,4934.69,4934.77,0.08,8,Sydney,Thursday
2026-01-22 23:37:51,VantageMarkets Raw,EURUSD,1.17533,1.17535,2e-05,2,Sydney,Thursday
2026-01-22 23:37:52,VantageMarkets Raw,GBPUSD,1.35051,1.35052,1e-05,1,Sydney,Thursday
2026-01-22 23:37:53,VantageMarkets Raw,USDJPY,158.413,158.414,0.001,1,Sydney,Thursday
2026-01-22 23:37:54,VantageMarkets Raw,AUDUSD,0.68426,0.68429,3e-05,3,Sydney,Thursday
2026-01-22 23:37:57,FPMarkets Raw,XAUUSD,4934.67,4934.74,0.07,7,Sydney,Thursday
2026-01-22 23:37:59,FPMarkets Raw,EURUSD,1.17533,1.17534,1e-05,1,Sydney,Thursday
2026-01-22 23:38:00,FPMarkets Raw,GBPUSD,1.35049,1.3505,1e-05,1,Sydney,Thursday
2026-01-22 23:38:01,FPMarkets Raw,USDJPY,158.412,158.415,0.003,3,Sydney,Thursday
2026-01-22 23:38:02,FPMarkets Raw,AUDUSD,0.68427,0.6843,3e-05,3,Sydney,Thursday
2026-01-22 23:38:04,8Cap Raw,XAUUSD,4935.21,4935.37,0.16,16,Sydney,Thursday
2026-01-22 23:38:05,8Cap Raw,EURUSD,1.17533,1.17534,1e-05,1,Sydney,Thursday
2026-01-22 23:38:06,8Cap Raw,GBPUSD,1.35049,1.3505,1e-05,1,Sydney,Thursday
2026-01-22 23:38:06,8Cap Raw,USDJPY,158.414,158.415,0.001,1,Sydney,Thursday
2026-01-22 23:38:07,8Cap Raw,AUDUSD,0.68425,0.68429,4e-05,4,Sydney,Thursday
2026-01-22 23:42:17,Pepperstone Razor,XAUUSD,4938.79,4939.16,0.37,37,Sydney,Thursday
2026-01-22 23:42:18,Pepperstone Razor,EURUSD,1.17543,1.17544,1e-05,1,Sydney,Thursday
2026-01-22 23:42:19,Pepperstone Razor,GBPUSD,1.35051,1.35054,3e-05,3,Sydney,Thursday
2026-01-22 23:42:21,Pepperstone Razor,USDJPY,158.402,158.405,0.003,3,Sydney,Thursday
2026-01-22 23:42:22,Pepperstone Razor,AUDUSD,0.68422,0.68423,1e-05,1,Sydney,Thursday
2026-01-22 23:42:25,FusionMarkets Zero,XAUUSD,4938.99,4939.19,0.2,20,Sydney,Thursday
2026-01-22 23:42:27,FusionMarkets Zero,EURUSD,1.17545,1.17545,0.0,0,Sydney,Thursday
2026-01-22 23:42:28,FusionMarkets Zero,GBPUSD,1.35052,1.35059,7e-05,7,Sydney,Thursday
2026-01-22 23:42:29,FusionMarkets Zero,USDJPY,158.397,158.408,0.011,11,Sydney,Thursday
2026-01-22 23:42:30,FusionMarkets Zero,AUDUSD,0.68425,0.68425,0.0,0,Sydney,Thursday
2026-01-22 23:42:34,ThinkMarkets ThinkZero,XAUUSD,4939.07,4939.15,0.08,8,Sydney,Thursday
2026-01-22 23:42:35,ThinkMarkets ThinkZero,EURUSD,1.17544,1.17546,2e-05,2,Sydney,Thursday
2026-01-22 23:42:36,ThinkMarkets ThinkZero,GBPUSD,1.35054,1.3506,6e-05,6,Sydney,Thursday
2026-01-22 23:42:38,ThinkMarkets ThinkZero,USDJPY,158.402,158.407,0.005,5,Sydney,Thursday
2026-01-22 23:42:39,ThinkMarkets ThinkZero,AUDUSD,0.68423,0.68425,2e-05,2,Sydney,Thursday
2026-01-22 23:42:42,ICMarkets Raw,XAUUSD,4939.77,4940.32,0.55,55,Sydney,Thursday
2026-01-22 23:42:44,ICMarkets Raw,EURUSD,1.17544,1.17549,5e-05,5,Sydney,Thursday
2026-01-22 23:42:45,ICMarkets Raw,GBPUSD,1.35054,1.35064,0.0001,10,Sydney,Thursday
2026-01-22 23:42:46,ICMarkets Raw,USDJPY,158.397,158.407,0.01,10,Sydney,Thursday
2026-01-22 23:42:47,ICMarkets Raw,AUDUSD,0.68424,0.6843,6e-05,6,Sydney,Thursday
2026-01-22 23:42:50,VantageMarkets Raw,XAUUSD,4939.75,4939.83,0.08,8,Sydney,Thursday
2026-01-22 23:42:52,VantageMarkets Raw,EURUSD,1.17545,1.17551,6e-05,6,Sydney,Thursday
2026-01-22 23:42:53,VantageMarkets Raw,GBPUSD,1.35055,1.35061,6e-05,6,Sydney,Thursday
2026-01-22 23:42:54,VantageMarkets Raw,USDJPY,158.398,158.409,0.011,11,Sydney,Thursday
2026-01-22 23:42:55,VantageMarkets Raw,AUDUSD,0.68424,0.68431,7e-05,7,Sydney,Thursday
2026-01-22 23:42:58,FPMarkets Raw,XAUUSD,4940.04,4940.11,0.07,7,Sydney,Thursday
2026-01-22 23:42:59,FPMarkets Raw,EURUSD,1.17547,1.17549,2e-05,2,Sydney,Thursday
2026-01-22 23:43:01,FPMarkets Raw,GBPUSD,1.35058,1.35062,4e-05,4,Sydney,Thursday
2026-01-22 23:43:02,FPMarkets Raw,USDJPY,158.402,158.406,0.004,4,Sydney,Thursday
2026-01-22 23:43:03,FPMarkets Raw,AUDUSD,0.68427,0.68431,4e-05,4,Sydney,Thursday
2026-01-22 23:43:05,8Cap Raw,XAUUSD,4939.86,4940.02,0.16,16,Sydney,Thursday
2026-01-22 23:43:06,8Cap Raw,EURUSD,1.17546,1.17548,2e-05,2,Sydney,Thursday
2026-01-22 23:43:06,8Cap Raw,GBPUSD,1.35056,1.35062,6e-05,6,Sydney,Thursday
2026-01-22 23:43:07,8Cap Raw,USDJPY,158.399,158.403,0.004,4,Sydney,Thursday
2026-01-22 23:43:08,8Cap Raw,AUDUSD,0.68426,0.6843,4e-05,4,Sydney,Thursday
2026-01-22 23:47:17,Pepperstone Razor,XAUUSD,4939.17,4939.44,0.27,27,Sydney,Thursday
2026-01-22 23:47:18,Pepperstone Razor,EURUSD,1.17539,1.1754,1e-05,1,Sydney,Thursday
2026-01-22 23:47:20,Pepperstone Razor,GBPUSD,1.35041,1.35048,7e-05,7,Sydney,Thursday
2026-01-22 23:47:21,Pepperstone Razor,USDJPY,158.416,158.419,0.003,3,Sydney,Thursday
2026-01-22 23:47:22,Pepperstone Razor,AUDUSD,0.68424,0.68426,2e-05,2,Sydney,Thursday
2026-01-22 23:47:26,FusionMarkets Zero,XAUUSD,4939.14,4939.34,0.2,20,Sydney,Thursday
2026-01-22 23:47:27,FusionMarkets Zero,EURUSD,1.17544,1.17544,0.0,0,Sydney,Thursday
2026-01-22 23:47:28,FusionMarkets Zero,GBPUSD,1.35044,1.35052,8e-05,8,Sydney,Thursday
2026-01-22 23:47:29,FusionMarkets Zero,USDJPY,158.406,158.417,0.011,11,Sydney,Thursday
2026-01-22 23:47:30,FusionMarkets Zero,AUDUSD,0.68426,0.68426,0.0,0,Sydney,Thursday
2026-01-22 23:47:34,ThinkMarkets ThinkZero,XAUUSD,4938.73,4938.81,0.08,8,Sydney,Thursday
2026-01-22 23:47:35,ThinkMarkets ThinkZero,EURUSD,1.17545,1.17548,3e-05,3,Sydney,Thursday
2026-01-22 23:47:36,ThinkMarkets ThinkZero,GBPUSD,1.35045,1.35054,9e-05,9,Sydney,Thursday
2026-01-22 23:47:38,ThinkMarkets ThinkZero,USDJPY,158.41,158.416,0.006,6,Sydney,Thursday
2026-01-22 23:47:39,ThinkMarkets ThinkZero,AUDUSD,0.68418,0.68424,6e-05,6,Sydney,Thursday
2026-01-22 23:47:43,ICMarkets Raw,XAUUSD,4938.68,4939.19,0.51,51,Sydney,Thursday
2026-01-22 23:47:44,ICMarkets Raw,EURUSD,1.17544,1.1755,6e-05,6,Sydney,Thursday
2026-01-22 23:47:45,ICMarkets Raw,GBPUSD,1.35042,1.35053,0.00011,11,Sydney,Thursday
2026-01-22 23:47:46,ICMarkets Raw,USDJPY,158.408,158.418,0.01,10,Sydney,Thursday
2026-01-22 23:47:47,ICMarkets Raw,AUDUSD,0.68418,0.68424,6e-05,6,Sydney,Thursday
2026-01-22 23:47:51,VantageMarkets Raw,XAUUSD,4937.78,4937.86,0.08,8,Sydney,Thursday
2026-01-22 23:47:52,VantageMarkets Raw,EURUSD,1.1754,1.17547,7e-05,7,Sydney,Thursday
2026-01-22 23:47:53,VantageMarkets Raw,GBPUSD,1.35043,1.3505,7e-05,7,Sydney,Thursday
2026-01-22 23:47:54,VantageMarkets Raw,USDJPY,158.408,158.419,0.011,11,Sydney,Thursday
2026-01-22 23:47:55,VantageMarkets Raw,AUDUSD,0.68417,0.68424,7e-05,7,Sydney,Thursday
2026-01-22 23:47:58,FPMarkets Raw,XAUUSD,4937.62,4937.69,0.07,7,Sydney,Thursday
2026-01-22 23:48:00,FPMarkets Raw,EURUSD,1.17542,1.17546,4e-05,4,Sydney,Thursday
2026-01-22 23:48:01,FPMarkets Raw,GBPUSD,1.35042,1.35048,6e-05,6,Sydney,Thursday
2026-01-22 23:48:02,FPMarkets Raw,USDJPY,158.415,158.419,0.004,4,Sydney,Thursday
2026-01-22 23:48:03,FPMarkets Raw,AUDUSD,0.68419,0.68423,4e-05,4,Sydney,Thursday
2026-01-22 23:48:05,8Cap Raw,XAUUSD,4938.58,4938.74,0.16,16,Sydney,Thursday
2026-01-22 23:48:06,8Cap Raw,EURUSD,1.1754,1.17544,4e-05,4,Sydney,Thursday
2026-01-22 23:48:07,8Cap Raw,GBPUSD,1.35042,1.35047,5e-05,5,Sydney,Thursday
2026-01-22 23:48:07,8Cap Raw,USDJPY,158.42,158.425,0.005,5,Sydney,Thursday
2026-01-22 23:48:08,8Cap Raw,AUDUSD,0.68421,0.68425,4e-05,4,Sydney,Thursday
2026-01-22 23:52:17,Pepperstone Razor,XAUUSD,4937.03,4937.3,0.27,27,Sydney,Thursday
2026-01-22 23:52:18,Pepperstone Razor,EURUSD,1.17537,1.17538,1e-05,1,Sydney,Thursday
2026-01-22 23:52:20,Pepperstone Razor,GBPUSD,1.35033,1.35039,6e-05,6,Sydney,Thursday
2026-01-22 23:52:21,Pepperstone Razor,USDJPY,158.42,158.427,0.007,7,Sydney,Thursday
2026-01-22 23:52:22,Pepperstone Razor,AUDUSD,0.68421,0.68424,3e-05,3,Sydney,Thursday
2026-01-22 23:52:26,FusionMarkets Zero,XAUUSD,4936.58,4936.78,0.2,20,Sydney,Thursday
2026-01-22 23:52:27,FusionMarkets Zero,EURUSD,1.17542,1.17542,0.0,0,Sydney,Thursday
2026-01-22 23:52:28,FusionMarkets Zero,GBPUSD,1.35028,1.35037,9e-05,9,Sydney,Thursday
2026-01-22 23:52:30,FusionMarkets Zero,USDJPY,158.421,158.432,0.011,11,Sydney,Thursday
2026-01-22 23:52:31,FusionMarkets Zero,AUDUSD,0.68423,0.68423,0.0,0,Sydney,Thursday
2026-01-22 23:52:35,ThinkMarkets ThinkZero,XAUUSD,4936.99,4937.07,0.08,8,Sydney,Thursday
2026-01-22 23:52:36,ThinkMarkets ThinkZero,EURUSD,1.17538,1.17542,4e-05,4,Sydney,Thursday
2026-01-22 23:52:37,ThinkMarkets ThinkZero,GBPUSD,1.35028,1.35036,8e-05,8,Sydney,Thursday
2026-01-22 23:52:38,ThinkMarkets ThinkZero,USDJPY,158.42,158.426,0.006,6,Sydney,Thursday
2026-01-22 23:52:40,ThinkMarkets ThinkZero,AUDUSD,0.6842,0.68424,4e-05,4,Sydney,Thursday
2026-01-22 23:52:43,ICMarkets Raw,XAUUSD,4936.83,4937.33,0.5,50,Sydney,Thursday
2026-01-22 23:52:45,ICMarkets Raw,EURUSD,1.17536,1.17541,5e-05,5,Sydney,Thursday
2026-01-22 23:52:46,ICMarkets Raw,GBPUSD,1.35024,1.3504,0.00016,16,Sydney,Thursday
2026-01-22 23:52:47,ICMarkets Raw,USDJPY,158.418,158.429,0.011,11,Sydney,Thursday
2026-01-22 23:52:48,ICMarkets Raw,AUDUSD,0.68421,0.68427,6e-05,6,Sydney,Thursday
2026-01-22 23:52:51,VantageMarkets Raw,XAUUSD,4937.51,4937.59,0.08,8,Sydney,Thursday
2026-01-22 23:52:53,VantageMarkets Raw,EURUSD,1.1754,1.17546,6e-05,6,Sydney,Thursday
2026-01-22 23:52:54,VantageMarkets Raw,GBPUSD,1.35031,1.3504,9e-05,9,Sydney,Thursday
2026-01-22 23:52:55,VantageMarkets Raw,USDJPY,158.419,158.43,0.011,11,Sydney,Thursday
2026-01-22 23:52:56,VantageMarkets Raw,AUDUSD,0.68419,0.68427,8e-05,8,Sydney,Thursday
2026-01-22 23:52:59,FPMarkets Raw,XAUUSD,4938.03,4938.1,0.07,7,Sydney,Thursday
2026-01-22 23:53:00,FPMarkets Raw,EURUSD,1.17539,1.17547,8e-05,8,Sydney,Thursday
2026-01-22 23:53:02,FPMarkets Raw,GBPUSD,1.35034,1.35044,0.0001,10,Sydney,Thursday
2026-01-22 23:53:03,FPMarkets Raw,USDJPY,158.409,158.42,0.011,11,Sydney,Thursday
2026-01-22 23:53:04,FPMarkets Raw,AUDUSD,0.68418,0.68424,6e-05,6,Sydney,Thursday
2026-01-22 23:53:06,8Cap Raw,XAUUSD,4937.86,4938.02,0.16,16,Sydney,Thursday
2026-01-22 23:53:07,8Cap Raw,EURUSD,1.17541,1.17542,1e-05,1,Sydney,Thursday
2026-01-22 23:53:07,8Cap Raw,GBPUSD,1.3503,1.35039,9e-05,9,Sydney,Thursday
2026-01-22 23:53:08,8Cap Raw,USDJPY,158.415,158.419,0.004,4,Sydney,Thursday
2026-01-22 23:53:09,8Cap Raw,AUDUSD,0.68418,0.68422,4e-05,4,Sydney,Thursday
2026-01-22 23:57:17,Pepperstone Razor,XAUUSD,4938.65,4938.98,0.33,33,Sydney,Thursday
2026-01-22 23:57:19,Pepperstone Razor,EURUSD,1.17546,1.17548,2e-05,2,Sydney,Thursday
2026-01-22 23:57:20,Pepperstone Razor,GBPUSD,1.3503,1.35042,0.00012,12,Sydney,Thursday
2026-01-22 23:57:21,Pepperstone Razor,USDJPY,158.428,158.437,0.009,9,Sydney,Thursday
2026-01-22 23:57:22,Pepperstone Razor,AUDUSD,0.68402,0.68408,6e-05,6,Sydney,Thursday
2026-01-22 23:57:26,FusionMarkets Zero,XAUUSD,4938.79,4938.99,0.2,20,Sydney,Thursday
2026-01-22 23:57:27,FusionMarkets Zero,EURUSD,1.17547,1.17547,0.0,0,Sydney,Thursday
2026-01-22 23:57:28,FusionMarkets Zero,GBPUSD,1.3503,1.35043,0.00013,13,Sydney,Thursday
2026-01-22 23:57:30,FusionMarkets Zero,USDJPY,158.426,158.437,0.011,11,Sydney,Thursday
2026-01-22 23:57:31,FusionMarkets Zero,AUDUSD,0.68406,0.6841,4e-05,4,Sydney,Thursday
2026-01-22 23:57:34,ThinkMarkets ThinkZero,XAUUSD,4938.09,4938.17,0.08,8,Sydney,Thursday
2026-01-22 23:57:36,ThinkMarkets ThinkZero,EURUSD,1.17547,1.17551,4e-05,4,Sydney,Thursday
2026-01-22 23:57:37,ThinkMarkets ThinkZero,GBPUSD,1.3503,1.35038,8e-05,8,Sydney,Thursday
2026-01-22 23:57:38,ThinkMarkets ThinkZero,USDJPY,158.428,158.433,0.005,5,Sydney,Thursday
2026-01-22 23:57:39,ThinkMarkets ThinkZero,AUDUSD,0.68407,0.68411,4e-05,4,Sydney,Thursday
2026-01-22 23:57:43,ICMarkets Raw,XAUUSD,4937.85,4938.38,0.53,53,Sydney,Thursday
2026-01-22 23:57:44,ICMarkets Raw,EURUSD,1.17547,1.17561,0.00014,14,Sydney,Thursday
2026-01-22 23:57:45,ICMarkets Raw,GBPUSD,1.35031,1.35046,0.00015,15,Sydney,Thursday
2026-01-22 23:57:47,ICMarkets Raw,USDJPY,158.416,158.433,0.017,17,Sydney,Thursday
2026-01-22 23:57:48,ICMarkets Raw,AUDUSD,0.68404,0.68411,7e-05,7,Sydney,Thursday
2026-01-22 23:57:51,VantageMarkets Raw,XAUUSD,4936.87,4936.95,0.08,8,Sydney,Thursday
2026-01-22 23:57:52,VantageMarkets Raw,EURUSD,1.17552,1.1756,8e-05,8,Sydney,Thursday
2026-01-22 23:57:53,VantageMarkets Raw,GBPUSD,1.35032,1.35045,0.00013,13,Sydney,Thursday
2026-01-22 23:57:55,VantageMarkets Raw,USDJPY,158.414,158.428,0.014,14,Sydney,Thursday
2026-01-22 23:57:56,VantageMarkets Raw,AUDUSD,0.68385,0.68429,0.00044,44,Sydney,Thursday
2026-01-22 23:57:59,FPMarkets Raw,XAUUSD,4936.58,4936.65,0.07,7,Sydney,Thursday
2026-01-22 23:58:01,FPMarkets Raw,EURUSD,1.17553,1.17561,8e-05,8,Sydney,Thursday
2026-01-22 23:58:02,FPMarkets Raw,GBPUSD,1.3503,1.3504,0.0001,10,Sydney,Thursday
2026-01-22 23:58:03,FPMarkets Raw,USDJPY,158.412,158.425,0.013,13,Sydney,Thursday
2026-01-22 23:58:04,FPMarkets Raw,AUDUSD,0.68408,0.68417,9e-05,9,Sydney,Thursday
2026-01-22 23:58:06,8Cap Raw,XAUUSD,4936.3,4936.44,0.14,14,Sydney,Thursday
2026-01-22 23:58:07,8Cap Raw,EURUSD,1.17552,1.17575,0.00023,23,Sydney,Thursday
2026-01-22 23:58:07,8Cap Raw,GBPUSD,1.35015,1.35057,0.00042,42,Sydney,Thursday
2026-01-22 23:58:08,8Cap Raw,USDJPY,158.398,158.436,0.038,38,Sydney,Thursday
2026-01-22 23:58:09,8Cap Raw,AUDUSD,0.68399,0.68426,0.00027,27,Sydney,Thursday
