timestamp,broker,symbol,bid,ask,spread,spread_points,session,day_of_week
2026-01-25 21:01:41,Pepperstone Razor,XAUUSD,4985.91,4986.51,0.6,60,Sydney,Sunday
2026-01-25 21:01:43,Pepperstone Razor,EURUSD,1.18294,1.18296,2e-05,2,Sydney,Sunday
2026-01-25 21:01:44,Pepperstone Razor,GBPUSD,1.36437,1.36442,5e-05,5,Sydney,Sunday
2026-01-25 21:01:46,Pepperstone Razor,USDJPY,155.729,155.741,0.012,12,Sydney,Sunday
2026-01-25 21:01:48,Pepperstone Razor,AUDUSD,0.68975,0.68979,4e-05,4,Sydney,Sunday
2026-01-25 21:01:52,FusionMarkets Zero,XAUUSD,4988.18,4989.35,1.17,117,Sydney,Sunday
2026-01-25 21:01:54,FusionMarkets Zero,EURUSD,1.18287,1.18293,6e-05,6,Sydney,Sunday
2026-01-25 21:01:55,FusionMarkets Zero,GBPUSD,1.3644,1.36477,0.00037,37,Sydney,Sunday
2026-01-25 21:01:57,FusionMarkets Zero,USDJPY,155.671,155.794,0.123,123,Sydney,Sunday
2026-01-25 21:01:58,FusionMarkets Zero,AUDUSD,0.68949,0.68955,6e-05,6,Sydney,Sunday
2026-01-25 21:02:02,ThinkMarkets ThinkZero,XAUUSD,4989.02,4989.1,0.08,8,Sydney,Sunday
2026-01-25 21:02:04,ThinkMarkets ThinkZero,EURUSD,1.18294,1.18296,2e-05,2,Sydney,Sunday
2026-01-25 21:02:06,ThinkMarkets ThinkZero,GBPUSD,1.36429,1.36432,3e-05,3,Sydney,Sunday
2026-01-25 21:02:07,ThinkMarkets ThinkZero,USDJPY,155.738,155.755,0.017,17,Sydney,Sunday
2026-01-25 21:02:09,ThinkMarkets ThinkZero,AUDUSD,0.68974,0.68979,5e-05,5,Sydney,Sunday
2026-01-25 21:02:13,ICMarkets Raw,XAUUSD,4987.98,4988.38,0.4,40,Sydney,Sunday
2026-01-25 21:02:15,ICMarkets Raw,EURUSD,1.18263,1.18285,0.00022,22,Sydney,Sunday
2026-01-25 21:02:16,ICMarkets Raw,GBPUSD,1.36419,1.36461,0.00042,42,Sydney,Sunday
2026-01-25 21:02:17,ICMarkets Raw,USDJPY,155.765,155.835,0.07,70,Sydney,Sunday
2026-01-25 21:02:18,ICMarkets Raw,AUDUSD,0.68968,0.68984,0.00016,16,Sydney,Sunday
2026-01-25 21:02:22,VantageMarkets Raw,XAUUSD,4988.09,4988.27,0.18,18,Sydney,Sunday
2026-01-25 21:02:24,VantageMarkets Raw,EURUSD,1.18264,1.18286,0.00022,22,Sydney,Sunday
2026-01-25 21:02:26,VantageMarkets Raw,GBPUSD,1.36415,1.36453,0.00038,38,Sydney,Sunday
2026-01-25 21:02:27,VantageMarkets Raw,USDJPY,155.749,155.852,0.103,103,Sydney,Sunday
2026-01-25 21:02:29,VantageMarkets Raw,AUDUSD,0.6897,0.68987,0.00017,17,Sydney,Sunday
2026-01-25 21:02:34,FPMarkets Raw,XAUUSD,4983.13,4983.63,0.5,50,Sydney,Sunday
2026-01-25 21:02:35,FPMarkets Raw,EURUSD,1.1821,1.18329,0.00119,119,Sydney,Sunday
2026-01-25 21:02:36,FPMarkets Raw,GBPUSD,1.36414,1.36487,0.00073,73,Sydney,Sunday
2026-01-25 21:02:37,FPMarkets Raw,USDJPY,155.588,155.843,0.255,255,Sydney,Sunday
2026-01-25 21:02:38,FPMarkets Raw,AUDUSD,0.68897,0.69012,0.00115,115,Sydney,Sunday
2026-01-25 21:02:40,8Cap Raw,XAUUSD,4988.78,4988.92,0.14,14,Sydney,Sunday
2026-01-25 21:02:41,8Cap Raw,EURUSD,1.18276,1.18304,0.00028,28,Sydney,Sunday
2026-01-25 21:02:43,8Cap Raw,GBPUSD,1.36425,1.36496,0.00071,71,Sydney,Sunday
2026-01-25 21:02:44,8Cap Raw,USDJPY,155.707,155.769,0.062,62,Sydney,Sunday
2026-01-25 21:02:45,8Cap Raw,AUDUSD,0.68914,0.68994,0.0008,80,Sydney,Sunday
2026-01-25 21:06:37,Pepperstone Razor,XAUUSD,4985.91,4986.51,0.6,60,Sydney,Sunday
2026-01-25 21:06:39,Pepperstone Razor,EURUSD,1.18294,1.18296,2e-05,2,Sydney,Sunday
2026-01-25 21:06:41,Pepperstone Razor,GBPUSD,1.36437,1.36442,5e-05,5,Sydney,Sunday
2026-01-25 21:06:42,Pepperstone Razor,USDJPY,155.729,155.741,0.012,12,Sydney,Sunday
2026-01-25 21:06:43,Pepperstone Razor,AUDUSD,0.68975,0.68979,4e-05,4,Sydney,Sunday
2026-01-25 21:06:47,FusionMarkets Zero,XAUUSD,4988.18,4989.35,1.17,117,Sydney,Sunday
2026-01-25 21:06:48,FusionMarkets Zero,EURUSD,1.18287,1.18293,6e-05,6,Sydney,Sunday
2026-01-25 21:06:49,FusionMarkets Zero,GBPUSD,1.3644,1.36477,0.00037,37,Sydney,Sunday
2026-01-25 21:06:50,FusionMarkets Zero,USDJPY,155.671,155.794,0.123,123,Sydney,Sunday
2026-01-25 21:06:51,FusionMarkets Zero,AUDUSD,0.68949,0.68955,6e-05,6,Sydney,Sunday
2026-01-25 21:06:56,ThinkMarkets ThinkZero,XAUUSD,4989.02,4989.1,0.08,8,Sydney,Sunday
2026-01-25 21:06:57,ThinkMarkets ThinkZero,EURUSD,1.18294,1.18296,2e-05,2,Sydney,Sunday
2026-01-25 21:06:57,ThinkMarkets ThinkZero,GBPUSD,1.36429,1.36432,3e-05,3,Sydney,Sunday
2026-01-25 21:06:58,ThinkMarkets ThinkZero,USDJPY,155.738,155.755,0.017,17,Sydney,Sunday
2026-01-25 21:06:59,ThinkMarkets ThinkZero,AUDUSD,0.68974,0.68979,5e-05,5,Sydney,Sunday
2026-01-25 21:07:04,ICMarkets Raw,XAUUSD,4987.98,4988.38,0.4,40,Sydney,Sunday
2026-01-25 21:07:05,ICMarkets Raw,EURUSD,1.18263,1.18285,0.00022,22,Sydney,Sunday
2026-01-25 21:07:05,ICMarkets Raw,GBPUSD,1.36419,1.36461,0.00042,42,Sydney,Sunday
2026-01-25 21:07:06,ICMarkets Raw,USDJPY,155.765,155.835,0.07,70,Sydney,Sunday
2026-01-25 21:07:07,ICMarkets Raw,AUDUSD,0.68968,0.68984,0.00016,16,Sydney,Sunday
2026-01-25 21:07:11,VantageMarkets Raw,XAUUSD,4988.09,4988.27,0.18,18,Sydney,Sunday
2026-01-25 21:07:12,VantageMarkets Raw,EURUSD,1.18264,1.18286,0.00022,22,Sydney,Sunday
2026-01-25 21:07:12,VantageMarkets Raw,GBPUSD,1.36415,1.36453,0.00038,38,Sydney,Sunday
2026-01-25 21:07:13,VantageMarkets Raw,USDJPY,155.749,155.852,0.103,103,Sydney,Sunday
2026-01-25 21:07:14,VantageMarkets Raw,AUDUSD,0.6897,0.68987,0.00017,17,Sydney,Sunday
2026-01-25 21:07:17,FPMarkets Raw,XAUUSD,4983.13,4983.63,0.5,50,Sydney,Sunday
2026-01-25 21:07:18,FPMarkets Raw,EURUSD,1.1821,1.18329,0.00119,119,Sydney,Sunday
2026-01-25 21:07:19,FPMarkets Raw,GBPUSD,1.36414,1.36487,0.00073,73,Sydney,Sunday
2026-01-25 21:07:20,FPMarkets Raw,USDJPY,155.588,155.843,0.255,255,Sydney,Sunday
2026-01-25 21:07:21,FPMarkets Raw,AUDUSD,0.68897,0.69012,0.00115,115,Sydney,Sunday
2026-01-25 21:07:23,8Cap Raw,XAUUSD,4988.78,4988.92,0.14,14,Sydney,Sunday
2026-01-25 21:07:24,8Cap Raw,EURUSD,1.18276,1.18304,0.00028,28,Sydney,Sunday
2026-01-25 21:07:24,8Cap Raw,GBPUSD,1.36425,1.36496,0.00071,71,Sydney,Sunday
2026-01-25 21:07:25,8Cap Raw,USDJPY,155.707,155.769,0.062,62,Sydney,Sunday
2026-01-25 21:07:26,8Cap Raw,AUDUSD,0.68914,0.68994,0.0008,80,Sydney,Sunday
2026-01-25 21:11:37,Pepperstone Razor,XAUUSD,4985.91,4986.51,0.6,60,Sydney,Sunday
2026-01-25 21:11:38,Pepperstone Razor,EURUSD,1.18294,1.18296,2e-05,2,Sydney,Sunday
2026-01-25 21:11:39,Pepperstone Razor,GBPUSD,1.36437,1.36442,5e-05,5,Sydney,Sunday
2026-01-25 21:11:40,Pepperstone Razor,USDJPY,155.729,155.741,0.012,12,Sydney,Sunday
2026-01-25 21:11:41,Pepperstone Razor,AUDUSD,0.68975,0.68979,4e-05,4,Sydney,Sunday
2026-01-25 21:11:43,FusionMarkets Zero,XAUUSD,4988.18,4989.35,1.17,117,Sydney,Sunday
2026-01-25 21:11:44,FusionMarkets Zero,EURUSD,1.18287,1.18293,6e-05,6,Sydney,Sunday
2026-01-25 21:11:45,FusionMarkets Zero,GBPUSD,1.3644,1.36477,0.00037,37,Sydney,Sunday
2026-01-25 21:11:46,FusionMarkets Zero,USDJPY,155.671,155.794,0.123,123,Sydney,Sunday
2026-01-25 21:11:47,FusionMarkets Zero,AUDUSD,0.68949,0.68955,6e-05,6,Sydney,Sunday
2026-01-25 21:11:50,ThinkMarkets ThinkZero,XAUUSD,4989.02,4989.1,0.08,8,Sydney,Sunday
2026-01-25 21:11:50,ThinkMarkets ThinkZero,EURUSD,1.18294,1.18296,2e-05,2,Sydney,Sunday
2026-01-25 21:11:51,ThinkMarkets ThinkZero,GBPUSD,1.36429,1.36432,3e-05,3,Sydney,Sunday
2026-01-25 21:11:52,ThinkMarkets ThinkZero,USDJPY,155.738,155.755,0.017,17,Sydney,Sunday
2026-01-25 21:11:53,ThinkMarkets ThinkZero,AUDUSD,0.68974,0.68979,5e-05,5,Sydney,Sunday
2026-01-25 21:11:56,ICMarkets Raw,XAUUSD,4987.98,4988.38,0.4,40,Sydney,Sunday
2026-01-25 21:11:57,ICMarkets Raw,EURUSD,1.18263,1.18285,0.00022,22,Sydney,Sunday
2026-01-25 21:11:58,ICMarkets Raw,GBPUSD,1.36419,1.36461,0.00042,42,Sydney,Sunday
2026-01-25 21:11:59,ICMarkets Raw,USDJPY,155.765,155.835,0.07,70,Sydney,Sunday
2026-01-25 21:12:00,ICMarkets Raw,AUDUSD,0.68968,0.68984,0.00016,16,Sydney,Sunday
2026-01-25 21:12:02,VantageMarkets Raw,XAUUSD,4988.09,4988.27,0.18,18,Sydney,Sunday
2026-01-25 21:12:03,VantageMarkets Raw,EURUSD,1.18264,1.18286,0.00022,22,Sydney,Sunday
2026-01-25 21:12:04,VantageMarkets Raw,GBPUSD,1.36415,1.36453,0.00038,38,Sydney,Sunday
2026-01-25 21:12:05,VantageMarkets Raw,USDJPY,155.749,155.852,0.103,103,Sydney,Sunday
2026-01-25 21:12:06,VantageMarkets Raw,AUDUSD,0.6897,0.68987,0.00017,17,Sydney,Sunday
2026-01-25 21:12:08,FPMarkets Raw,XAUUSD,4983.13,4983.63,0.5,50,Sydney,Sunday
2026-01-25 21:12:09,FPMarkets Raw,EURUSD,1.1821,1.18329,0.00119,119,Sydney,Sunday
2026-01-25 21:12:10,FPMarkets Raw,GBPUSD,1.36414,1.36487,0.00073,73,Sydney,Sunday
2026-01-25 21:12:11,FPMarkets Raw,USDJPY,155.588,155.843,0.255,255,Sydney,Sunday
2026-01-25 21:12:12,FPMarkets Raw,AUDUSD,0.68897,0.69012,0.00115,115,Sydney,Sunday
2026-01-25 21:12:14,8Cap Raw,XAUUSD,4988.78,4988.92,0.14,14,Sydney,Sunday
2026-01-25 21:12:15,8Cap Raw,EURUSD,1.18276,1.18304,0.00028,28,Sydney,Sunday
2026-01-25 21:12:16,8Cap Raw,GBPUSD,1.36425,1.36496,0.00071,71,Sydney,Sunday
2026-01-25 21:12:16,8Cap Raw,USDJPY,155.707,155.769,0.062,62,Sydney,Sunday
2026-01-25 21:12:17,8Cap Raw,AUDUSD,0.68914,0.68994,0.0008,80,Sydney,Sunday
2026-01-25 21:16:37,Pepperstone Razor,XAUUSD,4985.91,4986.51,0.6,60,Sydney,Sunday
2026-01-25 21:16:38,Pepperstone Razor,EURUSD,1.18294,1.18296,2e-05,2,Sydney,Sunday
2026-01-25 21:16:39,Pepperstone Razor,GBPUSD,1.36437,1.36442,5e-05,5,Sydney,Sunday
2026-01-25 21:16:40,Pepperstone Razor,USDJPY,155.729,155.741,0.012,12,Sydney,Sunday
2026-01-25 21:16:41,Pepperstone Razor,AUDUSD,0.68975,0.68979,4e-05,4,Sydney,Sunday
2026-01-25 21:16:43,FusionMarkets Zero,XAUUSD,4988.18,4989.35,1.17,117,Sydney,Sunday
2026-01-25 21:16:44,FusionMarkets Zero,EURUSD,1.18287,1.18293,6e-05,6,Sydney,Sunday
2026-01-25 21:16:45,FusionMarkets Zero,GBPUSD,1.3644,1.36477,0.00037,37,Sydney,Sunday
2026-01-25 21:16:46,FusionMarkets Zero,USDJPY,155.671,155.794,0.123,123,Sydney,Sunday
2026-01-25 21:16:47,FusionMarkets Zero,AUDUSD,0.68949,0.68955,6e-05,6,Sydney,Sunday
2026-01-25 21:16:49,ThinkMarkets ThinkZero,XAUUSD,4989.02,4989.1,0.08,8,Sydney,Sunday
2026-01-25 21:16:50,ThinkMarkets ThinkZero,EURUSD,1.18294,1.18296,2e-05,2,Sydney,Sunday
2026-01-25 21:16:51,ThinkMarkets ThinkZero,GBPUSD,1.36429,1.36432,3e-05,3,Sydney,Sunday
2026-01-25 21:16:52,ThinkMarkets ThinkZero,USDJPY,155.738,155.755,0.017,17,Sydney,Sunday
2026-01-25 21:16:53,ThinkMarkets ThinkZero,AUDUSD,0.68974,0.68979,5e-05,5,Sydney,Sunday
2026-01-25 21:16:55,ICMarkets Raw,XAUUSD,4987.98,4988.38,0.4,40,Sydney,Sunday
2026-01-25 21:16:56,ICMarkets Raw,EURUSD,1.18263,1.18285,0.00022,22,Sydney,Sunday
2026-01-25 21:16:57,ICMarkets Raw,GBPUSD,1.36419,1.36461,0.00042,42,Sydney,Sunday
2026-01-25 21:16:58,ICMarkets Raw,USDJPY,155.765,155.835,0.07,70,Sydney,Sunday
2026-01-25 21:16:59,ICMarkets Raw,AUDUSD,0.68968,0.68984,0.00016,16,Sydney,Sunday
2026-01-25 21:17:01,VantageMarkets Raw,XAUUSD,4988.09,4988.27,0.18,18,Sydney,Sunday
2026-01-25 21:17:02,VantageMarkets Raw,EURUSD,1.18264,1.18286,0.00022,22,Sydney,Sunday
2026-01-25 21:17:03,VantageMarkets Raw,GBPUSD,1.36415,1.36453,0.00038,38,Sydney,Sunday
2026-01-25 21:17:04,VantageMarkets Raw,USDJPY,155.749,155.852,0.103,103,Sydney,Sunday
2026-01-25 21:17:05,VantageMarkets Raw,AUDUSD,0.6897,0.68987,0.00017,17,Sydney,Sunday
2026-01-25 21:17:08,FPMarkets Raw,XAUUSD,4983.13,4983.63,0.5,50,Sydney,Sunday
2026-01-25 21:17:09,FPMarkets Raw,EURUSD,1.1821,1.18329,0.00119,119,Sydney,Sunday
2026-01-25 21:17:10,FPMarkets Raw,GBPUSD,1.36414,1.36487,0.00073,73,Sydney,Sunday
2026-01-25 21:17:11,FPMarkets Raw,USDJPY,155.588,155.843,0.255,255,Sydney,Sunday
2026-01-25 21:17:11,FPMarkets Raw,AUDUSD,0.68897,0.69012,0.00115,115,Sydney,Sunday
2026-01-25 21:17:13,8Cap Raw,XAUUSD,4988.78,4988.92,0.14,14,Sydney,Sunday
2026-01-25 21:17:14,8Cap Raw,EURUSD,1.18276,1.18304,0.00028,28,Sydney,Sunday
2026-01-25 21:17:15,8Cap Raw,GBPUSD,1.36425,1.36496,0.00071,71,Sydney,Sunday
2026-01-25 21:17:15,8Cap Raw,USDJPY,155.707,155.769,0.062,62,Sydney,Sunday
2026-01-25 21:17:16,8Cap Raw,AUDUSD,0.68914,0.68994,0.0008,80,Sydney,Sunday
2026-01-25 21:21:37,Pepperstone Razor,XAUUSD,4985.91,4986.51,0.6,60,Sydney,Sunday
2026-01-25 21:21:38,Pepperstone Razor,EURUSD,1.18294,1.18296,2e-05,2,Sydney,Sunday
2026-01-25 21:21:39,Pepperstone Razor,GBPUSD,1.36437,1.36442,5e-05,5,Sydney,Sunday
2026-01-25 21:21:40,Pepperstone Razor,USDJPY,155.729,155.741,0.012,12,Sydney,Sunday
2026-01-25 21:21:41,Pepperstone Razor,AUDUSD,0.68975,0.68979,4e-05,4,Sydney,Sunday
2026-01-25 21:21:44,FusionMarkets Zero,XAUUSD,4988.18,4989.35,1.17,117,Sydney,Sunday
2026-01-25 21:21:45,FusionMarkets Zero,EURUSD,1.18287,1.18293,6e-05,6,Sydney,Sunday
2026-01-25 21:21:45,FusionMarkets Zero,GBPUSD,1.3644,1.36477,0.00037,37,Sydney,Sunday
2026-01-25 21:21:46,FusionMarkets Zero,USDJPY,155.671,155.794,0.123,123,Sydney,Sunday
2026-01-25 21:21:47,FusionMarkets Zero,AUDUSD,0.68949,0.68955,6e-05,6,Sydney,Sunday
2026-01-25 21:21:50,ThinkMarkets ThinkZero,XAUUSD,4989.02,4989.1,0.08,8,Sydney,Sunday
2026-01-25 21:21:51,ThinkMarkets ThinkZero,EURUSD,1.18294,1.18296,2e-05,2,Sydney,Sunday
2026-01-25 21:21:51,ThinkMarkets ThinkZero,GBPUSD,1.36429,1.36432,3e-05,3,Sydney,Sunday
2026-01-25 21:21:52,ThinkMarkets ThinkZero,USDJPY,155.738,155.755,0.017,17,Sydney,Sunday
2026-01-25 21:21:53,ThinkMarkets ThinkZero,AUDUSD,0.68974,0.68979,5e-05,5,Sydney,Sunday
2026-01-25 21:21:56,ICMarkets Raw,XAUUSD,4987.98,4988.38,0.4,40,Sydney,Sunday
2026-01-25 21:21:57,ICMarkets Raw,EURUSD,1.18263,1.18285,0.00022,22,Sydney,Sunday
2026-01-25 21:21:57,ICMarkets Raw,GBPUSD,1.36419,1.36461,0.00042,42,Sydney,Sunday
2026-01-25 21:21:58,ICMarkets Raw,USDJPY,155.765,155.835,0.07,70,Sydney,Sunday
2026-01-25 21:21:59,ICMarkets Raw,AUDUSD,0.68968,0.68984,0.00016,16,Sydney,Sunday
2026-01-25 21:22:02,VantageMarkets Raw,XAUUSD,4988.09,4988.27,0.18,18,Sydney,Sunday
2026-01-25 21:22:03,VantageMarkets Raw,EURUSD,1.18264,1.18286,0.00022,22,Sydney,Sunday
2026-01-25 21:22:03,VantageMarkets Raw,GBPUSD,1.36415,1.36453,0.00038,38,Sydney,Sunday
2026-01-25 21:22:04,VantageMarkets Raw,USDJPY,155.749,155.852,0.103,103,Sydney,Sunday
2026-01-25 21:22:05,VantageMarkets Raw,AUDUSD,0.6897,0.68987,0.00017,17,Sydney,Sunday
2026-01-25 21:22:08,FPMarkets Raw,XAUUSD,4983.13,4983.63,0.5,50,Sydney,Sunday
2026-01-25 21:22:09,FPMarkets Raw,EURUSD,1.1821,1.18329,0.00119,119,Sydney,Sunday
2026-01-25 21:22:10,FPMarkets Raw,GBPUSD,1.36414,1.36487,0.00073,73,Sydney,Sunday
2026-01-25 21:22:11,FPMarkets Raw,USDJPY,155.588,155.843,0.255,255,Sydney,Sunday
2026-01-25 21:22:12,FPMarkets Raw,AUDUSD,0.68897,0.69012,0.00115,115,Sydney,Sunday
2026-01-25 21:22:14,8Cap Raw,XAUUSD,4988.78,4988.92,0.14,14,Sydney,Sunday
2026-01-25 21:22:14,8Cap Raw,EURUSD,1.18276,1.18304,0.00028,28,Sydney,Sunday
2026-01-25 21:22:15,8Cap Raw,GBPUSD,1.36425,1.36496,0.00071,71,Sydney,Sunday
2026-01-25 21:22:16,8Cap Raw,USDJPY,155.707,155.769,0.062,62,Sydney,Sunday
2026-01-25 21:22:16,8Cap Raw,AUDUSD,0.68914,0.68994,0.0008,80,Sydney,Sunday
2026-01-25 21:26:37,Pepperstone Razor,XAUUSD,4985.91,4986.51,0.6,60,Sydney,Sunday
2026-01-25 21:26:38,Pepperstone Razor,EURUSD,1.18294,1.18296,2e-05,2,Sydney,Sunday
2026-01-25 21:26:39,Pepperstone Razor,GBPUSD,1.36437,1.36442,5e-05,5,Sydney,Sunday
2026-01-25 21:26:40,Pepperstone Razor,USDJPY,155.729,155.741,0.012,12,Sydney,Sunday
2026-01-25 21:26:41,Pepperstone Razor,AUDUSD,0.68975,0.68979,4e-05,4,Sydney,Sunday
2026-01-25 21:26:43,FusionMarkets Zero,XAUUSD,4988.18,4989.35,1.17,117,Sydney,Sunday
2026-01-25 21:26:44,FusionMarkets Zero,EURUSD,1.18287,1.18293,6e-05,6,Sydney,Sunday
2026-01-25 21:26:45,FusionMarkets Zero,GBPUSD,1.3644,1.36477,0.00037,37,Sydney,Sunday
2026-01-25 21:26:46,FusionMarkets Zero,USDJPY,155.671,155.794,0.123,123,Sydney,Sunday
2026-01-25 21:26:47,FusionMarkets Zero,AUDUSD,0.68949,0.68955,6e-05,6,Sydney,Sunday
2026-01-25 21:26:49,ThinkMarkets ThinkZero,XAUUSD,4989.02,4989.1,0.08,8,Sydney,Sunday
2026-01-25 21:26:50,ThinkMarkets ThinkZero,EURUSD,1.18294,1.18296,2e-05,2,Sydney,Sunday
2026-01-25 21:26:51,ThinkMarkets ThinkZero,GBPUSD,1.36429,1.36432,3e-05,3,Sydney,Sunday
2026-01-25 21:26:52,ThinkMarkets ThinkZero,USDJPY,155.738,155.755,0.017,17,Sydney,Sunday
2026-01-25 21:26:53,ThinkMarkets ThinkZero,AUDUSD,0.68974,0.68979,5e-05,5,Sydney,Sunday
2026-01-25 21:26:55,ICMarkets Raw,XAUUSD,4987.98,4988.38,0.4,40,Sydney,Sunday
2026-01-25 21:26:56,ICMarkets Raw,EURUSD,1.18263,1.18285,0.00022,22,Sydney,Sunday
2026-01-25 21:26:57,ICMarkets Raw,GBPUSD,1.36419,1.36461,0.00042,42,Sydney,Sunday
2026-01-25 21:26:58,ICMarkets Raw,USDJPY,155.765,155.835,0.07,70,Sydney,Sunday
2026-01-25 21:26:59,ICMarkets Raw,AUDUSD,0.68968,0.68984,0.00016,16,Sydney,Sunday
2026-01-25 21:27:01,VantageMarkets Raw,XAUUSD,4988.09,4988.27,0.18,18,Sydney,Sunday
2026-01-25 21:27:02,VantageMarkets Raw,EURUSD,1.18264,1.18286,0.00022,22,Sydney,Sunday
2026-01-25 21:27:03,VantageMarkets Raw,GBPUSD,1.36415,1.36453,0.00038,38,Sydney,Sunday
2026-01-25 21:27:04,VantageMarkets Raw,USDJPY,155.749,155.852,0.103,103,Sydney,Sunday
2026-01-25 21:27:05,VantageMarkets Raw,AUDUSD,0.6897,0.68987,0.00017,17,Sydney,Sunday
2026-01-25 21:27:08,FPMarkets Raw,XAUUSD,4983.13,4983.63,0.5,50,Sydney,Sunday
2026-01-25 21:27:09,FPMarkets Raw,EURUSD,1.1821,1.18329,0.00119,119,Sydney,Sunday
2026-01-25 21:27:09,FPMarkets Raw,GBPUSD,1.36414,1.36487,0.00073,73,Sydney,Sunday
2026-01-25 21:27:10,FPMarkets Raw,USDJPY,155.588,155.843,0.255,255,Sydney,Sunday
2026-01-25 21:27:11,FPMarkets Raw,AUDUSD,0.68897,0.69012,0.00115,115,Sydney,Sunday
2026-01-25 21:27:13,8Cap Raw,XAUUSD,4988.78,4988.92,0.14,14,Sydney,Sunday
2026-01-25 21:27:14,8Cap Raw,EURUSD,1.18276,1.18304,0.00028,28,Sydney,Sunday
2026-01-25 21:27:15,8Cap Raw,GBPUSD,1.36425,1.36496,0.00071,71,Sydney,Sunday
2026-01-25 21:27:15,8Cap Raw,USDJPY,155.707,155.769,0.062,62,Sydney,Sunday
2026-01-25 21:27:16,8Cap Raw,AUDUSD,0.68914,0.68994,0.0008,80,Sydney,Sunday
2026-01-25 21:31:37,Pepperstone Razor,XAUUSD,4985.91,4986.51,0.6,60,Sydney,Sunday
2026-01-25 21:31:38,Pepperstone Razor,EURUSD,1.18294,1.18296,2e-05,2,Sydney,Sunday
2026-01-25 21:31:39,Pepperstone Razor,GBPUSD,1.36437,1.36442,5e-05,5,Sydney,Sunday
2026-01-25 21:31:40,Pepperstone Razor,USDJPY,155.729,155.741,0.012,12,Sydney,Sunday
2026-01-25 21:31:41,Pepperstone Razor,AUDUSD,0.68975,0.68979,4e-05,4,Sydney,Sunday
2026-01-25 21:31:43,FusionMarkets Zero,XAUUSD,4988.18,4989.35,1.17,117,Sydney,Sunday
2026-01-25 21:31:44,FusionMarkets Zero,EURUSD,1.18287,1.18293,6e-05,6,Sydney,Sunday
2026-01-25 21:31:45,FusionMarkets Zero,GBPUSD,1.3644,1.36477,0.00037,37,Sydney,Sunday
2026-01-25 21:31:46,FusionMarkets Zero,USDJPY,155.671,155.794,0.123,123,Sydney,Sunday
2026-01-25 21:31:47,FusionMarkets Zero,AUDUSD,0.68949,0.68955,6e-05,6,Sydney,Sunday
2026-01-25 21:31:49,ThinkMarkets ThinkZero,XAUUSD,4989.02,4989.1,0.08,8,Sydney,Sunday
2026-01-25 21:31:50,ThinkMarkets ThinkZero,EURUSD,1.18294,1.18296,2e-05,2,Sydney,Sunday
2026-01-25 21:31:51,ThinkMarkets ThinkZero,GBPUSD,1.36429,1.36432,3e-05,3,Sydney,Sunday
2026-01-25 21:31:52,ThinkMarkets ThinkZero,USDJPY,155.738,155.755,0.017,17,Sydney,Sunday
2026-01-25 21:31:53,ThinkMarkets ThinkZero,AUDUSD,0.68974,0.68979,5e-05,5,Sydney,Sunday
2026-01-25 21:31:55,ICMarkets Raw,XAUUSD,4987.98,4988.38,0.4,40,Sydney,Sunday
2026-01-25 21:31:56,ICMarkets Raw,EURUSD,1.18263,1.18285,0.00022,22,Sydney,Sunday
2026-01-25 21:31:57,ICMarkets Raw,GBPUSD,1.36419,1.36461,0.00042,42,Sydney,Sunday
2026-01-25 21:31:58,ICMarkets Raw,USDJPY,155.765,155.835,0.07,70,Sydney,Sunday
2026-01-25 21:31:59,ICMarkets Raw,AUDUSD,0.68968,0.68984,0.00016,16,Sydney,Sunday
2026-01-25 21:32:01,VantageMarkets Raw,XAUUSD,4988.09,4988.27,0.18,18,Sydney,Sunday
2026-01-25 21:32:02,VantageMarkets Raw,EURUSD,1.18264,1.18286,0.00022,22,Sydney,Sunday
2026-01-25 21:32:03,VantageMarkets Raw,GBPUSD,1.36415,1.36453,0.00038,38,Sydney,Sunday
2026-01-25 21:32:04,VantageMarkets Raw,USDJPY,155.749,155.852,0.103,103,Sydney,Sunday
2026-01-25 21:32:05,VantageMarkets Raw,AUDUSD,0.6897,0.68987,0.00017,17,Sydney,Sunday
2026-01-25 21:32:08,FPMarkets Raw,XAUUSD,4983.13,4983.63,0.5,50,Sydney,Sunday
2026-01-25 21:32:08,FPMarkets Raw,EURUSD,1.1821,1.18329,0.00119,119,Sydney,Sunday
2026-01-25 21:32:09,FPMarkets Raw,GBPUSD,1.36414,1.36487,0.00073,73,Sydney,Sunday
2026-01-25 21:32:10,FPMarkets Raw,USDJPY,155.588,155.843,0.255,255,Sydney,Sunday
2026-01-25 21:32:11,FPMarkets Raw,AUDUSD,0.68897,0.69012,0.00115,115,Sydney,Sunday
2026-01-25 21:32:13,8Cap Raw,XAUUSD,4988.78,4988.92,0.14,14,Sydney,Sunday
2026-01-25 21:32:14,8Cap Raw,EURUSD,1.18276,1.18304,0.00028,28,Sydney,Sunday
2026-01-25 21:32:15,8Cap Raw,GBPUSD,1.36425,1.36496,0.00071,71,Sydney,Sunday
2026-01-25 21:32:15,8Cap Raw,USDJPY,155.707,155.769,0.062,62,Sydney,Sunday
2026-01-25 21:32:16,8Cap Raw,AUDUSD,0.68914,0.68994,0.0008,80,Sydney,Sunday
2026-01-25 21:36:37,Pepperstone Razor,XAUUSD,4985.91,4986.51,0.6,60,Sydney,Sunday
2026-01-25 21:36:38,Pepperstone Razor,EURUSD,1.18294,1.18296,2e-05,2,Sydney,Sunday
2026-01-25 21:36:39,Pepperstone Razor,GBPUSD,1.36437,1.36442,5e-05,5,Sydney,Sunday
2026-01-25 21:36:40,Pepperstone Razor,USDJPY,155.729,155.741,0.012,12,Sydney,Sunday
2026-01-25 21:36:41,Pepperstone Razor,AUDUSD,0.68975,0.68979,4e-05,4,Sydney,Sunday
2026-01-25 21:36:43,FusionMarkets Zero,XAUUSD,4988.18,4989.35,1.17,117,Sydney,Sunday
2026-01-25 21:36:44,FusionMarkets Zero,EURUSD,1.18287,1.18293,6e-05,6,Sydney,Sunday
2026-01-25 21:36:45,FusionMarkets Zero,GBPUSD,1.3644,1.36477,0.00037,37,Sydney,Sunday
2026-01-25 21:36:46,FusionMarkets Zero,USDJPY,155.671,155.794,0.123,123,Sydney,Sunday
2026-01-25 21:36:47,FusionMarkets Zero,AUDUSD,0.68949,0.68955,6e-05,6,Sydney,Sunday
2026-01-25 21:36:49,ThinkMarkets ThinkZero,XAUUSD,4989.02,4989.1,0.08,8,Sydney,Sunday
2026-01-25 21:36:50,ThinkMarkets ThinkZero,EURUSD,1.18294,1.18296,2e-05,2,Sydney,Sunday
2026-01-25 21:36:51,ThinkMarkets ThinkZero,GBPUSD,1.36429,1.36432,3e-05,3,Sydney,Sunday
2026-01-25 21:36:52,ThinkMarkets ThinkZero,USDJPY,155.738,155.755,0.017,17,Sydney,Sunday
2026-01-25 21:36:53,ThinkMarkets ThinkZero,AUDUSD,0.68974,0.68979,5e-05,5,Sydney,Sunday
2026-01-25 21:36:55,ICMarkets Raw,XAUUSD,4987.98,4988.38,0.4,40,Sydney,Sunday
2026-01-25 21:36:56,ICMarkets Raw,EURUSD,1.18263,1.18285,0.00022,22,Sydney,Sunday
2026-01-25 21:36:57,ICMarkets Raw,GBPUSD,1.36419,1.36461,0.00042,42,Sydney,Sunday
2026-01-25 21:36:58,ICMarkets Raw,USDJPY,155.765,155.835,0.07,70,Sydney,Sunday
2026-01-25 21:36:59,ICMarkets Raw,AUDUSD,0.68968,0.68984,0.00016,16,Sydney,Sunday
2026-01-25 21:37:02,VantageMarkets Raw,XAUUSD,4988.09,4988.27,0.18,18,Sydney,Sunday
2026-01-25 21:37:02,VantageMarkets Raw,EURUSD,1.18264,1.18286,0.00022,22,Sydney,Sunday
2026-01-25 21:37:03,VantageMarkets Raw,GBPUSD,1.36415,1.36453,0.00038,38,Sydney,Sunday
2026-01-25 21:37:04,VantageMarkets Raw,USDJPY,155.749,155.852,0.103,103,Sydney,Sunday
2026-01-25 21:37:05,VantageMarkets Raw,AUDUSD,0.6897,0.68987,0.00017,17,Sydney,Sunday
2026-01-25 21:37:08,FPMarkets Raw,XAUUSD,4983.13,4983.63,0.5,50,Sydney,Sunday
2026-01-25 21:37:09,FPMarkets Raw,EURUSD,1.1821,1.18329,0.00119,119,Sydney,Sunday
2026-01-25 21:37:10,FPMarkets Raw,GBPUSD,1.36414,1.36487,0.00073,73,Sydney,Sunday
2026-01-25 21:37:11,FPMarkets Raw,USDJPY,155.588,155.843,0.255,255,Sydney,Sunday
2026-01-25 21:37:12,FPMarkets Raw,AUDUSD,0.68897,0.69012,0.00115,115,Sydney,Sunday
2026-01-25 21:37:14,8Cap Raw,XAUUSD,4988.78,4988.92,0.14,14,Sydney,Sunday
2026-01-25 21:37:14,8Cap Raw,EURUSD,1.18276,1.18304,0.00028,28,Sydney,Sunday
2026-01-25 21:37:15,8Cap Raw,GBPUSD,1.36425,1.36496,0.00071,71,Sydney,Sunday
2026-01-25 21:37:16,8Cap Raw,USDJPY,155.707,155.769,0.062,62,Sydney,Sunday
2026-01-25 21:37:16,8Cap Raw,AUDUSD,0.68914,0.68994,0.0008,80,Sydney,Sunday
2026-01-25 21:41:37,Pepperstone Razor,XAUUSD,4985.91,4986.51,0.6,60,Sydney,Sunday
2026-01-25 21:41:38,Pepperstone Razor,EURUSD,1.18294,1.18296,2e-05,2,Sydney,Sunday
2026-01-25 21:41:39,Pepperstone Razor,GBPUSD,1.36437,1.36442,5e-05,5,Sydney,Sunday
2026-01-25 21:41:40,Pepperstone Razor,USDJPY,155.729,155.741,0.012,12,Sydney,Sunday
2026-01-25 21:41:41,Pepperstone Razor,AUDUSD,0.68975,0.68979,4e-05,4,Sydney,Sunday
2026-01-25 21:41:43,FusionMarkets Zero,XAUUSD,4988.18,4989.35,1.17,117,Sydney,Sunday
2026-01-25 21:41:44,FusionMarkets Zero,EURUSD,1.18287,1.18293,6e-05,6,Sydney,Sunday
2026-01-25 21:41:45,FusionMarkets Zero,GBPUSD,1.3644,1.36477,0.00037,37,Sydney,Sunday
2026-01-25 21:41:46,FusionMarkets Zero,USDJPY,155.671,155.794,0.123,123,Sydney,Sunday
2026-01-25 21:41:47,FusionMarkets Zero,AUDUSD,0.68949,0.68955,6e-05,6,Sydney,Sunday
2026-01-25 21:41:49,ThinkMarkets ThinkZero,XAUUSD,4989.02,4989.1,0.08,8,Sydney,Sunday
2026-01-25 21:41:50,ThinkMarkets ThinkZero,EURUSD,1.18294,1.18296,2e-05,2,Sydney,Sunday
2026-01-25 21:41:51,ThinkMarkets ThinkZero,GBPUSD,1.36429,1.36432,3e-05,3,Sydney,Sunday
2026-01-25 21:41:52,ThinkMarkets ThinkZero,USDJPY,155.738,155.755,0.017,17,Sydney,Sunday
2026-01-25 21:41:53,ThinkMarkets ThinkZero,AUDUSD,0.68974,0.68979,5e-05,5,Sydney,Sunday
2026-01-25 21:41:55,ICMarkets Raw,XAUUSD,4987.98,4988.38,0.4,40,Sydney,Sunday
2026-01-25 21:41:56,ICMarkets Raw,EURUSD,1.18263,1.18285,0.00022,22,Sydney,Sunday
2026-01-25 21:41:57,ICMarkets Raw,GBPUSD,1.36419,1.36461,0.00042,42,Sydney,Sunday
2026-01-25 21:41:58,ICMarkets Raw,USDJPY,155.765,155.835,0.07,70,Sydney,Sunday
2026-01-25 21:41:59,ICMarkets Raw,AUDUSD,0.68968,0.68984,0.00016,16,Sydney,Sunday
2026-01-25 21:42:01,VantageMarkets Raw,XAUUSD,4988.09,4988.27,0.18,18,Sydney,Sunday
2026-01-25 21:42:02,VantageMarkets Raw,EURUSD,1.18264,1.18286,0.00022,22,Sydney,Sunday
2026-01-25 21:42:03,VantageMarkets Raw,GBPUSD,1.36415,1.36453,0.00038,38,Sydney,Sunday
2026-01-25 21:42:04,VantageMarkets Raw,USDJPY,155.749,155.852,0.103,103,Sydney,Sunday
2026-01-25 21:42:05,VantageMarkets Raw,AUDUSD,0.6897,0.68987,0.00017,17,Sydney,Sunday
2026-01-25 21:42:08,FPMarkets Raw,XAUUSD,4983.13,4983.63,0.5,50,Sydney,Sunday
2026-01-25 21:42:09,FPMarkets Raw,EURUSD,1.1821,1.18329,0.00119,119,Sydney,Sunday
2026-01-25 21:42:10,FPMarkets Raw,GBPUSD,1.36414,1.36487,0.00073,73,Sydney,Sunday
2026-01-25 21:42:11,FPMarkets Raw,USDJPY,155.588,155.843,0.255,255,Sydney,Sunday
2026-01-25 21:42:12,FPMarkets Raw,AUDUSD,0.68897,0.69012,0.00115,115,Sydney,Sunday
2026-01-25 21:42:13,8Cap Raw,XAUUSD,4988.78,4988.92,0.14,14,Sydney,Sunday
2026-01-25 21:42:14,8Cap Raw,EURUSD,1.18276,1.18304,0.00028,28,Sydney,Sunday
2026-01-25 21:42:15,8Cap Raw,GBPUSD,1.36425,1.36496,0.00071,71,Sydney,Sunday
2026-01-25 21:42:15,8Cap Raw,USDJPY,155.707,155.769,0.062,62,Sydney,Sunday
2026-01-25 21:42:16,8Cap Raw,AUDUSD,0.68914,0.68994,0.0008,80,Sydney,Sunday
2026-01-25 21:46:37,Pepperstone Razor,XAUUSD,4985.91,4986.51,0.6,60,Sydney,Sunday
2026-01-25 21:46:38,Pepperstone Razor,EURUSD,1.18294,1.18296,2e-05,2,Sydney,Sunday
2026-01-25 21:46:39,Pepperstone Razor,GBPUSD,1.36437,1.36442,5e-05,5,Sydney,Sunday
2026-01-25 21:46:40,Pepperstone Razor,USDJPY,155.729,155.741,0.012,12,Sydney,Sunday
2026-01-25 21:46:40,Pepperstone Razor,AUDUSD,0.68975,0.68979,4e-05,4,Sydney,Sunday
2026-01-25 21:46:43,FusionMarkets Zero,XAUUSD,4988.18,4989.35,1.17,117,Sydney,Sunday
2026-01-25 21:46:44,FusionMarkets Zero,EURUSD,1.18287,1.18293,6e-05,6,Sydney,Sunday
2026-01-25 21:46:45,FusionMarkets Zero,GBPUSD,1.3644,1.36477,0.00037,37,Sydney,Sunday
2026-01-25 21:46:46,FusionMarkets Zero,USDJPY,155.671,155.794,0.123,123,Sydney,Sunday
2026-01-25 21:46:47,FusionMarkets Zero,AUDUSD,0.68949,0.68955,6e-05,6,Sydney,Sunday
2026-01-25 21:46:49,ThinkMarkets ThinkZero,XAUUSD,4989.02,4989.1,0.08,8,Sydney,Sunday
2026-01-25 21:46:50,ThinkMarkets ThinkZero,EURUSD,1.18294,1.18296,2e-05,2,Sydney,Sunday
2026-01-25 21:46:51,ThinkMarkets ThinkZero,GBPUSD,1.36429,1.36432,3e-05,3,Sydney,Sunday
2026-01-25 21:46:52,ThinkMarkets ThinkZero,USDJPY,155.738,155.755,0.017,17,Sydney,Sunday
2026-01-25 21:46:53,ThinkMarkets ThinkZero,AUDUSD,0.68974,0.68979,5e-05,5,Sydney,Sunday
2026-01-25 21:46:55,ICMarkets Raw,XAUUSD,4987.98,4988.38,0.4,40,Sydney,Sunday
2026-01-25 21:46:56,ICMarkets Raw,EURUSD,1.18263,1.18285,0.00022,22,Sydney,Sunday
2026-01-25 21:46:57,ICMarkets Raw,GBPUSD,1.36419,1.36461,0.00042,42,Sydney,Sunday
2026-01-25 21:46:58,ICMarkets Raw,USDJPY,155.765,155.835,0.07,70,Sydney,Sunday
2026-01-25 21:46:59,ICMarkets Raw,AUDUSD,0.68968,0.68984,0.00016,16,Sydney,Sunday
2026-01-25 21:47:01,VantageMarkets Raw,XAUUSD,4988.09,4988.27,0.18,18,Sydney,Sunday
2026-01-25 21:47:02,VantageMarkets Raw,EURUSD,1.18264,1.18286,0.00022,22,Sydney,Sunday
2026-01-25 21:47:03,VantageMarkets Raw,GBPUSD,1.36415,1.36453,0.00038,38,Sydney,Sunday
2026-01-25 21:47:04,VantageMarkets Raw,USDJPY,155.749,155.852,0.103,103,Sydney,Sunday
2026-01-25 21:47:05,VantageMarkets Raw,AUDUSD,0.6897,0.68987,0.00017,17,Sydney,Sunday
2026-01-25 21:47:08,FPMarkets Raw,XAUUSD,4983.13,4983.63,0.5,50,Sydney,Sunday
2026-01-25 21:47:09,FPMarkets Raw,EURUSD,1.1821,1.18329,0.00119,119,Sydney,Sunday
2026-01-25 21:47:09,FPMarkets Raw,GBPUSD,1.36414,1.36487,0.00073,73,Sydney,Sunday
2026-01-25 21:47:10,FPMarkets Raw,USDJPY,155.588,155.843,0.255,255,Sydney,Sunday
2026-01-25 21:47:11,FPMarkets Raw,AUDUSD,0.68897,0.69012,0.00115,115,Sydney,Sunday
2026-01-25 21:47:13,8Cap Raw,XAUUSD,4988.78,4988.92,0.14,14,Sydney,Sunday
2026-01-25 21:47:14,8Cap Raw,EURUSD,1.18276,1.18304,0.00028,28,Sydney,Sunday
2026-01-25 21:47:14,8Cap Raw,GBPUSD,1.36425,1.36496,0.00071,71,Sydney,Sunday
2026-01-25 21:47:15,8Cap Raw,USDJPY,155.707,155.769,0.062,62,Sydney,Sunday
2026-01-25 21:47:16,8Cap Raw,AUDUSD,0.68914,0.68994,0.0008,80,Sydney,Sunday
2026-01-25 21:51:37,Pepperstone Razor,XAUUSD,4985.91,4986.51,0.6,60,Sydney,Sunday
2026-01-25 21:51:38,Pepperstone Razor,EURUSD,1.18294,1.18296,2e-05,2,Sydney,Sunday
2026-01-25 21:51:39,Pepperstone Razor,GBPUSD,1.36437,1.36442,5e-05,5,Sydney,Sunday
2026-01-25 21:51:40,Pepperstone Razor,USDJPY,155.729,155.741,0.012,12,Sydney,Sunday
2026-01-25 21:51:41,Pepperstone Razor,AUDUSD,0.68975,0.68979,4e-05,4,Sydney,Sunday
2026-01-25 21:51:43,FusionMarkets Zero,XAUUSD,4988.18,4989.35,1.17,117,Sydney,Sunday
2026-01-25 21:51:44,FusionMarkets Zero,EURUSD,1.18287,1.18293,6e-05,6,Sydney,Sunday
2026-01-25 21:51:45,FusionMarkets Zero,GBPUSD,1.3644,1.36477,0.00037,37,Sydney,Sunday
2026-01-25 21:51:46,FusionMarkets Zero,USDJPY,155.671,155.794,0.123,123,Sydney,Sunday
2026-01-25 21:51:47,FusionMarkets Zero,AUDUSD,0.68949,0.68955,6e-05,6,Sydney,Sunday
2026-01-25 21:51:50,ThinkMarkets ThinkZero,XAUUSD,4989.02,4989.1,0.08,8,Sydney,Sunday
2026-01-25 21:51:50,ThinkMarkets ThinkZero,EURUSD,1.18294,1.18296,2e-05,2,Sydney,Sunday
2026-01-25 21:51:51,ThinkMarkets ThinkZero,GBPUSD,1.36429,1.36432,3e-05,3,Sydney,Sunday
2026-01-25 21:51:52,ThinkMarkets ThinkZero,USDJPY,155.738,155.755,0.017,17,Sydney,Sunday
2026-01-25 21:51:53,ThinkMarkets ThinkZero,AUDUSD,0.68974,0.68979,5e-05,5,Sydney,Sunday
2026-01-25 21:51:55,ICMarkets Raw,XAUUSD,4987.98,4988.38,0.4,40,Sydney,Sunday
2026-01-25 21:51:56,ICMarkets Raw,EURUSD,1.18263,1.18285,0.00022,22,Sydney,Sunday
2026-01-25 21:51:57,ICMarkets Raw,GBPUSD,1.36419,1.36461,0.00042,42,Sydney,Sunday
2026-01-25 21:51:58,ICMarkets Raw,USDJPY,155.765,155.835,0.07,70,Sydney,Sunday
2026-01-25 21:51:59,ICMarkets Raw,AUDUSD,0.68968,0.68984,0.00016,16,Sydney,Sunday
2026-01-25 21:52:01,VantageMarkets Raw,XAUUSD,4988.09,4988.27,0.18,18,Sydney,Sunday
2026-01-25 21:52:02,VantageMarkets Raw,EURUSD,1.18264,1.18286,0.00022,22,Sydney,Sunday
2026-01-25 21:52:03,VantageMarkets Raw,GBPUSD,1.36415,1.36453,0.00038,38,Sydney,Sunday
2026-01-25 21:52:04,VantageMarkets Raw,USDJPY,155.749,155.852,0.103,103,Sydney,Sunday
2026-01-25 21:52:05,VantageMarkets Raw,AUDUSD,0.6897,0.68987,0.00017,17,Sydney,Sunday
2026-01-25 21:52:08,FPMarkets Raw,XAUUSD,4983.13,4983.63,0.5,50,Sydney,Sunday
2026-01-25 21:52:09,FPMarkets Raw,EURUSD,1.1821,1.18329,0.00119,119,Sydney,Sunday
2026-01-25 21:52:10,FPMarkets Raw,GBPUSD,1.36414,1.36487,0.00073,73,Sydney,Sunday
2026-01-25 21:52:11,FPMarkets Raw,USDJPY,155.588,155.843,0.255,255,Sydney,Sunday
2026-01-25 21:52:12,FPMarkets Raw,AUDUSD,0.68897,0.69012,0.00115,115,Sydney,Sunday
2026-01-25 21:52:14,8Cap Raw,XAUUSD,4988.78,4988.92,0.14,14,Sydney,Sunday
2026-01-25 21:52:14,8Cap Raw,EURUSD,1.18276,1.18304,0.00028,28,Sydney,Sunday
2026-01-25 21:52:15,8Cap Raw,GBPUSD,1.36425,1.36496,0.00071,71,Sydney,Sunday
2026-01-25 21:52:16,8Cap Raw,USDJPY,155.707,155.769,0.062,62,Sydney,Sunday
2026-01-25 21:52:16,8Cap Raw,AUDUSD,0.68914,0.68994,0.0008,80,Sydney,Sunday
2026-01-25 21:56:37,Pepperstone Razor,XAUUSD,4985.91,4986.51,0.6,60,Sydney,Sunday
2026-01-25 21:56:38,Pepperstone Razor,EURUSD,1.18294,1.18296,2e-05,2,Sydney,Sunday
2026-01-25 21:56:39,Pepperstone Razor,GBPUSD,1.36437,1.36442,5e-05,5,Sydney,Sunday
2026-01-25 21:56:40,Pepperstone Razor,USDJPY,155.729,155.741,0.012,12,Sydney,Sunday
2026-01-25 21:56:41,Pepperstone Razor,AUDUSD,0.68975,0.68979,4e-05,4,Sydney,Sunday
2026-01-25 21:56:43,FusionMarkets Zero,XAUUSD,4988.18,4989.35,1.17,117,Sydney,Sunday
2026-01-25 21:56:44,FusionMarkets Zero,EURUSD,1.18287,1.18293,6e-05,6,Sydney,Sunday
2026-01-25 21:56:45,FusionMarkets Zero,GBPUSD,1.3644,1.36477,0.00037,37,Sydney,Sunday
2026-01-25 21:56:46,FusionMarkets Zero,USDJPY,155.671,155.794,0.123,123,Sydney,Sunday
2026-01-25 21:56:47,FusionMarkets Zero,AUDUSD,0.68949,0.68955,6e-05,6,Sydney,Sunday
2026-01-25 21:56:49,ThinkMarkets ThinkZero,XAUUSD,4989.02,4989.1,0.08,8,Sydney,Sunday
2026-01-25 21:56:50,ThinkMarkets ThinkZero,EURUSD,1.18294,1.18296,2e-05,2,Sydney,Sunday
2026-01-25 21:56:51,ThinkMarkets ThinkZero,GBPUSD,1.36429,1.36432,3e-05,3,Sydney,Sunday
2026-01-25 21:56:52,ThinkMarkets ThinkZero,USDJPY,155.738,155.755,0.017,17,Sydney,Sunday
2026-01-25 21:56:53,ThinkMarkets ThinkZero,AUDUSD,0.68974,0.68979,5e-05,5,Sydney,Sunday
2026-01-25 21:56:55,ICMarkets Raw,XAUUSD,4987.98,4988.38,0.4,40,Sydney,Sunday
2026-01-25 21:56:56,ICMarkets Raw,EURUSD,1.18263,1.18285,0.00022,22,Sydney,Sunday
2026-01-25 21:56:57,ICMarkets Raw,GBPUSD,1.36419,1.36461,0.00042,42,Sydney,Sunday
2026-01-25 21:56:58,ICMarkets Raw,USDJPY,155.765,155.835,0.07,70,Sydney,Sunday
2026-01-25 21:56:59,ICMarkets Raw,AUDUSD,0.68968,0.68984,0.00016,16,Sydney,Sunday
2026-01-25 21:57:01,VantageMarkets Raw,XAUUSD,4988.09,4988.27,0.18,18,Sydney,Sunday
2026-01-25 21:57:02,VantageMarkets Raw,EURUSD,1.18264,1.18286,0.00022,22,Sydney,Sunday
2026-01-25 21:57:03,VantageMarkets Raw,GBPUSD,1.36415,1.36453,0.00038,38,Sydney,Sunday
2026-01-25 21:57:04,VantageMarkets Raw,USDJPY,155.749,155.852,0.103,103,Sydney,Sunday
2026-01-25 21:57:05,VantageMarkets Raw,AUDUSD,0.6897,0.68987,0.00017,17,Sydney,Sunday
2026-01-25 21:57:08,FPMarkets Raw,XAUUSD,4983.13,4983.63,0.5,50,Sydney,Sunday
2026-01-25 21:57:08,FPMarkets Raw,EURUSD,1.1821,1.18329,0.00119,119,Sydney,Sunday
2026-01-25 21:57:09,FPMarkets Raw,GBPUSD,1.36414,1.36487,0.00073,73,Sydney,Sunday
2026-01-25 21:57:10,FPMarkets Raw,USDJPY,155.588,155.843,0.255,255,Sydney,Sunday
2026-01-25 21:57:11,FPMarkets Raw,AUDUSD,0.68897,0.69012,0.00115,115,Sydney,Sunday
2026-01-25 21:57:13,8Cap Raw,XAUUSD,4988.78,4988.92,0.14,14,Sydney,Sunday
2026-01-25 21:57:14,8Cap Raw,EURUSD,1.18276,1.18304,0.00028,28,Sydney,Sunday
2026-01-25 21:57:15,8Cap Raw,GBPUSD,1.36425,1.36496,0.00071,71,Sydney,Sunday
2026-01-25 21:57:15,8Cap Raw,USDJPY,155.707,155.769,0.062,62,Sydney,Sunday
2026-01-25 21:57:16,8Cap Raw,AUDUSD,0.68914,0.68994,0.0008,80,Sydney,Sunday
2026-01-25 22:01:38,Pepperstone Razor,XAUUSD,4985.91,4986.51,0.6,60,Sydney,Sunday
2026-01-25 22:01:39,Pepperstone Razor,EURUSD,1.18628,1.18683,0.00055,55,Sydney,Sunday
2026-01-25 22:01:40,Pepperstone Razor,GBPUSD,1.366,1.3677,0.0017,170,Sydney,Sunday
2026-01-25 22:01:41,Pepperstone Razor,USDJPY,154.662,154.728,0.066,66,Sydney,Sunday
2026-01-25 22:01:42,Pepperstone Razor,AUDUSD,0.69175,0.69291,0.00116,116,Sydney,Sunday
2026-01-25 22:01:45,FusionMarkets Zero,XAUUSD,4988.18,4989.35,1.17,117,Sydney,Sunday
2026-01-25 22:01:46,FusionMarkets Zero,EURUSD,1.18664,1.1867,6e-05,6,Sydney,Sunday
2026-01-25 22:01:48,FusionMarkets Zero,GBPUSD,1.36611,1.36706,0.00095,95,Sydney,Sunday
2026-01-25 22:01:49,FusionMarkets Zero,USDJPY,154.673,154.728,0.055,55,Sydney,Sunday
2026-01-25 22:01:50,FusionMarkets Zero,AUDUSD,0.69234,0.6924,6e-05,6,Sydney,Sunday
2026-01-25 22:01:53,ThinkMarkets ThinkZero,XAUUSD,4989.02,4989.1,0.08,8,Sydney,Sunday
2026-01-25 22:01:54,ThinkMarkets ThinkZero,EURUSD,1.18294,1.18296,2e-05,2,Sydney,Sunday
2026-01-25 22:01:55,ThinkMarkets ThinkZero,GBPUSD,1.36429,1.36432,3e-05,3,Sydney,Sunday
2026-01-25 22:01:56,ThinkMarkets ThinkZero,USDJPY,155.738,155.755,0.017,17,Sydney,Sunday
2026-01-25 22:01:57,ThinkMarkets ThinkZero,AUDUSD,0.68974,0.68979,5e-05,5,Sydney,Sunday
2026-01-25 22:02:00,ICMarkets Raw,XAUUSD,4987.98,4988.38,0.4,40,Sydney,Sunday
2026-01-25 22:02:01,ICMarkets Raw,EURUSD,1.18637,1.18663,0.00026,26,Sydney,Sunday
2026-01-25 22:02:03,ICMarkets Raw,GBPUSD,1.36612,1.36728,0.00116,116,Sydney,Sunday
2026-01-25 22:02:04,ICMarkets Raw,USDJPY,154.637,154.703,0.066,66,Sydney,Sunday
2026-01-25 22:02:05,ICMarkets Raw,AUDUSD,0.69218,0.69272,0.00054,54,Sydney,Sunday
2026-01-25 22:02:08,VantageMarkets Raw,XAUUSD,4988.09,4988.27,0.18,18,Sydney,Sunday
2026-01-25 22:02:09,VantageMarkets Raw,EURUSD,1.18645,1.18702,0.00057,57,Sydney,Sunday
2026-01-25 22:02:10,VantageMarkets Raw,GBPUSD,1.36609,1.36719,0.0011,110,Sydney,Sunday
2026-01-25 22:02:11,VantageMarkets Raw,USDJPY,154.638,154.705,0.067,67,Sydney,Sunday
2026-01-25 22:02:12,VantageMarkets Raw,AUDUSD,0.69217,0.69271,0.00054,54,Sydney,Sunday
2026-01-25 22:02:15,FPMarkets Raw,XAUUSD,4983.13,4983.63,0.5,50,Sydney,Sunday
2026-01-25 22:02:16,FPMarkets Raw,EURUSD,1.18614,1.18734,0.0012,120,Sydney,Sunday
2026-01-25 22:02:18,FPMarkets Raw,GBPUSD,1.36548,1.36748,0.002,200,Sydney,Sunday
2026-01-25 22:02:19,FPMarkets Raw,USDJPY,154.605,154.735,0.13,130,Sydney,Sunday
2026-01-25 22:02:20,FPMarkets Raw,AUDUSD,0.69196,0.69296,0.001,100,Sydney,Sunday
2026-01-25 22:02:22,8Cap Raw,XAUUSD,4988.78,4988.92,0.14,14,Sydney,Sunday
2026-01-25 22:02:23,8Cap Raw,EURUSD,1.18276,1.18304,0.00028,28,Sydney,Sunday
2026-01-25 22:02:23,8Cap Raw,GBPUSD,1.36425,1.36496,0.00071,71,Sydney,Sunday
2026-01-25 22:02:24,8Cap Raw,USDJPY,155.707,155.769,0.062,62,Sydney,Sunday
2026-01-25 22:02:25,8Cap Raw,AUDUSD,0.68914,0.68994,0.0008,80,Sydney,Sunday
2026-01-25 22:06:37,Pepperstone Razor,XAUUSD,4985.91,4986.51,0.6,60,Sydney,Sunday
2026-01-25 22:06:39,Pepperstone Razor,EURUSD,1.18628,1.18683,0.00055,55,Sydney,Sunday
2026-01-25 22:06:40,Pepperstone Razor,GBPUSD,1.366,1.3677,0.0017,170,Sydney,Sunday
2026-01-25 22:06:41,Pepperstone Razor,USDJPY,154.662,154.728,0.066,66,Sydney,Sunday
2026-01-25 22:06:42,Pepperstone Razor,AUDUSD,0.69175,0.69291,0.00116,116,Sydney,Sunday
2026-01-25 22:06:45,FusionMarkets Zero,XAUUSD,4988.18,4989.35,1.17,117,Sydney,Sunday
2026-01-25 22:06:46,FusionMarkets Zero,EURUSD,1.18664,1.1867,6e-05,6,Sydney,Sunday
2026-01-25 22:06:47,FusionMarkets Zero,GBPUSD,1.36611,1.36706,0.00095,95,Sydney,Sunday
2026-01-25 22:06:49,FusionMarkets Zero,USDJPY,154.673,154.728,0.055,55,Sydney,Sunday
2026-01-25 22:06:50,FusionMarkets Zero,AUDUSD,0.69234,0.6924,6e-05,6,Sydney,Sunday
2026-01-25 22:06:53,ThinkMarkets ThinkZero,XAUUSD,4989.02,4989.1,0.08,8,Sydney,Sunday
2026-01-25 22:06:54,ThinkMarkets ThinkZero,EURUSD,1.18579,1.18686,0.00107,107,Sydney,Sunday
2026-01-25 22:06:55,ThinkMarkets ThinkZero,GBPUSD,1.36588,1.3674,0.00152,152,Sydney,Sunday
2026-01-25 22:06:56,ThinkMarkets ThinkZero,USDJPY,154.685,154.817,0.132,132,Sydney,Sunday
2026-01-25 22:06:57,ThinkMarkets ThinkZero,AUDUSD,0.69174,0.69263,0.00089,89,Sydney,Sunday
2026-01-25 22:07:00,ICMarkets Raw,XAUUSD,4987.98,4988.38,0.4,40,Sydney,Sunday
2026-01-25 22:07:01,ICMarkets Raw,EURUSD,1.18637,1.18663,0.00026,26,Sydney,Sunday
2026-01-25 22:07:03,ICMarkets Raw,GBPUSD,1.36612,1.36728,0.00116,116,Sydney,Sunday
2026-01-25 22:07:04,ICMarkets Raw,USDJPY,154.637,154.703,0.066,66,Sydney,Sunday
2026-01-25 22:07:05,ICMarkets Raw,AUDUSD,0.69218,0.69272,0.00054,54,Sydney,Sunday
2026-01-25 22:07:08,VantageMarkets Raw,XAUUSD,4988.09,4988.27,0.18,18,Sydney,Sunday
2026-01-25 22:07:09,VantageMarkets Raw,EURUSD,1.18645,1.18702,0.00057,57,Sydney,Sunday
2026-01-25 22:07:10,VantageMarkets Raw,GBPUSD,1.36609,1.36719,0.0011,110,Sydney,Sunday
2026-01-25 22:07:11,VantageMarkets Raw,USDJPY,154.638,154.705,0.067,67,Sydney,Sunday
2026-01-25 22:07:12,VantageMarkets Raw,AUDUSD,0.69217,0.69271,0.00054,54,Sydney,Sunday
2026-01-25 22:07:15,FPMarkets Raw,XAUUSD,4983.13,4983.63,0.5,50,Sydney,Sunday
2026-01-25 22:07:16,FPMarkets Raw,EURUSD,1.18614,1.18734,0.0012,120,Sydney,Sunday
2026-01-25 22:07:17,FPMarkets Raw,GBPUSD,1.36548,1.36748,0.002,200,Sydney,Sunday
2026-01-25 22:07:19,FPMarkets Raw,USDJPY,154.605,154.735,0.13,130,Sydney,Sunday
2026-01-25 22:07:20,FPMarkets Raw,AUDUSD,0.69196,0.69296,0.001,100,Sydney,Sunday
2026-01-25 22:07:22,8Cap Raw,XAUUSD,4988.78,4988.92,0.14,14,Sydney,Sunday
2026-01-25 22:07:23,8Cap Raw,EURUSD,1.18602,1.18674,0.00072,72,Sydney,Sunday
2026-01-25 22:07:23,8Cap Raw,GBPUSD,1.36631,1.36755,0.00124,124,Sydney,Sunday
2026-01-25 22:07:24,8Cap Raw,USDJPY,154.737,154.767,0.03,30,Sydney,Sunday
2026-01-25 22:07:25,8Cap Raw,AUDUSD,0.69206,0.69263,0.00057,57,Sydney,Sunday
2026-01-25 22:11:37,Pepperstone Razor,XAUUSD,4985.91,4986.51,0.6,60,Sydney,Sunday
2026-01-25 22:11:38,Pepperstone Razor,EURUSD,1.18628,1.18683,0.00055,55,Sydney,Sunday
2026-01-25 22:11:40,Pepperstone Razor,GBPUSD,1.366,1.3677,0.0017,170,Sydney,Sunday
2026-01-25 22:11:41,Pepperstone Razor,USDJPY,154.662,154.728,0.066,66,Sydney,Sunday
2026-01-25 22:11:42,Pepperstone Razor,AUDUSD,0.69175,0.69291,0.00116,116,Sydney,Sunday
2026-01-25 22:11:45,FusionMarkets Zero,XAUUSD,4988.18,4989.35,1.17,117,Sydney,Sunday
2026-01-25 22:11:46,FusionMarkets Zero,EURUSD,1.18664,1.1867,6e-05,6,Sydney,Sunday
2026-01-25 22:11:47,FusionMarkets Zero,GBPUSD,1.36611,1.36706,0.00095,95,Sydney,Sunday
2026-01-25 22:11:48,FusionMarkets Zero,USDJPY,154.673,154.728,0.055,55,Sydney,Sunday
2026-01-25 22:11:50,FusionMarkets Zero,AUDUSD,0.69234,0.6924,6e-05,6,Sydney,Sunday
2026-01-25 22:11:52,ThinkMarkets ThinkZero,XAUUSD,4989.02,4989.1,0.08,8,Sydney,Sunday
2026-01-25 22:11:54,ThinkMarkets ThinkZero,EURUSD,1.18579,1.18686,0.00107,107,Sydney,Sunday
2026-01-25 22:11:55,ThinkMarkets ThinkZero,GBPUSD,1.36588,1.3674,0.00152,152,Sydney,Sunday
2026-01-25 22:11:56,ThinkMarkets ThinkZero,USDJPY,154.685,154.817,0.132,132,Sydney,Sunday
2026-01-25 22:11:57,ThinkMarkets ThinkZero,AUDUSD,0.69174,0.69263,0.00089,89,Sydney,Sunday
2026-01-25 22:12:00,ICMarkets Raw,XAUUSD,4987.98,4988.38,0.4,40,Sydney,Sunday
2026-01-25 22:12:01,ICMarkets Raw,EURUSD,1.18637,1.18663,0.00026,26,Sydney,Sunday
2026-01-25 22:12:02,ICMarkets Raw,GBPUSD,1.36612,1.36728,0.00116,116,Sydney,Sunday
2026-01-25 22:12:03,ICMarkets Raw,USDJPY,154.637,154.703,0.066,66,Sydney,Sunday
2026-01-25 22:12:05,ICMarkets Raw,AUDUSD,0.69218,0.69272,0.00054,54,Sydney,Sunday
2026-01-25 22:12:07,VantageMarkets Raw,XAUUSD,4988.09,4988.27,0.18,18,Sydney,Sunday
2026-01-25 22:12:08,VantageMarkets Raw,EURUSD,1.18645,1.18702,0.00057,57,Sydney,Sunday
2026-01-25 22:12:09,VantageMarkets Raw,GBPUSD,1.36609,1.36719,0.0011,110,Sydney,Sunday
2026-01-25 22:12:10,VantageMarkets Raw,USDJPY,154.638,154.705,0.067,67,Sydney,Sunday
2026-01-25 22:12:12,VantageMarkets Raw,AUDUSD,0.69217,0.69271,0.00054,54,Sydney,Sunday
2026-01-25 22:12:15,FPMarkets Raw,XAUUSD,4983.13,4983.63,0.5,50,Sydney,Sunday
2026-01-25 22:12:16,FPMarkets Raw,EURUSD,1.18614,1.18734,0.0012,120,Sydney,Sunday
2026-01-25 22:12:17,FPMarkets Raw,GBPUSD,1.36548,1.36748,0.002,200,Sydney,Sunday
2026-01-25 22:12:18,FPMarkets Raw,USDJPY,154.605,154.735,0.13,130,Sydney,Sunday
2026-01-25 22:12:20,FPMarkets Raw,AUDUSD,0.69196,0.69296,0.001,100,Sydney,Sunday
2026-01-25 22:12:22,8Cap Raw,XAUUSD,4988.78,4988.92,0.14,14,Sydney,Sunday
2026-01-25 22:12:22,8Cap Raw,EURUSD,1.18602,1.18674,0.00072,72,Sydney,Sunday
2026-01-25 22:12:23,8Cap Raw,GBPUSD,1.36631,1.36755,0.00124,124,Sydney,Sunday
2026-01-25 22:12:24,8Cap Raw,USDJPY,154.737,154.767,0.03,30,Sydney,Sunday
2026-01-25 22:12:24,8Cap Raw,AUDUSD,0.69206,0.69263,0.00057,57,Sydney,Sunday
2026-01-25 22:16:38,Pepperstone Razor,XAUUSD,4985.91,4986.51,0.6,60,Sydney,Sunday
2026-01-25 22:16:39,Pepperstone Razor,EURUSD,1.18628,1.18683,0.00055,55,Sydney,Sunday
2026-01-25 22:16:40,Pepperstone Razor,GBPUSD,1.366,1.3677,0.0017,170,Sydney,Sunday
2026-01-25 22:16:41,Pepperstone Razor,USDJPY,154.662,154.728,0.066,66,Sydney,Sunday
2026-01-25 22:16:42,Pepperstone Razor,AUDUSD,0.69175,0.69291,0.00116,116,Sydney,Sunday
2026-01-25 22:16:45,FusionMarkets Zero,XAUUSD,4988.18,4989.35,1.17,117,Sydney,Sunday
2026-01-25 22:16:46,FusionMarkets Zero,EURUSD,1.18664,1.1867,6e-05,6,Sydney,Sunday
2026-01-25 22:16:48,FusionMarkets Zero,GBPUSD,1.36611,1.36706,0.00095,95,Sydney,Sunday
2026-01-25 22:16:49,FusionMarkets Zero,USDJPY,154.673,154.728,0.055,55,Sydney,Sunday
2026-01-25 22:16:50,FusionMarkets Zero,AUDUSD,0.69234,0.6924,6e-05,6,Sydney,Sunday
2026-01-25 22:16:53,ThinkMarkets ThinkZero,XAUUSD,4989.02,4989.1,0.08,8,Sydney,Sunday
2026-01-25 22:16:54,ThinkMarkets ThinkZero,EURUSD,1.18579,1.18686,0.00107,107,Sydney,Sunday
2026-01-25 22:16:55,ThinkMarkets ThinkZero,GBPUSD,1.36588,1.3674,0.00152,152,Sydney,Sunday
2026-01-25 22:16:56,ThinkMarkets ThinkZero,USDJPY,154.685,154.817,0.132,132,Sydney,Sunday
2026-01-25 22:16:57,ThinkMarkets ThinkZero,AUDUSD,0.69174,0.69263,0.00089,89,Sydney,Sunday
2026-01-25 22:17:00,ICMarkets Raw,XAUUSD,4987.98,4988.38,0.4,40,Sydney,Sunday
2026-01-25 22:17:01,ICMarkets Raw,EURUSD,1.18637,1.18663,0.00026,26,Sydney,Sunday
2026-01-25 22:17:03,ICMarkets Raw,GBPUSD,1.36612,1.36728,0.00116,116,Sydney,Sunday
2026-01-25 22:17:04,ICMarkets Raw,USDJPY,154.637,154.703,0.066,66,Sydney,Sunday
2026-01-25 22:17:05,ICMarkets Raw,AUDUSD,0.69218,0.69272,0.00054,54,Sydney,Sunday
2026-01-25 22:17:08,VantageMarkets Raw,XAUUSD,4988.09,4988.27,0.18,18,Sydney,Sunday
2026-01-25 22:17:09,VantageMarkets Raw,EURUSD,1.18645,1.18702,0.00057,57,Sydney,Sunday
2026-01-25 22:17:10,VantageMarkets Raw,GBPUSD,1.36609,1.36719,0.0011,110,Sydney,Sunday
2026-01-25 22:17:11,VantageMarkets Raw,USDJPY,154.638,154.705,0.067,67,Sydney,Sunday
2026-01-25 22:17:12,VantageMarkets Raw,AUDUSD,0.69217,0.69271,0.00054,54,Sydney,Sunday
2026-01-25 22:17:15,FPMarkets Raw,XAUUSD,4983.13,4983.63,0.5,50,Sydney,Sunday
2026-01-25 22:17:16,FPMarkets Raw,EURUSD,1.18614,1.18734,0.0012,120,Sydney,Sunday
2026-01-25 22:17:18,FPMarkets Raw,GBPUSD,1.36548,1.36748,0.002,200,Sydney,Sunday
2026-01-25 22:17:19,FPMarkets Raw,USDJPY,154.605,154.735,0.13,130,Sydney,Sunday
2026-01-25 22:17:20,FPMarkets Raw,AUDUSD,0.69196,0.69296,0.001,100,Sydney,Sunday
2026-01-25 22:17:22,8Cap Raw,XAUUSD,4988.78,4988.92,0.14,14,Sydney,Sunday
2026-01-25 22:17:23,8Cap Raw,EURUSD,1.18602,1.18674,0.00072,72,Sydney,Sunday
2026-01-25 22:17:23,8Cap Raw,GBPUSD,1.36631,1.36755,0.00124,124,Sydney,Sunday
2026-01-25 22:17:24,8Cap Raw,USDJPY,154.737,154.767,0.03,30,Sydney,Sunday
2026-01-25 22:17:25,8Cap Raw,AUDUSD,0.69206,0.69263,0.00057,57,Sydney,Sunday
2026-01-25 22:21:37,Pepperstone Razor,XAUUSD,4985.91,4986.51,0.6,60,Sydney,Sunday
2026-01-25 22:21:38,Pepperstone Razor,EURUSD,1.18628,1.18683,0.00055,55,Sydney,Sunday
2026-01-25 22:21:40,Pepperstone Razor,GBPUSD,1.366,1.3677,0.0017,170,Sydney,Sunday
2026-01-25 22:21:41,Pepperstone Razor,USDJPY,154.662,154.728,0.066,66,Sydney,Sunday
2026-01-25 22:21:42,Pepperstone Razor,AUDUSD,0.69175,0.69291,0.00116,116,Sydney,Sunday
2026-01-25 22:21:45,FusionMarkets Zero,XAUUSD,4988.18,4989.35,1.17,117,Sydney,Sunday
2026-01-25 22:21:46,FusionMarkets Zero,EURUSD,1.18664,1.1867,6e-05,6,Sydney,Sunday
2026-01-25 22:21:47,FusionMarkets Zero,GBPUSD,1.36611,1.36706,0.00095,95,Sydney,Sunday
2026-01-25 22:21:48,FusionMarkets Zero,USDJPY,154.673,154.728,0.055,55,Sydney,Sunday
2026-01-25 22:21:50,FusionMarkets Zero,AUDUSD,0.69234,0.6924,6e-05,6,Sydney,Sunday
2026-01-25 22:21:52,ThinkMarkets ThinkZero,XAUUSD,4989.02,4989.1,0.08,8,Sydney,Sunday
2026-01-25 22:21:54,ThinkMarkets ThinkZero,EURUSD,1.18579,1.18686,0.00107,107,Sydney,Sunday
2026-01-25 22:21:55,ThinkMarkets ThinkZero,GBPUSD,1.36588,1.3674,0.00152,152,Sydney,Sunday
2026-01-25 22:21:56,ThinkMarkets ThinkZero,USDJPY,154.685,154.817,0.132,132,Sydney,Sunday
2026-01-25 22:21:57,ThinkMarkets ThinkZero,AUDUSD,0.69174,0.69263,0.00089,89,Sydney,Sunday
2026-01-25 22:22:00,ICMarkets Raw,XAUUSD,4987.98,4988.38,0.4,40,Sydney,Sunday
2026-01-25 22:22:01,ICMarkets Raw,EURUSD,1.18637,1.18663,0.00026,26,Sydney,Sunday
2026-01-25 22:22:02,ICMarkets Raw,GBPUSD,1.36612,1.36728,0.00116,116,Sydney,Sunday
2026-01-25 22:22:04,ICMarkets Raw,USDJPY,154.637,154.703,0.066,66,Sydney,Sunday
2026-01-25 22:22:05,ICMarkets Raw,AUDUSD,0.69218,0.69272,0.00054,54,Sydney,Sunday
2026-01-25 22:22:07,VantageMarkets Raw,XAUUSD,4988.09,4988.27,0.18,18,Sydney,Sunday
2026-01-25 22:22:09,VantageMarkets Raw,EURUSD,1.18645,1.18702,0.00057,57,Sydney,Sunday
2026-01-25 22:22:10,VantageMarkets Raw,GBPUSD,1.36609,1.36719,0.0011,110,Sydney,Sunday
2026-01-25 22:22:11,VantageMarkets Raw,USDJPY,154.638,154.705,0.067,67,Sydney,Sunday
2026-01-25 22:22:12,VantageMarkets Raw,AUDUSD,0.69217,0.69271,0.00054,54,Sydney,Sunday
2026-01-25 22:22:15,FPMarkets Raw,XAUUSD,4983.13,4983.63,0.5,50,Sydney,Sunday
2026-01-25 22:22:16,FPMarkets Raw,EURUSD,1.18614,1.18734,0.0012,120,Sydney,Sunday
2026-01-25 22:22:17,FPMarkets Raw,GBPUSD,1.36548,1.36748,0.002,200,Sydney,Sunday
2026-01-25 22:22:19,FPMarkets Raw,USDJPY,154.605,154.735,0.13,130,Sydney,Sunday
2026-01-25 22:22:20,FPMarkets Raw,AUDUSD,0.69196,0.69296,0.001,100,Sydney,Sunday
2026-01-25 22:22:22,8Cap Raw,XAUUSD,4988.78,4988.92,0.14,14,Sydney,Sunday
2026-01-25 22:22:22,8Cap Raw,EURUSD,1.18602,1.18674,0.00072,72,Sydney,Sunday
2026-01-25 22:22:23,8Cap Raw,GBPUSD,1.36631,1.36755,0.00124,124,Sydney,Sunday
2026-01-25 22:22:24,8Cap Raw,USDJPY,154.737,154.767,0.03,30,Sydney,Sunday
2026-01-25 22:22:25,8Cap Raw,AUDUSD,0.69206,0.69263,0.00057,57,Sydney,Sunday
2026-01-25 22:26:38,Pepperstone Razor,XAUUSD,4985.91,4986.51,0.6,60,Sydney,Sunday
2026-01-25 22:26:39,Pepperstone Razor,EURUSD,1.18628,1.18683,0.00055,55,Sydney,Sunday
2026-01-25 22:26:40,Pepperstone Razor,GBPUSD,1.366,1.3677,0.0017,170,Sydney,Sunday
2026-01-25 22:26:41,Pepperstone Razor,USDJPY,154.662,154.728,0.066,66,Sydney,Sunday
2026-01-25 22:26:42,Pepperstone Razor,AUDUSD,0.69175,0.69291,0.00116,116,Sydney,Sunday
2026-01-25 22:26:45,FusionMarkets Zero,XAUUSD,4988.18,4989.35,1.17,117,Sydney,Sunday
2026-01-25 22:26:46,FusionMarkets Zero,EURUSD,1.18664,1.1867,6e-05,6,Sydney,Sunday
2026-01-25 22:26:47,FusionMarkets Zero,GBPUSD,1.36611,1.36706,0.00095,95,Sydney,Sunday
2026-01-25 22:26:49,FusionMarkets Zero,USDJPY,154.673,154.728,0.055,55,Sydney,Sunday
2026-01-25 22:26:50,FusionMarkets Zero,AUDUSD,0.69234,0.6924,6e-05,6,Sydney,Sunday
2026-01-25 22:26:53,ThinkMarkets ThinkZero,XAUUSD,4989.02,4989.1,0.08,8,Sydney,Sunday
2026-01-25 22:26:54,ThinkMarkets ThinkZero,EURUSD,1.18579,1.18686,0.00107,107,Sydney,Sunday
2026-01-25 22:26:55,ThinkMarkets ThinkZero,GBPUSD,1.36588,1.3674,0.00152,152,Sydney,Sunday
2026-01-25 22:26:56,ThinkMarkets ThinkZero,USDJPY,154.685,154.817,0.132,132,Sydney,Sunday
2026-01-25 22:26:58,ThinkMarkets ThinkZero,AUDUSD,0.69174,0.69263,0.00089,89,Sydney,Sunday
2026-01-25 22:27:00,ICMarkets Raw,XAUUSD,4987.98,4988.38,0.4,40,Sydney,Sunday
2026-01-25 22:27:01,ICMarkets Raw,EURUSD,1.18637,1.18663,0.00026,26,Sydney,Sunday
2026-01-25 22:27:03,ICMarkets Raw,GBPUSD,1.36612,1.36728,0.00116,116,Sydney,Sunday
2026-01-25 22:27:04,ICMarkets Raw,USDJPY,154.637,154.703,0.066,66,Sydney,Sunday
2026-01-25 22:27:05,ICMarkets Raw,AUDUSD,0.69218,0.69272,0.00054,54,Sydney,Sunday
2026-01-25 22:27:08,VantageMarkets Raw,XAUUSD,4988.09,4988.27,0.18,18,Sydney,Sunday
2026-01-25 22:27:09,VantageMarkets Raw,EURUSD,1.18645,1.18702,0.00057,57,Sydney,Sunday
2026-01-25 22:27:10,VantageMarkets Raw,GBPUSD,1.36609,1.36719,0.0011,110,Sydney,Sunday
2026-01-25 22:27:11,VantageMarkets Raw,USDJPY,154.638,154.705,0.067,67,Sydney,Sunday
2026-01-25 22:27:12,VantageMarkets Raw,AUDUSD,0.69217,0.69271,0.00054,54,Sydney,Sunday
2026-01-25 22:27:16,FPMarkets Raw,XAUUSD,4983.13,4983.63,0.5,50,Sydney,Sunday
2026-01-25 22:27:17,FPMarkets Raw,EURUSD,1.18614,1.18734,0.0012,120,Sydney,Sunday
2026-01-25 22:27:18,FPMarkets Raw,GBPUSD,1.36548,1.36748,0.002,200,Sydney,Sunday
2026-01-25 22:27:19,FPMarkets Raw,USDJPY,154.605,154.735,0.13,130,Sydney,Sunday
2026-01-25 22:27:21,FPMarkets Raw,AUDUSD,0.69196,0.69296,0.001,100,Sydney,Sunday
2026-01-25 22:27:23,8Cap Raw,XAUUSD,4988.78,4988.92,0.14,14,Sydney,Sunday
2026-01-25 22:27:23,8Cap Raw,EURUSD,1.18602,1.18674,0.00072,72,Sydney,Sunday
2026-01-25 22:27:24,8Cap Raw,GBPUSD,1.36631,1.36755,0.00124,124,Sydney,Sunday
2026-01-25 22:27:25,8Cap Raw,USDJPY,154.737,154.767,0.03,30,Sydney,Sunday
2026-01-25 22:27:25,8Cap Raw,AUDUSD,0.69206,0.69263,0.00057,57,Sydney,Sunday
2026-01-25 22:31:37,Pepperstone Razor,XAUUSD,4985.91,4986.51,0.6,60,Sydney,Sunday
2026-01-25 22:31:38,Pepperstone Razor,EURUSD,1.18628,1.18683,0.00055,55,Sydney,Sunday
2026-01-25 22:31:40,Pepperstone Razor,GBPUSD,1.366,1.3677,0.0017,170,Sydney,Sunday
2026-01-25 22:31:41,Pepperstone Razor,USDJPY,154.662,154.728,0.066,66,Sydney,Sunday
2026-01-25 22:31:42,Pepperstone Razor,AUDUSD,0.69175,0.69291,0.00116,116,Sydney,Sunday
2026-01-25 22:31:45,FusionMarkets Zero,XAUUSD,4988.18,4989.35,1.17,117,Sydney,Sunday
2026-01-25 22:31:46,FusionMarkets Zero,EURUSD,1.18664,1.1867,6e-05,6,Sydney,Sunday
2026-01-25 22:31:47,FusionMarkets Zero,GBPUSD,1.36611,1.36706,0.00095,95,Sydney,Sunday
2026-01-25 22:31:48,FusionMarkets Zero,USDJPY,154.673,154.728,0.055,55,Sydney,Sunday
2026-01-25 22:31:50,FusionMarkets Zero,AUDUSD,0.69234,0.6924,6e-05,6,Sydney,Sunday
2026-01-25 22:31:53,ThinkMarkets ThinkZero,XAUUSD,4989.02,4989.1,0.08,8,Sydney,Sunday
2026-01-25 22:31:54,ThinkMarkets ThinkZero,EURUSD,1.18579,1.18686,0.00107,107,Sydney,Sunday
2026-01-25 22:31:55,ThinkMarkets ThinkZero,GBPUSD,1.36588,1.3674,0.00152,152,Sydney,Sunday
2026-01-25 22:31:56,ThinkMarkets ThinkZero,USDJPY,154.685,154.817,0.132,132,Sydney,Sunday
2026-01-25 22:31:57,ThinkMarkets ThinkZero,AUDUSD,0.69174,0.69263,0.00089,89,Sydney,Sunday
2026-01-25 22:32:00,ICMarkets Raw,XAUUSD,4987.98,4988.38,0.4,40,Sydney,Sunday
2026-01-25 22:32:01,ICMarkets Raw,EURUSD,1.18637,1.18663,0.00026,26,Sydney,Sunday
2026-01-25 22:32:02,ICMarkets Raw,GBPUSD,1.36612,1.36728,0.00116,116,Sydney,Sunday
2026-01-25 22:32:04,ICMarkets Raw,USDJPY,154.637,154.703,0.066,66,Sydney,Sunday
2026-01-25 22:32:05,ICMarkets Raw,AUDUSD,0.69218,0.69272,0.00054,54,Sydney,Sunday
2026-01-25 22:32:07,VantageMarkets Raw,XAUUSD,4988.09,4988.27,0.18,18,Sydney,Sunday
2026-01-25 22:32:08,VantageMarkets Raw,EURUSD,1.18645,1.18702,0.00057,57,Sydney,Sunday
2026-01-25 22:32:10,VantageMarkets Raw,GBPUSD,1.36609,1.36719,0.0011,110,Sydney,Sunday
2026-01-25 22:32:11,VantageMarkets Raw,USDJPY,154.638,154.705,0.067,67,Sydney,Sunday
2026-01-25 22:32:12,VantageMarkets Raw,AUDUSD,0.69217,0.69271,0.00054,54,Sydney,Sunday
2026-01-25 22:32:15,FPMarkets Raw,XAUUSD,4983.13,4983.63,0.5,50,Sydney,Sunday
2026-01-25 22:32:16,FPMarkets Raw,EURUSD,1.18614,1.18734,0.0012,120,Sydney,Sunday
2026-01-25 22:32:17,FPMarkets Raw,GBPUSD,1.36548,1.36748,0.002,200,Sydney,Sunday
2026-01-25 22:32:19,FPMarkets Raw,USDJPY,154.605,154.735,0.13,130,Sydney,Sunday
2026-01-25 22:32:20,FPMarkets Raw,AUDUSD,0.69196,0.69296,0.001,100,Sydney,Sunday
2026-01-25 22:32:22,8Cap Raw,XAUUSD,4988.78,4988.92,0.14,14,Sydney,Sunday
2026-01-25 22:32:22,8Cap Raw,EURUSD,1.18602,1.18674,0.00072,72,Sydney,Sunday
2026-01-25 22:32:23,8Cap Raw,GBPUSD,1.36631,1.36755,0.00124,124,Sydney,Sunday
2026-01-25 22:32:24,8Cap Raw,USDJPY,154.737,154.767,0.03,30,Sydney,Sunday
2026-01-25 22:32:24,8Cap Raw,AUDUSD,0.69206,0.69263,0.00057,57,Sydney,Sunday
2026-01-25 22:36:38,Pepperstone Razor,XAUUSD,4985.91,4986.51,0.6,60,Sydney,Sunday
2026-01-25 22:36:39,Pepperstone Razor,EURUSD,1.18628,1.18683,0.00055,55,Sydney,Sunday
2026-01-25 22:36:40,Pepperstone Razor,GBPUSD,1.366,1.3677,0.0017,170,Sydney,Sunday
2026-01-25 22:36:41,Pepperstone Razor,USDJPY,154.662,154.728,0.066,66,Sydney,Sunday
2026-01-25 22:36:42,Pepperstone Razor,AUDUSD,0.69175,0.69291,0.00116,116,Sydney,Sunday
2026-01-25 22:36:46,FusionMarkets Zero,XAUUSD,4988.18,4989.35,1.17,117,Sydney,Sunday
2026-01-25 22:36:47,FusionMarkets Zero,EURUSD,1.18664,1.1867,6e-05,6,Sydney,Sunday
2026-01-25 22:36:48,FusionMarkets Zero,GBPUSD,1.36611,1.36706,0.00095,95,Sydney,Sunday
2026-01-25 22:36:49,FusionMarkets Zero,USDJPY,154.673,154.728,0.055,55,Sydney,Sunday
2026-01-25 22:36:50,FusionMarkets Zero,AUDUSD,0.69234,0.6924,6e-05,6,Sydney,Sunday
2026-01-25 22:36:53,ThinkMarkets ThinkZero,XAUUSD,4989.02,4989.1,0.08,8,Sydney,Sunday
2026-01-25 22:36:54,ThinkMarkets ThinkZero,EURUSD,1.18579,1.18686,0.00107,107,Sydney,Sunday
2026-01-25 22:36:55,ThinkMarkets ThinkZero,GBPUSD,1.36588,1.3674,0.00152,152,Sydney,Sunday
2026-01-25 22:36:57,ThinkMarkets ThinkZero,USDJPY,154.685,154.817,0.132,132,Sydney,Sunday
2026-01-25 22:36:58,ThinkMarkets ThinkZero,AUDUSD,0.69174,0.69263,0.00089,89,Sydney,Sunday
2026-01-25 22:37:01,ICMarkets Raw,XAUUSD,4987.98,4988.38,0.4,40,Sydney,Sunday
2026-01-25 22:37:02,ICMarkets Raw,EURUSD,1.18637,1.18663,0.00026,26,Sydney,Sunday
2026-01-25 22:37:03,ICMarkets Raw,GBPUSD,1.36612,1.36728,0.00116,116,Sydney,Sunday
2026-01-25 22:37:04,ICMarkets Raw,USDJPY,154.637,154.703,0.066,66,Sydney,Sunday
2026-01-25 22:37:06,ICMarkets Raw,AUDUSD,0.69218,0.69272,0.00054,54,Sydney,Sunday
2026-01-25 22:37:08,VantageMarkets Raw,XAUUSD,4988.09,4988.27,0.18,18,Sydney,Sunday
2026-01-25 22:37:09,VantageMarkets Raw,EURUSD,1.18645,1.18702,0.00057,57,Sydney,Sunday
2026-01-25 22:37:10,VantageMarkets Raw,GBPUSD,1.36609,1.36719,0.0011,110,Sydney,Sunday
2026-01-25 22:37:11,VantageMarkets Raw,USDJPY,154.638,154.705,0.067,67,Sydney,Sunday
2026-01-25 22:37:12,VantageMarkets Raw,AUDUSD,0.69217,0.69271,0.00054,54,Sydney,Sunday
2026-01-25 22:37:16,FPMarkets Raw,XAUUSD,4983.13,4983.63,0.5,50,Sydney,Sunday
2026-01-25 22:37:17,FPMarkets Raw,EURUSD,1.18614,1.18734,0.0012,120,Sydney,Sunday
2026-01-25 22:37:18,FPMarkets Raw,GBPUSD,1.36548,1.36748,0.002,200,Sydney,Sunday
2026-01-25 22:37:19,FPMarkets Raw,USDJPY,154.605,154.735,0.13,130,Sydney,Sunday
2026-01-25 22:37:20,FPMarkets Raw,AUDUSD,0.69196,0.69296,0.001,100,Sydney,Sunday
2026-01-25 22:37:23,8Cap Raw,XAUUSD,4988.78,4988.92,0.14,14,Sydney,Sunday
2026-01-25 22:37:23,8Cap Raw,EURUSD,1.18602,1.18674,0.00072,72,Sydney,Sunday
2026-01-25 22:37:24,8Cap Raw,GBPUSD,1.36631,1.36755,0.00124,124,Sydney,Sunday
2026-01-25 22:37:25,8Cap Raw,USDJPY,154.737,154.767,0.03,30,Sydney,Sunday
2026-01-25 22:37:26,8Cap Raw,AUDUSD,0.69206,0.69263,0.00057,57,Sydney,Sunday
2026-01-25 22:41:37,Pepperstone Razor,XAUUSD,4985.91,4986.51,0.6,60,Sydney,Sunday
2026-01-25 22:41:39,Pepperstone Razor,EURUSD,1.18628,1.18683,0.00055,55,Sydney,Sunday
2026-01-25 22:41:40,Pepperstone Razor,GBPUSD,1.366,1.3677,0.0017,170,Sydney,Sunday
2026-01-25 22:41:41,Pepperstone Razor,USDJPY,154.662,154.728,0.066,66,Sydney,Sunday
2026-01-25 22:41:42,Pepperstone Razor,AUDUSD,0.69175,0.69291,0.00116,116,Sydney,Sunday
2026-01-25 22:41:45,FusionMarkets Zero,XAUUSD,4988.18,4989.35,1.17,117,Sydney,Sunday
2026-01-25 22:41:46,FusionMarkets Zero,EURUSD,1.18664,1.1867,6e-05,6,Sydney,Sunday
2026-01-25 22:41:47,FusionMarkets Zero,GBPUSD,1.36611,1.36706,0.00095,95,Sydney,Sunday
2026-01-25 22:41:49,FusionMarkets Zero,USDJPY,154.673,154.728,0.055,55,Sydney,Sunday
2026-01-25 22:41:50,FusionMarkets Zero,AUDUSD,0.69234,0.6924,6e-05,6,Sydney,Sunday
2026-01-25 22:41:53,ThinkMarkets ThinkZero,XAUUSD,4989.02,4989.1,0.08,8,Sydney,Sunday
2026-01-25 22:41:54,ThinkMarkets ThinkZero,EURUSD,1.18579,1.18686,0.00107,107,Sydney,Sunday
2026-01-25 22:41:55,ThinkMarkets ThinkZero,GBPUSD,1.36588,1.3674,0.00152,152,Sydney,Sunday
2026-01-25 22:41:56,ThinkMarkets ThinkZero,USDJPY,154.685,154.817,0.132,132,Sydney,Sunday
2026-01-25 22:41:57,ThinkMarkets ThinkZero,AUDUSD,0.69174,0.69263,0.00089,89,Sydney,Sunday
2026-01-25 22:42:00,ICMarkets Raw,XAUUSD,4987.98,4988.38,0.4,40,Sydney,Sunday
2026-01-25 22:42:01,ICMarkets Raw,EURUSD,1.18637,1.18663,0.00026,26,Sydney,Sunday
2026-01-25 22:42:03,ICMarkets Raw,GBPUSD,1.36612,1.36728,0.00116,116,Sydney,Sunday
2026-01-25 22:42:04,ICMarkets Raw,USDJPY,154.637,154.703,0.066,66,Sydney,Sunday
2026-01-25 22:42:05,ICMarkets Raw,AUDUSD,0.69218,0.69272,0.00054,54,Sydney,Sunday
2026-01-25 22:42:07,VantageMarkets Raw,XAUUSD,4988.09,4988.27,0.18,18,Sydney,Sunday
2026-01-25 22:42:09,VantageMarkets Raw,EURUSD,1.18645,1.18702,0.00057,57,Sydney,Sunday
2026-01-25 22:42:10,VantageMarkets Raw,GBPUSD,1.36609,1.36719,0.0011,110,Sydney,Sunday
2026-01-25 22:42:11,VantageMarkets Raw,USDJPY,154.638,154.705,0.067,67,Sydney,Sunday
2026-01-25 22:42:12,VantageMarkets Raw,AUDUSD,0.69217,0.69271,0.00054,54,Sydney,Sunday
2026-01-25 22:42:15,FPMarkets Raw,XAUUSD,4983.13,4983.63,0.5,50,Sydney,Sunday
2026-01-25 22:42:16,FPMarkets Raw,EURUSD,1.18614,1.18734,0.0012,120,Sydney,Sunday
2026-01-25 22:42:17,FPMarkets Raw,GBPUSD,1.36548,1.36748,0.002,200,Sydney,Sunday
2026-01-25 22:42:19,FPMarkets Raw,USDJPY,154.605,154.735,0.13,130,Sydney,Sunday
2026-01-25 22:42:20,FPMarkets Raw,AUDUSD,0.69196,0.69296,0.001,100,Sydney,Sunday
2026-01-25 22:42:22,8Cap Raw,XAUUSD,4988.78,4988.92,0.14,14,Sydney,Sunday
2026-01-25 22:42:22,8Cap Raw,EURUSD,1.18602,1.18674,0.00072,72,Sydney,Sunday
2026-01-25 22:42:23,8Cap Raw,GBPUSD,1.36631,1.36755,0.00124,124,Sydney,Sunday
2026-01-25 22:42:24,8Cap Raw,USDJPY,154.737,154.767,0.03,30,Sydney,Sunday
2026-01-25 22:42:25,8Cap Raw,AUDUSD,0.69206,0.69263,0.00057,57,Sydney,Sunday
2026-01-25 22:46:38,Pepperstone Razor,XAUUSD,4985.91,4986.51,0.6,60,Sydney,Sunday
2026-01-25 22:46:39,Pepperstone Razor,EURUSD,1.18628,1.18683,0.00055,55,Sydney,Sunday
2026-01-25 22:46:40,Pepperstone Razor,GBPUSD,1.366,1.3677,0.0017,170,Sydney,Sunday
2026-01-25 22:46:41,Pepperstone Razor,USDJPY,154.662,154.728,0.066,66,Sydney,Sunday
2026-01-25 22:46:42,Pepperstone Razor,AUDUSD,0.69175,0.69291,0.00116,116,Sydney,Sunday
2026-01-25 22:46:46,FusionMarkets Zero,XAUUSD,4988.18,4989.35,1.17,117,Sydney,Sunday
2026-01-25 22:46:47,FusionMarkets Zero,EURUSD,1.18664,1.1867,6e-05,6,Sydney,Sunday
2026-01-25 22:46:48,FusionMarkets Zero,GBPUSD,1.36611,1.36706,0.00095,95,Sydney,Sunday
2026-01-25 22:46:49,FusionMarkets Zero,USDJPY,154.673,154.728,0.055,55,Sydney,Sunday
2026-01-25 22:46:50,FusionMarkets Zero,AUDUSD,0.69234,0.6924,6e-05,6,Sydney,Sunday
2026-01-25 22:46:53,ThinkMarkets ThinkZero,XAUUSD,4989.02,4989.1,0.08,8,Sydney,Sunday
2026-01-25 22:46:54,ThinkMarkets ThinkZero,EURUSD,1.18579,1.18686,0.00107,107,Sydney,Sunday
2026-01-25 22:46:56,ThinkMarkets ThinkZero,GBPUSD,1.36588,1.3674,0.00152,152,Sydney,Sunday
2026-01-25 22:46:57,ThinkMarkets ThinkZero,USDJPY,154.685,154.817,0.132,132,Sydney,Sunday
2026-01-25 22:46:58,ThinkMarkets ThinkZero,AUDUSD,0.69174,0.69263,0.00089,89,Sydney,Sunday
2026-01-25 22:47:01,ICMarkets Raw,XAUUSD,4987.98,4988.38,0.4,40,Sydney,Sunday
2026-01-25 22:47:03,ICMarkets Raw,EURUSD,1.18637,1.18663,0.00026,26,Sydney,Sunday
2026-01-25 22:47:04,ICMarkets Raw,GBPUSD,1.36612,1.36728,0.00116,116,Sydney,Sunday
2026-01-25 22:47:05,ICMarkets Raw,USDJPY,154.637,154.703,0.066,66,Sydney,Sunday
2026-01-25 22:47:06,ICMarkets Raw,AUDUSD,0.69218,0.69272,0.00054,54,Sydney,Sunday
2026-01-25 22:47:09,VantageMarkets Raw,XAUUSD,4988.09,4988.27,0.18,18,Sydney,Sunday
2026-01-25 22:47:10,VantageMarkets Raw,EURUSD,1.18645,1.18702,0.00057,57,Sydney,Sunday
2026-01-25 22:47:12,VantageMarkets Raw,GBPUSD,1.36609,1.36719,0.0011,110,Sydney,Sunday
2026-01-25 22:47:13,VantageMarkets Raw,USDJPY,154.638,154.705,0.067,67,Sydney,Sunday
2026-01-25 22:47:14,VantageMarkets Raw,AUDUSD,0.69217,0.69271,0.00054,54,Sydney,Sunday
2026-01-25 22:47:17,FPMarkets Raw,XAUUSD,4983.13,4983.63,0.5,50,Sydney,Sunday
2026-01-25 22:47:18,FPMarkets Raw,EURUSD,1.18614,1.18734,0.0012,120,Sydney,Sunday
2026-01-25 22:47:19,FPMarkets Raw,GBPUSD,1.36548,1.36748,0.002,200,Sydney,Sunday
2026-01-25 22:47:21,FPMarkets Raw,USDJPY,154.605,154.735,0.13,130,Sydney,Sunday
2026-01-25 22:47:22,FPMarkets Raw,AUDUSD,0.69196,0.69296,0.001,100,Sydney,Sunday
2026-01-25 22:47:24,8Cap Raw,XAUUSD,4988.78,4988.92,0.14,14,Sydney,Sunday
2026-01-25 22:47:25,8Cap Raw,EURUSD,1.18602,1.18674,0.00072,72,Sydney,Sunday
2026-01-25 22:47:26,8Cap Raw,GBPUSD,1.36631,1.36755,0.00124,124,Sydney,Sunday
2026-01-25 22:47:26,8Cap Raw,USDJPY,154.737,154.767,0.03,30,Sydney,Sunday
2026-01-25 22:47:27,8Cap Raw,AUDUSD,0.69206,0.69263,0.00057,57,Sydney,Sunday
2026-01-25 22:51:37,Pepperstone Razor,XAUUSD,4985.91,4986.51,0.6,60,Sydney,Sunday
2026-01-25 22:51:39,Pepperstone Razor,EURUSD,1.18628,1.18683,0.00055,55,Sydney,Sunday
2026-01-25 22:51:40,Pepperstone Razor,GBPUSD,1.366,1.3677,0.0017,170,Sydney,Sunday
2026-01-25 22:51:41,Pepperstone Razor,USDJPY,154.662,154.728,0.066,66,Sydney,Sunday
2026-01-25 22:51:42,Pepperstone Razor,AUDUSD,0.69175,0.69291,0.00116,116,Sydney,Sunday
2026-01-25 22:51:45,FusionMarkets Zero,XAUUSD,4988.18,4989.35,1.17,117,Sydney,Sunday
2026-01-25 22:51:46,FusionMarkets Zero,EURUSD,1.18664,1.1867,6e-05,6,Sydney,Sunday
2026-01-25 22:51:47,FusionMarkets Zero,GBPUSD,1.36611,1.36706,0.00095,95,Sydney,Sunday
2026-01-25 22:51:49,FusionMarkets Zero,USDJPY,154.673,154.728,0.055,55,Sydney,Sunday
2026-01-25 22:51:50,FusionMarkets Zero,AUDUSD,0.69234,0.6924,6e-05,6,Sydney,Sunday
2026-01-25 22:51:52,ThinkMarkets ThinkZero,XAUUSD,4989.02,4989.1,0.08,8,Sydney,Sunday
2026-01-25 22:51:54,ThinkMarkets ThinkZero,EURUSD,1.18579,1.18686,0.00107,107,Sydney,Sunday
2026-01-25 22:51:55,ThinkMarkets ThinkZero,GBPUSD,1.36588,1.3674,0.00152,152,Sydney,Sunday
2026-01-25 22:51:56,ThinkMarkets ThinkZero,USDJPY,154.685,154.817,0.132,132,Sydney,Sunday
2026-01-25 22:51:57,ThinkMarkets ThinkZero,AUDUSD,0.69174,0.69263,0.00089,89,Sydney,Sunday
2026-01-25 22:52:00,ICMarkets Raw,XAUUSD,4987.98,4988.38,0.4,40,Sydney,Sunday
2026-01-25 22:52:01,ICMarkets Raw,EURUSD,1.18637,1.18663,0.00026,26,Sydney,Sunday
2026-01-25 22:52:03,ICMarkets Raw,GBPUSD,1.36612,1.36728,0.00116,116,Sydney,Sunday
2026-01-25 22:52:04,ICMarkets Raw,USDJPY,154.637,154.703,0.066,66,Sydney,Sunday
2026-01-25 22:52:05,ICMarkets Raw,AUDUSD,0.69218,0.69272,0.00054,54,Sydney,Sunday
2026-01-25 22:52:08,VantageMarkets Raw,XAUUSD,4988.09,4988.27,0.18,18,Sydney,Sunday
2026-01-25 22:52:09,VantageMarkets Raw,EURUSD,1.18645,1.18702,0.00057,57,Sydney,Sunday
2026-01-25 22:52:10,VantageMarkets Raw,GBPUSD,1.36609,1.36719,0.0011,110,Sydney,Sunday
2026-01-25 22:52:12,VantageMarkets Raw,USDJPY,154.638,154.705,0.067,67,Sydney,Sunday
2026-01-25 22:52:13,VantageMarkets Raw,AUDUSD,0.69217,0.69271,0.00054,54,Sydney,Sunday
2026-01-25 22:52:16,FPMarkets Raw,XAUUSD,4983.13,4983.63,0.5,50,Sydney,Sunday
2026-01-25 22:52:17,FPMarkets Raw,EURUSD,1.18614,1.18734,0.0012,120,Sydney,Sunday
2026-01-25 22:52:18,FPMarkets Raw,GBPUSD,1.36548,1.36748,0.002,200,Sydney,Sunday
2026-01-25 22:52:20,FPMarkets Raw,USDJPY,154.605,154.735,0.13,130,Sydney,Sunday
2026-01-25 22:52:21,FPMarkets Raw,AUDUSD,0.69196,0.69296,0.001,100,Sydney,Sunday
2026-01-25 22:52:23,8Cap Raw,XAUUSD,4988.78,4988.92,0.14,14,Sydney,Sunday
2026-01-25 22:52:24,8Cap Raw,EURUSD,1.18602,1.18674,0.00072,72,Sydney,Sunday
2026-01-25 22:52:24,8Cap Raw,GBPUSD,1.36631,1.36755,0.00124,124,Sydney,Sunday
2026-01-25 22:52:25,8Cap Raw,USDJPY,154.737,154.767,0.03,30,Sydney,Sunday
2026-01-25 22:52:26,8Cap Raw,AUDUSD,0.69206,0.69263,0.00057,57,Sydney,Sunday
2026-01-25 22:56:38,Pepperstone Razor,XAUUSD,4985.91,4986.51,0.6,60,Sydney,Sunday
2026-01-25 22:56:39,Pepperstone Razor,EURUSD,1.18628,1.18683,0.00055,55,Sydney,Sunday
2026-01-25 22:56:40,Pepperstone Razor,GBPUSD,1.366,1.3677,0.0017,170,Sydney,Sunday
2026-01-25 22:56:41,Pepperstone Razor,USDJPY,154.662,154.728,0.066,66,Sydney,Sunday
2026-01-25 22:56:43,Pepperstone Razor,AUDUSD,0.69175,0.69291,0.00116,116,Sydney,Sunday
2026-01-25 22:56:45,FusionMarkets Zero,XAUUSD,4988.18,4989.35,1.17,117,Sydney,Sunday
2026-01-25 22:56:46,FusionMarkets Zero,EURUSD,1.18664,1.1867,6e-05,6,Sydney,Sunday
2026-01-25 22:56:48,FusionMarkets Zero,GBPUSD,1.36611,1.36706,0.00095,95,Sydney,Sunday
2026-01-25 22:56:49,FusionMarkets Zero,USDJPY,154.673,154.728,0.055,55,Sydney,Sunday
2026-01-25 22:56:50,FusionMarkets Zero,AUDUSD,0.69234,0.6924,6e-05,6,Sydney,Sunday
2026-01-25 22:56:53,ThinkMarkets ThinkZero,XAUUSD,4989.02,4989.1,0.08,8,Sydney,Sunday
2026-01-25 22:56:54,ThinkMarkets ThinkZero,EURUSD,1.18579,1.18686,0.00107,107,Sydney,Sunday
2026-01-25 22:56:55,ThinkMarkets ThinkZero,GBPUSD,1.36588,1.3674,0.00152,152,Sydney,Sunday
2026-01-25 22:56:57,ThinkMarkets ThinkZero,USDJPY,154.685,154.817,0.132,132,Sydney,Sunday
2026-01-25 22:56:58,ThinkMarkets ThinkZero,AUDUSD,0.69174,0.69263,0.00089,89,Sydney,Sunday
2026-01-25 22:57:01,ICMarkets Raw,XAUUSD,4987.98,4988.38,0.4,40,Sydney,Sunday
2026-01-25 22:57:02,ICMarkets Raw,EURUSD,1.18637,1.18663,0.00026,26,Sydney,Sunday
2026-01-25 22:57:04,ICMarkets Raw,GBPUSD,1.36612,1.36728,0.00116,116,Sydney,Sunday
2026-01-25 22:57:05,ICMarkets Raw,USDJPY,154.637,154.703,0.066,66,Sydney,Sunday
2026-01-25 22:57:06,ICMarkets Raw,AUDUSD,0.69218,0.69272,0.00054,54,Sydney,Sunday
2026-01-25 22:57:08,VantageMarkets Raw,XAUUSD,4988.09,4988.27,0.18,18,Sydney,Sunday
2026-01-25 22:57:10,VantageMarkets Raw,EURUSD,1.18645,1.18702,0.00057,57,Sydney,Sunday
2026-01-25 22:57:11,VantageMarkets Raw,GBPUSD,1.36609,1.36719,0.0011,110,Sydney,Sunday
2026-01-25 22:57:12,VantageMarkets Raw,USDJPY,154.638,154.705,0.067,67,Sydney,Sunday
2026-01-25 22:57:13,VantageMarkets Raw,AUDUSD,0.69217,0.69271,0.00054,54,Sydney,Sunday
2026-01-25 22:57:16,FPMarkets Raw,XAUUSD,4983.13,4983.63,0.5,50,Sydney,Sunday
2026-01-25 22:57:18,FPMarkets Raw,EURUSD,1.18614,1.18734,0.0012,120,Sydney,Sunday
2026-01-25 22:57:19,FPMarkets Raw,GBPUSD,1.36548,1.36748,0.002,200,Sydney,Sunday
2026-01-25 22:57:20,FPMarkets Raw,USDJPY,154.605,154.735,0.13,130,Sydney,Sunday
2026-01-25 22:57:22,FPMarkets Raw,AUDUSD,0.69196,0.69296,0.001,100,Sydney,Sunday
2026-01-25 22:57:23,8Cap Raw,XAUUSD,4988.78,4988.92,0.14,14,Sydney,Sunday
2026-01-25 22:57:24,8Cap Raw,EURUSD,1.18602,1.18674,0.00072,72,Sydney,Sunday
2026-01-25 22:57:25,8Cap Raw,GBPUSD,1.36631,1.36755,0.00124,124,Sydney,Sunday
2026-01-25 22:57:25,8Cap Raw,USDJPY,154.737,154.767,0.03,30,Sydney,Sunday
2026-01-25 22:57:26,8Cap Raw,AUDUSD,0.69206,0.69263,0.00057,57,Sydney,Sunday
2026-01-25 23:01:37,Pepperstone Razor,XAUUSD,5008.86,5009.83,0.97,97,Sydney,Sunday
2026-01-25 23:01:38,Pepperstone Razor,EURUSD,1.18628,1.18683,0.00055,55,Sydney,Sunday
2026-01-25 23:01:40,Pepperstone Razor,GBPUSD,1.366,1.3677,0.0017,170,Sydney,Sunday
2026-01-25 23:01:41,Pepperstone Razor,USDJPY,154.662,154.728,0.066,66,Sydney,Sunday
2026-01-25 23:01:42,Pepperstone Razor,AUDUSD,0.69175,0.69291,0.00116,116,Sydney,Sunday
2026-01-25 23:01:45,FusionMarkets Zero,XAUUSD,5006.19,5006.27,0.08,8,Sydney,Sunday
2026-01-25 23:01:46,FusionMarkets Zero,EURUSD,1.18664,1.1867,6e-05,6,Sydney,Sunday
2026-01-25 23:01:47,FusionMarkets Zero,GBPUSD,1.36611,1.36706,0.00095,95,Sydney,Sunday
2026-01-25 23:01:48,FusionMarkets Zero,USDJPY,154.673,154.728,0.055,55,Sydney,Sunday
2026-01-25 23:01:50,FusionMarkets Zero,AUDUSD,0.69234,0.6924,6e-05,6,Sydney,Sunday
2026-01-25 23:01:53,ThinkMarkets ThinkZero,XAUUSD,4989.02,4989.1,0.08,8,Sydney,Sunday
2026-01-25 23:01:54,ThinkMarkets ThinkZero,EURUSD,1.18579,1.18686,0.00107,107,Sydney,Sunday
2026-01-25 23:01:55,ThinkMarkets ThinkZero,GBPUSD,1.36588,1.3674,0.00152,152,Sydney,Sunday
2026-01-25 23:01:56,ThinkMarkets ThinkZero,USDJPY,154.685,154.817,0.132,132,Sydney,Sunday
2026-01-25 23:01:57,ThinkMarkets ThinkZero,AUDUSD,0.69174,0.69263,0.00089,89,Sydney,Sunday
2026-01-25 23:02:00,ICMarkets Raw,XAUUSD,5007.98,5008.48,0.5,50,Sydney,Sunday
2026-01-25 23:02:01,ICMarkets Raw,EURUSD,1.18637,1.18663,0.00026,26,Sydney,Sunday
2026-01-25 23:02:03,ICMarkets Raw,GBPUSD,1.36612,1.36728,0.00116,116,Sydney,Sunday
2026-01-25 23:02:04,ICMarkets Raw,USDJPY,154.637,154.703,0.066,66,Sydney,Sunday
2026-01-25 23:02:05,ICMarkets Raw,AUDUSD,0.69218,0.69272,0.00054,54,Sydney,Sunday
2026-01-25 23:02:08,VantageMarkets Raw,XAUUSD,5005.72,5005.8,0.08,8,Sydney,Sunday
2026-01-25 23:02:09,VantageMarkets Raw,EURUSD,1.18645,1.18702,0.00057,57,Sydney,Sunday
2026-01-25 23:02:10,VantageMarkets Raw,GBPUSD,1.36609,1.36719,0.0011,110,Sydney,Sunday
2026-01-25 23:02:11,VantageMarkets Raw,USDJPY,154.638,154.705,0.067,67,Sydney,Sunday
2026-01-25 23:02:12,VantageMarkets Raw,AUDUSD,0.69217,0.69271,0.00054,54,Sydney,Sunday
2026-01-25 23:02:15,FPMarkets Raw,XAUUSD,5007.93,5008.43,0.5,50,Sydney,Sunday
2026-01-25 23:02:16,FPMarkets Raw,EURUSD,1.18614,1.18734,0.0012,120,Sydney,Sunday
2026-01-25 23:02:18,FPMarkets Raw,GBPUSD,1.36548,1.36748,0.002,200,Sydney,Sunday
2026-01-25 23:02:19,FPMarkets Raw,USDJPY,154.605,154.735,0.13,130,Sydney,Sunday
2026-01-25 23:02:20,FPMarkets Raw,AUDUSD,0.69196,0.69296,0.001,100,Sydney,Sunday
2026-01-25 23:02:22,8Cap Raw,XAUUSD,5003.04,5004.88,1.84,184,Sydney,Sunday
2026-01-25 23:02:23,8Cap Raw,EURUSD,1.18602,1.18674,0.00072,72,Sydney,Sunday
2026-01-25 23:02:24,8Cap Raw,GBPUSD,1.36631,1.36755,0.00124,124,Sydney,Sunday
2026-01-25 23:02:25,8Cap Raw,USDJPY,154.737,154.767,0.03,30,Sydney,Sunday
2026-01-25 23:02:25,8Cap Raw,AUDUSD,0.69206,0.69263,0.00057,57,Sydney,Sunday
2026-01-25 23:06:38,Pepperstone Razor,XAUUSD,5008.86,5009.83,0.97,97,Sydney,Sunday
2026-01-25 23:06:39,Pepperstone Razor,EURUSD,1.18628,1.18683,0.00055,55,Sydney,Sunday
2026-01-25 23:06:40,Pepperstone Razor,GBPUSD,1.366,1.3677,0.0017,170,Sydney,Sunday
2026-01-25 23:06:41,Pepperstone Razor,USDJPY,154.662,154.728,0.066,66,Sydney,Sunday
2026-01-25 23:06:43,Pepperstone Razor,AUDUSD,0.69175,0.69291,0.00116,116,Sydney,Sunday
2026-01-25 23:06:46,FusionMarkets Zero,XAUUSD,5006.19,5006.27,0.08,8,Sydney,Sunday
2026-01-25 23:06:47,FusionMarkets Zero,EURUSD,1.18664,1.1867,6e-05,6,Sydney,Sunday
2026-01-25 23:06:48,FusionMarkets Zero,GBPUSD,1.36611,1.36706,0.00095,95,Sydney,Sunday
2026-01-25 23:06:49,FusionMarkets Zero,USDJPY,154.673,154.728,0.055,55,Sydney,Sunday
2026-01-25 23:06:50,FusionMarkets Zero,AUDUSD,0.69234,0.6924,6e-05,6,Sydney,Sunday
2026-01-25 23:06:53,ThinkMarkets ThinkZero,XAUUSD,5012.71,5014.71,2.0,200,Sydney,Sunday
2026-01-25 23:06:54,ThinkMarkets ThinkZero,EURUSD,1.18579,1.18686,0.00107,107,Sydney,Sunday
2026-01-25 23:06:56,ThinkMarkets ThinkZero,GBPUSD,1.36588,1.3674,0.00152,152,Sydney,Sunday
2026-01-25 23:06:57,ThinkMarkets ThinkZero,USDJPY,154.685,154.817,0.132,132,Sydney,Sunday
2026-01-25 23:06:58,ThinkMarkets ThinkZero,AUDUSD,0.69174,0.69263,0.00089,89,Sydney,Sunday
2026-01-25 23:07:01,ICMarkets Raw,XAUUSD,5007.98,5008.48,0.5,50,Sydney,Sunday
2026-01-25 23:07:02,ICMarkets Raw,EURUSD,1.18637,1.18663,0.00026,26,Sydney,Sunday
2026-01-25 23:07:03,ICMarkets Raw,GBPUSD,1.36612,1.36728,0.00116,116,Sydney,Sunday
2026-01-25 23:07:05,ICMarkets Raw,USDJPY,154.637,154.703,0.066,66,Sydney,Sunday
2026-01-25 23:07:06,ICMarkets Raw,AUDUSD,0.69218,0.69272,0.00054,54,Sydney,Sunday
2026-01-25 23:07:09,VantageMarkets Raw,XAUUSD,5005.72,5005.8,0.08,8,Sydney,Sunday
2026-01-25 23:07:10,VantageMarkets Raw,EURUSD,1.18645,1.18702,0.00057,57,Sydney,Sunday
2026-01-25 23:07:11,VantageMarkets Raw,GBPUSD,1.36609,1.36719,0.0011,110,Sydney,Sunday
2026-01-25 23:07:12,VantageMarkets Raw,USDJPY,154.638,154.705,0.067,67,Sydney,Sunday
2026-01-25 23:07:13,VantageMarkets Raw,AUDUSD,0.69217,0.69271,0.00054,54,Sydney,Sunday
2026-01-25 23:07:17,FPMarkets Raw,XAUUSD,5007.93,5008.43,0.5,50,Sydney,Sunday
2026-01-25 23:07:18,FPMarkets Raw,EURUSD,1.18614,1.18734,0.0012,120,Sydney,Sunday
2026-01-25 23:07:19,FPMarkets Raw,GBPUSD,1.36548,1.36748,0.002,200,Sydney,Sunday
2026-01-25 23:07:20,FPMarkets Raw,USDJPY,154.605,154.735,0.13,130,Sydney,Sunday
2026-01-25 23:07:22,FPMarkets Raw,AUDUSD,0.69196,0.69296,0.001,100,Sydney,Sunday
2026-01-25 23:07:23,8Cap Raw,XAUUSD,5003.04,5004.88,1.84,184,Sydney,Sunday
2026-01-25 23:07:24,8Cap Raw,EURUSD,1.18602,1.18674,0.00072,72,Sydney,Sunday
2026-01-25 23:07:25,8Cap Raw,GBPUSD,1.36631,1.36755,0.00124,124,Sydney,Sunday
2026-01-25 23:07:25,8Cap Raw,USDJPY,154.737,154.767,0.03,30,Sydney,Sunday
2026-01-25 23:07:26,8Cap Raw,AUDUSD,0.69206,0.69263,0.00057,57,Sydney,Sunday
2026-01-25 23:11:39,Pepperstone Razor,XAUUSD,5008.86,5009.83,0.97,97,Sydney,Sunday
2026-01-25 23:11:40,Pepperstone Razor,EURUSD,1.18628,1.18683,0.00055,55,Sydney,Sunday
2026-01-25 23:11:41,Pepperstone Razor,GBPUSD,1.366,1.3677,0.0017,170,Sydney,Sunday
2026-01-25 23:11:42,Pepperstone Razor,USDJPY,154.662,154.728,0.066,66,Sydney,Sunday
2026-01-25 23:11:43,Pepperstone Razor,AUDUSD,0.69175,0.69291,0.00116,116,Sydney,Sunday
2026-01-25 23:11:47,FusionMarkets Zero,XAUUSD,5006.19,5006.27,0.08,8,Sydney,Sunday
2026-01-25 23:11:48,FusionMarkets Zero,EURUSD,1.18664,1.1867,6e-05,6,Sydney,Sunday
2026-01-25 23:11:49,FusionMarkets Zero,GBPUSD,1.36611,1.36706,0.00095,95,Sydney,Sunday
2026-01-25 23:11:50,FusionMarkets Zero,USDJPY,154.673,154.728,0.055,55,Sydney,Sunday
2026-01-25 23:11:52,FusionMarkets Zero,AUDUSD,0.69234,0.6924,6e-05,6,Sydney,Sunday
2026-01-25 23:11:55,ThinkMarkets ThinkZero,XAUUSD,5012.71,5014.71,2.0,200,Sydney,Sunday
2026-01-25 23:11:56,ThinkMarkets ThinkZero,EURUSD,1.18579,1.18686,0.00107,107,Sydney,Sunday
2026-01-25 23:11:57,ThinkMarkets ThinkZero,GBPUSD,1.36588,1.3674,0.00152,152,Sydney,Sunday
2026-01-25 23:11:58,ThinkMarkets ThinkZero,USDJPY,154.685,154.817,0.132,132,Sydney,Sunday
2026-01-25 23:11:59,ThinkMarkets ThinkZero,AUDUSD,0.69174,0.69263,0.00089,89,Sydney,Sunday
2026-01-25 23:12:02,ICMarkets Raw,XAUUSD,5007.98,5008.48,0.5,50,Sydney,Sunday
2026-01-25 23:12:04,ICMarkets Raw,EURUSD,1.18637,1.18663,0.00026,26,Sydney,Sunday
2026-01-25 23:12:05,ICMarkets Raw,GBPUSD,1.36612,1.36728,0.00116,116,Sydney,Sunday
2026-01-25 23:12:06,ICMarkets Raw,USDJPY,154.637,154.703,0.066,66,Sydney,Sunday
2026-01-25 23:12:07,ICMarkets Raw,AUDUSD,0.69218,0.69272,0.00054,54,Sydney,Sunday
2026-01-25 23:12:10,VantageMarkets Raw,XAUUSD,5005.72,5005.8,0.08,8,Sydney,Sunday
2026-01-25 23:12:11,VantageMarkets Raw,EURUSD,1.18645,1.18702,0.00057,57,Sydney,Sunday
2026-01-25 23:12:12,VantageMarkets Raw,GBPUSD,1.36609,1.36719,0.0011,110,Sydney,Sunday
2026-01-25 23:12:13,VantageMarkets Raw,USDJPY,154.638,154.705,0.067,67,Sydney,Sunday
2026-01-25 23:12:14,VantageMarkets Raw,AUDUSD,0.69217,0.69271,0.00054,54,Sydney,Sunday
2026-01-25 23:12:18,FPMarkets Raw,XAUUSD,5007.93,5008.43,0.5,50,Sydney,Sunday
2026-01-25 23:12:19,FPMarkets Raw,EURUSD,1.18614,1.18734,0.0012,120,Sydney,Sunday
2026-01-25 23:12:21,FPMarkets Raw,GBPUSD,1.36548,1.36748,0.002,200,Sydney,Sunday
2026-01-25 23:12:22,FPMarkets Raw,USDJPY,154.605,154.735,0.13,130,Sydney,Sunday
2026-01-25 23:12:23,FPMarkets Raw,AUDUSD,0.69196,0.69296,0.001,100,Sydney,Sunday
2026-01-25 23:12:25,8Cap Raw,XAUUSD,5003.04,5004.88,1.84,184,Sydney,Sunday
2026-01-25 23:12:26,8Cap Raw,EURUSD,1.18602,1.18674,0.00072,72,Sydney,Sunday
2026-01-25 23:12:26,8Cap Raw,GBPUSD,1.36631,1.36755,0.00124,124,Sydney,Sunday
2026-01-25 23:12:27,8Cap Raw,USDJPY,154.737,154.767,0.03,30,Sydney,Sunday
2026-01-25 23:12:28,8Cap Raw,AUDUSD,0.69206,0.69263,0.00057,57,Sydney,Sunday
2026-01-25 23:16:38,Pepperstone Razor,XAUUSD,5008.86,5009.83,0.97,97,Sydney,Sunday
2026-01-25 23:16:39,Pepperstone Razor,EURUSD,1.18628,1.18683,0.00055,55,Sydney,Sunday
2026-01-25 23:16:41,Pepperstone Razor,GBPUSD,1.366,1.3677,0.0017,170,Sydney,Sunday
2026-01-25 23:16:42,Pepperstone Razor,USDJPY,154.662,154.728,0.066,66,Sydney,Sunday
2026-01-25 23:16:43,Pepperstone Razor,AUDUSD,0.69175,0.69291,0.00116,116,Sydney,Sunday
2026-01-25 23:16:47,FusionMarkets Zero,XAUUSD,5006.19,5006.27,0.08,8,Sydney,Sunday
2026-01-25 23:16:48,FusionMarkets Zero,EURUSD,1.18664,1.1867,6e-05,6,Sydney,Sunday
2026-01-25 23:16:49,FusionMarkets Zero,GBPUSD,1.36611,1.36706,0.00095,95,Sydney,Sunday
2026-01-25 23:16:50,FusionMarkets Zero,USDJPY,154.673,154.728,0.055,55,Sydney,Sunday
2026-01-25 23:16:51,FusionMarkets Zero,AUDUSD,0.69234,0.6924,6e-05,6,Sydney,Sunday
2026-01-25 23:16:54,ThinkMarkets ThinkZero,XAUUSD,5012.71,5014.71,2.0,200,Sydney,Sunday
2026-01-25 23:16:55,ThinkMarkets ThinkZero,EURUSD,1.18579,1.18686,0.00107,107,Sydney,Sunday
2026-01-25 23:16:57,ThinkMarkets ThinkZero,GBPUSD,1.36588,1.3674,0.00152,152,Sydney,Sunday
2026-01-25 23:16:58,ThinkMarkets ThinkZero,USDJPY,154.685,154.817,0.132,132,Sydney,Sunday
2026-01-25 23:16:59,ThinkMarkets ThinkZero,AUDUSD,0.69174,0.69263,0.00089,89,Sydney,Sunday
2026-01-25 23:17:03,ICMarkets Raw,XAUUSD,5007.98,5008.48,0.5,50,Sydney,Sunday
2026-01-25 23:17:04,ICMarkets Raw,EURUSD,1.18637,1.18663,0.00026,26,Sydney,Sunday
2026-01-25 23:17:05,ICMarkets Raw,GBPUSD,1.36612,1.36728,0.00116,116,Sydney,Sunday
2026-01-25 23:17:06,ICMarkets Raw,USDJPY,154.637,154.703,0.066,66,Sydney,Sunday
2026-01-25 23:17:08,ICMarkets Raw,AUDUSD,0.69218,0.69272,0.00054,54,Sydney,Sunday
2026-01-25 23:17:11,VantageMarkets Raw,XAUUSD,5005.72,5005.8,0.08,8,Sydney,Sunday
2026-01-25 23:17:12,VantageMarkets Raw,EURUSD,1.18645,1.18702,0.00057,57,Sydney,Sunday
2026-01-25 23:17:13,VantageMarkets Raw,GBPUSD,1.36609,1.36719,0.0011,110,Sydney,Sunday
2026-01-25 23:17:14,VantageMarkets Raw,USDJPY,154.638,154.705,0.067,67,Sydney,Sunday
2026-01-25 23:17:15,VantageMarkets Raw,AUDUSD,0.69217,0.69271,0.00054,54,Sydney,Sunday
2026-01-25 23:17:19,FPMarkets Raw,XAUUSD,5007.93,5008.43,0.5,50,Sydney,Sunday
2026-01-25 23:17:20,FPMarkets Raw,EURUSD,1.18614,1.18734,0.0012,120,Sydney,Sunday
2026-01-25 23:17:21,FPMarkets Raw,GBPUSD,1.36548,1.36748,0.002,200,Sydney,Sunday
2026-01-25 23:17:22,FPMarkets Raw,USDJPY,154.605,154.735,0.13,130,Sydney,Sunday
2026-01-25 23:17:23,FPMarkets Raw,AUDUSD,0.69196,0.69296,0.001,100,Sydney,Sunday
2026-01-25 23:17:25,8Cap Raw,XAUUSD,5003.04,5004.88,1.84,184,Sydney,Sunday
2026-01-25 23:17:26,8Cap Raw,EURUSD,1.18602,1.18674,0.00072,72,Sydney,Sunday
2026-01-25 23:17:27,8Cap Raw,GBPUSD,1.36631,1.36755,0.00124,124,Sydney,Sunday
2026-01-25 23:17:28,8Cap Raw,USDJPY,154.737,154.767,0.03,30,Sydney,Sunday
2026-01-25 23:17:29,8Cap Raw,AUDUSD,0.69206,0.69263,0.00057,57,Sydney,Sunday
2026-01-25 23:21:38,Pepperstone Razor,XAUUSD,5008.86,5009.83,0.97,97,Sydney,Sunday
2026-01-25 23:21:39,Pepperstone Razor,EURUSD,1.18628,1.18683,0.00055,55,Sydney,Sunday
2026-01-25 23:21:41,Pepperstone Razor,GBPUSD,1.366,1.3677,0.0017,170,Sydney,Sunday
2026-01-25 23:21:42,Pepperstone Razor,USDJPY,154.662,154.728,0.066,66,Sydney,Sunday
2026-01-25 23:21:43,Pepperstone Razor,AUDUSD,0.69175,0.69291,0.00116,116,Sydney,Sunday
2026-01-25 23:21:47,FusionMarkets Zero,XAUUSD,5006.19,5006.27,0.08,8,Sydney,Sunday
2026-01-25 23:21:48,FusionMarkets Zero,EURUSD,1.18664,1.1867,6e-05,6,Sydney,Sunday
2026-01-25 23:21:49,FusionMarkets Zero,GBPUSD,1.36611,1.36706,0.00095,95,Sydney,Sunday
2026-01-25 23:21:50,FusionMarkets Zero,USDJPY,154.673,154.728,0.055,55,Sydney,Sunday
2026-01-25 23:21:51,FusionMarkets Zero,AUDUSD,0.69234,0.6924,6e-05,6,Sydney,Sunday
2026-01-25 23:21:55,ThinkMarkets ThinkZero,XAUUSD,5012.71,5014.71,2.0,200,Sydney,Sunday
2026-01-25 23:21:56,ThinkMarkets ThinkZero,EURUSD,1.18579,1.18686,0.00107,107,Sydney,Sunday
2026-01-25 23:21:57,ThinkMarkets ThinkZero,GBPUSD,1.36588,1.3674,0.00152,152,Sydney,Sunday
2026-01-25 23:21:58,ThinkMarkets ThinkZero,USDJPY,154.685,154.817,0.132,132,Sydney,Sunday
2026-01-25 23:22:00,ThinkMarkets ThinkZero,AUDUSD,0.69174,0.69263,0.00089,89,Sydney,Sunday
2026-01-25 23:22:03,ICMarkets Raw,XAUUSD,5007.98,5008.48,0.5,50,Sydney,Sunday
2026-01-25 23:22:04,ICMarkets Raw,EURUSD,1.18637,1.18663,0.00026,26,Sydney,Sunday
2026-01-25 23:22:05,ICMarkets Raw,GBPUSD,1.36612,1.36728,0.00116,116,Sydney,Sunday
2026-01-25 23:22:07,ICMarkets Raw,USDJPY,154.637,154.703,0.066,66,Sydney,Sunday
2026-01-25 23:22:08,ICMarkets Raw,AUDUSD,0.69218,0.69272,0.00054,54,Sydney,Sunday
2026-01-25 23:22:11,VantageMarkets Raw,XAUUSD,5005.72,5005.8,0.08,8,Sydney,Sunday
2026-01-25 23:22:12,VantageMarkets Raw,EURUSD,1.18645,1.18702,0.00057,57,Sydney,Sunday
2026-01-25 23:22:13,VantageMarkets Raw,GBPUSD,1.36609,1.36719,0.0011,110,Sydney,Sunday
2026-01-25 23:22:14,VantageMarkets Raw,USDJPY,154.638,154.705,0.067,67,Sydney,Sunday
2026-01-25 23:22:15,VantageMarkets Raw,AUDUSD,0.69217,0.69271,0.00054,54,Sydney,Sunday
2026-01-25 23:22:19,FPMarkets Raw,XAUUSD,5007.93,5008.43,0.5,50,Sydney,Sunday
2026-01-25 23:22:20,FPMarkets Raw,EURUSD,1.18614,1.18734,0.0012,120,Sydney,Sunday
2026-01-25 23:22:21,FPMarkets Raw,GBPUSD,1.36548,1.36748,0.002,200,Sydney,Sunday
2026-01-25 23:22:22,FPMarkets Raw,USDJPY,154.605,154.735,0.13,130,Sydney,Sunday
2026-01-25 23:22:24,FPMarkets Raw,AUDUSD,0.69196,0.69296,0.001,100,Sydney,Sunday
2026-01-25 23:22:47,8Cap Raw,XAUUSD,5003.04,5004.88,1.84,184,Sydney,Sunday
2026-01-25 23:22:48,8Cap Raw,EURUSD,1.18602,1.18674,0.00072,72,Sydney,Sunday
2026-01-25 23:22:49,8Cap Raw,GBPUSD,1.36631,1.36755,0.00124,124,Sydney,Sunday
2026-01-25 23:23:11,8Cap Raw,USDJPY,154.737,154.767,0.03,30,Sydney,Sunday
2026-01-25 23:23:12,8Cap Raw,AUDUSD,0.69206,0.69263,0.00057,57,Sydney,Sunday
2026-01-25 23:26:38,Pepperstone Razor,XAUUSD,5008.86,5009.83,0.97,97,Sydney,Sunday
2026-01-25 23:26:40,Pepperstone Razor,EURUSD,1.18628,1.18683,0.00055,55,Sydney,Sunday
2026-01-25 23:26:41,Pepperstone Razor,GBPUSD,1.366,1.3677,0.0017,170,Sydney,Sunday
2026-01-25 23:26:42,Pepperstone Razor,USDJPY,154.662,154.728,0.066,66,Sydney,Sunday
2026-01-25 23:26:43,Pepperstone Razor,AUDUSD,0.69175,0.69291,0.00116,116,Sydney,Sunday
2026-01-25 23:26:47,FusionMarkets Zero,XAUUSD,5006.19,5006.27,0.08,8,Sydney,Sunday
2026-01-25 23:26:49,FusionMarkets Zero,EURUSD,1.18664,1.1867,6e-05,6,Sydney,Sunday
2026-01-25 23:26:50,FusionMarkets Zero,GBPUSD,1.36611,1.36706,0.00095,95,Sydney,Sunday
2026-01-25 23:26:51,FusionMarkets Zero,USDJPY,154.673,154.728,0.055,55,Sydney,Sunday
2026-01-25 23:26:52,FusionMarkets Zero,AUDUSD,0.69234,0.6924,6e-05,6,Sydney,Sunday
2026-01-25 23:26:55,ThinkMarkets ThinkZero,XAUUSD,5012.71,5014.71,2.0,200,Sydney,Sunday
2026-01-25 23:26:57,ThinkMarkets ThinkZero,EURUSD,1.18579,1.18686,0.00107,107,Sydney,Sunday
2026-01-25 23:26:58,ThinkMarkets ThinkZero,GBPUSD,1.36588,1.3674,0.00152,152,Sydney,Sunday
2026-01-25 23:26:59,ThinkMarkets ThinkZero,USDJPY,154.685,154.817,0.132,132,Sydney,Sunday
2026-01-25 23:27:00,ThinkMarkets ThinkZero,AUDUSD,0.69174,0.69263,0.00089,89,Sydney,Sunday
2026-01-25 23:27:04,ICMarkets Raw,XAUUSD,5007.98,5008.48,0.5,50,Sydney,Sunday
2026-01-25 23:27:05,ICMarkets Raw,EURUSD,1.18637,1.18663,0.00026,26,Sydney,Sunday
2026-01-25 23:27:06,ICMarkets Raw,GBPUSD,1.36612,1.36728,0.00116,116,Sydney,Sunday
2026-01-25 23:27:07,ICMarkets Raw,USDJPY,154.637,154.703,0.066,66,Sydney,Sunday
2026-01-25 23:27:09,ICMarkets Raw,AUDUSD,0.69218,0.69272,0.00054,54,Sydney,Sunday
2026-01-25 23:27:12,VantageMarkets Raw,XAUUSD,5005.72,5005.8,0.08,8,Sydney,Sunday
2026-01-25 23:27:13,VantageMarkets Raw,EURUSD,1.18645,1.18702,0.00057,57,Sydney,Sunday
2026-01-25 23:27:14,VantageMarkets Raw,GBPUSD,1.36609,1.36719,0.0011,110,Sydney,Sunday
2026-01-25 23:27:15,VantageMarkets Raw,USDJPY,154.638,154.705,0.067,67,Sydney,Sunday
2026-01-25 23:27:16,VantageMarkets Raw,AUDUSD,0.69217,0.69271,0.00054,54,Sydney,Sunday
2026-01-25 23:27:20,FPMarkets Raw,XAUUSD,5007.93,5008.43,0.5,50,Sydney,Sunday
2026-01-25 23:27:21,FPMarkets Raw,EURUSD,1.18614,1.18734,0.0012,120,Sydney,Sunday
2026-01-25 23:27:22,FPMarkets Raw,GBPUSD,1.36548,1.36748,0.002,200,Sydney,Sunday
2026-01-25 23:27:24,FPMarkets Raw,USDJPY,154.605,154.735,0.13,130,Sydney,Sunday
2026-01-25 23:27:25,FPMarkets Raw,AUDUSD,0.69196,0.69296,0.001,100,Sydney,Sunday
2026-01-25 23:27:27,8Cap Raw,XAUUSD,5003.04,5004.88,1.84,184,Sydney,Sunday
2026-01-25 23:27:28,8Cap Raw,EURUSD,1.18602,1.18674,0.00072,72,Sydney,Sunday
2026-01-25 23:27:28,8Cap Raw,GBPUSD,1.36631,1.36755,0.00124,124,Sydney,Sunday
2026-01-25 23:27:29,8Cap Raw,USDJPY,154.737,154.767,0.03,30,Sydney,Sunday
2026-01-25 23:27:30,8Cap Raw,AUDUSD,0.69206,0.69263,0.00057,57,Sydney,Sunday
2026-01-25 23:31:39,Pepperstone Razor,XAUUSD,5008.86,5009.83,0.97,97,Sydney,Sunday
2026-01-25 23:31:40,Pepperstone Razor,EURUSD,1.18628,1.18683,0.00055,55,Sydney,Sunday
2026-01-25 23:31:41,Pepperstone Razor,GBPUSD,1.366,1.3677,0.0017,170,Sydney,Sunday
2026-01-25 23:31:42,Pepperstone Razor,USDJPY,154.662,154.728,0.066,66,Sydney,Sunday
2026-01-25 23:31:44,Pepperstone Razor,AUDUSD,0.69175,0.69291,0.00116,116,Sydney,Sunday
2026-01-25 23:31:47,FusionMarkets Zero,XAUUSD,5006.19,5006.27,0.08,8,Sydney,Sunday
2026-01-25 23:31:48,FusionMarkets Zero,EURUSD,1.18664,1.1867,6e-05,6,Sydney,Sunday
2026-01-25 23:31:50,FusionMarkets Zero,GBPUSD,1.36611,1.36706,0.00095,95,Sydney,Sunday
2026-01-25 23:31:51,FusionMarkets Zero,USDJPY,154.673,154.728,0.055,55,Sydney,Sunday
2026-01-25 23:31:52,FusionMarkets Zero,AUDUSD,0.69234,0.6924,6e-05,6,Sydney,Sunday
2026-01-25 23:31:56,ThinkMarkets ThinkZero,XAUUSD,5012.71,5014.71,2.0,200,Sydney,Sunday
2026-01-25 23:31:57,ThinkMarkets ThinkZero,EURUSD,1.18579,1.18686,0.00107,107,Sydney,Sunday
2026-01-25 23:31:58,ThinkMarkets ThinkZero,GBPUSD,1.36588,1.3674,0.00152,152,Sydney,Sunday
2026-01-25 23:31:59,ThinkMarkets ThinkZero,USDJPY,154.685,154.817,0.132,132,Sydney,Sunday
2026-01-25 23:32:00,ThinkMarkets ThinkZero,AUDUSD,0.69174,0.69263,0.00089,89,Sydney,Sunday
2026-01-25 23:32:04,ICMarkets Raw,XAUUSD,5007.98,5008.48,0.5,50,Sydney,Sunday
2026-01-25 23:32:05,ICMarkets Raw,EURUSD,1.18637,1.18663,0.00026,26,Sydney,Sunday
2026-01-25 23:32:06,ICMarkets Raw,GBPUSD,1.36612,1.36728,0.00116,116,Sydney,Sunday
2026-01-25 23:32:08,ICMarkets Raw,USDJPY,154.637,154.703,0.066,66,Sydney,Sunday
2026-01-25 23:32:09,ICMarkets Raw,AUDUSD,0.69218,0.69272,0.00054,54,Sydney,Sunday
2026-01-25 23:32:12,VantageMarkets Raw,XAUUSD,5005.72,5005.8,0.08,8,Sydney,Sunday
2026-01-25 23:32:13,VantageMarkets Raw,EURUSD,1.18645,1.18702,0.00057,57,Sydney,Sunday
2026-01-25 23:32:14,VantageMarkets Raw,GBPUSD,1.36609,1.36719,0.0011,110,Sydney,Sunday
2026-01-25 23:32:16,VantageMarkets Raw,USDJPY,154.638,154.705,0.067,67,Sydney,Sunday
2026-01-25 23:32:17,VantageMarkets Raw,AUDUSD,0.69217,0.69271,0.00054,54,Sydney,Sunday
2026-01-25 23:32:20,FPMarkets Raw,XAUUSD,5007.93,5008.43,0.5,50,Sydney,Sunday
2026-01-25 23:32:21,FPMarkets Raw,EURUSD,1.18614,1.18734,0.0012,120,Sydney,Sunday
2026-01-25 23:32:23,FPMarkets Raw,GBPUSD,1.36548,1.36748,0.002,200,Sydney,Sunday
2026-01-25 23:32:24,FPMarkets Raw,USDJPY,154.605,154.735,0.13,130,Sydney,Sunday
2026-01-25 23:32:25,FPMarkets Raw,AUDUSD,0.69196,0.69296,0.001,100,Sydney,Sunday
2026-01-25 23:32:27,8Cap Raw,XAUUSD,5003.04,5004.88,1.84,184,Sydney,Sunday
2026-01-25 23:32:28,8Cap Raw,EURUSD,1.18602,1.18674,0.00072,72,Sydney,Sunday
2026-01-25 23:32:29,8Cap Raw,GBPUSD,1.36631,1.36755,0.00124,124,Sydney,Sunday
2026-01-25 23:32:30,8Cap Raw,USDJPY,154.737,154.767,0.03,30,Sydney,Sunday
2026-01-25 23:32:30,8Cap Raw,AUDUSD,0.69206,0.69263,0.00057,57,Sydney,Sunday
2026-01-25 23:36:39,Pepperstone Razor,XAUUSD,5008.86,5009.83,0.97,97,Sydney,Sunday
2026-01-25 23:36:40,Pepperstone Razor,EURUSD,1.18628,1.18683,0.00055,55,Sydney,Sunday
2026-01-25 23:36:41,Pepperstone Razor,GBPUSD,1.366,1.3677,0.0017,170,Sydney,Sunday
2026-01-25 23:36:43,Pepperstone Razor,USDJPY,154.662,154.728,0.066,66,Sydney,Sunday
2026-01-25 23:36:44,Pepperstone Razor,AUDUSD,0.69175,0.69291,0.00116,116,Sydney,Sunday
2026-01-25 23:36:48,FusionMarkets Zero,XAUUSD,5006.19,5006.27,0.08,8,Sydney,Sunday
2026-01-25 23:36:49,FusionMarkets Zero,EURUSD,1.18664,1.1867,6e-05,6,Sydney,Sunday
2026-01-25 23:36:50,FusionMarkets Zero,GBPUSD,1.36611,1.36706,0.00095,95,Sydney,Sunday
2026-01-25 23:36:51,FusionMarkets Zero,USDJPY,154.673,154.728,0.055,55,Sydney,Sunday
2026-01-25 23:36:52,FusionMarkets Zero,AUDUSD,0.69234,0.6924,6e-05,6,Sydney,Sunday
2026-01-25 23:36:56,ThinkMarkets ThinkZero,XAUUSD,5012.71,5014.71,2.0,200,Sydney,Sunday
2026-01-25 23:36:57,ThinkMarkets ThinkZero,EURUSD,1.18579,1.18686,0.00107,107,Sydney,Sunday
2026-01-25 23:36:58,ThinkMarkets ThinkZero,GBPUSD,1.36588,1.3674,0.00152,152,Sydney,Sunday
2026-01-25 23:37:00,ThinkMarkets ThinkZero,USDJPY,154.685,154.817,0.132,132,Sydney,Sunday
2026-01-25 23:37:01,ThinkMarkets ThinkZero,AUDUSD,0.69174,0.69263,0.00089,89,Sydney,Sunday
2026-01-25 23:37:05,ICMarkets Raw,XAUUSD,5007.98,5008.48,0.5,50,Sydney,Sunday
2026-01-25 23:37:06,ICMarkets Raw,EURUSD,1.18637,1.18663,0.00026,26,Sydney,Sunday
2026-01-25 23:37:07,ICMarkets Raw,GBPUSD,1.36612,1.36728,0.00116,116,Sydney,Sunday
2026-01-25 23:37:08,ICMarkets Raw,USDJPY,154.637,154.703,0.066,66,Sydney,Sunday
2026-01-25 23:37:09,ICMarkets Raw,AUDUSD,0.69218,0.69272,0.00054,54,Sydney,Sunday
2026-01-25 23:37:12,VantageMarkets Raw,XAUUSD,5005.72,5005.8,0.08,8,Sydney,Sunday
2026-01-25 23:37:13,VantageMarkets Raw,EURUSD,1.18645,1.18702,0.00057,57,Sydney,Sunday
2026-01-25 23:37:15,VantageMarkets Raw,GBPUSD,1.36609,1.36719,0.0011,110,Sydney,Sunday
2026-01-25 23:37:16,VantageMarkets Raw,USDJPY,154.638,154.705,0.067,67,Sydney,Sunday
2026-01-25 23:37:17,VantageMarkets Raw,AUDUSD,0.69217,0.69271,0.00054,54,Sydney,Sunday
2026-01-25 23:37:21,FPMarkets Raw,XAUUSD,5007.93,5008.43,0.5,50,Sydney,Sunday
2026-01-25 23:37:22,FPMarkets Raw,EURUSD,1.18614,1.18734,0.0012,120,Sydney,Sunday
2026-01-25 23:37:23,FPMarkets Raw,GBPUSD,1.36548,1.36748,0.002,200,Sydney,Sunday
2026-01-25 23:37:24,FPMarkets Raw,USDJPY,154.605,154.735,0.13,130,Sydney,Sunday
2026-01-25 23:37:26,FPMarkets Raw,AUDUSD,0.69196,0.69296,0.001,100,Sydney,Sunday
2026-01-25 23:37:27,8Cap Raw,XAUUSD,5003.04,5004.88,1.84,184,Sydney,Sunday
2026-01-25 23:37:28,8Cap Raw,EURUSD,1.18602,1.18674,0.00072,72,Sydney,Sunday
2026-01-25 23:37:29,8Cap Raw,GBPUSD,1.36631,1.36755,0.00124,124,Sydney,Sunday
2026-01-25 23:37:30,8Cap Raw,USDJPY,154.737,154.767,0.03,30,Sydney,Sunday
2026-01-25 23:37:30,8Cap Raw,AUDUSD,0.69206,0.69263,0.00057,57,Sydney,Sunday
2026-01-25 23:41:39,Pepperstone Razor,XAUUSD,5008.86,5009.83,0.97,97,Sydney,Sunday
2026-01-25 23:41:40,Pepperstone Razor,EURUSD,1.18628,1.18683,0.00055,55,Sydney,Sunday
2026-01-25 23:41:41,Pepperstone Razor,GBPUSD,1.366,1.3677,0.0017,170,Sydney,Sunday
2026-01-25 23:41:42,Pepperstone Razor,USDJPY,154.662,154.728,0.066,66,Sydney,Sunday
2026-01-25 23:41:43,Pepperstone Razor,AUDUSD,0.69175,0.69291,0.00116,116,Sydney,Sunday
2026-01-25 23:41:48,FusionMarkets Zero,XAUUSD,5006.19,5006.27,0.08,8,Sydney,Sunday
2026-01-25 23:41:49,FusionMarkets Zero,EURUSD,1.18664,1.1867,6e-05,6,Sydney,Sunday
2026-01-25 23:41:50,FusionMarkets Zero,GBPUSD,1.36611,1.36706,0.00095,95,Sydney,Sunday
2026-01-25 23:41:51,FusionMarkets Zero,USDJPY,154.673,154.728,0.055,55,Sydney,Sunday
2026-01-25 23:41:52,FusionMarkets Zero,AUDUSD,0.69234,0.6924,6e-05,6,Sydney,Sunday
2026-01-25 23:41:56,ThinkMarkets ThinkZero,XAUUSD,5012.71,5014.71,2.0,200,Sydney,Sunday
2026-01-25 23:41:57,ThinkMarkets ThinkZero,EURUSD,1.18579,1.18686,0.00107,107,Sydney,Sunday
2026-01-25 23:41:59,ThinkMarkets ThinkZero,GBPUSD,1.36588,1.3674,0.00152,152,Sydney,Sunday
2026-01-25 23:42:00,ThinkMarkets ThinkZero,USDJPY,154.685,154.817,0.132,132,Sydney,Sunday
2026-01-25 23:42:01,ThinkMarkets ThinkZero,AUDUSD,0.69174,0.69263,0.00089,89,Sydney,Sunday
2026-01-25 23:42:05,ICMarkets Raw,XAUUSD,5007.98,5008.48,0.5,50,Sydney,Sunday
2026-01-25 23:42:06,ICMarkets Raw,EURUSD,1.18637,1.18663,0.00026,26,Sydney,Sunday
2026-01-25 23:42:07,ICMarkets Raw,GBPUSD,1.36612,1.36728,0.00116,116,Sydney,Sunday
2026-01-25 23:42:09,ICMarkets Raw,USDJPY,154.637,154.703,0.066,66,Sydney,Sunday
2026-01-25 23:42:10,ICMarkets Raw,AUDUSD,0.69218,0.69272,0.00054,54,Sydney,Sunday
2026-01-25 23:42:13,VantageMarkets Raw,XAUUSD,5005.72,5005.8,0.08,8,Sydney,Sunday
2026-01-25 23:42:14,VantageMarkets Raw,EURUSD,1.18645,1.18702,0.00057,57,Sydney,Sunday
2026-01-25 23:42:15,VantageMarkets Raw,GBPUSD,1.36609,1.36719,0.0011,110,Sydney,Sunday
2026-01-25 23:42:16,VantageMarkets Raw,USDJPY,154.638,154.705,0.067,67,Sydney,Sunday
2026-01-25 23:42:18,VantageMarkets Raw,AUDUSD,0.69217,0.69271,0.00054,54,Sydney,Sunday
2026-01-25 23:42:21,FPMarkets Raw,XAUUSD,5007.93,5008.43,0.5,50,Sydney,Sunday
2026-01-25 23:42:22,FPMarkets Raw,EURUSD,1.18614,1.18734,0.0012,120,Sydney,Sunday
2026-01-25 23:42:23,FPMarkets Raw,GBPUSD,1.36548,1.36748,0.002,200,Sydney,Sunday
2026-01-25 23:42:24,FPMarkets Raw,USDJPY,154.605,154.735,0.13,130,Sydney,Sunday
2026-01-25 23:42:26,FPMarkets Raw,AUDUSD,0.69196,0.69296,0.001,100,Sydney,Sunday
2026-01-25 23:42:28,8Cap Raw,XAUUSD,5003.04,5004.88,1.84,184,Sydney,Sunday
2026-01-25 23:42:29,8Cap Raw,EURUSD,1.18602,1.18674,0.00072,72,Sydney,Sunday
2026-01-25 23:42:29,8Cap Raw,GBPUSD,1.36631,1.36755,0.00124,124,Sydney,Sunday
2026-01-25 23:42:30,8Cap Raw,USDJPY,154.737,154.767,0.03,30,Sydney,Sunday
2026-01-25 23:42:31,8Cap Raw,AUDUSD,0.69206,0.69263,0.00057,57,Sydney,Sunday
2026-01-25 23:46:39,Pepperstone Razor,XAUUSD,5008.86,5009.83,0.97,97,Sydney,Sunday
2026-01-25 23:46:40,Pepperstone Razor,EURUSD,1.18628,1.18683,0.00055,55,Sydney,Sunday
2026-01-25 23:46:41,Pepperstone Razor,GBPUSD,1.366,1.3677,0.0017,170,Sydney,Sunday
2026-01-25 23:46:43,Pepperstone Razor,USDJPY,154.662,154.728,0.066,66,Sydney,Sunday
2026-01-25 23:46:44,Pepperstone Razor,AUDUSD,0.69175,0.69291,0.00116,116,Sydney,Sunday
2026-01-25 23:46:48,FusionMarkets Zero,XAUUSD,5006.19,5006.27,0.08,8,Sydney,Sunday
2026-01-25 23:46:49,FusionMarkets Zero,EURUSD,1.18664,1.1867,6e-05,6,Sydney,Sunday
2026-01-25 23:46:51,FusionMarkets Zero,GBPUSD,1.36611,1.36706,0.00095,95,Sydney,Sunday
2026-01-25 23:46:52,FusionMarkets Zero,USDJPY,154.673,154.728,0.055,55,Sydney,Sunday
2026-01-25 23:46:53,FusionMarkets Zero,AUDUSD,0.69234,0.6924,6e-05,6,Sydney,Sunday
2026-01-25 23:46:57,ThinkMarkets ThinkZero,XAUUSD,5012.71,5014.71,2.0,200,Sydney,Sunday
2026-01-25 23:46:58,ThinkMarkets ThinkZero,EURUSD,1.18579,1.18686,0.00107,107,Sydney,Sunday
2026-01-25 23:46:59,ThinkMarkets ThinkZero,GBPUSD,1.36588,1.3674,0.00152,152,Sydney,Sunday
2026-01-25 23:47:01,ThinkMarkets ThinkZero,USDJPY,154.685,154.817,0.132,132,Sydney,Sunday
2026-01-25 23:47:02,ThinkMarkets ThinkZero,AUDUSD,0.69174,0.69263,0.00089,89,Sydney,Sunday
2026-01-25 23:47:05,ICMarkets Raw,XAUUSD,5007.98,5008.48,0.5,50,Sydney,Sunday
2026-01-25 23:47:07,ICMarkets Raw,EURUSD,1.18637,1.18663,0.00026,26,Sydney,Sunday
2026-01-25 23:47:08,ICMarkets Raw,GBPUSD,1.36612,1.36728,0.00116,116,Sydney,Sunday
2026-01-25 23:47:09,ICMarkets Raw,USDJPY,154.637,154.703,0.066,66,Sydney,Sunday
2026-01-25 23:47:10,ICMarkets Raw,AUDUSD,0.69218,0.69272,0.00054,54,Sydney,Sunday
2026-01-25 23:47:14,VantageMarkets Raw,XAUUSD,5005.72,5005.8,0.08,8,Sydney,Sunday
2026-01-25 23:47:15,VantageMarkets Raw,EURUSD,1.18645,1.18702,0.00057,57,Sydney,Sunday
2026-01-25 23:47:16,VantageMarkets Raw,GBPUSD,1.36609,1.36719,0.0011,110,Sydney,Sunday
2026-01-25 23:47:17,VantageMarkets Raw,USDJPY,154.638,154.705,0.067,67,Sydney,Sunday
2026-01-25 23:47:18,VantageMarkets Raw,AUDUSD,0.69217,0.69271,0.00054,54,Sydney,Sunday
2026-01-25 23:47:22,FPMarkets Raw,XAUUSD,5007.93,5008.43,0.5,50,Sydney,Sunday
2026-01-25 23:47:23,FPMarkets Raw,EURUSD,1.18614,1.18734,0.0012,120,Sydney,Sunday
2026-01-25 23:47:24,FPMarkets Raw,GBPUSD,1.36548,1.36748,0.002,200,Sydney,Sunday
2026-01-25 23:47:25,FPMarkets Raw,USDJPY,154.605,154.735,0.13,130,Sydney,Sunday
2026-01-25 23:47:27,FPMarkets Raw,AUDUSD,0.69196,0.69296,0.001,100,Sydney,Sunday
2026-01-25 23:47:28,8Cap Raw,XAUUSD,5003.04,5004.88,1.84,184,Sydney,Sunday
2026-01-25 23:47:29,8Cap Raw,EURUSD,1.18602,1.18674,0.00072,72,Sydney,Sunday
2026-01-25 23:47:30,8Cap Raw,GBPUSD,1.36631,1.36755,0.00124,124,Sydney,Sunday
2026-01-25 23:47:31,8Cap Raw,USDJPY,154.737,154.767,0.03,30,Sydney,Sunday
2026-01-25 23:47:31,8Cap Raw,AUDUSD,0.69206,0.69263,0.00057,57,Sydney,Sunday
2026-01-25 23:51:39,Pepperstone Razor,XAUUSD,5008.86,5009.83,0.97,97,Sydney,Sunday
2026-01-25 23:51:40,Pepperstone Razor,EURUSD,1.18628,1.18683,0.00055,55,Sydney,Sunday
2026-01-25 23:51:41,Pepperstone Razor,GBPUSD,1.366,1.3677,0.0017,170,Sydney,Sunday
2026-01-25 23:51:43,Pepperstone Razor,USDJPY,154.662,154.728,0.066,66,Sydney,Sunday
2026-01-25 23:51:44,Pepperstone Razor,AUDUSD,0.69175,0.69291,0.00116,116,Sydney,Sunday
2026-01-25 23:51:48,FusionMarkets Zero,XAUUSD,5006.19,5006.27,0.08,8,Sydney,Sunday
2026-01-25 23:51:49,FusionMarkets Zero,EURUSD,1.18664,1.1867,6e-05,6,Sydney,Sunday
2026-01-25 23:51:50,FusionMarkets Zero,GBPUSD,1.36611,1.36706,0.00095,95,Sydney,Sunday
2026-01-25 23:51:51,FusionMarkets Zero,USDJPY,154.673,154.728,0.055,55,Sydney,Sunday
2026-01-25 23:51:53,FusionMarkets Zero,AUDUSD,0.69234,0.6924,6e-05,6,Sydney,Sunday
2026-01-25 23:51:57,ThinkMarkets ThinkZero,XAUUSD,5012.71,5014.71,2.0,200,Sydney,Sunday
2026-01-25 23:51:58,ThinkMarkets ThinkZero,EURUSD,1.18579,1.18686,0.00107,107,Sydney,Sunday
2026-01-25 23:51:59,ThinkMarkets ThinkZero,GBPUSD,1.36588,1.3674,0.00152,152,Sydney,Sunday
2026-01-25 23:52:00,ThinkMarkets ThinkZero,USDJPY,154.685,154.817,0.132,132,Sydney,Sunday
2026-01-25 23:52:01,ThinkMarkets ThinkZero,AUDUSD,0.69174,0.69263,0.00089,89,Sydney,Sunday
2026-01-25 23:52:05,ICMarkets Raw,XAUUSD,5007.98,5008.48,0.5,50,Sydney,Sunday
2026-01-25 23:52:07,ICMarkets Raw,EURUSD,1.18637,1.18663,0.00026,26,Sydney,Sunday
2026-01-25 23:52:08,ICMarkets Raw,GBPUSD,1.36612,1.36728,0.00116,116,Sydney,Sunday
2026-01-25 23:52:09,ICMarkets Raw,USDJPY,154.637,154.703,0.066,66,Sydney,Sunday
2026-01-25 23:52:10,ICMarkets Raw,AUDUSD,0.69218,0.69272,0.00054,54,Sydney,Sunday
2026-01-25 23:52:13,VantageMarkets Raw,XAUUSD,5005.72,5005.8,0.08,8,Sydney,Sunday
2026-01-25 23:52:14,VantageMarkets Raw,EURUSD,1.18645,1.18702,0.00057,57,Sydney,Sunday
2026-01-25 23:52:16,VantageMarkets Raw,GBPUSD,1.36609,1.36719,0.0011,110,Sydney,Sunday
2026-01-25 23:52:17,VantageMarkets Raw,USDJPY,154.638,154.705,0.067,67,Sydney,Sunday
2026-01-25 23:52:18,VantageMarkets Raw,AUDUSD,0.69217,0.69271,0.00054,54,Sydney,Sunday
2026-01-25 23:52:21,FPMarkets Raw,XAUUSD,5007.93,5008.43,0.5,50,Sydney,Sunday
2026-01-25 23:52:23,FPMarkets Raw,EURUSD,1.18614,1.18734,0.0012,120,Sydney,Sunday
2026-01-25 23:52:24,FPMarkets Raw,GBPUSD,1.36548,1.36748,0.002,200,Sydney,Sunday
2026-01-25 23:52:25,FPMarkets Raw,USDJPY,154.605,154.735,0.13,130,Sydney,Sunday
2026-01-25 23:52:26,FPMarkets Raw,AUDUSD,0.69196,0.69296,0.001,100,Sydney,Sunday
2026-01-25 23:52:29,8Cap Raw,XAUUSD,5003.04,5004.88,1.84,184,Sydney,Sunday
2026-01-25 23:52:29,8Cap Raw,EURUSD,1.18602,1.18674,0.00072,72,Sydney,Sunday
2026-01-25 23:52:30,8Cap Raw,GBPUSD,1.36631,1.36755,0.00124,124,Sydney,Sunday
2026-01-25 23:52:31,8Cap Raw,USDJPY,154.737,154.767,0.03,30,Sydney,Sunday
2026-01-25 23:52:32,8Cap Raw,AUDUSD,0.69206,0.69263,0.00057,57,Sydney,Sunday
2026-01-25 23:57:13,Pepperstone Razor,XAUUSD,5008.86,5009.83,0.97,97,Sydney,Sunday
2026-01-25 23:57:14,Pepperstone Razor,EURUSD,1.18628,1.18683,0.00055,55,Sydney,Sunday
2026-01-25 23:57:15,Pepperstone Razor,GBPUSD,1.366,1.3677,0.0017,170,Sydney,Sunday
2026-01-25 23:57:16,Pepperstone Razor,USDJPY,154.662,154.728,0.066,66,Sydney,Sunday
2026-01-25 23:57:18,Pepperstone Razor,AUDUSD,0.69175,0.69291,0.00116,116,Sydney,Sunday
2026-01-25 23:57:22,FusionMarkets Zero,XAUUSD,5006.19,5006.27,0.08,8,Sydney,Sunday
2026-01-25 23:57:23,FusionMarkets Zero,EURUSD,1.18664,1.1867,6e-05,6,Sydney,Sunday
2026-01-25 23:57:24,FusionMarkets Zero,GBPUSD,1.36611,1.36706,0.00095,95,Sydney,Sunday
2026-01-25 23:57:26,FusionMarkets Zero,USDJPY,154.673,154.728,0.055,55,Sydney,Sunday
2026-01-25 23:57:27,FusionMarkets Zero,AUDUSD,0.69234,0.6924,6e-05,6,Sydney,Sunday
2026-01-25 23:57:31,ThinkMarkets ThinkZero,XAUUSD,5012.71,5014.71,2.0,200,Sydney,Sunday
2026-01-25 23:57:32,ThinkMarkets ThinkZero,EURUSD,1.18579,1.18686,0.00107,107,Sydney,Sunday
2026-01-25 23:57:33,ThinkMarkets ThinkZero,GBPUSD,1.36588,1.3674,0.00152,152,Sydney,Sunday
2026-01-25 23:57:34,ThinkMarkets ThinkZero,USDJPY,154.685,154.817,0.132,132,Sydney,Sunday
2026-01-25 23:57:36,ThinkMarkets ThinkZero,AUDUSD,0.69174,0.69263,0.00089,89,Sydney,Sunday
2026-01-25 23:57:40,ICMarkets Raw,XAUUSD,5007.98,5008.48,0.5,50,Sydney,Sunday
2026-01-25 23:57:41,ICMarkets Raw,EURUSD,1.18637,1.18663,0.00026,26,Sydney,Sunday
2026-01-25 23:57:42,ICMarkets Raw,GBPUSD,1.36612,1.36728,0.00116,116,Sydney,Sunday
2026-01-25 23:57:43,ICMarkets Raw,USDJPY,154.637,154.703,0.066,66,Sydney,Sunday
2026-01-25 23:57:44,ICMarkets Raw,AUDUSD,0.69218,0.69272,0.00054,54,Sydney,Sunday
2026-01-25 23:57:48,VantageMarkets Raw,XAUUSD,5005.72,5005.8,0.08,8,Sydney,Sunday
2026-01-25 23:57:49,VantageMarkets Raw,EURUSD,1.18645,1.18702,0.00057,57,Sydney,Sunday
2026-01-25 23:57:50,VantageMarkets Raw,GBPUSD,1.36609,1.36719,0.0011,110,Sydney,Sunday
2026-01-25 23:57:51,VantageMarkets Raw,USDJPY,154.638,154.705,0.067,67,Sydney,Sunday
2026-01-25 23:57:53,VantageMarkets Raw,AUDUSD,0.69217,0.69271,0.00054,54,Sydney,Sunday
2026-01-25 23:57:56,FPMarkets Raw,XAUUSD,5007.93,5008.43,0.5,50,Sydney,Sunday
2026-01-25 23:57:58,FPMarkets Raw,EURUSD,1.18614,1.18734,0.0012,120,Sydney,Sunday
2026-01-25 23:57:59,FPMarkets Raw,GBPUSD,1.36548,1.36748,0.002,200,Sydney,Sunday
2026-01-25 23:58:00,FPMarkets Raw,USDJPY,154.605,154.735,0.13,130,Sydney,Sunday
2026-01-25 23:58:01,FPMarkets Raw,AUDUSD,0.69196,0.69296,0.001,100,Sydney,Sunday
2026-01-25 23:58:03,8Cap Raw,XAUUSD,5003.04,5004.88,1.84,184,Sydney,Sunday
2026-01-25 23:58:04,8Cap Raw,EURUSD,1.18602,1.18674,0.00072,72,Sydney,Sunday
2026-01-25 23:58:05,8Cap Raw,GBPUSD,1.36631,1.36755,0.00124,124,Sydney,Sunday
2026-01-25 23:58:05,8Cap Raw,USDJPY,154.737,154.767,0.03,30,Sydney,Sunday
2026-01-25 23:58:06,8Cap Raw,AUDUSD,0.69206,0.69263,0.00057,57,Sydney,Sunday
