timestamp,broker,symbol,bid,ask,spread,spread_points,session,day_of_week
2026-01-21 00:01:17,Pepperstone Razor,XAUUSD,4760.68,4761.7,1.02,102,Sydney,Wednesday
2026-01-21 00:01:18,Pepperstone Razor,EURUSD,1.17202,1.17301,0.00099,99,Sydney,Wednesday
2026-01-21 00:01:19,Pepperstone Razor,GBPUSD,1.34358,1.34528,0.0017,170,Sydney,Wednesday
2026-01-21 00:01:20,Pepperstone Razor,USDJPY,158.131,158.194,0.063,63,Sydney,Wednesday
2026-01-21 00:01:21,Pepperstone Razor,AUDUSD,0.67299,0.67386,0.00087,87,Sydney,Wednesday
2026-01-21 00:01:23,FusionMarkets Zero,XAUUSD,4763.72,4763.93,0.21,21,Sydney,Wednesday
2026-01-21 00:01:24,FusionMarkets Zero,EURUSD,1.17241,1.17247,6e-05,6,Sydney,Wednesday
2026-01-21 00:01:25,FusionMarkets Zero,GBPUSD,1.34421,1.34458,0.00037,37,Sydney,Wednesday
2026-01-21 00:01:26,FusionMarkets Zero,USDJPY,158.139,158.191,0.052,52,Sydney,Wednesday
2026-01-21 00:01:27,FusionMarkets Zero,AUDUSD,0.67322,0.67328,6e-05,6,Sydney,Wednesday
2026-01-21 00:01:30,ThinkMarkets ThinkZero,XAUUSD,4760.89,4762.15,1.26,126,Sydney,Wednesday
2026-01-21 00:01:31,ThinkMarkets ThinkZero,EURUSD,1.17171,1.17301,0.0013,130,Sydney,Wednesday
2026-01-21 00:01:32,ThinkMarkets ThinkZero,GBPUSD,1.34305,1.34555,0.0025,250,Sydney,Wednesday
2026-01-21 00:01:33,ThinkMarkets ThinkZero,USDJPY,158.086,158.244,0.158,158,Sydney,Wednesday
2026-01-21 00:01:34,ThinkMarkets ThinkZero,AUDUSD,0.67275,0.67387,0.00112,112,Sydney,Wednesday
2026-01-21 00:01:37,ICMarkets Raw,XAUUSD,4762.95,4763.13,0.18,18,Sydney,Wednesday
2026-01-21 00:01:38,ICMarkets Raw,EURUSD,1.17223,1.17281,0.00058,58,Sydney,Wednesday
2026-01-21 00:01:39,ICMarkets Raw,GBPUSD,1.34411,1.34469,0.00058,58,Sydney,Wednesday
2026-01-21 00:01:40,ICMarkets Raw,USDJPY,158.132,158.198,0.066,66,Sydney,Wednesday
2026-01-21 00:01:41,ICMarkets Raw,AUDUSD,0.67315,0.67373,0.00058,58,Sydney,Wednesday
2026-01-21 00:01:44,VantageMarkets Raw,XAUUSD,4765.6,4765.68,0.08,8,Sydney,Wednesday
2026-01-21 00:01:44,VantageMarkets Raw,EURUSD,1.17186,1.17246,0.0006,60,Sydney,Wednesday
2026-01-21 00:01:45,VantageMarkets Raw,GBPUSD,1.34318,1.34447,0.00129,129,Sydney,Wednesday
2026-01-21 00:01:46,VantageMarkets Raw,USDJPY,158.132,158.198,0.066,66,Sydney,Wednesday
2026-01-21 00:01:47,VantageMarkets Raw,AUDUSD,0.67299,0.67357,0.00058,58,Sydney,Wednesday
2026-01-21 00:01:50,FPMarkets Raw,XAUUSD,4765.76,4765.83,0.07,7,Sydney,Wednesday
2026-01-21 00:01:51,FPMarkets Raw,EURUSD,1.17193,1.17313,0.0012,120,Sydney,Wednesday
2026-01-21 00:01:52,FPMarkets Raw,GBPUSD,1.34356,1.34411,0.00055,55,Sydney,Wednesday
2026-01-21 00:01:53,FPMarkets Raw,USDJPY,158.1,158.23,0.13,130,Sydney,Wednesday
2026-01-21 00:01:54,FPMarkets Raw,AUDUSD,0.67279,0.67368,0.00089,89,Sydney,Wednesday
2026-01-21 00:01:56,8Cap Raw,XAUUSD,4764.63,4764.89,0.26,26,Sydney,Wednesday
2026-01-21 00:01:57,8Cap Raw,EURUSD,1.1718,1.17256,0.00076,76,Sydney,Wednesday
2026-01-21 00:01:58,8Cap Raw,GBPUSD,1.34387,1.34462,0.00075,75,Sydney,Wednesday
2026-01-21 00:01:58,8Cap Raw,USDJPY,158.118,158.202,0.084,84,Sydney,Wednesday
2026-01-21 00:01:59,8Cap Raw,AUDUSD,0.67286,0.6738,0.00094,94,Sydney,Wednesday
2026-01-21 00:06:17,Pepperstone Razor,XAUUSD,4760.68,4761.7,1.02,102,Sydney,Wednesday
2026-01-21 00:06:18,Pepperstone Razor,EURUSD,1.17222,1.17268,0.00046,46,Sydney,Wednesday
2026-01-21 00:06:19,Pepperstone Razor,GBPUSD,1.3436,1.34521,0.00161,161,Sydney,Wednesday
2026-01-21 00:06:20,Pepperstone Razor,USDJPY,158.127,158.188,0.061,61,Sydney,Wednesday
2026-01-21 00:06:20,Pepperstone Razor,AUDUSD,0.67304,0.67366,0.00062,62,Sydney,Wednesday
2026-01-21 00:06:23,FusionMarkets Zero,XAUUSD,4763.72,4763.93,0.21,21,Sydney,Wednesday
2026-01-21 00:06:24,FusionMarkets Zero,EURUSD,1.17236,1.17242,6e-05,6,Sydney,Wednesday
2026-01-21 00:06:25,FusionMarkets Zero,GBPUSD,1.34437,1.34483,0.00046,46,Sydney,Wednesday
2026-01-21 00:06:26,FusionMarkets Zero,USDJPY,158.138,158.19,0.052,52,Sydney,Wednesday
2026-01-21 00:06:27,FusionMarkets Zero,AUDUSD,0.67316,0.67351,0.00035,35,Sydney,Wednesday
2026-01-21 00:06:29,ThinkMarkets ThinkZero,XAUUSD,4760.89,4762.15,1.26,126,Sydney,Wednesday
2026-01-21 00:06:30,ThinkMarkets ThinkZero,EURUSD,1.17184,1.1729,0.00106,106,Sydney,Wednesday
2026-01-21 00:06:31,ThinkMarkets ThinkZero,GBPUSD,1.34346,1.34525,0.00179,179,Sydney,Wednesday
2026-01-21 00:06:32,ThinkMarkets ThinkZero,USDJPY,158.124,158.244,0.12,120,Sydney,Wednesday
2026-01-21 00:06:33,ThinkMarkets ThinkZero,AUDUSD,0.67279,0.67384,0.00105,105,Sydney,Wednesday
2026-01-21 00:06:36,ICMarkets Raw,XAUUSD,4762.95,4763.13,0.18,18,Sydney,Wednesday
2026-01-21 00:06:37,ICMarkets Raw,EURUSD,1.17247,1.1727,0.00023,23,Sydney,Wednesday
2026-01-21 00:06:38,ICMarkets Raw,GBPUSD,1.34427,1.34494,0.00067,67,Sydney,Wednesday
2026-01-21 00:06:39,ICMarkets Raw,USDJPY,158.132,158.198,0.066,66,Sydney,Wednesday
2026-01-21 00:06:40,ICMarkets Raw,AUDUSD,0.67303,0.6737,0.00067,67,Sydney,Wednesday
2026-01-21 00:06:42,VantageMarkets Raw,XAUUSD,4765.6,4765.68,0.08,8,Sydney,Wednesday
2026-01-21 00:06:43,VantageMarkets Raw,EURUSD,1.17192,1.17265,0.00073,73,Sydney,Wednesday
2026-01-21 00:06:44,VantageMarkets Raw,GBPUSD,1.34472,1.34512,0.0004,40,Sydney,Wednesday
2026-01-21 00:06:45,VantageMarkets Raw,USDJPY,158.121,158.187,0.066,66,Sydney,Wednesday
2026-01-21 00:06:46,VantageMarkets Raw,AUDUSD,0.67291,0.67358,0.00067,67,Sydney,Wednesday
2026-01-21 00:06:49,FPMarkets Raw,XAUUSD,4765.76,4765.83,0.07,7,Sydney,Wednesday
2026-01-21 00:06:50,FPMarkets Raw,EURUSD,1.1721,1.17248,0.00038,38,Sydney,Wednesday
2026-01-21 00:06:51,FPMarkets Raw,GBPUSD,1.34389,1.34561,0.00172,172,Sydney,Wednesday
2026-01-21 00:06:52,FPMarkets Raw,USDJPY,158.112,158.191,0.079,79,Sydney,Wednesday
2026-01-21 00:06:53,FPMarkets Raw,AUDUSD,0.67277,0.6736,0.00083,83,Sydney,Wednesday
2026-01-21 00:06:55,8Cap Raw,XAUUSD,4764.63,4764.89,0.26,26,Sydney,Wednesday
2026-01-21 00:06:56,8Cap Raw,EURUSD,1.1723,1.17263,0.00033,33,Sydney,Wednesday
2026-01-21 00:06:56,8Cap Raw,GBPUSD,1.3445,1.34545,0.00095,95,Sydney,Wednesday
2026-01-21 00:06:57,8Cap Raw,USDJPY,158.12,158.203,0.083,83,Sydney,Wednesday
2026-01-21 00:06:58,8Cap Raw,AUDUSD,0.67268,0.67376,0.00108,108,Sydney,Wednesday
2026-01-21 00:11:17,Pepperstone Razor,XAUUSD,4760.68,4761.7,1.02,102,Sydney,Wednesday
2026-01-21 00:11:18,Pepperstone Razor,EURUSD,1.17214,1.17262,0.00048,48,Sydney,Wednesday
2026-01-21 00:11:19,Pepperstone Razor,GBPUSD,1.34364,1.34454,0.0009,90,Sydney,Wednesday
2026-01-21 00:11:20,Pepperstone Razor,USDJPY,158.105,158.143,0.038,38,Sydney,Wednesday
2026-01-21 00:11:21,Pepperstone Razor,AUDUSD,0.67307,0.67362,0.00055,55,Sydney,Wednesday
2026-01-21 00:11:23,FusionMarkets Zero,XAUUSD,4763.72,4763.93,0.21,21,Sydney,Wednesday
2026-01-21 00:11:24,FusionMarkets Zero,EURUSD,1.17234,1.17264,0.0003,30,Sydney,Wednesday
2026-01-21 00:11:25,FusionMarkets Zero,GBPUSD,1.34419,1.34463,0.00044,44,Sydney,Wednesday
2026-01-21 00:11:26,FusionMarkets Zero,USDJPY,158.103,158.155,0.052,52,Sydney,Wednesday
2026-01-21 00:11:27,FusionMarkets Zero,AUDUSD,0.67308,0.67359,0.00051,51,Sydney,Wednesday
2026-01-21 00:11:30,ThinkMarkets ThinkZero,XAUUSD,4760.89,4762.15,1.26,126,Sydney,Wednesday
2026-01-21 00:11:31,ThinkMarkets ThinkZero,EURUSD,1.17189,1.17282,0.00093,93,Sydney,Wednesday
2026-01-21 00:11:32,ThinkMarkets ThinkZero,GBPUSD,1.34357,1.3449,0.00133,133,Sydney,Wednesday
2026-01-21 00:11:33,ThinkMarkets ThinkZero,USDJPY,158.084,158.172,0.088,88,Sydney,Wednesday
2026-01-21 00:11:34,ThinkMarkets ThinkZero,AUDUSD,0.67264,0.67383,0.00119,119,Sydney,Wednesday
2026-01-21 00:11:37,ICMarkets Raw,XAUUSD,4762.95,4763.13,0.18,18,Sydney,Wednesday
2026-01-21 00:11:38,ICMarkets Raw,EURUSD,1.1723,1.1727,0.0004,40,Sydney,Wednesday
2026-01-21 00:11:39,ICMarkets Raw,GBPUSD,1.34403,1.34474,0.00071,71,Sydney,Wednesday
2026-01-21 00:11:40,ICMarkets Raw,USDJPY,158.097,158.163,0.066,66,Sydney,Wednesday
2026-01-21 00:11:40,ICMarkets Raw,AUDUSD,0.67301,0.67367,0.00066,66,Sydney,Wednesday
2026-01-21 00:11:43,VantageMarkets Raw,XAUUSD,4765.6,4765.68,0.08,8,Sydney,Wednesday
2026-01-21 00:11:44,VantageMarkets Raw,EURUSD,1.17231,1.17267,0.00036,36,Sydney,Wednesday
2026-01-21 00:11:45,VantageMarkets Raw,GBPUSD,1.34401,1.34468,0.00067,67,Sydney,Wednesday
2026-01-21 00:11:46,VantageMarkets Raw,USDJPY,158.089,158.155,0.066,66,Sydney,Wednesday
2026-01-21 00:11:47,VantageMarkets Raw,AUDUSD,0.67287,0.67353,0.00066,66,Sydney,Wednesday
2026-01-21 00:11:49,FPMarkets Raw,XAUUSD,4765.76,4765.83,0.07,7,Sydney,Wednesday
2026-01-21 00:11:50,FPMarkets Raw,EURUSD,1.17218,1.17263,0.00045,45,Sydney,Wednesday
2026-01-21 00:11:51,FPMarkets Raw,GBPUSD,1.34384,1.34459,0.00075,75,Sydney,Wednesday
2026-01-21 00:11:53,FPMarkets Raw,USDJPY,158.115,158.145,0.03,30,Sydney,Wednesday
2026-01-21 00:11:54,FPMarkets Raw,AUDUSD,0.67288,0.67357,0.00069,69,Sydney,Wednesday
2026-01-21 00:11:56,8Cap Raw,XAUUSD,4764.63,4764.89,0.26,26,Sydney,Wednesday
2026-01-21 00:11:56,8Cap Raw,EURUSD,1.17222,1.17276,0.00054,54,Sydney,Wednesday
2026-01-21 00:11:57,8Cap Raw,GBPUSD,1.34388,1.34486,0.00098,98,Sydney,Wednesday
2026-01-21 00:11:58,8Cap Raw,USDJPY,158.106,158.151,0.045,45,Sydney,Wednesday
2026-01-21 00:11:58,8Cap Raw,AUDUSD,0.67267,0.67367,0.001,100,Sydney,Wednesday
2026-01-21 00:16:17,Pepperstone Razor,XAUUSD,4760.68,4761.7,1.02,102,Sydney,Wednesday
2026-01-21 00:16:18,Pepperstone Razor,EURUSD,1.17218,1.17264,0.00046,46,Sydney,Wednesday
2026-01-21 00:16:19,Pepperstone Razor,GBPUSD,1.34388,1.34477,0.00089,89,Sydney,Wednesday
2026-01-21 00:16:20,Pepperstone Razor,USDJPY,158.118,158.173,0.055,55,Sydney,Wednesday
2026-01-21 00:16:21,Pepperstone Razor,AUDUSD,0.6729,0.67338,0.00048,48,Sydney,Wednesday
2026-01-21 00:16:24,FusionMarkets Zero,XAUUSD,4763.72,4763.93,0.21,21,Sydney,Wednesday
2026-01-21 00:16:25,FusionMarkets Zero,EURUSD,1.17235,1.17241,6e-05,6,Sydney,Wednesday
2026-01-21 00:16:25,FusionMarkets Zero,GBPUSD,1.34401,1.34447,0.00046,46,Sydney,Wednesday
2026-01-21 00:16:26,FusionMarkets Zero,USDJPY,158.134,158.186,0.052,52,Sydney,Wednesday
2026-01-21 00:16:27,FusionMarkets Zero,AUDUSD,0.67323,0.67347,0.00024,24,Sydney,Wednesday
2026-01-21 00:16:30,ThinkMarkets ThinkZero,XAUUSD,4760.89,4762.15,1.26,126,Sydney,Wednesday
2026-01-21 00:16:31,ThinkMarkets ThinkZero,EURUSD,1.17189,1.1728,0.00091,91,Sydney,Wednesday
2026-01-21 00:16:32,ThinkMarkets ThinkZero,GBPUSD,1.34354,1.34469,0.00115,115,Sydney,Wednesday
2026-01-21 00:16:33,ThinkMarkets ThinkZero,USDJPY,158.087,158.21,0.123,123,Sydney,Wednesday
2026-01-21 00:16:34,ThinkMarkets ThinkZero,AUDUSD,0.67278,0.67375,0.00097,97,Sydney,Wednesday
2026-01-21 00:16:37,ICMarkets Raw,XAUUSD,4762.95,4763.13,0.18,18,Sydney,Wednesday
2026-01-21 00:16:38,ICMarkets Raw,EURUSD,1.17225,1.17264,0.00039,39,Sydney,Wednesday
2026-01-21 00:16:39,ICMarkets Raw,GBPUSD,1.34391,1.34455,0.00064,64,Sydney,Wednesday
2026-01-21 00:16:40,ICMarkets Raw,USDJPY,158.128,158.194,0.066,66,Sydney,Wednesday
2026-01-21 00:16:41,ICMarkets Raw,AUDUSD,0.67296,0.67352,0.00056,56,Sydney,Wednesday
2026-01-21 00:16:43,VantageMarkets Raw,XAUUSD,4765.6,4765.68,0.08,8,Sydney,Wednesday
2026-01-21 00:16:44,VantageMarkets Raw,EURUSD,1.17224,1.17261,0.00037,37,Sydney,Wednesday
2026-01-21 00:16:45,VantageMarkets Raw,GBPUSD,1.34394,1.34451,0.00057,57,Sydney,Wednesday
2026-01-21 00:16:46,VantageMarkets Raw,USDJPY,158.132,158.198,0.066,66,Sydney,Wednesday
2026-01-21 00:16:47,VantageMarkets Raw,AUDUSD,0.67302,0.67352,0.0005,50,Sydney,Wednesday
2026-01-21 00:16:50,FPMarkets Raw,XAUUSD,4765.76,4765.83,0.07,7,Sydney,Wednesday
2026-01-21 00:16:51,FPMarkets Raw,EURUSD,1.17217,1.17261,0.00044,44,Sydney,Wednesday
2026-01-21 00:16:52,FPMarkets Raw,GBPUSD,1.34382,1.34437,0.00055,55,Sydney,Wednesday
2026-01-21 00:16:53,FPMarkets Raw,USDJPY,158.124,158.19,0.066,66,Sydney,Wednesday
2026-01-21 00:16:54,FPMarkets Raw,AUDUSD,0.67304,0.67346,0.00042,42,Sydney,Wednesday
2026-01-21 00:16:56,8Cap Raw,XAUUSD,4764.63,4764.89,0.26,26,Sydney,Wednesday
2026-01-21 00:16:57,8Cap Raw,EURUSD,1.17215,1.1727,0.00055,55,Sydney,Wednesday
2026-01-21 00:16:58,8Cap Raw,GBPUSD,1.34385,1.34461,0.00076,76,Sydney,Wednesday
2026-01-21 00:16:58,8Cap Raw,USDJPY,158.142,158.179,0.037,37,Sydney,Wednesday
2026-01-21 00:16:59,8Cap Raw,AUDUSD,0.67301,0.6736,0.00059,59,Sydney,Wednesday
2026-01-21 00:21:17,Pepperstone Razor,XAUUSD,4760.68,4761.7,1.02,102,Sydney,Wednesday
2026-01-21 00:21:18,Pepperstone Razor,EURUSD,1.17212,1.1726,0.00048,48,Sydney,Wednesday
2026-01-21 00:21:19,Pepperstone Razor,GBPUSD,1.34394,1.34455,0.00061,61,Sydney,Wednesday
2026-01-21 00:21:20,Pepperstone Razor,USDJPY,158.122,158.196,0.074,74,Sydney,Wednesday
2026-01-21 00:21:21,Pepperstone Razor,AUDUSD,0.6733,0.67351,0.00021,21,Sydney,Wednesday
2026-01-21 00:21:23,FusionMarkets Zero,XAUUSD,4763.72,4763.93,0.21,21,Sydney,Wednesday
2026-01-21 00:21:24,FusionMarkets Zero,EURUSD,1.17225,1.17231,6e-05,6,Sydney,Wednesday
2026-01-21 00:21:25,FusionMarkets Zero,GBPUSD,1.34398,1.34443,0.00045,45,Sydney,Wednesday
2026-01-21 00:21:26,FusionMarkets Zero,USDJPY,158.15,158.206,0.056,56,Sydney,Wednesday
2026-01-21 00:21:27,FusionMarkets Zero,AUDUSD,0.67336,0.67342,6e-05,6,Sydney,Wednesday
2026-01-21 00:21:30,ThinkMarkets ThinkZero,XAUUSD,4760.89,4762.15,1.26,126,Sydney,Wednesday
2026-01-21 00:21:31,ThinkMarkets ThinkZero,EURUSD,1.17179,1.17277,0.00098,98,Sydney,Wednesday
2026-01-21 00:21:32,ThinkMarkets ThinkZero,GBPUSD,1.34332,1.34477,0.00145,145,Sydney,Wednesday
2026-01-21 00:21:33,ThinkMarkets ThinkZero,USDJPY,158.098,158.207,0.109,109,Sydney,Wednesday
2026-01-21 00:21:34,ThinkMarkets ThinkZero,AUDUSD,0.67303,0.67369,0.00066,66,Sydney,Wednesday
2026-01-21 00:21:37,ICMarkets Raw,XAUUSD,4762.95,4763.13,0.18,18,Sydney,Wednesday
2026-01-21 00:21:38,ICMarkets Raw,EURUSD,1.17194,1.17258,0.00064,64,Sydney,Wednesday
2026-01-21 00:21:39,ICMarkets Raw,GBPUSD,1.34398,1.34454,0.00056,56,Sydney,Wednesday
2026-01-21 00:21:40,ICMarkets Raw,USDJPY,158.131,158.223,0.092,92,Sydney,Wednesday
2026-01-21 00:21:41,ICMarkets Raw,AUDUSD,0.67319,0.67357,0.00038,38,Sydney,Wednesday
2026-01-21 00:21:43,VantageMarkets Raw,XAUUSD,4765.6,4765.68,0.08,8,Sydney,Wednesday
2026-01-21 00:21:44,VantageMarkets Raw,EURUSD,1.17197,1.17259,0.00062,62,Sydney,Wednesday
2026-01-21 00:21:45,VantageMarkets Raw,GBPUSD,1.34405,1.34454,0.00049,49,Sydney,Wednesday
2026-01-21 00:21:46,VantageMarkets Raw,USDJPY,158.127,158.214,0.087,87,Sydney,Wednesday
2026-01-21 00:21:47,VantageMarkets Raw,AUDUSD,0.67319,0.67359,0.0004,40,Sydney,Wednesday
2026-01-21 00:21:50,FPMarkets Raw,XAUUSD,4765.76,4765.83,0.07,7,Sydney,Wednesday
2026-01-21 00:21:51,FPMarkets Raw,EURUSD,1.17211,1.17243,0.00032,32,Sydney,Wednesday
2026-01-21 00:21:52,FPMarkets Raw,GBPUSD,1.34363,1.34431,0.00068,68,Sydney,Wednesday
2026-01-21 00:21:54,FPMarkets Raw,USDJPY,158.109,158.186,0.077,77,Sydney,Wednesday
2026-01-21 00:21:55,FPMarkets Raw,AUDUSD,0.67331,0.67351,0.0002,20,Sydney,Wednesday
2026-01-21 00:21:56,8Cap Raw,XAUUSD,4764.63,4764.89,0.26,26,Sydney,Wednesday
2026-01-21 00:21:57,8Cap Raw,EURUSD,1.172,1.1727,0.0007,70,Sydney,Wednesday
2026-01-21 00:21:58,8Cap Raw,GBPUSD,1.34393,1.34464,0.00071,71,Sydney,Wednesday
2026-01-21 00:21:58,8Cap Raw,USDJPY,158.123,158.198,0.075,75,Sydney,Wednesday
2026-01-21 00:21:59,8Cap Raw,AUDUSD,0.67318,0.67367,0.00049,49,Sydney,Wednesday
2026-01-21 00:26:17,Pepperstone Razor,XAUUSD,4760.68,4761.7,1.02,102,Sydney,Wednesday
2026-01-21 00:26:18,Pepperstone Razor,EURUSD,1.17234,1.17263,0.00029,29,Sydney,Wednesday
2026-01-21 00:26:19,Pepperstone Razor,GBPUSD,1.34395,1.34477,0.00082,82,Sydney,Wednesday
2026-01-21 00:26:20,Pepperstone Razor,USDJPY,158.121,158.172,0.051,51,Sydney,Wednesday
2026-01-21 00:26:21,Pepperstone Razor,AUDUSD,0.67336,0.67355,0.00019,19,Sydney,Wednesday
2026-01-21 00:26:24,FusionMarkets Zero,XAUUSD,4763.72,4763.93,0.21,21,Sydney,Wednesday
2026-01-21 00:26:25,FusionMarkets Zero,EURUSD,1.17238,1.17244,6e-05,6,Sydney,Wednesday
2026-01-21 00:26:26,FusionMarkets Zero,GBPUSD,1.34417,1.34475,0.00058,58,Sydney,Wednesday
2026-01-21 00:26:27,FusionMarkets Zero,USDJPY,158.135,158.187,0.052,52,Sydney,Wednesday
2026-01-21 00:26:28,FusionMarkets Zero,AUDUSD,0.67342,0.67348,6e-05,6,Sydney,Wednesday
2026-01-21 00:26:31,ThinkMarkets ThinkZero,XAUUSD,4760.89,4762.15,1.26,126,Sydney,Wednesday
2026-01-21 00:26:32,ThinkMarkets ThinkZero,EURUSD,1.172,1.17276,0.00076,76,Sydney,Wednesday
2026-01-21 00:26:32,ThinkMarkets ThinkZero,GBPUSD,1.34322,1.34468,0.00146,146,Sydney,Wednesday
2026-01-21 00:26:33,ThinkMarkets ThinkZero,USDJPY,158.097,158.196,0.099,99,Sydney,Wednesday
2026-01-21 00:26:35,ThinkMarkets ThinkZero,AUDUSD,0.67309,0.67375,0.00066,66,Sydney,Wednesday
2026-01-21 00:26:37,ICMarkets Raw,XAUUSD,4762.95,4763.13,0.18,18,Sydney,Wednesday
2026-01-21 00:26:38,ICMarkets Raw,EURUSD,1.17245,1.17273,0.00028,28,Sydney,Wednesday
2026-01-21 00:26:39,ICMarkets Raw,GBPUSD,1.34365,1.34485,0.0012,120,Sydney,Wednesday
2026-01-21 00:26:40,ICMarkets Raw,USDJPY,158.128,158.194,0.066,66,Sydney,Wednesday
2026-01-21 00:26:41,ICMarkets Raw,AUDUSD,0.67329,0.67367,0.00038,38,Sydney,Wednesday
2026-01-21 00:26:44,VantageMarkets Raw,XAUUSD,4765.6,4765.68,0.08,8,Sydney,Wednesday
2026-01-21 00:26:45,VantageMarkets Raw,EURUSD,1.17248,1.17273,0.00025,25,Sydney,Wednesday
2026-01-21 00:26:46,VantageMarkets Raw,GBPUSD,1.34367,1.34486,0.00119,119,Sydney,Wednesday
2026-01-21 00:26:47,VantageMarkets Raw,USDJPY,158.13,158.196,0.066,66,Sydney,Wednesday
2026-01-21 00:26:47,VantageMarkets Raw,AUDUSD,0.67326,0.67364,0.00038,38,Sydney,Wednesday
2026-01-21 00:26:50,FPMarkets Raw,XAUUSD,4765.76,4765.83,0.07,7,Sydney,Wednesday
2026-01-21 00:26:51,FPMarkets Raw,EURUSD,1.17223,1.1726,0.00037,37,Sydney,Wednesday
2026-01-21 00:26:52,FPMarkets Raw,GBPUSD,1.34348,1.3448,0.00132,132,Sydney,Wednesday
2026-01-21 00:26:54,FPMarkets Raw,USDJPY,158.124,158.171,0.047,47,Sydney,Wednesday
2026-01-21 00:26:55,FPMarkets Raw,AUDUSD,0.67334,0.6735,0.00016,16,Sydney,Wednesday
2026-01-21 00:26:57,8Cap Raw,XAUUSD,4764.63,4764.89,0.26,26,Sydney,Wednesday
2026-01-21 00:26:57,8Cap Raw,EURUSD,1.17231,1.17271,0.0004,40,Sydney,Wednesday
2026-01-21 00:26:58,8Cap Raw,GBPUSD,1.34351,1.34473,0.00122,122,Sydney,Wednesday
2026-01-21 00:26:59,8Cap Raw,USDJPY,158.122,158.181,0.059,59,Sydney,Wednesday
2026-01-21 00:26:59,8Cap Raw,AUDUSD,0.67322,0.67368,0.00046,46,Sydney,Wednesday
2026-01-21 00:31:17,Pepperstone Razor,XAUUSD,4760.68,4761.7,1.02,102,Sydney,Wednesday
2026-01-21 00:31:18,Pepperstone Razor,EURUSD,1.17234,1.17261,0.00027,27,Sydney,Wednesday
2026-01-21 00:31:19,Pepperstone Razor,GBPUSD,1.34389,1.34459,0.0007,70,Sydney,Wednesday
2026-01-21 00:31:20,Pepperstone Razor,USDJPY,158.123,158.161,0.038,38,Sydney,Wednesday
2026-01-21 00:31:21,Pepperstone Razor,AUDUSD,0.67328,0.67346,0.00018,18,Sydney,Wednesday
2026-01-21 00:31:24,FusionMarkets Zero,XAUUSD,4763.72,4763.93,0.21,21,Sydney,Wednesday
2026-01-21 00:31:25,FusionMarkets Zero,EURUSD,1.17239,1.17245,6e-05,6,Sydney,Wednesday
2026-01-21 00:31:26,FusionMarkets Zero,GBPUSD,1.34416,1.3446,0.00044,44,Sydney,Wednesday
2026-01-21 00:31:27,FusionMarkets Zero,USDJPY,158.129,158.181,0.052,52,Sydney,Wednesday
2026-01-21 00:31:28,FusionMarkets Zero,AUDUSD,0.6734,0.67346,6e-05,6,Sydney,Wednesday
2026-01-21 00:31:30,ThinkMarkets ThinkZero,XAUUSD,4760.89,4762.15,1.26,126,Sydney,Wednesday
2026-01-21 00:31:31,ThinkMarkets ThinkZero,EURUSD,1.17202,1.17277,0.00075,75,Sydney,Wednesday
2026-01-21 00:31:32,ThinkMarkets ThinkZero,GBPUSD,1.34311,1.34474,0.00163,163,Sydney,Wednesday
2026-01-21 00:31:33,ThinkMarkets ThinkZero,USDJPY,158.099,158.187,0.088,88,Sydney,Wednesday
2026-01-21 00:31:34,ThinkMarkets ThinkZero,AUDUSD,0.67308,0.67372,0.00064,64,Sydney,Wednesday
2026-01-21 00:31:37,ICMarkets Raw,XAUUSD,4762.95,4763.13,0.18,18,Sydney,Wednesday
2026-01-21 00:31:38,ICMarkets Raw,EURUSD,1.17233,1.17256,0.00023,23,Sydney,Wednesday
2026-01-21 00:31:39,ICMarkets Raw,GBPUSD,1.34414,1.34466,0.00052,52,Sydney,Wednesday
2026-01-21 00:31:40,ICMarkets Raw,USDJPY,158.123,158.189,0.066,66,Sydney,Wednesday
2026-01-21 00:31:41,ICMarkets Raw,AUDUSD,0.67328,0.67357,0.00029,29,Sydney,Wednesday
2026-01-21 00:31:44,VantageMarkets Raw,XAUUSD,4765.6,4765.68,0.08,8,Sydney,Wednesday
2026-01-21 00:31:45,VantageMarkets Raw,EURUSD,1.17232,1.17254,0.00022,22,Sydney,Wednesday
2026-01-21 00:31:45,VantageMarkets Raw,GBPUSD,1.34422,1.34455,0.00033,33,Sydney,Wednesday
2026-01-21 00:31:46,VantageMarkets Raw,USDJPY,158.127,158.193,0.066,66,Sydney,Wednesday
2026-01-21 00:31:47,VantageMarkets Raw,AUDUSD,0.67327,0.67357,0.0003,30,Sydney,Wednesday
2026-01-21 00:31:50,FPMarkets Raw,XAUUSD,4765.76,4765.83,0.07,7,Sydney,Wednesday
2026-01-21 00:31:51,FPMarkets Raw,EURUSD,1.17229,1.17253,0.00024,24,Sydney,Wednesday
2026-01-21 00:31:52,FPMarkets Raw,GBPUSD,1.34397,1.34439,0.00042,42,Sydney,Wednesday
2026-01-21 00:31:54,FPMarkets Raw,USDJPY,158.126,158.16,0.034,34,Sydney,Wednesday
2026-01-21 00:31:55,FPMarkets Raw,AUDUSD,0.67333,0.67351,0.00018,18,Sydney,Wednesday
2026-01-21 00:31:57,8Cap Raw,XAUUSD,4764.63,4764.89,0.26,26,Sydney,Wednesday
2026-01-21 00:31:57,8Cap Raw,EURUSD,1.17228,1.17258,0.0003,30,Sydney,Wednesday
2026-01-21 00:31:58,8Cap Raw,GBPUSD,1.34399,1.34461,0.00062,62,Sydney,Wednesday
2026-01-21 00:31:59,8Cap Raw,USDJPY,158.116,158.172,0.056,56,Sydney,Wednesday
2026-01-21 00:31:59,8Cap Raw,AUDUSD,0.67325,0.67364,0.00039,39,Sydney,Wednesday
2026-01-21 00:36:17,Pepperstone Razor,XAUUSD,4760.68,4761.7,1.02,102,Sydney,Wednesday
2026-01-21 00:36:18,Pepperstone Razor,EURUSD,1.17236,1.17259,0.00023,23,Sydney,Wednesday
2026-01-21 00:36:19,Pepperstone Razor,GBPUSD,1.34421,1.34479,0.00058,58,Sydney,Wednesday
2026-01-21 00:36:20,Pepperstone Razor,USDJPY,158.107,158.16,0.053,53,Sydney,Wednesday
2026-01-21 00:36:21,Pepperstone Razor,AUDUSD,0.67329,0.67354,0.00025,25,Sydney,Wednesday
2026-01-21 00:36:24,FusionMarkets Zero,XAUUSD,4763.72,4763.93,0.21,21,Sydney,Wednesday
2026-01-21 00:36:25,FusionMarkets Zero,EURUSD,1.17244,1.1725,6e-05,6,Sydney,Wednesday
2026-01-21 00:36:26,FusionMarkets Zero,GBPUSD,1.34436,1.34471,0.00035,35,Sydney,Wednesday
2026-01-21 00:36:27,FusionMarkets Zero,USDJPY,158.126,158.178,0.052,52,Sydney,Wednesday
2026-01-21 00:36:27,FusionMarkets Zero,AUDUSD,0.67335,0.67361,0.00026,26,Sydney,Wednesday
2026-01-21 00:36:30,ThinkMarkets ThinkZero,XAUUSD,4760.89,4762.15,1.26,126,Sydney,Wednesday
2026-01-21 00:36:31,ThinkMarkets ThinkZero,EURUSD,1.17213,1.17289,0.00076,76,Sydney,Wednesday
2026-01-21 00:36:32,ThinkMarkets ThinkZero,GBPUSD,1.34394,1.34482,0.00088,88,Sydney,Wednesday
2026-01-21 00:36:33,ThinkMarkets ThinkZero,USDJPY,158.082,158.194,0.112,112,Sydney,Wednesday
2026-01-21 00:36:34,ThinkMarkets ThinkZero,AUDUSD,0.67312,0.67384,0.00072,72,Sydney,Wednesday
2026-01-21 00:36:37,ICMarkets Raw,XAUUSD,4762.95,4763.13,0.18,18,Sydney,Wednesday
2026-01-21 00:36:38,ICMarkets Raw,EURUSD,1.17241,1.17264,0.00023,23,Sydney,Wednesday
2026-01-21 00:36:39,ICMarkets Raw,GBPUSD,1.34435,1.34474,0.00039,39,Sydney,Wednesday
2026-01-21 00:36:40,ICMarkets Raw,USDJPY,158.119,158.185,0.066,66,Sydney,Wednesday
2026-01-21 00:36:41,ICMarkets Raw,AUDUSD,0.67331,0.67371,0.0004,40,Sydney,Wednesday
2026-01-21 00:36:43,VantageMarkets Raw,XAUUSD,4765.6,4765.68,0.08,8,Sydney,Wednesday
2026-01-21 00:36:44,VantageMarkets Raw,EURUSD,1.17241,1.17263,0.00022,22,Sydney,Wednesday
2026-01-21 00:36:45,VantageMarkets Raw,GBPUSD,1.34433,1.34466,0.00033,33,Sydney,Wednesday
2026-01-21 00:36:46,VantageMarkets Raw,USDJPY,158.12,158.186,0.066,66,Sydney,Wednesday
2026-01-21 00:36:47,VantageMarkets Raw,AUDUSD,0.67329,0.67366,0.00037,37,Sydney,Wednesday
2026-01-21 00:36:50,FPMarkets Raw,XAUUSD,4765.76,4765.83,0.07,7,Sydney,Wednesday
2026-01-21 00:36:51,FPMarkets Raw,EURUSD,1.17234,1.17256,0.00022,22,Sydney,Wednesday
2026-01-21 00:36:52,FPMarkets Raw,GBPUSD,1.34428,1.34453,0.00025,25,Sydney,Wednesday
2026-01-21 00:36:54,FPMarkets Raw,USDJPY,158.116,158.176,0.06,60,Sydney,Wednesday
2026-01-21 00:36:55,FPMarkets Raw,AUDUSD,0.67335,0.67356,0.00021,21,Sydney,Wednesday
2026-01-21 00:36:57,8Cap Raw,XAUUSD,4764.63,4764.89,0.26,26,Sydney,Wednesday
2026-01-21 00:36:57,8Cap Raw,EURUSD,1.17239,1.17274,0.00035,35,Sydney,Wednesday
2026-01-21 00:36:58,8Cap Raw,GBPUSD,1.34414,1.34482,0.00068,68,Sydney,Wednesday
2026-01-21 00:36:59,8Cap Raw,USDJPY,158.105,158.168,0.063,63,Sydney,Wednesday
2026-01-21 00:36:59,8Cap Raw,AUDUSD,0.67328,0.67376,0.00048,48,Sydney,Wednesday
2026-01-21 00:41:17,Pepperstone Razor,XAUUSD,4760.68,4761.7,1.02,102,Sydney,Wednesday
2026-01-21 00:41:18,Pepperstone Razor,EURUSD,1.17234,1.17259,0.00025,25,Sydney,Wednesday
2026-01-21 00:41:19,Pepperstone Razor,GBPUSD,1.34414,1.3447,0.00056,56,Sydney,Wednesday
2026-01-21 00:41:20,Pepperstone Razor,USDJPY,158.124,158.187,0.063,63,Sydney,Wednesday
2026-01-21 00:41:21,Pepperstone Razor,AUDUSD,0.6733,0.67354,0.00024,24,Sydney,Wednesday
2026-01-21 00:41:24,FusionMarkets Zero,XAUUSD,4763.72,4763.93,0.21,21,Sydney,Wednesday
2026-01-21 00:41:25,FusionMarkets Zero,EURUSD,1.17244,1.1725,6e-05,6,Sydney,Wednesday
2026-01-21 00:41:26,FusionMarkets Zero,GBPUSD,1.34435,1.3447,0.00035,35,Sydney,Wednesday
2026-01-21 00:41:27,FusionMarkets Zero,USDJPY,158.139,158.191,0.052,52,Sydney,Wednesday
2026-01-21 00:41:27,FusionMarkets Zero,AUDUSD,0.67347,0.67353,6e-05,6,Sydney,Wednesday
2026-01-21 00:41:30,ThinkMarkets ThinkZero,XAUUSD,4760.89,4762.15,1.26,126,Sydney,Wednesday
2026-01-21 00:41:31,ThinkMarkets ThinkZero,EURUSD,1.17214,1.17287,0.00073,73,Sydney,Wednesday
2026-01-21 00:41:32,ThinkMarkets ThinkZero,GBPUSD,1.34384,1.34469,0.00085,85,Sydney,Wednesday
2026-01-21 00:41:33,ThinkMarkets ThinkZero,USDJPY,158.092,158.208,0.116,116,Sydney,Wednesday
2026-01-21 00:41:34,ThinkMarkets ThinkZero,AUDUSD,0.6732,0.67382,0.00062,62,Sydney,Wednesday
2026-01-21 00:41:37,ICMarkets Raw,XAUUSD,4762.95,4763.13,0.18,18,Sydney,Wednesday
2026-01-21 00:41:38,ICMarkets Raw,EURUSD,1.17241,1.17264,0.00023,23,Sydney,Wednesday
2026-01-21 00:41:39,ICMarkets Raw,GBPUSD,1.34423,1.34479,0.00056,56,Sydney,Wednesday
2026-01-21 00:41:40,ICMarkets Raw,USDJPY,158.134,158.2,0.066,66,Sydney,Wednesday
2026-01-21 00:41:41,ICMarkets Raw,AUDUSD,0.67329,0.67371,0.00042,42,Sydney,Wednesday
2026-01-21 00:41:44,VantageMarkets Raw,XAUUSD,4765.6,4765.68,0.08,8,Sydney,Wednesday
2026-01-21 00:41:45,VantageMarkets Raw,EURUSD,1.17241,1.17263,0.00022,22,Sydney,Wednesday
2026-01-21 00:41:46,VantageMarkets Raw,GBPUSD,1.3442,1.34469,0.00049,49,Sydney,Wednesday
2026-01-21 00:41:46,VantageMarkets Raw,USDJPY,158.127,158.193,0.066,66,Sydney,Wednesday
2026-01-21 00:41:47,VantageMarkets Raw,AUDUSD,0.67328,0.67368,0.0004,40,Sydney,Wednesday
2026-01-21 00:41:51,FPMarkets Raw,XAUUSD,4765.76,4765.83,0.07,7,Sydney,Wednesday
2026-01-21 00:41:52,FPMarkets Raw,EURUSD,1.17238,1.17264,0.00026,26,Sydney,Wednesday
2026-01-21 00:41:52,FPMarkets Raw,GBPUSD,1.34403,1.34468,0.00065,65,Sydney,Wednesday
2026-01-21 00:41:54,FPMarkets Raw,USDJPY,158.132,158.201,0.069,69,Sydney,Wednesday
2026-01-21 00:41:55,FPMarkets Raw,AUDUSD,0.67329,0.67357,0.00028,28,Sydney,Wednesday
2026-01-21 00:41:57,8Cap Raw,XAUUSD,4764.63,4764.89,0.26,26,Sydney,Wednesday
2026-01-21 00:41:58,8Cap Raw,EURUSD,1.17239,1.17275,0.00036,36,Sydney,Wednesday
2026-01-21 00:41:58,8Cap Raw,GBPUSD,1.34404,1.3448,0.00076,76,Sydney,Wednesday
2026-01-21 00:41:59,8Cap Raw,USDJPY,158.114,158.183,0.069,69,Sydney,Wednesday
2026-01-21 00:42:00,8Cap Raw,AUDUSD,0.67323,0.67376,0.00053,53,Sydney,Wednesday
2026-01-21 00:46:18,Pepperstone Razor,XAUUSD,4760.68,4761.7,1.02,102,Sydney,Wednesday
2026-01-21 00:46:18,Pepperstone Razor,EURUSD,1.17236,1.17262,0.00026,26,Sydney,Wednesday
2026-01-21 00:46:19,Pepperstone Razor,GBPUSD,1.34419,1.34513,0.00094,94,Sydney,Wednesday
2026-01-21 00:46:20,Pepperstone Razor,USDJPY,158.125,158.17,0.045,45,Sydney,Wednesday
2026-01-21 00:46:21,Pepperstone Razor,AUDUSD,0.67336,0.67357,0.00021,21,Sydney,Wednesday
2026-01-21 00:46:24,FusionMarkets Zero,XAUUSD,4763.72,4763.93,0.21,21,Sydney,Wednesday
2026-01-21 00:46:25,FusionMarkets Zero,EURUSD,1.17247,1.17253,6e-05,6,Sydney,Wednesday
2026-01-21 00:46:26,FusionMarkets Zero,GBPUSD,1.34437,1.34501,0.00064,64,Sydney,Wednesday
2026-01-21 00:46:27,FusionMarkets Zero,USDJPY,158.142,158.194,0.052,52,Sydney,Wednesday
2026-01-21 00:46:28,FusionMarkets Zero,AUDUSD,0.67348,0.67354,6e-05,6,Sydney,Wednesday
2026-01-21 00:46:31,ThinkMarkets ThinkZero,XAUUSD,4760.89,4762.15,1.26,126,Sydney,Wednesday
2026-01-21 00:46:32,ThinkMarkets ThinkZero,EURUSD,1.17212,1.17286,0.00074,74,Sydney,Wednesday
2026-01-21 00:46:33,ThinkMarkets ThinkZero,GBPUSD,1.34413,1.34544,0.00131,131,Sydney,Wednesday
2026-01-21 00:46:34,ThinkMarkets ThinkZero,USDJPY,158.09,158.199,0.109,109,Sydney,Wednesday
2026-01-21 00:46:35,ThinkMarkets ThinkZero,AUDUSD,0.67313,0.67384,0.00071,71,Sydney,Wednesday
2026-01-21 00:46:38,ICMarkets Raw,XAUUSD,4762.95,4763.13,0.18,18,Sydney,Wednesday
2026-01-21 00:46:39,ICMarkets Raw,EURUSD,1.17246,1.17267,0.00021,21,Sydney,Wednesday
2026-01-21 00:46:40,ICMarkets Raw,GBPUSD,1.34427,1.34508,0.00081,81,Sydney,Wednesday
2026-01-21 00:46:40,ICMarkets Raw,USDJPY,158.135,158.201,0.066,66,Sydney,Wednesday
2026-01-21 00:46:41,ICMarkets Raw,AUDUSD,0.67332,0.67365,0.00033,33,Sydney,Wednesday
2026-01-21 00:46:44,VantageMarkets Raw,XAUUSD,4765.6,4765.68,0.08,8,Sydney,Wednesday
2026-01-21 00:46:45,VantageMarkets Raw,EURUSD,1.17231,1.17263,0.00032,32,Sydney,Wednesday
2026-01-21 00:46:46,VantageMarkets Raw,GBPUSD,1.34428,1.34506,0.00078,78,Sydney,Wednesday
2026-01-21 00:46:47,VantageMarkets Raw,USDJPY,158.131,158.197,0.066,66,Sydney,Wednesday
2026-01-21 00:46:48,VantageMarkets Raw,AUDUSD,0.67336,0.67368,0.00032,32,Sydney,Wednesday
2026-01-21 00:46:51,FPMarkets Raw,XAUUSD,4765.76,4765.83,0.07,7,Sydney,Wednesday
2026-01-21 00:46:52,FPMarkets Raw,EURUSD,1.17237,1.17261,0.00024,24,Sydney,Wednesday
2026-01-21 00:46:53,FPMarkets Raw,GBPUSD,1.34437,1.34512,0.00075,75,Sydney,Wednesday
2026-01-21 00:46:54,FPMarkets Raw,USDJPY,158.125,158.178,0.053,53,Sydney,Wednesday
2026-01-21 00:46:55,FPMarkets Raw,AUDUSD,0.67338,0.67359,0.00021,21,Sydney,Wednesday
2026-01-21 00:46:57,8Cap Raw,XAUUSD,4764.63,4764.89,0.26,26,Sydney,Wednesday
2026-01-21 00:46:58,8Cap Raw,EURUSD,1.17245,1.17266,0.00021,21,Sydney,Wednesday
2026-01-21 00:46:58,8Cap Raw,GBPUSD,1.3444,1.34506,0.00066,66,Sydney,Wednesday
2026-01-21 00:46:59,8Cap Raw,USDJPY,158.13,158.168,0.038,38,Sydney,Wednesday
2026-01-21 00:47:00,8Cap Raw,AUDUSD,0.67341,0.67364,0.00023,23,Sydney,Wednesday
2026-01-21 00:51:17,Pepperstone Razor,XAUUSD,4760.68,4761.7,1.02,102,Sydney,Wednesday
2026-01-21 00:51:18,Pepperstone Razor,EURUSD,1.17236,1.1726,0.00024,24,Sydney,Wednesday
2026-01-21 00:51:19,Pepperstone Razor,GBPUSD,1.34419,1.34511,0.00092,92,Sydney,Wednesday
2026-01-21 00:51:20,Pepperstone Razor,USDJPY,158.127,158.183,0.056,56,Sydney,Wednesday
2026-01-21 00:51:21,Pepperstone Razor,AUDUSD,0.67332,0.67356,0.00024,24,Sydney,Wednesday
2026-01-21 00:51:24,FusionMarkets Zero,XAUUSD,4763.72,4763.93,0.21,21,Sydney,Wednesday
2026-01-21 00:51:25,FusionMarkets Zero,EURUSD,1.17244,1.1725,6e-05,6,Sydney,Wednesday
2026-01-21 00:51:26,FusionMarkets Zero,GBPUSD,1.34432,1.34497,0.00065,65,Sydney,Wednesday
2026-01-21 00:51:27,FusionMarkets Zero,USDJPY,158.143,158.195,0.052,52,Sydney,Wednesday
2026-01-21 00:51:28,FusionMarkets Zero,AUDUSD,0.67348,0.67354,6e-05,6,Sydney,Wednesday
2026-01-21 00:51:31,ThinkMarkets ThinkZero,XAUUSD,4760.89,4762.15,1.26,126,Sydney,Wednesday
2026-01-21 00:51:32,ThinkMarkets ThinkZero,EURUSD,1.17211,1.17285,0.00074,74,Sydney,Wednesday
2026-01-21 00:51:33,ThinkMarkets ThinkZero,GBPUSD,1.34409,1.34544,0.00135,135,Sydney,Wednesday
2026-01-21 00:51:34,ThinkMarkets ThinkZero,USDJPY,158.089,158.207,0.118,118,Sydney,Wednesday
2026-01-21 00:51:35,ThinkMarkets ThinkZero,AUDUSD,0.67312,0.6738,0.00068,68,Sydney,Wednesday
2026-01-21 00:51:39,ICMarkets Raw,XAUUSD,4762.95,4763.13,0.18,18,Sydney,Wednesday
2026-01-21 00:51:39,ICMarkets Raw,EURUSD,1.17226,1.17257,0.00031,31,Sydney,Wednesday
2026-01-21 00:51:40,ICMarkets Raw,GBPUSD,1.34423,1.34506,0.00083,83,Sydney,Wednesday
2026-01-21 00:51:41,ICMarkets Raw,USDJPY,158.135,158.201,0.066,66,Sydney,Wednesday
2026-01-21 00:51:42,ICMarkets Raw,AUDUSD,0.67332,0.6737,0.00038,38,Sydney,Wednesday
2026-01-21 00:51:45,VantageMarkets Raw,XAUUSD,4765.6,4765.68,0.08,8,Sydney,Wednesday
2026-01-21 00:51:46,VantageMarkets Raw,EURUSD,1.17227,1.17258,0.00031,31,Sydney,Wednesday
2026-01-21 00:51:47,VantageMarkets Raw,GBPUSD,1.34425,1.34505,0.0008,80,Sydney,Wednesday
2026-01-21 00:51:48,VantageMarkets Raw,USDJPY,158.134,158.2,0.066,66,Sydney,Wednesday
2026-01-21 00:51:49,VantageMarkets Raw,AUDUSD,0.67335,0.67369,0.00034,34,Sydney,Wednesday
2026-01-21 00:51:52,FPMarkets Raw,XAUUSD,4765.76,4765.83,0.07,7,Sydney,Wednesday
2026-01-21 00:51:53,FPMarkets Raw,EURUSD,1.17239,1.17264,0.00025,25,Sydney,Wednesday
2026-01-21 00:51:54,FPMarkets Raw,GBPUSD,1.34436,1.34516,0.0008,80,Sydney,Wednesday
2026-01-21 00:51:55,FPMarkets Raw,USDJPY,158.129,158.187,0.058,58,Sydney,Wednesday
2026-01-21 00:51:56,FPMarkets Raw,AUDUSD,0.67338,0.67359,0.00021,21,Sydney,Wednesday
2026-01-21 00:51:58,8Cap Raw,XAUUSD,4764.63,4764.89,0.26,26,Sydney,Wednesday
2026-01-21 00:51:59,8Cap Raw,EURUSD,1.17235,1.17256,0.00021,21,Sydney,Wednesday
2026-01-21 00:51:59,8Cap Raw,GBPUSD,1.34433,1.34513,0.0008,80,Sydney,Wednesday
2026-01-21 00:52:00,8Cap Raw,USDJPY,158.135,158.171,0.036,36,Sydney,Wednesday
2026-01-21 00:52:01,8Cap Raw,AUDUSD,0.67339,0.67363,0.00024,24,Sydney,Wednesday
2026-01-21 00:56:18,Pepperstone Razor,XAUUSD,4760.68,4761.7,1.02,102,Sydney,Wednesday
2026-01-21 00:56:19,Pepperstone Razor,EURUSD,1.17232,1.17253,0.00021,21,Sydney,Wednesday
2026-01-21 00:56:19,Pepperstone Razor,GBPUSD,1.34366,1.34501,0.00135,135,Sydney,Wednesday
2026-01-21 00:56:20,Pepperstone Razor,USDJPY,158.143,158.186,0.043,43,Sydney,Wednesday
2026-01-21 00:56:21,Pepperstone Razor,AUDUSD,0.67327,0.6735,0.00023,23,Sydney,Wednesday
2026-01-21 00:56:25,FusionMarkets Zero,XAUUSD,4763.72,4763.93,0.21,21,Sydney,Wednesday
2026-01-21 00:56:25,FusionMarkets Zero,EURUSD,1.17238,1.17244,6e-05,6,Sydney,Wednesday
2026-01-21 00:56:26,FusionMarkets Zero,GBPUSD,1.34395,1.34492,0.00097,97,Sydney,Wednesday
2026-01-21 00:56:27,FusionMarkets Zero,USDJPY,158.151,158.203,0.052,52,Sydney,Wednesday
2026-01-21 00:56:28,FusionMarkets Zero,AUDUSD,0.67328,0.67334,6e-05,6,Sydney,Wednesday
2026-01-21 00:56:32,ThinkMarkets ThinkZero,XAUUSD,4760.89,4762.15,1.26,126,Sydney,Wednesday
2026-01-21 00:56:33,ThinkMarkets ThinkZero,EURUSD,1.17199,1.1727,0.00071,71,Sydney,Wednesday
2026-01-21 00:56:33,ThinkMarkets ThinkZero,GBPUSD,1.34384,1.34531,0.00147,147,Sydney,Wednesday
2026-01-21 00:56:34,ThinkMarkets ThinkZero,USDJPY,158.108,158.212,0.104,104,Sydney,Wednesday
2026-01-21 00:56:36,ThinkMarkets ThinkZero,AUDUSD,0.673,0.67365,0.00065,65,Sydney,Wednesday
2026-01-21 00:56:39,ICMarkets Raw,XAUUSD,4762.95,4763.13,0.18,18,Sydney,Wednesday
2026-01-21 00:56:40,ICMarkets Raw,EURUSD,1.17224,1.17247,0.00023,23,Sydney,Wednesday
2026-01-21 00:56:40,ICMarkets Raw,GBPUSD,1.3439,1.34509,0.00119,119,Sydney,Wednesday
2026-01-21 00:56:41,ICMarkets Raw,USDJPY,158.142,158.208,0.066,66,Sydney,Wednesday
2026-01-21 00:56:42,ICMarkets Raw,AUDUSD,0.67318,0.67357,0.00039,39,Sydney,Wednesday
2026-01-21 00:56:45,VantageMarkets Raw,XAUUSD,4765.6,4765.68,0.08,8,Sydney,Wednesday
2026-01-21 00:56:46,VantageMarkets Raw,EURUSD,1.17225,1.17247,0.00022,22,Sydney,Wednesday
2026-01-21 00:56:47,VantageMarkets Raw,GBPUSD,1.34395,1.34508,0.00113,113,Sydney,Wednesday
2026-01-21 00:56:48,VantageMarkets Raw,USDJPY,158.14,158.206,0.066,66,Sydney,Wednesday
2026-01-21 00:56:49,VantageMarkets Raw,AUDUSD,0.67323,0.67356,0.00033,33,Sydney,Wednesday
2026-01-21 00:56:52,FPMarkets Raw,XAUUSD,4765.76,4765.83,0.07,7,Sydney,Wednesday
2026-01-21 00:56:53,FPMarkets Raw,EURUSD,1.17231,1.17255,0.00024,24,Sydney,Wednesday
2026-01-21 00:56:54,FPMarkets Raw,GBPUSD,1.344,1.34522,0.00122,122,Sydney,Wednesday
2026-01-21 00:56:56,FPMarkets Raw,USDJPY,158.15,158.197,0.047,47,Sydney,Wednesday
2026-01-21 00:56:57,FPMarkets Raw,AUDUSD,0.67329,0.67345,0.00016,16,Sydney,Wednesday
2026-01-21 00:56:59,8Cap Raw,XAUUSD,4764.63,4764.89,0.26,26,Sydney,Wednesday
2026-01-21 00:56:59,8Cap Raw,EURUSD,1.17233,1.17247,0.00014,14,Sydney,Wednesday
2026-01-21 00:57:00,8Cap Raw,GBPUSD,1.34405,1.34509,0.00104,104,Sydney,Wednesday
2026-01-21 00:57:01,8Cap Raw,USDJPY,158.14,158.173,0.033,33,Sydney,Wednesday
2026-01-21 00:57:02,8Cap Raw,AUDUSD,0.67322,0.67344,0.00022,22,Sydney,Wednesday
2026-01-21 01:01:17,Pepperstone Razor,XAUUSD,4759.98,4760.2,0.22,22,Sydney,Wednesday
2026-01-21 01:01:18,Pepperstone Razor,EURUSD,1.17244,1.17248,4e-05,4,Sydney,Wednesday
2026-01-21 01:01:18,Pepperstone Razor,GBPUSD,1.34403,1.34422,0.00019,19,Sydney,Wednesday
2026-01-21 01:01:19,Pepperstone Razor,USDJPY,158.153,158.164,0.011,11,Sydney,Wednesday
2026-01-21 01:01:20,Pepperstone Razor,AUDUSD,0.67337,0.67338,1e-05,1,Sydney,Wednesday
2026-01-21 01:01:23,FusionMarkets Zero,XAUUSD,4759.4,4759.55,0.15,15,Sydney,Wednesday
2026-01-21 01:01:24,FusionMarkets Zero,EURUSD,1.17243,1.17244,1e-05,1,Sydney,Wednesday
2026-01-21 01:01:25,FusionMarkets Zero,GBPUSD,1.34387,1.34436,0.00049,49,Sydney,Wednesday
2026-01-21 01:01:26,FusionMarkets Zero,USDJPY,158.158,158.158,0.0,0,Sydney,Wednesday
2026-01-21 01:01:27,FusionMarkets Zero,AUDUSD,0.67337,0.67337,0.0,0,Sydney,Wednesday
2026-01-21 01:01:30,ThinkMarkets ThinkZero,XAUUSD,4758.55,4759.42,0.87,87,Sydney,Wednesday
2026-01-21 01:01:31,ThinkMarkets ThinkZero,EURUSD,1.17199,1.17265,0.00066,66,Sydney,Wednesday
2026-01-21 01:01:32,ThinkMarkets ThinkZero,GBPUSD,1.34374,1.34463,0.00089,89,Sydney,Wednesday
2026-01-21 01:01:32,ThinkMarkets ThinkZero,USDJPY,158.122,158.195,0.073,73,Sydney,Wednesday
2026-01-21 01:01:34,ThinkMarkets ThinkZero,AUDUSD,0.67309,0.67365,0.00056,56,Sydney,Wednesday
2026-01-21 01:01:37,ICMarkets Raw,XAUUSD,4760.2,4760.31,0.11,11,Sydney,Wednesday
2026-01-21 01:01:38,ICMarkets Raw,EURUSD,1.17224,1.17254,0.0003,30,Sydney,Wednesday
2026-01-21 01:01:38,ICMarkets Raw,GBPUSD,1.34389,1.3445,0.00061,61,Sydney,Wednesday
2026-01-21 01:01:39,ICMarkets Raw,USDJPY,158.157,158.157,0.0,0,Sydney,Wednesday
2026-01-21 01:01:40,ICMarkets Raw,AUDUSD,0.67337,0.67337,0.0,0,Sydney,Wednesday
2026-01-21 01:01:43,VantageMarkets Raw,XAUUSD,4761.12,4761.2,0.08,8,Sydney,Wednesday
2026-01-21 01:01:44,VantageMarkets Raw,EURUSD,1.17225,1.17253,0.00028,28,Sydney,Wednesday
2026-01-21 01:01:45,VantageMarkets Raw,GBPUSD,1.34388,1.34442,0.00054,54,Sydney,Wednesday
2026-01-21 01:01:46,VantageMarkets Raw,USDJPY,158.157,158.157,0.0,0,Sydney,Wednesday
2026-01-21 01:01:47,VantageMarkets Raw,AUDUSD,0.67336,0.67339,3e-05,3,Sydney,Wednesday
2026-01-21 01:01:50,FPMarkets Raw,XAUUSD,4760.36,4760.43,0.07,7,Sydney,Wednesday
2026-01-21 01:01:50,FPMarkets Raw,EURUSD,1.17236,1.17251,0.00015,15,Sydney,Wednesday
2026-01-21 01:01:51,FPMarkets Raw,GBPUSD,1.34419,1.34446,0.00027,27,Sydney,Wednesday
2026-01-21 01:01:53,FPMarkets Raw,USDJPY,158.144,158.175,0.031,31,Sydney,Wednesday
2026-01-21 01:01:54,FPMarkets Raw,AUDUSD,0.67339,0.67346,7e-05,7,Sydney,Wednesday
2026-01-21 01:01:55,8Cap Raw,XAUUSD,4760.03,4760.24,0.21,21,Sydney,Wednesday
2026-01-21 01:01:56,8Cap Raw,EURUSD,1.17233,1.17248,0.00015,15,Sydney,Wednesday
2026-01-21 01:01:57,8Cap Raw,GBPUSD,1.34401,1.34427,0.00026,26,Sydney,Wednesday
2026-01-21 01:01:58,8Cap Raw,USDJPY,158.157,158.158,0.001,1,Sydney,Wednesday
2026-01-21 01:01:58,8Cap Raw,AUDUSD,0.67337,0.67341,4e-05,4,Sydney,Wednesday
2026-01-21 01:06:17,Pepperstone Razor,XAUUSD,4761.94,4762.09,0.15,15,Sydney,Wednesday
2026-01-21 01:06:18,Pepperstone Razor,EURUSD,1.17235,1.1724,5e-05,5,Sydney,Wednesday
2026-01-21 01:06:19,Pepperstone Razor,GBPUSD,1.34397,1.3442,0.00023,23,Sydney,Wednesday
2026-01-21 01:06:20,Pepperstone Razor,USDJPY,158.135,158.142,0.007,7,Sydney,Wednesday
2026-01-21 01:06:21,Pepperstone Razor,AUDUSD,0.67337,0.6734,3e-05,3,Sydney,Wednesday
2026-01-21 01:06:23,FusionMarkets Zero,XAUUSD,4762.04,4762.12,0.08,8,Sydney,Wednesday
2026-01-21 01:06:24,FusionMarkets Zero,EURUSD,1.17235,1.17238,3e-05,3,Sydney,Wednesday
2026-01-21 01:06:25,FusionMarkets Zero,GBPUSD,1.34394,1.34433,0.00039,39,Sydney,Wednesday
2026-01-21 01:06:26,FusionMarkets Zero,USDJPY,158.141,158.141,0.0,0,Sydney,Wednesday
2026-01-21 01:06:27,FusionMarkets Zero,AUDUSD,0.67336,0.6734,4e-05,4,Sydney,Wednesday
2026-01-21 01:06:30,ThinkMarkets ThinkZero,XAUUSD,4762.04,4762.12,0.08,8,Sydney,Wednesday
2026-01-21 01:06:31,ThinkMarkets ThinkZero,EURUSD,1.17227,1.17245,0.00018,18,Sydney,Wednesday
2026-01-21 01:06:32,ThinkMarkets ThinkZero,GBPUSD,1.34397,1.34423,0.00026,26,Sydney,Wednesday
2026-01-21 01:06:33,ThinkMarkets ThinkZero,USDJPY,158.13,158.142,0.012,12,Sydney,Wednesday
2026-01-21 01:06:34,ThinkMarkets ThinkZero,AUDUSD,0.67336,0.67348,0.00012,12,Sydney,Wednesday
2026-01-21 01:06:37,ICMarkets Raw,XAUUSD,4761.88,4761.93,0.05,5,Sydney,Wednesday
2026-01-21 01:06:38,ICMarkets Raw,EURUSD,1.17244,1.17246,2e-05,2,Sydney,Wednesday
2026-01-21 01:06:39,ICMarkets Raw,GBPUSD,1.34412,1.34414,2e-05,2,Sydney,Wednesday
2026-01-21 01:06:40,ICMarkets Raw,USDJPY,158.137,158.137,0.0,0,Sydney,Wednesday
2026-01-21 01:06:41,ICMarkets Raw,AUDUSD,0.67342,0.67343,1e-05,1,Sydney,Wednesday
2026-01-21 01:06:43,VantageMarkets Raw,XAUUSD,4761.73,4761.81,0.08,8,Sydney,Wednesday
2026-01-21 01:06:44,VantageMarkets Raw,EURUSD,1.17244,1.17247,3e-05,3,Sydney,Wednesday
2026-01-21 01:06:45,VantageMarkets Raw,GBPUSD,1.34419,1.34421,2e-05,2,Sydney,Wednesday
2026-01-21 01:06:46,VantageMarkets Raw,USDJPY,158.137,158.138,0.001,1,Sydney,Wednesday
2026-01-21 01:06:47,VantageMarkets Raw,AUDUSD,0.67341,0.67343,2e-05,2,Sydney,Wednesday
2026-01-21 01:06:50,FPMarkets Raw,XAUUSD,4761.65,4761.72,0.07,7,Sydney,Wednesday
2026-01-21 01:06:51,FPMarkets Raw,EURUSD,1.17241,1.17249,8e-05,8,Sydney,Wednesday
2026-01-21 01:06:51,FPMarkets Raw,GBPUSD,1.34411,1.34426,0.00015,15,Sydney,Wednesday
2026-01-21 01:06:53,FPMarkets Raw,USDJPY,158.128,158.138,0.01,10,Sydney,Wednesday
2026-01-21 01:06:54,FPMarkets Raw,AUDUSD,0.67338,0.67345,7e-05,7,Sydney,Wednesday
2026-01-21 01:06:56,8Cap Raw,XAUUSD,4762.16,4762.32,0.16,16,Sydney,Wednesday
2026-01-21 01:06:57,8Cap Raw,EURUSD,1.17244,1.17245,1e-05,1,Sydney,Wednesday
2026-01-21 01:06:58,8Cap Raw,GBPUSD,1.34418,1.34419,1e-05,1,Sydney,Wednesday
2026-01-21 01:06:58,8Cap Raw,USDJPY,158.136,158.137,0.001,1,Sydney,Wednesday
2026-01-21 01:06:59,8Cap Raw,AUDUSD,0.67339,0.67344,5e-05,5,Sydney,Wednesday
2026-01-21 01:11:17,Pepperstone Razor,XAUUSD,4757.87,4758.02,0.15,15,Sydney,Wednesday
2026-01-21 01:11:18,Pepperstone Razor,EURUSD,1.17238,1.17241,3e-05,3,Sydney,Wednesday
2026-01-21 01:11:19,Pepperstone Razor,GBPUSD,1.34417,1.34422,5e-05,5,Sydney,Wednesday
2026-01-21 01:11:20,Pepperstone Razor,USDJPY,158.133,158.14,0.007,7,Sydney,Wednesday
2026-01-21 01:11:20,Pepperstone Razor,AUDUSD,0.6734,0.67342,2e-05,2,Sydney,Wednesday
2026-01-21 01:11:23,FusionMarkets Zero,XAUUSD,4758.56,4758.62,0.06,6,Sydney,Wednesday
2026-01-21 01:11:24,FusionMarkets Zero,EURUSD,1.17235,1.17235,0.0,0,Sydney,Wednesday
2026-01-21 01:11:25,FusionMarkets Zero,GBPUSD,1.34418,1.34418,0.0,0,Sydney,Wednesday
2026-01-21 01:11:26,FusionMarkets Zero,USDJPY,158.136,158.136,0.0,0,Sydney,Wednesday
2026-01-21 01:11:27,FusionMarkets Zero,AUDUSD,0.67341,0.67342,1e-05,1,Sydney,Wednesday
2026-01-21 01:11:30,ThinkMarkets ThinkZero,XAUUSD,4759.28,4759.36,0.08,8,Sydney,Wednesday
2026-01-21 01:11:31,ThinkMarkets ThinkZero,EURUSD,1.17234,1.17237,3e-05,3,Sydney,Wednesday
2026-01-21 01:11:32,ThinkMarkets ThinkZero,GBPUSD,1.34415,1.3442,5e-05,5,Sydney,Wednesday
2026-01-21 01:11:33,ThinkMarkets ThinkZero,USDJPY,158.131,158.139,0.008,8,Sydney,Wednesday
2026-01-21 01:11:34,ThinkMarkets ThinkZero,AUDUSD,0.67337,0.67343,6e-05,6,Sydney,Wednesday
2026-01-21 01:11:37,ICMarkets Raw,XAUUSD,4758.3,4758.35,0.05,5,Sydney,Wednesday
2026-01-21 01:11:38,ICMarkets Raw,EURUSD,1.17238,1.17238,0.0,0,Sydney,Wednesday
2026-01-21 01:11:39,ICMarkets Raw,GBPUSD,1.34417,1.34418,1e-05,1,Sydney,Wednesday
2026-01-21 01:11:39,ICMarkets Raw,USDJPY,158.136,158.136,0.0,0,Sydney,Wednesday
2026-01-21 01:11:40,ICMarkets Raw,AUDUSD,0.67341,0.67341,0.0,0,Sydney,Wednesday
2026-01-21 01:11:43,VantageMarkets Raw,XAUUSD,4757.97,4758.05,0.08,8,Sydney,Wednesday
2026-01-21 01:11:44,VantageMarkets Raw,EURUSD,1.17237,1.17238,1e-05,1,Sydney,Wednesday
2026-01-21 01:11:45,VantageMarkets Raw,GBPUSD,1.34418,1.34418,0.0,0,Sydney,Wednesday
2026-01-21 01:11:46,VantageMarkets Raw,USDJPY,158.136,158.136,0.0,0,Sydney,Wednesday
2026-01-21 01:11:47,VantageMarkets Raw,AUDUSD,0.67341,0.67343,2e-05,2,Sydney,Wednesday
2026-01-21 01:11:50,FPMarkets Raw,XAUUSD,4758.03,4758.1,0.07,7,Sydney,Wednesday
2026-01-21 01:11:51,FPMarkets Raw,EURUSD,1.17239,1.1724,1e-05,1,Sydney,Wednesday
2026-01-21 01:11:52,FPMarkets Raw,GBPUSD,1.34414,1.34419,5e-05,5,Sydney,Wednesday
2026-01-21 01:11:53,FPMarkets Raw,USDJPY,158.135,158.14,0.005,5,Sydney,Wednesday
2026-01-21 01:11:54,FPMarkets Raw,AUDUSD,0.67337,0.67341,4e-05,4,Sydney,Wednesday
2026-01-21 01:11:56,8Cap Raw,XAUUSD,4758.24,4758.4,0.16,16,Sydney,Wednesday
2026-01-21 01:11:57,8Cap Raw,EURUSD,1.17236,1.17238,2e-05,2,Sydney,Wednesday
2026-01-21 01:11:57,8Cap Raw,GBPUSD,1.34417,1.34418,1e-05,1,Sydney,Wednesday
2026-01-21 01:11:58,8Cap Raw,USDJPY,158.135,158.136,0.001,1,Sydney,Wednesday
2026-01-21 01:11:59,8Cap Raw,AUDUSD,0.67336,0.6734,4e-05,4,Sydney,Wednesday
2026-01-21 01:16:17,Pepperstone Razor,XAUUSD,4758.76,4758.93,0.17,17,Sydney,Wednesday
2026-01-21 01:16:18,Pepperstone Razor,EURUSD,1.17225,1.17225,0.0,0,Sydney,Wednesday
2026-01-21 01:16:19,Pepperstone Razor,GBPUSD,1.34408,1.34412,4e-05,4,Sydney,Wednesday
2026-01-21 01:16:20,Pepperstone Razor,USDJPY,158.19,158.193,0.003,3,Sydney,Wednesday
2026-01-21 01:16:21,Pepperstone Razor,AUDUSD,0.67335,0.67337,2e-05,2,Sydney,Wednesday
2026-01-21 01:16:24,FusionMarkets Zero,XAUUSD,4759.14,4759.24,0.1,10,Sydney,Wednesday
2026-01-21 01:16:25,FusionMarkets Zero,EURUSD,1.17229,1.17229,0.0,0,Sydney,Wednesday
2026-01-21 01:16:26,FusionMarkets Zero,GBPUSD,1.34411,1.34411,0.0,0,Sydney,Wednesday
2026-01-21 01:16:26,FusionMarkets Zero,USDJPY,158.191,158.192,0.001,1,Sydney,Wednesday
2026-01-21 01:16:27,FusionMarkets Zero,AUDUSD,0.6734,0.6734,0.0,0,Sydney,Wednesday
2026-01-21 01:16:30,ThinkMarkets ThinkZero,XAUUSD,4759.51,4759.59,0.08,8,Sydney,Wednesday
2026-01-21 01:16:31,ThinkMarkets ThinkZero,EURUSD,1.17227,1.17231,4e-05,4,Sydney,Wednesday
2026-01-21 01:16:32,ThinkMarkets ThinkZero,GBPUSD,1.34408,1.34413,5e-05,5,Sydney,Wednesday
2026-01-21 01:16:33,ThinkMarkets ThinkZero,USDJPY,158.189,158.197,0.008,8,Sydney,Wednesday
2026-01-21 01:16:34,ThinkMarkets ThinkZero,AUDUSD,0.67335,0.6734,5e-05,5,Sydney,Wednesday
2026-01-21 01:16:37,ICMarkets Raw,XAUUSD,4759.4,4759.5,0.1,10,Sydney,Wednesday
2026-01-21 01:16:38,ICMarkets Raw,EURUSD,1.17232,1.17232,0.0,0,Sydney,Wednesday
2026-01-21 01:16:39,ICMarkets Raw,GBPUSD,1.34411,1.34412,1e-05,1,Sydney,Wednesday
2026-01-21 01:16:40,ICMarkets Raw,USDJPY,158.194,158.194,0.0,0,Sydney,Wednesday
2026-01-21 01:16:41,ICMarkets Raw,AUDUSD,0.67339,0.67339,0.0,0,Sydney,Wednesday
2026-01-21 01:16:44,VantageMarkets Raw,XAUUSD,4759.65,4759.73,0.08,8,Sydney,Wednesday
2026-01-21 01:16:45,VantageMarkets Raw,EURUSD,1.17229,1.17229,0.0,0,Sydney,Wednesday
2026-01-21 01:16:46,VantageMarkets Raw,GBPUSD,1.34411,1.34411,0.0,0,Sydney,Wednesday
2026-01-21 01:16:46,VantageMarkets Raw,USDJPY,158.187,158.187,0.0,0,Sydney,Wednesday
2026-01-21 01:16:47,VantageMarkets Raw,AUDUSD,0.67337,0.6734,3e-05,3,Sydney,Wednesday
2026-01-21 01:16:51,FPMarkets Raw,XAUUSD,4759.33,4759.4,0.07,7,Sydney,Wednesday
2026-01-21 01:16:51,FPMarkets Raw,EURUSD,1.17234,1.17235,1e-05,1,Sydney,Wednesday
2026-01-21 01:16:52,FPMarkets Raw,GBPUSD,1.34412,1.34413,1e-05,1,Sydney,Wednesday
2026-01-21 01:16:54,FPMarkets Raw,USDJPY,158.19,158.194,0.004,4,Sydney,Wednesday
2026-01-21 01:16:55,FPMarkets Raw,AUDUSD,0.67335,0.67339,4e-05,4,Sydney,Wednesday
2026-01-21 01:16:57,8Cap Raw,XAUUSD,4759.59,4759.75,0.16,16,Sydney,Wednesday
2026-01-21 01:16:58,8Cap Raw,EURUSD,1.17233,1.17235,2e-05,2,Sydney,Wednesday
2026-01-21 01:16:58,8Cap Raw,GBPUSD,1.34411,1.34412,1e-05,1,Sydney,Wednesday
2026-01-21 01:16:59,8Cap Raw,USDJPY,158.19,158.191,0.001,1,Sydney,Wednesday
2026-01-21 01:17:00,8Cap Raw,AUDUSD,0.67337,0.67341,4e-05,4,Sydney,Wednesday
2026-01-21 01:21:40,Pepperstone Razor,XAUUSD,4759.99,4760.17,0.18,18,Sydney,Wednesday
2026-01-21 01:21:41,Pepperstone Razor,EURUSD,1.17241,1.17241,0.0,0,Sydney,Wednesday
2026-01-21 01:21:42,Pepperstone Razor,GBPUSD,1.34416,1.34419,3e-05,3,Sydney,Wednesday
2026-01-21 01:21:43,Pepperstone Razor,USDJPY,158.185,158.188,0.003,3,Sydney,Wednesday
2026-01-21 01:21:44,Pepperstone Razor,AUDUSD,0.67343,0.67344,1e-05,1,Sydney,Wednesday
2026-01-21 01:21:47,FusionMarkets Zero,XAUUSD,4758.89,4759.0,0.11,11,Sydney,Wednesday
2026-01-21 01:21:48,FusionMarkets Zero,EURUSD,1.17241,1.17241,0.0,0,Sydney,Wednesday
2026-01-21 01:21:49,FusionMarkets Zero,GBPUSD,1.34412,1.34412,0.0,0,Sydney,Wednesday
2026-01-21 01:21:50,FusionMarkets Zero,USDJPY,158.188,158.189,0.001,1,Sydney,Wednesday
2026-01-21 01:21:51,FusionMarkets Zero,AUDUSD,0.67341,0.67341,0.0,0,Sydney,Wednesday
2026-01-21 01:21:54,ThinkMarkets ThinkZero,XAUUSD,4759.05,4759.13,0.08,8,Sydney,Wednesday
2026-01-21 01:21:55,ThinkMarkets ThinkZero,EURUSD,1.17238,1.17242,4e-05,4,Sydney,Wednesday
2026-01-21 01:21:56,ThinkMarkets ThinkZero,GBPUSD,1.3441,1.34415,5e-05,5,Sydney,Wednesday
2026-01-21 01:21:57,ThinkMarkets ThinkZero,USDJPY,158.184,158.19,0.006,6,Sydney,Wednesday
2026-01-21 01:21:58,ThinkMarkets ThinkZero,AUDUSD,0.67339,0.67344,5e-05,5,Sydney,Wednesday
2026-01-21 01:22:01,ICMarkets Raw,XAUUSD,4759.19,4759.25,0.06,6,Sydney,Wednesday
2026-01-21 01:22:01,ICMarkets Raw,EURUSD,1.17241,1.17241,0.0,0,Sydney,Wednesday
2026-01-21 01:22:02,ICMarkets Raw,GBPUSD,1.34412,1.34413,1e-05,1,Sydney,Wednesday
2026-01-21 01:22:03,ICMarkets Raw,USDJPY,158.189,158.189,0.0,0,Sydney,Wednesday
2026-01-21 01:22:04,ICMarkets Raw,AUDUSD,0.67342,0.67343,1e-05,1,Sydney,Wednesday
2026-01-21 01:22:07,VantageMarkets Raw,XAUUSD,4759.5,4759.58,0.08,8,Sydney,Wednesday
2026-01-21 01:22:08,VantageMarkets Raw,EURUSD,1.17242,1.17242,0.0,0,Sydney,Wednesday
2026-01-21 01:22:09,VantageMarkets Raw,GBPUSD,1.34413,1.34413,0.0,0,Sydney,Wednesday
2026-01-21 01:22:10,VantageMarkets Raw,USDJPY,158.189,158.189,0.0,0,Sydney,Wednesday
2026-01-21 01:22:11,VantageMarkets Raw,AUDUSD,0.67341,0.67344,3e-05,3,Sydney,Wednesday
2026-01-21 01:22:14,FPMarkets Raw,XAUUSD,4759.7,4759.77,0.07,7,Sydney,Wednesday
2026-01-21 01:22:15,FPMarkets Raw,EURUSD,1.17242,1.17243,1e-05,1,Sydney,Wednesday
2026-01-21 01:22:16,FPMarkets Raw,GBPUSD,1.34411,1.34416,5e-05,5,Sydney,Wednesday
2026-01-21 01:22:17,FPMarkets Raw,USDJPY,158.189,158.193,0.004,4,Sydney,Wednesday
2026-01-21 01:22:18,FPMarkets Raw,AUDUSD,0.67339,0.67343,4e-05,4,Sydney,Wednesday
2026-01-21 01:22:20,8Cap Raw,XAUUSD,4759.31,4759.47,0.16,16,Sydney,Wednesday
2026-01-21 01:22:21,8Cap Raw,EURUSD,1.17242,1.17242,0.0,0,Sydney,Wednesday
2026-01-21 01:22:22,8Cap Raw,GBPUSD,1.34413,1.34414,1e-05,1,Sydney,Wednesday
2026-01-21 01:22:22,8Cap Raw,USDJPY,158.187,158.188,0.001,1,Sydney,Wednesday
2026-01-21 01:22:23,8Cap Raw,AUDUSD,0.67339,0.67342,3e-05,3,Sydney,Wednesday
2026-01-21 01:26:17,Pepperstone Razor,XAUUSD,4759.43,4759.67,0.24,24,Sydney,Wednesday
2026-01-21 01:26:18,Pepperstone Razor,EURUSD,1.17238,1.17238,0.0,0,Sydney,Wednesday
2026-01-21 01:26:19,Pepperstone Razor,GBPUSD,1.34402,1.34405,3e-05,3,Sydney,Wednesday
2026-01-21 01:26:20,Pepperstone Razor,USDJPY,158.191,158.194,0.003,3,Sydney,Wednesday
2026-01-21 01:26:21,Pepperstone Razor,AUDUSD,0.67333,0.67333,0.0,0,Sydney,Wednesday
2026-01-21 01:26:25,FusionMarkets Zero,XAUUSD,4759.68,4759.81,0.13,13,Sydney,Wednesday
2026-01-21 01:26:25,FusionMarkets Zero,EURUSD,1.1724,1.1724,0.0,0,Sydney,Wednesday
2026-01-21 01:26:26,FusionMarkets Zero,GBPUSD,1.34402,1.34402,0.0,0,Sydney,Wednesday
2026-01-21 01:26:27,FusionMarkets Zero,USDJPY,158.194,158.194,0.0,0,Sydney,Wednesday
2026-01-21 01:26:28,FusionMarkets Zero,AUDUSD,0.67331,0.67331,0.0,0,Sydney,Wednesday
2026-01-21 01:26:32,ThinkMarkets ThinkZero,XAUUSD,4759.59,4759.67,0.08,8,Sydney,Wednesday
2026-01-21 01:26:33,ThinkMarkets ThinkZero,EURUSD,1.17238,1.17242,4e-05,4,Sydney,Wednesday
2026-01-21 01:26:34,ThinkMarkets ThinkZero,GBPUSD,1.34399,1.34405,6e-05,6,Sydney,Wednesday
2026-01-21 01:26:34,ThinkMarkets ThinkZero,USDJPY,158.192,158.197,0.005,5,Sydney,Wednesday
2026-01-21 01:26:35,ThinkMarkets ThinkZero,AUDUSD,0.67331,0.67337,6e-05,6,Sydney,Wednesday
2026-01-21 01:26:38,ICMarkets Raw,XAUUSD,4759.65,4759.75,0.1,10,Sydney,Wednesday
2026-01-21 01:26:39,ICMarkets Raw,EURUSD,1.17241,1.17241,0.0,0,Sydney,Wednesday
2026-01-21 01:26:40,ICMarkets Raw,GBPUSD,1.34402,1.34403,1e-05,1,Sydney,Wednesday
2026-01-21 01:26:41,ICMarkets Raw,USDJPY,158.194,158.194,0.0,0,Sydney,Wednesday
2026-01-21 01:26:42,ICMarkets Raw,AUDUSD,0.67332,0.67332,0.0,0,Sydney,Wednesday
2026-01-21 01:26:45,VantageMarkets Raw,XAUUSD,4759.57,4759.65,0.08,8,Sydney,Wednesday
2026-01-21 01:26:46,VantageMarkets Raw,EURUSD,1.1724,1.17241,1e-05,1,Sydney,Wednesday
2026-01-21 01:26:47,VantageMarkets Raw,GBPUSD,1.34402,1.34402,0.0,0,Sydney,Wednesday
2026-01-21 01:26:47,VantageMarkets Raw,USDJPY,158.193,158.194,0.001,1,Sydney,Wednesday
2026-01-21 01:26:48,VantageMarkets Raw,AUDUSD,0.67332,0.67334,2e-05,2,Sydney,Wednesday
2026-01-21 01:26:52,FPMarkets Raw,XAUUSD,4759.66,4759.73,0.07,7,Sydney,Wednesday
2026-01-21 01:26:53,FPMarkets Raw,EURUSD,1.17239,1.17241,2e-05,2,Sydney,Wednesday
2026-01-21 01:26:53,FPMarkets Raw,GBPUSD,1.34402,1.34407,5e-05,5,Sydney,Wednesday
2026-01-21 01:26:55,FPMarkets Raw,USDJPY,158.193,158.197,0.004,4,Sydney,Wednesday
2026-01-21 01:26:56,FPMarkets Raw,AUDUSD,0.67329,0.67332,3e-05,3,Sydney,Wednesday
2026-01-21 01:26:58,8Cap Raw,XAUUSD,4759.72,4759.88,0.16,16,Sydney,Wednesday
2026-01-21 01:26:59,8Cap Raw,EURUSD,1.1724,1.17241,1e-05,1,Sydney,Wednesday
2026-01-21 01:26:59,8Cap Raw,GBPUSD,1.34403,1.34404,1e-05,1,Sydney,Wednesday
2026-01-21 01:27:00,8Cap Raw,USDJPY,158.193,158.194,0.001,1,Sydney,Wednesday
2026-01-21 01:27:01,8Cap Raw,AUDUSD,0.67329,0.67333,4e-05,4,Sydney,Wednesday
2026-01-21 01:31:18,Pepperstone Razor,XAUUSD,4759.13,4759.28,0.15,15,Sydney,Wednesday
2026-01-21 01:31:19,Pepperstone Razor,EURUSD,1.1724,1.1724,0.0,0,Sydney,Wednesday
2026-01-21 01:31:20,Pepperstone Razor,GBPUSD,1.34402,1.34405,3e-05,3,Sydney,Wednesday
2026-01-21 01:31:21,Pepperstone Razor,USDJPY,158.189,158.192,0.003,3,Sydney,Wednesday
2026-01-21 01:31:21,Pepperstone Razor,AUDUSD,0.67327,0.67328,1e-05,1,Sydney,Wednesday
2026-01-21 01:31:25,FusionMarkets Zero,XAUUSD,4758.92,4759.02,0.1,10,Sydney,Wednesday
2026-01-21 01:31:26,FusionMarkets Zero,EURUSD,1.1724,1.1724,0.0,0,Sydney,Wednesday
2026-01-21 01:31:27,FusionMarkets Zero,GBPUSD,1.34403,1.34403,0.0,0,Sydney,Wednesday
2026-01-21 01:31:28,FusionMarkets Zero,USDJPY,158.184,158.185,0.001,1,Sydney,Wednesday
2026-01-21 01:31:29,FusionMarkets Zero,AUDUSD,0.6733,0.6733,0.0,0,Sydney,Wednesday
2026-01-21 01:31:32,ThinkMarkets ThinkZero,XAUUSD,4758.72,4758.8,0.08,8,Sydney,Wednesday
2026-01-21 01:31:33,ThinkMarkets ThinkZero,EURUSD,1.17238,1.17241,3e-05,3,Sydney,Wednesday
2026-01-21 01:31:34,ThinkMarkets ThinkZero,GBPUSD,1.34397,1.34401,4e-05,4,Sydney,Wednesday
2026-01-21 01:31:35,ThinkMarkets ThinkZero,USDJPY,158.182,158.185,0.003,3,Sydney,Wednesday
2026-01-21 01:31:36,ThinkMarkets ThinkZero,AUDUSD,0.67329,0.67333,4e-05,4,Sydney,Wednesday
2026-01-21 01:31:39,ICMarkets Raw,XAUUSD,4759.24,4759.31,0.07,7,Sydney,Wednesday
2026-01-21 01:31:40,ICMarkets Raw,EURUSD,1.17241,1.17242,1e-05,1,Sydney,Wednesday
2026-01-21 01:31:41,ICMarkets Raw,GBPUSD,1.34402,1.34403,1e-05,1,Sydney,Wednesday
2026-01-21 01:31:42,ICMarkets Raw,USDJPY,158.191,158.191,0.0,0,Sydney,Wednesday
2026-01-21 01:31:42,ICMarkets Raw,AUDUSD,0.67332,0.67332,0.0,0,Sydney,Wednesday
2026-01-21 01:31:45,VantageMarkets Raw,XAUUSD,4759.2,4759.28,0.08,8,Sydney,Wednesday
2026-01-21 01:31:46,VantageMarkets Raw,EURUSD,1.17241,1.17241,0.0,0,Sydney,Wednesday
2026-01-21 01:31:47,VantageMarkets Raw,GBPUSD,1.344,1.344,0.0,0,Sydney,Wednesday
2026-01-21 01:31:48,VantageMarkets Raw,USDJPY,158.183,158.187,0.004,4,Sydney,Wednesday
2026-01-21 01:31:49,VantageMarkets Raw,AUDUSD,0.6733,0.67333,3e-05,3,Sydney,Wednesday
2026-01-21 01:31:52,FPMarkets Raw,XAUUSD,4759.95,4760.02,0.07,7,Sydney,Wednesday
2026-01-21 01:31:53,FPMarkets Raw,EURUSD,1.1724,1.17242,2e-05,2,Sydney,Wednesday
2026-01-21 01:31:54,FPMarkets Raw,GBPUSD,1.344,1.344,0.0,0,Sydney,Wednesday
2026-01-21 01:31:56,FPMarkets Raw,USDJPY,158.188,158.194,0.006,6,Sydney,Wednesday
2026-01-21 01:31:57,FPMarkets Raw,AUDUSD,0.67328,0.67333,5e-05,5,Sydney,Wednesday
2026-01-21 01:31:58,8Cap Raw,XAUUSD,4760.11,4760.27,0.16,16,Sydney,Wednesday
2026-01-21 01:31:59,8Cap Raw,EURUSD,1.17241,1.17241,0.0,0,Sydney,Wednesday
2026-01-21 01:32:00,8Cap Raw,GBPUSD,1.344,1.34401,1e-05,1,Sydney,Wednesday
2026-01-21 01:32:00,8Cap Raw,USDJPY,158.19,158.194,0.004,4,Sydney,Wednesday
2026-01-21 01:32:01,8Cap Raw,AUDUSD,0.67327,0.6733,3e-05,3,Sydney,Wednesday
2026-01-21 01:36:18,Pepperstone Razor,XAUUSD,4761.7,4761.83,0.13,13,Sydney,Wednesday
2026-01-21 01:36:19,Pepperstone Razor,EURUSD,1.17242,1.17242,0.0,0,Sydney,Wednesday
2026-01-21 01:36:19,Pepperstone Razor,GBPUSD,1.34404,1.34407,3e-05,3,Sydney,Wednesday
2026-01-21 01:36:20,Pepperstone Razor,USDJPY,158.182,158.188,0.006,6,Sydney,Wednesday
2026-01-21 01:36:21,Pepperstone Razor,AUDUSD,0.67328,0.67331,3e-05,3,Sydney,Wednesday
2026-01-21 01:36:25,FusionMarkets Zero,XAUUSD,4762.1,4762.24,0.14,14,Sydney,Wednesday
2026-01-21 01:36:26,FusionMarkets Zero,EURUSD,1.17242,1.17242,0.0,0,Sydney,Wednesday
2026-01-21 01:36:27,FusionMarkets Zero,GBPUSD,1.34403,1.34403,0.0,0,Sydney,Wednesday
2026-01-21 01:36:27,FusionMarkets Zero,USDJPY,158.182,158.182,0.0,0,Sydney,Wednesday
2026-01-21 01:36:28,FusionMarkets Zero,AUDUSD,0.67332,0.67332,0.0,0,Sydney,Wednesday
2026-01-21 01:36:32,ThinkMarkets ThinkZero,XAUUSD,4761.9,4761.98,0.08,8,Sydney,Wednesday
2026-01-21 01:36:33,ThinkMarkets ThinkZero,EURUSD,1.1724,1.17243,3e-05,3,Sydney,Wednesday
2026-01-21 01:36:34,ThinkMarkets ThinkZero,GBPUSD,1.34399,1.34404,5e-05,5,Sydney,Wednesday
2026-01-21 01:36:35,ThinkMarkets ThinkZero,USDJPY,158.171,158.176,0.005,5,Sydney,Wednesday
2026-01-21 01:36:36,ThinkMarkets ThinkZero,AUDUSD,0.6733,0.67333,3e-05,3,Sydney,Wednesday
2026-01-21 01:36:39,ICMarkets Raw,XAUUSD,4761.91,4762.03,0.12,12,Sydney,Wednesday
2026-01-21 01:36:40,ICMarkets Raw,EURUSD,1.17242,1.17243,1e-05,1,Sydney,Wednesday
2026-01-21 01:36:41,ICMarkets Raw,GBPUSD,1.34403,1.34404,1e-05,1,Sydney,Wednesday
2026-01-21 01:36:42,ICMarkets Raw,USDJPY,158.172,158.173,0.001,1,Sydney,Wednesday
2026-01-21 01:36:42,ICMarkets Raw,AUDUSD,0.67332,0.67333,1e-05,1,Sydney,Wednesday
2026-01-21 01:36:46,VantageMarkets Raw,XAUUSD,4762.25,4762.33,0.08,8,Sydney,Wednesday
2026-01-21 01:36:47,VantageMarkets Raw,EURUSD,1.17242,1.17242,0.0,0,Sydney,Wednesday
2026-01-21 01:36:48,VantageMarkets Raw,GBPUSD,1.34403,1.34403,0.0,0,Sydney,Wednesday
2026-01-21 01:36:49,VantageMarkets Raw,USDJPY,158.171,158.174,0.003,3,Sydney,Wednesday
2026-01-21 01:36:49,VantageMarkets Raw,AUDUSD,0.6733,0.67333,3e-05,3,Sydney,Wednesday
2026-01-21 01:36:53,FPMarkets Raw,XAUUSD,4762.49,4762.56,0.07,7,Sydney,Wednesday
2026-01-21 01:36:54,FPMarkets Raw,EURUSD,1.17241,1.17243,2e-05,2,Sydney,Wednesday
2026-01-21 01:36:55,FPMarkets Raw,GBPUSD,1.34401,1.34402,1e-05,1,Sydney,Wednesday
2026-01-21 01:36:56,FPMarkets Raw,USDJPY,158.179,158.183,0.004,4,Sydney,Wednesday
2026-01-21 01:36:57,FPMarkets Raw,AUDUSD,0.67333,0.67337,4e-05,4,Sydney,Wednesday
2026-01-21 01:36:59,8Cap Raw,XAUUSD,4762.95,4763.11,0.16,16,Sydney,Wednesday
2026-01-21 01:36:59,8Cap Raw,EURUSD,1.17244,1.17245,1e-05,1,Sydney,Wednesday
2026-01-21 01:37:00,8Cap Raw,GBPUSD,1.34403,1.34404,1e-05,1,Sydney,Wednesday
2026-01-21 01:37:01,8Cap Raw,USDJPY,158.168,158.172,0.004,4,Sydney,Wednesday
2026-01-21 01:37:02,8Cap Raw,AUDUSD,0.67335,0.67339,4e-05,4,Sydney,Wednesday
2026-01-21 01:41:18,Pepperstone Razor,XAUUSD,4764.54,4764.71,0.17,17,Sydney,Wednesday
2026-01-21 01:41:19,Pepperstone Razor,EURUSD,1.17251,1.17251,0.0,0,Sydney,Wednesday
2026-01-21 01:41:20,Pepperstone Razor,GBPUSD,1.34402,1.34405,3e-05,3,Sydney,Wednesday
2026-01-21 01:41:20,Pepperstone Razor,USDJPY,158.158,158.16,0.002,2,Sydney,Wednesday
2026-01-21 01:41:21,Pepperstone Razor,AUDUSD,0.67341,0.67342,1e-05,1,Sydney,Wednesday
2026-01-21 01:41:25,FusionMarkets Zero,XAUUSD,4764.44,4764.5,0.06,6,Sydney,Wednesday
2026-01-21 01:41:26,FusionMarkets Zero,EURUSD,1.17253,1.17253,0.0,0,Sydney,Wednesday
2026-01-21 01:41:27,FusionMarkets Zero,GBPUSD,1.34406,1.34406,0.0,0,Sydney,Wednesday
2026-01-21 01:41:27,FusionMarkets Zero,USDJPY,158.159,158.159,0.0,0,Sydney,Wednesday
2026-01-21 01:41:28,FusionMarkets Zero,AUDUSD,0.67339,0.67339,0.0,0,Sydney,Wednesday
2026-01-21 01:41:32,ThinkMarkets ThinkZero,XAUUSD,4764.21,4764.29,0.08,8,Sydney,Wednesday
2026-01-21 01:41:33,ThinkMarkets ThinkZero,EURUSD,1.17249,1.17251,2e-05,2,Sydney,Wednesday
2026-01-21 01:41:34,ThinkMarkets ThinkZero,GBPUSD,1.34402,1.34406,4e-05,4,Sydney,Wednesday
2026-01-21 01:41:35,ThinkMarkets ThinkZero,USDJPY,158.156,158.16,0.004,4,Sydney,Wednesday
2026-01-21 01:41:36,ThinkMarkets ThinkZero,AUDUSD,0.67337,0.67341,4e-05,4,Sydney,Wednesday
2026-01-21 01:41:39,ICMarkets Raw,XAUUSD,4764.58,4764.63,0.05,5,Sydney,Wednesday
2026-01-21 01:41:40,ICMarkets Raw,EURUSD,1.1725,1.17251,1e-05,1,Sydney,Wednesday
2026-01-21 01:41:41,ICMarkets Raw,GBPUSD,1.34406,1.34407,1e-05,1,Sydney,Wednesday
2026-01-21 01:41:42,ICMarkets Raw,USDJPY,158.157,158.157,0.0,0,Sydney,Wednesday
2026-01-21 01:41:43,ICMarkets Raw,AUDUSD,0.67339,0.67339,0.0,0,Sydney,Wednesday
2026-01-21 01:41:46,VantageMarkets Raw,XAUUSD,4764.06,4764.14,0.08,8,Sydney,Wednesday
2026-01-21 01:41:47,VantageMarkets Raw,EURUSD,1.17251,1.17252,1e-05,1,Sydney,Wednesday
2026-01-21 01:41:48,VantageMarkets Raw,GBPUSD,1.34402,1.34403,1e-05,1,Sydney,Wednesday
2026-01-21 01:41:49,VantageMarkets Raw,USDJPY,158.154,158.155,0.001,1,Sydney,Wednesday
2026-01-21 01:41:50,VantageMarkets Raw,AUDUSD,0.67338,0.67341,3e-05,3,Sydney,Wednesday
2026-01-21 01:41:53,FPMarkets Raw,XAUUSD,4764.0,4764.07,0.07,7,Sydney,Wednesday
2026-01-21 01:41:54,FPMarkets Raw,EURUSD,1.17251,1.17253,2e-05,2,Sydney,Wednesday
2026-01-21 01:41:55,FPMarkets Raw,GBPUSD,1.34398,1.34404,6e-05,6,Sydney,Wednesday
2026-01-21 01:41:57,FPMarkets Raw,USDJPY,158.153,158.157,0.004,4,Sydney,Wednesday
2026-01-21 01:41:57,FPMarkets Raw,AUDUSD,0.67334,0.67337,3e-05,3,Sydney,Wednesday
2026-01-21 01:41:59,8Cap Raw,XAUUSD,4764.05,4764.21,0.16,16,Sydney,Wednesday
2026-01-21 01:42:00,8Cap Raw,EURUSD,1.17247,1.17247,0.0,0,Sydney,Wednesday
2026-01-21 01:42:01,8Cap Raw,GBPUSD,1.34396,1.34402,6e-05,6,Sydney,Wednesday
2026-01-21 01:42:01,8Cap Raw,USDJPY,158.157,158.158,0.001,1,Sydney,Wednesday
2026-01-21 01:42:02,8Cap Raw,AUDUSD,0.67333,0.67337,4e-05,4,Sydney,Wednesday
2026-01-21 01:46:18,Pepperstone Razor,XAUUSD,4777.3,4777.95,0.65,65,Sydney,Wednesday
2026-01-21 01:46:19,Pepperstone Razor,EURUSD,1.17257,1.1726,3e-05,3,Sydney,Wednesday
2026-01-21 01:46:19,Pepperstone Razor,GBPUSD,1.34417,1.34417,0.0,0,Sydney,Wednesday
2026-01-21 01:46:20,Pepperstone Razor,USDJPY,158.119,158.122,0.003,3,Sydney,Wednesday
2026-01-21 01:46:21,Pepperstone Razor,AUDUSD,0.67333,0.67334,1e-05,1,Sydney,Wednesday
2026-01-21 01:46:25,FusionMarkets Zero,XAUUSD,4776.44,4776.6,0.16,16,Sydney,Wednesday
2026-01-21 01:46:26,FusionMarkets Zero,EURUSD,1.1726,1.1726,0.0,0,Sydney,Wednesday
2026-01-21 01:46:27,FusionMarkets Zero,GBPUSD,1.34415,1.34415,0.0,0,Sydney,Wednesday
2026-01-21 01:46:27,FusionMarkets Zero,USDJPY,158.121,158.123,0.002,2,Sydney,Wednesday
2026-01-21 01:46:28,FusionMarkets Zero,AUDUSD,0.67331,0.67331,0.0,0,Sydney,Wednesday
2026-01-21 01:46:32,ThinkMarkets ThinkZero,XAUUSD,4775.33,4775.41,0.08,8,Sydney,Wednesday
2026-01-21 01:46:33,ThinkMarkets ThinkZero,EURUSD,1.17259,1.17264,5e-05,5,Sydney,Wednesday
2026-01-21 01:46:34,ThinkMarkets ThinkZero,GBPUSD,1.34413,1.34418,5e-05,5,Sydney,Wednesday
2026-01-21 01:46:35,ThinkMarkets ThinkZero,USDJPY,158.115,158.12,0.005,5,Sydney,Wednesday
2026-01-21 01:46:35,ThinkMarkets ThinkZero,AUDUSD,0.67328,0.67333,5e-05,5,Sydney,Wednesday
2026-01-21 01:46:39,ICMarkets Raw,XAUUSD,4776.88,4777.0,0.12,12,Sydney,Wednesday
2026-01-21 01:46:40,ICMarkets Raw,EURUSD,1.17262,1.17264,2e-05,2,Sydney,Wednesday
2026-01-21 01:46:41,ICMarkets Raw,GBPUSD,1.34414,1.34416,2e-05,2,Sydney,Wednesday
2026-01-21 01:46:42,ICMarkets Raw,USDJPY,158.116,158.116,0.0,0,Sydney,Wednesday
2026-01-21 01:46:43,ICMarkets Raw,AUDUSD,0.67331,0.67332,1e-05,1,Sydney,Wednesday
2026-01-21 01:46:46,VantageMarkets Raw,XAUUSD,4778.81,4778.89,0.08,8,Sydney,Wednesday
2026-01-21 01:46:47,VantageMarkets Raw,EURUSD,1.17263,1.17267,4e-05,4,Sydney,Wednesday
2026-01-21 01:46:47,VantageMarkets Raw,GBPUSD,1.34416,1.3442,4e-05,4,Sydney,Wednesday
2026-01-21 01:46:48,VantageMarkets Raw,USDJPY,158.113,158.119,0.006,6,Sydney,Wednesday
2026-01-21 01:46:49,VantageMarkets Raw,AUDUSD,0.67332,0.67336,4e-05,4,Sydney,Wednesday
2026-01-21 01:46:52,FPMarkets Raw,XAUUSD,4779.16,4779.23,0.07,7,Sydney,Wednesday
2026-01-21 01:46:53,FPMarkets Raw,EURUSD,1.17269,1.17271,2e-05,2,Sydney,Wednesday
2026-01-21 01:46:54,FPMarkets Raw,GBPUSD,1.34417,1.34423,6e-05,6,Sydney,Wednesday
2026-01-21 01:46:56,FPMarkets Raw,USDJPY,158.092,158.098,0.006,6,Sydney,Wednesday
2026-01-21 01:46:57,FPMarkets Raw,AUDUSD,0.67331,0.67334,3e-05,3,Sydney,Wednesday
2026-01-21 01:46:59,8Cap Raw,XAUUSD,4778.09,4778.25,0.16,16,Sydney,Wednesday
2026-01-21 01:46:59,8Cap Raw,EURUSD,1.1727,1.1727,0.0,0,Sydney,Wednesday
2026-01-21 01:47:00,8Cap Raw,GBPUSD,1.34417,1.34423,6e-05,6,Sydney,Wednesday
2026-01-21 01:47:01,8Cap Raw,USDJPY,158.094,158.1,0.006,6,Sydney,Wednesday
2026-01-21 01:47:01,8Cap Raw,AUDUSD,0.67333,0.67337,4e-05,4,Sydney,Wednesday
2026-01-21 01:51:18,Pepperstone Razor,XAUUSD,4776.81,4776.99,0.18,18,Sydney,Wednesday
2026-01-21 01:51:19,Pepperstone Razor,EURUSD,1.17275,1.17275,0.0,0,Sydney,Wednesday
2026-01-21 01:51:20,Pepperstone Razor,GBPUSD,1.34418,1.34421,3e-05,3,Sydney,Wednesday
2026-01-21 01:51:21,Pepperstone Razor,USDJPY,158.066,158.068,0.002,2,Sydney,Wednesday
2026-01-21 01:51:21,Pepperstone Razor,AUDUSD,0.67317,0.67318,1e-05,1,Sydney,Wednesday
2026-01-21 01:51:25,FusionMarkets Zero,XAUUSD,4777.15,4777.26,0.11,11,Sydney,Wednesday
2026-01-21 01:51:26,FusionMarkets Zero,EURUSD,1.17278,1.17278,0.0,0,Sydney,Wednesday
2026-01-21 01:51:27,FusionMarkets Zero,GBPUSD,1.3442,1.3442,0.0,0,Sydney,Wednesday
2026-01-21 01:51:28,FusionMarkets Zero,USDJPY,158.063,158.065,0.002,2,Sydney,Wednesday
2026-01-21 01:51:29,FusionMarkets Zero,AUDUSD,0.67318,0.67318,0.0,0,Sydney,Wednesday
2026-01-21 01:51:32,ThinkMarkets ThinkZero,XAUUSD,4776.73,4776.81,0.08,8,Sydney,Wednesday
2026-01-21 01:51:33,ThinkMarkets ThinkZero,EURUSD,1.17274,1.17279,5e-05,5,Sydney,Wednesday
2026-01-21 01:51:34,ThinkMarkets ThinkZero,GBPUSD,1.34413,1.34421,8e-05,8,Sydney,Wednesday
2026-01-21 01:51:35,ThinkMarkets ThinkZero,USDJPY,158.058,158.062,0.004,4,Sydney,Wednesday
2026-01-21 01:51:36,ThinkMarkets ThinkZero,AUDUSD,0.67315,0.6732,5e-05,5,Sydney,Wednesday
2026-01-21 01:51:40,ICMarkets Raw,XAUUSD,4777.11,4777.23,0.12,12,Sydney,Wednesday
2026-01-21 01:51:40,ICMarkets Raw,EURUSD,1.17278,1.17278,0.0,0,Sydney,Wednesday
2026-01-21 01:51:41,ICMarkets Raw,GBPUSD,1.3442,1.34421,1e-05,1,Sydney,Wednesday
2026-01-21 01:51:42,ICMarkets Raw,USDJPY,158.065,158.066,0.001,1,Sydney,Wednesday
2026-01-21 01:51:43,ICMarkets Raw,AUDUSD,0.67319,0.67319,0.0,0,Sydney,Wednesday
2026-01-21 01:51:46,VantageMarkets Raw,XAUUSD,4777.38,4777.46,0.08,8,Sydney,Wednesday
2026-01-21 01:51:47,VantageMarkets Raw,EURUSD,1.17278,1.17278,0.0,0,Sydney,Wednesday
2026-01-21 01:51:48,VantageMarkets Raw,GBPUSD,1.34419,1.34419,0.0,0,Sydney,Wednesday
2026-01-21 01:51:49,VantageMarkets Raw,USDJPY,158.064,158.069,0.005,5,Sydney,Wednesday
2026-01-21 01:51:50,VantageMarkets Raw,AUDUSD,0.67318,0.67321,3e-05,3,Sydney,Wednesday
2026-01-21 01:51:53,FPMarkets Raw,XAUUSD,4777.04,4777.11,0.07,7,Sydney,Wednesday
2026-01-21 01:51:54,FPMarkets Raw,EURUSD,1.17278,1.17279,1e-05,1,Sydney,Wednesday
2026-01-21 01:51:55,FPMarkets Raw,GBPUSD,1.34419,1.3442,1e-05,1,Sydney,Wednesday
2026-01-21 01:51:56,FPMarkets Raw,USDJPY,158.069,158.073,0.004,4,Sydney,Wednesday
2026-01-21 01:51:57,FPMarkets Raw,AUDUSD,0.67318,0.67321,3e-05,3,Sydney,Wednesday
2026-01-21 01:51:59,8Cap Raw,XAUUSD,4777.0,4777.16,0.16,16,Sydney,Wednesday
2026-01-21 01:52:00,8Cap Raw,EURUSD,1.17276,1.17276,0.0,0,Sydney,Wednesday
2026-01-21 01:52:01,8Cap Raw,GBPUSD,1.34418,1.34419,1e-05,1,Sydney,Wednesday
2026-01-21 01:52:01,8Cap Raw,USDJPY,158.075,158.076,0.001,1,Sydney,Wednesday
2026-01-21 01:52:02,8Cap Raw,AUDUSD,0.67318,0.6732,2e-05,2,Sydney,Wednesday
2026-01-21 01:56:18,Pepperstone Razor,XAUUSD,4774.63,4774.8,0.17,17,Sydney,Wednesday
2026-01-21 01:56:19,Pepperstone Razor,EURUSD,1.17281,1.17281,0.0,0,Sydney,Wednesday
2026-01-21 01:56:20,Pepperstone Razor,GBPUSD,1.34413,1.34416,3e-05,3,Sydney,Wednesday
2026-01-21 01:56:21,Pepperstone Razor,USDJPY,158.103,158.106,0.003,3,Sydney,Wednesday
2026-01-21 01:56:21,Pepperstone Razor,AUDUSD,0.67315,0.67315,0.0,0,Sydney,Wednesday
2026-01-21 01:56:25,FusionMarkets Zero,XAUUSD,4774.6,4774.69,0.09,9,Sydney,Wednesday
2026-01-21 01:56:26,FusionMarkets Zero,EURUSD,1.17282,1.17282,0.0,0,Sydney,Wednesday
2026-01-21 01:56:27,FusionMarkets Zero,GBPUSD,1.34418,1.34418,0.0,0,Sydney,Wednesday
2026-01-21 01:56:28,FusionMarkets Zero,USDJPY,158.117,158.118,0.001,1,Sydney,Wednesday
2026-01-21 01:56:29,FusionMarkets Zero,AUDUSD,0.67316,0.67316,0.0,0,Sydney,Wednesday
2026-01-21 01:56:32,ThinkMarkets ThinkZero,XAUUSD,4774.92,4775.0,0.08,8,Sydney,Wednesday
2026-01-21 01:56:33,ThinkMarkets ThinkZero,EURUSD,1.1728,1.17284,4e-05,4,Sydney,Wednesday
2026-01-21 01:56:34,ThinkMarkets ThinkZero,GBPUSD,1.34412,1.3442,8e-05,8,Sydney,Wednesday
2026-01-21 01:56:35,ThinkMarkets ThinkZero,USDJPY,158.116,158.121,0.005,5,Sydney,Wednesday
2026-01-21 01:56:36,ThinkMarkets ThinkZero,AUDUSD,0.67315,0.67319,4e-05,4,Sydney,Wednesday
2026-01-21 01:56:39,ICMarkets Raw,XAUUSD,4775.2,4775.25,0.05,5,Sydney,Wednesday
2026-01-21 01:56:40,ICMarkets Raw,EURUSD,1.17281,1.17282,1e-05,1,Sydney,Wednesday
2026-01-21 01:56:41,ICMarkets Raw,GBPUSD,1.34418,1.34419,1e-05,1,Sydney,Wednesday
2026-01-21 01:56:42,ICMarkets Raw,USDJPY,158.119,158.119,0.0,0,Sydney,Wednesday
2026-01-21 01:56:43,ICMarkets Raw,AUDUSD,0.67317,0.67317,0.0,0,Sydney,Wednesday
2026-01-21 01:56:46,VantageMarkets Raw,XAUUSD,4774.16,4774.24,0.08,8,Sydney,Wednesday
2026-01-21 01:56:47,VantageMarkets Raw,EURUSD,1.1728,1.17281,1e-05,1,Sydney,Wednesday
2026-01-21 01:56:47,VantageMarkets Raw,GBPUSD,1.34417,1.34417,0.0,0,Sydney,Wednesday
2026-01-21 01:56:48,VantageMarkets Raw,USDJPY,158.118,158.118,0.0,0,Sydney,Wednesday
2026-01-21 01:56:49,VantageMarkets Raw,AUDUSD,0.67316,0.67319,3e-05,3,Sydney,Wednesday
2026-01-21 01:56:53,FPMarkets Raw,XAUUSD,4774.45,4774.52,0.07,7,Sydney,Wednesday
2026-01-21 01:56:54,FPMarkets Raw,EURUSD,1.17279,1.17279,0.0,0,Sydney,Wednesday
2026-01-21 01:56:55,FPMarkets Raw,GBPUSD,1.34411,1.34416,5e-05,5,Sydney,Wednesday
2026-01-21 01:56:56,FPMarkets Raw,USDJPY,158.118,158.122,0.004,4,Sydney,Wednesday
2026-01-21 01:56:57,FPMarkets Raw,AUDUSD,0.67312,0.67316,4e-05,4,Sydney,Wednesday
2026-01-21 01:56:59,8Cap Raw,XAUUSD,4774.46,4774.62,0.16,16,Sydney,Wednesday
2026-01-21 01:57:00,8Cap Raw,EURUSD,1.17279,1.17281,2e-05,2,Sydney,Wednesday
2026-01-21 01:57:01,8Cap Raw,GBPUSD,1.3441,1.34416,6e-05,6,Sydney,Wednesday
2026-01-21 01:57:01,8Cap Raw,USDJPY,158.121,158.122,0.001,1,Sydney,Wednesday
2026-01-21 01:57:02,8Cap Raw,AUDUSD,0.67314,0.67317,3e-05,3,Sydney,Wednesday
2026-01-21 02:01:17,Pepperstone Razor,XAUUSD,4773.15,4773.29,0.14,14,Sydney,Wednesday
2026-01-21 02:01:18,Pepperstone Razor,EURUSD,1.17247,1.17247,0.0,0,Sydney,Wednesday
2026-01-21 02:01:19,Pepperstone Razor,GBPUSD,1.34376,1.34379,3e-05,3,Sydney,Wednesday
2026-01-21 02:01:20,Pepperstone Razor,USDJPY,158.203,158.205,0.002,2,Sydney,Wednesday
2026-01-21 02:01:21,Pepperstone Razor,AUDUSD,0.6731,0.67311,1e-05,1,Sydney,Wednesday
2026-01-21 02:01:24,FusionMarkets Zero,XAUUSD,4773.35,4773.42,0.07,7,Sydney,Wednesday
2026-01-21 02:01:25,FusionMarkets Zero,EURUSD,1.17249,1.17249,0.0,0,Sydney,Wednesday
2026-01-21 02:01:26,FusionMarkets Zero,GBPUSD,1.34374,1.34374,0.0,0,Sydney,Wednesday
2026-01-21 02:01:27,FusionMarkets Zero,USDJPY,158.18,158.182,0.002,2,Sydney,Wednesday
2026-01-21 02:01:27,FusionMarkets Zero,AUDUSD,0.6731,0.6731,0.0,0,Sydney,Wednesday
2026-01-21 02:01:30,ThinkMarkets ThinkZero,XAUUSD,4772.81,4772.89,0.08,8,Sydney,Wednesday
2026-01-21 02:01:31,ThinkMarkets ThinkZero,EURUSD,1.17247,1.1725,3e-05,3,Sydney,Wednesday
2026-01-21 02:01:32,ThinkMarkets ThinkZero,GBPUSD,1.34369,1.34375,6e-05,6,Sydney,Wednesday
2026-01-21 02:01:33,ThinkMarkets ThinkZero,USDJPY,158.192,158.197,0.005,5,Sydney,Wednesday
2026-01-21 02:01:34,ThinkMarkets ThinkZero,AUDUSD,0.67308,0.67313,5e-05,5,Sydney,Wednesday
2026-01-21 02:01:37,ICMarkets Raw,XAUUSD,4773.16,4773.21,0.05,5,Sydney,Wednesday
2026-01-21 02:01:38,ICMarkets Raw,EURUSD,1.17253,1.17253,0.0,0,Sydney,Wednesday
2026-01-21 02:01:39,ICMarkets Raw,GBPUSD,1.34375,1.34376,1e-05,1,Sydney,Wednesday
2026-01-21 02:01:40,ICMarkets Raw,USDJPY,158.174,158.174,0.0,0,Sydney,Wednesday
2026-01-21 02:01:41,ICMarkets Raw,AUDUSD,0.6731,0.6731,0.0,0,Sydney,Wednesday
2026-01-21 02:01:44,VantageMarkets Raw,XAUUSD,4773.09,4773.17,0.08,8,Sydney,Wednesday
2026-01-21 02:01:45,VantageMarkets Raw,EURUSD,1.17251,1.17252,1e-05,1,Sydney,Wednesday
2026-01-21 02:01:46,VantageMarkets Raw,GBPUSD,1.34373,1.34377,4e-05,4,Sydney,Wednesday
2026-01-21 02:01:47,VantageMarkets Raw,USDJPY,158.173,158.18,0.007,7,Sydney,Wednesday
2026-01-21 02:01:47,VantageMarkets Raw,AUDUSD,0.67308,0.67311,3e-05,3,Sydney,Wednesday
2026-01-21 02:01:51,FPMarkets Raw,XAUUSD,4772.69,4772.76,0.07,7,Sydney,Wednesday
2026-01-21 02:01:51,FPMarkets Raw,EURUSD,1.17249,1.17251,2e-05,2,Sydney,Wednesday
2026-01-21 02:01:52,FPMarkets Raw,GBPUSD,1.34378,1.34383,5e-05,5,Sydney,Wednesday
2026-01-21 02:01:54,FPMarkets Raw,USDJPY,158.163,158.168,0.005,5,Sydney,Wednesday
2026-01-21 02:01:55,FPMarkets Raw,AUDUSD,0.67316,0.67319,3e-05,3,Sydney,Wednesday
2026-01-21 02:01:57,8Cap Raw,XAUUSD,4773.28,4773.44,0.16,16,Sydney,Wednesday
2026-01-21 02:01:58,8Cap Raw,EURUSD,1.17255,1.17256,1e-05,1,Sydney,Wednesday
2026-01-21 02:01:58,8Cap Raw,GBPUSD,1.34377,1.34381,4e-05,4,Sydney,Wednesday
2026-01-21 02:01:59,8Cap Raw,USDJPY,158.164,158.168,0.004,4,Sydney,Wednesday
2026-01-21 02:02:00,8Cap Raw,AUDUSD,0.67316,0.67319,3e-05,3,Sydney,Wednesday
2026-01-21 02:06:17,Pepperstone Razor,XAUUSD,4773.69,4773.84,0.15,15,Sydney,Wednesday
2026-01-21 02:06:18,Pepperstone Razor,EURUSD,1.17225,1.17225,0.0,0,Sydney,Wednesday
2026-01-21 02:06:19,Pepperstone Razor,GBPUSD,1.3436,1.34361,1e-05,1,Sydney,Wednesday
2026-01-21 02:06:20,Pepperstone Razor,USDJPY,158.188,158.189,0.001,1,Sydney,Wednesday
2026-01-21 02:06:20,Pepperstone Razor,AUDUSD,0.67307,0.67307,0.0,0,Sydney,Wednesday
2026-01-21 02:06:23,FusionMarkets Zero,XAUUSD,4773.78,4773.84,0.06,6,Sydney,Wednesday
2026-01-21 02:06:24,FusionMarkets Zero,EURUSD,1.17227,1.17227,0.0,0,Sydney,Wednesday
2026-01-21 02:06:25,FusionMarkets Zero,GBPUSD,1.34359,1.34359,0.0,0,Sydney,Wednesday
2026-01-21 02:06:26,FusionMarkets Zero,USDJPY,158.18,158.18,0.0,0,Sydney,Wednesday
2026-01-21 02:06:27,FusionMarkets Zero,AUDUSD,0.67307,0.67307,0.0,0,Sydney,Wednesday
2026-01-21 02:06:30,ThinkMarkets ThinkZero,XAUUSD,4774.3,4774.38,0.08,8,Sydney,Wednesday
2026-01-21 02:06:31,ThinkMarkets ThinkZero,EURUSD,1.17225,1.17228,3e-05,3,Sydney,Wednesday
2026-01-21 02:06:32,ThinkMarkets ThinkZero,GBPUSD,1.34356,1.34361,5e-05,5,Sydney,Wednesday
2026-01-21 02:06:33,ThinkMarkets ThinkZero,USDJPY,158.18,158.185,0.005,5,Sydney,Wednesday
2026-01-21 02:06:34,ThinkMarkets ThinkZero,AUDUSD,0.67306,0.67309,3e-05,3,Sydney,Wednesday
2026-01-21 02:06:37,ICMarkets Raw,XAUUSD,4773.97,4774.02,0.05,5,Sydney,Wednesday
2026-01-21 02:06:38,ICMarkets Raw,EURUSD,1.17228,1.17229,1e-05,1,Sydney,Wednesday
2026-01-21 02:06:39,ICMarkets Raw,GBPUSD,1.3436,1.34361,1e-05,1,Sydney,Wednesday
2026-01-21 02:06:40,ICMarkets Raw,USDJPY,158.205,158.207,0.002,2,Sydney,Wednesday
2026-01-21 02:06:41,ICMarkets Raw,AUDUSD,0.67307,0.67307,0.0,0,Sydney,Wednesday
2026-01-21 02:06:44,VantageMarkets Raw,XAUUSD,4774.06,4774.14,0.08,8,Sydney,Wednesday
2026-01-21 02:06:44,VantageMarkets Raw,EURUSD,1.17227,1.17227,0.0,0,Sydney,Wednesday
2026-01-21 02:06:45,VantageMarkets Raw,GBPUSD,1.3436,1.3436,0.0,0,Sydney,Wednesday
2026-01-21 02:06:46,VantageMarkets Raw,USDJPY,158.192,158.193,0.001,1,Sydney,Wednesday
2026-01-21 02:06:47,VantageMarkets Raw,AUDUSD,0.67305,0.67308,3e-05,3,Sydney,Wednesday
2026-01-21 02:06:50,FPMarkets Raw,XAUUSD,4774.53,4774.6,0.07,7,Sydney,Wednesday
2026-01-21 02:06:51,FPMarkets Raw,EURUSD,1.17226,1.17227,1e-05,1,Sydney,Wednesday
2026-01-21 02:06:52,FPMarkets Raw,GBPUSD,1.3436,1.3436,0.0,0,Sydney,Wednesday
2026-01-21 02:06:54,FPMarkets Raw,USDJPY,158.179,158.183,0.004,4,Sydney,Wednesday
2026-01-21 02:06:55,FPMarkets Raw,AUDUSD,0.67305,0.67308,3e-05,3,Sydney,Wednesday
2026-01-21 02:06:56,8Cap Raw,XAUUSD,4774.25,4774.41,0.16,16,Sydney,Wednesday
2026-01-21 02:06:57,8Cap Raw,EURUSD,1.17228,1.17229,1e-05,1,Sydney,Wednesday
2026-01-21 02:06:58,8Cap Raw,GBPUSD,1.34358,1.34359,1e-05,1,Sydney,Wednesday
2026-01-21 02:06:58,8Cap Raw,USDJPY,158.204,158.205,0.001,1,Sydney,Wednesday
2026-01-21 02:06:59,8Cap Raw,AUDUSD,0.67305,0.67309,4e-05,4,Sydney,Wednesday
2026-01-21 02:11:17,Pepperstone Razor,XAUUSD,4776.17,4776.39,0.22,22,Sydney,Wednesday
2026-01-21 02:11:18,Pepperstone Razor,EURUSD,1.17244,1.17244,0.0,0,Sydney,Wednesday
2026-01-21 02:11:19,Pepperstone Razor,GBPUSD,1.34374,1.34374,0.0,0,Sydney,Wednesday
2026-01-21 02:11:20,Pepperstone Razor,USDJPY,158.19,158.193,0.003,3,Sydney,Wednesday
2026-01-21 02:11:21,Pepperstone Razor,AUDUSD,0.67319,0.6732,1e-05,1,Sydney,Wednesday
2026-01-21 02:11:23,FusionMarkets Zero,XAUUSD,4776.74,4776.9,0.16,16,Sydney,Wednesday
2026-01-21 02:11:24,FusionMarkets Zero,EURUSD,1.17245,1.17245,0.0,0,Sydney,Wednesday
2026-01-21 02:11:25,FusionMarkets Zero,GBPUSD,1.34377,1.34377,0.0,0,Sydney,Wednesday
2026-01-21 02:11:26,FusionMarkets Zero,USDJPY,158.181,158.182,0.001,1,Sydney,Wednesday
2026-01-21 02:11:27,FusionMarkets Zero,AUDUSD,0.67318,0.67318,0.0,0,Sydney,Wednesday
2026-01-21 02:11:30,ThinkMarkets ThinkZero,XAUUSD,4776.77,4776.85,0.08,8,Sydney,Wednesday
2026-01-21 02:11:31,ThinkMarkets ThinkZero,EURUSD,1.17244,1.17246,2e-05,2,Sydney,Wednesday
2026-01-21 02:11:32,ThinkMarkets ThinkZero,GBPUSD,1.34372,1.34378,6e-05,6,Sydney,Wednesday
2026-01-21 02:11:33,ThinkMarkets ThinkZero,USDJPY,158.181,158.185,0.004,4,Sydney,Wednesday
2026-01-21 02:11:34,ThinkMarkets ThinkZero,AUDUSD,0.67318,0.67321,3e-05,3,Sydney,Wednesday
2026-01-21 02:11:37,ICMarkets Raw,XAUUSD,4776.05,4776.17,0.12,12,Sydney,Wednesday
2026-01-21 02:11:38,ICMarkets Raw,EURUSD,1.17247,1.17247,0.0,0,Sydney,Wednesday
2026-01-21 02:11:39,ICMarkets Raw,GBPUSD,1.34377,1.34379,2e-05,2,Sydney,Wednesday
2026-01-21 02:11:40,ICMarkets Raw,USDJPY,158.192,158.192,0.0,0,Sydney,Wednesday
2026-01-21 02:11:41,ICMarkets Raw,AUDUSD,0.6732,0.6732,0.0,0,Sydney,Wednesday
2026-01-21 02:11:43,VantageMarkets Raw,XAUUSD,4776.32,4776.4,0.08,8,Sydney,Wednesday
2026-01-21 02:11:44,VantageMarkets Raw,EURUSD,1.17246,1.17247,1e-05,1,Sydney,Wednesday
2026-01-21 02:11:45,VantageMarkets Raw,GBPUSD,1.34375,1.34375,0.0,0,Sydney,Wednesday
2026-01-21 02:11:46,VantageMarkets Raw,USDJPY,158.203,158.203,0.0,0,Sydney,Wednesday
2026-01-21 02:11:47,VantageMarkets Raw,AUDUSD,0.67319,0.67322,3e-05,3,Sydney,Wednesday
2026-01-21 02:11:50,FPMarkets Raw,XAUUSD,4776.03,4776.1,0.07,7,Sydney,Wednesday
2026-01-21 02:11:51,FPMarkets Raw,EURUSD,1.17237,1.17237,0.0,0,Sydney,Wednesday
2026-01-21 02:11:52,FPMarkets Raw,GBPUSD,1.34371,1.34376,5e-05,5,Sydney,Wednesday
2026-01-21 02:11:53,FPMarkets Raw,USDJPY,158.216,158.221,0.005,5,Sydney,Wednesday
2026-01-21 02:11:54,FPMarkets Raw,AUDUSD,0.67317,0.6732,3e-05,3,Sydney,Wednesday
2026-01-21 02:11:56,8Cap Raw,XAUUSD,4776.53,4776.69,0.16,16,Sydney,Wednesday
2026-01-21 02:11:57,8Cap Raw,EURUSD,1.17236,1.17237,1e-05,1,Sydney,Wednesday
2026-01-21 02:11:58,8Cap Raw,GBPUSD,1.34367,1.34368,1e-05,1,Sydney,Wednesday
2026-01-21 02:11:58,8Cap Raw,USDJPY,158.227,158.228,0.001,1,Sydney,Wednesday
2026-01-21 02:11:59,8Cap Raw,AUDUSD,0.67316,0.6732,4e-05,4,Sydney,Wednesday
2026-01-21 02:16:17,Pepperstone Razor,XAUUSD,4776.3,4776.52,0.22,22,Sydney,Wednesday
2026-01-21 02:16:18,Pepperstone Razor,EURUSD,1.17226,1.17226,0.0,0,Sydney,Wednesday
2026-01-21 02:16:19,Pepperstone Razor,GBPUSD,1.3436,1.34363,3e-05,3,Sydney,Wednesday
2026-01-21 02:16:20,Pepperstone Razor,USDJPY,158.225,158.228,0.003,3,Sydney,Wednesday
2026-01-21 02:16:21,Pepperstone Razor,AUDUSD,0.67311,0.67311,0.0,0,Sydney,Wednesday
2026-01-21 02:16:24,FusionMarkets Zero,XAUUSD,4776.54,4776.69,0.15,15,Sydney,Wednesday
2026-01-21 02:16:25,FusionMarkets Zero,EURUSD,1.17225,1.17225,0.0,0,Sydney,Wednesday
2026-01-21 02:16:26,FusionMarkets Zero,GBPUSD,1.34364,1.34364,0.0,0,Sydney,Wednesday
2026-01-21 02:16:27,FusionMarkets Zero,USDJPY,158.225,158.225,0.0,0,Sydney,Wednesday
2026-01-21 02:16:28,FusionMarkets Zero,AUDUSD,0.6731,0.6731,0.0,0,Sydney,Wednesday
2026-01-21 02:16:31,ThinkMarkets ThinkZero,XAUUSD,4775.93,4776.01,0.08,8,Sydney,Wednesday
2026-01-21 02:16:32,ThinkMarkets ThinkZero,EURUSD,1.17222,1.17226,4e-05,4,Sydney,Wednesday
2026-01-21 02:16:32,ThinkMarkets ThinkZero,GBPUSD,1.34358,1.34362,4e-05,4,Sydney,Wednesday
2026-01-21 02:16:33,ThinkMarkets ThinkZero,USDJPY,158.227,158.23,0.003,3,Sydney,Wednesday
2026-01-21 02:16:35,ThinkMarkets ThinkZero,AUDUSD,0.67308,0.67311,3e-05,3,Sydney,Wednesday
2026-01-21 02:16:38,ICMarkets Raw,XAUUSD,4775.46,4775.58,0.12,12,Sydney,Wednesday
2026-01-21 02:16:38,ICMarkets Raw,EURUSD,1.17225,1.17225,0.0,0,Sydney,Wednesday
2026-01-21 02:16:39,ICMarkets Raw,GBPUSD,1.34363,1.34364,1e-05,1,Sydney,Wednesday
2026-01-21 02:16:40,ICMarkets Raw,USDJPY,158.239,158.239,0.0,0,Sydney,Wednesday
2026-01-21 02:16:41,ICMarkets Raw,AUDUSD,0.67308,0.6731,2e-05,2,Sydney,Wednesday
2026-01-21 02:16:44,VantageMarkets Raw,XAUUSD,4775.56,4775.64,0.08,8,Sydney,Wednesday
2026-01-21 02:16:45,VantageMarkets Raw,EURUSD,1.17226,1.17227,1e-05,1,Sydney,Wednesday
2026-01-21 02:16:46,VantageMarkets Raw,GBPUSD,1.34362,1.34362,0.0,0,Sydney,Wednesday
2026-01-21 02:16:47,VantageMarkets Raw,USDJPY,158.253,158.254,0.001,1,Sydney,Wednesday
2026-01-21 02:16:47,VantageMarkets Raw,AUDUSD,0.67309,0.67313,4e-05,4,Sydney,Wednesday
2026-01-21 02:16:50,FPMarkets Raw,XAUUSD,4776.32,4776.39,0.07,7,Sydney,Wednesday
2026-01-21 02:16:51,FPMarkets Raw,EURUSD,1.1723,1.17232,2e-05,2,Sydney,Wednesday
2026-01-21 02:16:52,FPMarkets Raw,GBPUSD,1.34365,1.34365,0.0,0,Sydney,Wednesday
2026-01-21 02:16:54,FPMarkets Raw,USDJPY,158.25,158.254,0.004,4,Sydney,Wednesday
2026-01-21 02:16:55,FPMarkets Raw,AUDUSD,0.67312,0.67315,3e-05,3,Sydney,Wednesday
2026-01-21 02:16:57,8Cap Raw,XAUUSD,4776.31,4776.47,0.16,16,Sydney,Wednesday
2026-01-21 02:16:58,8Cap Raw,EURUSD,1.17225,1.17227,2e-05,2,Sydney,Wednesday
2026-01-21 02:16:58,8Cap Raw,GBPUSD,1.34365,1.34366,1e-05,1,Sydney,Wednesday
2026-01-21 02:16:59,8Cap Raw,USDJPY,158.251,158.252,0.001,1,Sydney,Wednesday
2026-01-21 02:17:00,8Cap Raw,AUDUSD,0.67312,0.67316,4e-05,4,Sydney,Wednesday
2026-01-21 02:21:17,Pepperstone Razor,XAUUSD,4776.24,4776.37,0.13,13,Sydney,Wednesday
2026-01-21 02:21:18,Pepperstone Razor,EURUSD,1.17214,1.17214,0.0,0,Sydney,Wednesday
2026-01-21 02:21:19,Pepperstone Razor,GBPUSD,1.34358,1.34358,0.0,0,Sydney,Wednesday
2026-01-21 02:21:20,Pepperstone Razor,USDJPY,158.23,158.233,0.003,3,Sydney,Wednesday
2026-01-21 02:21:21,Pepperstone Razor,AUDUSD,0.67314,0.67314,0.0,0,Sydney,Wednesday
2026-01-21 02:21:24,FusionMarkets Zero,XAUUSD,4776.45,4776.56,0.11,11,Sydney,Wednesday
2026-01-21 02:21:25,FusionMarkets Zero,EURUSD,1.17214,1.17214,0.0,0,Sydney,Wednesday
2026-01-21 02:21:26,FusionMarkets Zero,GBPUSD,1.34355,1.34355,0.0,0,Sydney,Wednesday
2026-01-21 02:21:27,FusionMarkets Zero,USDJPY,158.236,158.236,0.0,0,Sydney,Wednesday
2026-01-21 02:21:28,FusionMarkets Zero,AUDUSD,0.67314,0.67314,0.0,0,Sydney,Wednesday
2026-01-21 02:21:31,ThinkMarkets ThinkZero,XAUUSD,4776.13,4776.21,0.08,8,Sydney,Wednesday
2026-01-21 02:21:31,ThinkMarkets ThinkZero,EURUSD,1.17214,1.17216,2e-05,2,Sydney,Wednesday
2026-01-21 02:21:32,ThinkMarkets ThinkZero,GBPUSD,1.34352,1.34359,7e-05,7,Sydney,Wednesday
2026-01-21 02:21:33,ThinkMarkets ThinkZero,USDJPY,158.228,158.231,0.003,3,Sydney,Wednesday
2026-01-21 02:21:34,ThinkMarkets ThinkZero,AUDUSD,0.67311,0.67315,4e-05,4,Sydney,Wednesday
2026-01-21 02:21:37,ICMarkets Raw,XAUUSD,4776.29,4776.34,0.05,5,Sydney,Wednesday
2026-01-21 02:21:38,ICMarkets Raw,EURUSD,1.17216,1.17216,0.0,0,Sydney,Wednesday
2026-01-21 02:21:39,ICMarkets Raw,GBPUSD,1.34356,1.34357,1e-05,1,Sydney,Wednesday
2026-01-21 02:21:40,ICMarkets Raw,USDJPY,158.23,158.23,0.0,0,Sydney,Wednesday
2026-01-21 02:21:41,ICMarkets Raw,AUDUSD,0.67311,0.67311,0.0,0,Sydney,Wednesday
2026-01-21 02:21:44,VantageMarkets Raw,XAUUSD,4776.26,4776.34,0.08,8,Sydney,Wednesday
2026-01-21 02:21:44,VantageMarkets Raw,EURUSD,1.17214,1.17215,1e-05,1,Sydney,Wednesday
2026-01-21 02:21:45,VantageMarkets Raw,GBPUSD,1.34354,1.34354,0.0,0,Sydney,Wednesday
2026-01-21 02:21:46,VantageMarkets Raw,USDJPY,158.232,158.233,0.001,1,Sydney,Wednesday
2026-01-21 02:21:47,VantageMarkets Raw,AUDUSD,0.6731,0.67312,2e-05,2,Sydney,Wednesday
2026-01-21 02:21:50,FPMarkets Raw,XAUUSD,4776.47,4776.54,0.07,7,Sydney,Wednesday
2026-01-21 02:21:51,FPMarkets Raw,EURUSD,1.17216,1.17217,1e-05,1,Sydney,Wednesday
2026-01-21 02:21:52,FPMarkets Raw,GBPUSD,1.34356,1.34359,3e-05,3,Sydney,Wednesday
2026-01-21 02:21:54,FPMarkets Raw,USDJPY,158.228,158.232,0.004,4,Sydney,Wednesday
2026-01-21 02:21:55,FPMarkets Raw,AUDUSD,0.67311,0.67314,3e-05,3,Sydney,Wednesday
2026-01-21 02:21:56,8Cap Raw,XAUUSD,4776.37,4776.53,0.16,16,Sydney,Wednesday
2026-01-21 02:21:57,8Cap Raw,EURUSD,1.17215,1.17216,1e-05,1,Sydney,Wednesday
2026-01-21 02:21:58,8Cap Raw,GBPUSD,1.34357,1.34358,1e-05,1,Sydney,Wednesday
2026-01-21 02:21:58,8Cap Raw,USDJPY,158.229,158.23,0.001,1,Sydney,Wednesday
2026-01-21 02:21:59,8Cap Raw,AUDUSD,0.67312,0.67315,3e-05,3,Sydney,Wednesday
2026-01-21 02:26:17,Pepperstone Razor,XAUUSD,4774.81,4774.97,0.16,16,Sydney,Wednesday
2026-01-21 02:26:18,Pepperstone Razor,EURUSD,1.17194,1.17194,0.0,0,Sydney,Wednesday
2026-01-21 02:26:19,Pepperstone Razor,GBPUSD,1.34339,1.34342,3e-05,3,Sydney,Wednesday
2026-01-21 02:26:20,Pepperstone Razor,USDJPY,158.239,158.243,0.004,4,Sydney,Wednesday
2026-01-21 02:26:21,Pepperstone Razor,AUDUSD,0.67319,0.6732,1e-05,1,Sydney,Wednesday
2026-01-21 02:26:24,FusionMarkets Zero,XAUUSD,4775.53,4775.61,0.08,8,Sydney,Wednesday
2026-01-21 02:26:25,FusionMarkets Zero,EURUSD,1.17197,1.17197,0.0,0,Sydney,Wednesday
2026-01-21 02:26:26,FusionMarkets Zero,GBPUSD,1.34347,1.34347,0.0,0,Sydney,Wednesday
2026-01-21 02:26:27,FusionMarkets Zero,USDJPY,158.235,158.235,0.0,0,Sydney,Wednesday
2026-01-21 02:26:28,FusionMarkets Zero,AUDUSD,0.67321,0.67321,0.0,0,Sydney,Wednesday
2026-01-21 02:26:31,ThinkMarkets ThinkZero,XAUUSD,4775.49,4775.57,0.08,8,Sydney,Wednesday
2026-01-21 02:26:32,ThinkMarkets ThinkZero,EURUSD,1.17196,1.17198,2e-05,2,Sydney,Wednesday
2026-01-21 02:26:32,ThinkMarkets ThinkZero,GBPUSD,1.34342,1.34349,7e-05,7,Sydney,Wednesday
2026-01-21 02:26:33,ThinkMarkets ThinkZero,USDJPY,158.23,158.236,0.006,6,Sydney,Wednesday
2026-01-21 02:26:35,ThinkMarkets ThinkZero,AUDUSD,0.67319,0.67324,5e-05,5,Sydney,Wednesday
2026-01-21 02:26:37,ICMarkets Raw,XAUUSD,4775.26,4775.31,0.05,5,Sydney,Wednesday
2026-01-21 02:26:38,ICMarkets Raw,EURUSD,1.17198,1.17198,0.0,0,Sydney,Wednesday
2026-01-21 02:26:39,ICMarkets Raw,GBPUSD,1.34347,1.34348,1e-05,1,Sydney,Wednesday
2026-01-21 02:26:40,ICMarkets Raw,USDJPY,158.226,158.227,0.001,1,Sydney,Wednesday
2026-01-21 02:26:41,ICMarkets Raw,AUDUSD,0.67321,0.67322,1e-05,1,Sydney,Wednesday
2026-01-21 02:26:44,VantageMarkets Raw,XAUUSD,4776.14,4776.22,0.08,8,Sydney,Wednesday
2026-01-21 02:26:45,VantageMarkets Raw,EURUSD,1.17199,1.17199,0.0,0,Sydney,Wednesday
2026-01-21 02:26:46,VantageMarkets Raw,GBPUSD,1.34347,1.34347,0.0,0,Sydney,Wednesday
2026-01-21 02:26:47,VantageMarkets Raw,USDJPY,158.226,158.226,0.0,0,Sydney,Wednesday
2026-01-21 02:26:48,VantageMarkets Raw,AUDUSD,0.6732,0.67323,3e-05,3,Sydney,Wednesday
2026-01-21 02:26:51,FPMarkets Raw,XAUUSD,4776.19,4776.26,0.07,7,Sydney,Wednesday
2026-01-21 02:26:52,FPMarkets Raw,EURUSD,1.17198,1.17199,1e-05,1,Sydney,Wednesday
2026-01-21 02:26:52,FPMarkets Raw,GBPUSD,1.34344,1.34349,5e-05,5,Sydney,Wednesday
2026-01-21 02:26:54,FPMarkets Raw,USDJPY,158.215,158.219,0.004,4,Sydney,Wednesday
2026-01-21 02:26:55,FPMarkets Raw,AUDUSD,0.67321,0.67324,3e-05,3,Sydney,Wednesday
2026-01-21 02:26:57,8Cap Raw,XAUUSD,4776.35,4776.51,0.16,16,Sydney,Wednesday
2026-01-21 02:26:57,8Cap Raw,EURUSD,1.17199,1.17199,0.0,0,Sydney,Wednesday
2026-01-21 02:26:58,8Cap Raw,GBPUSD,1.34347,1.34348,1e-05,1,Sydney,Wednesday
2026-01-21 02:26:59,8Cap Raw,USDJPY,158.215,158.216,0.001,1,Sydney,Wednesday
2026-01-21 02:26:59,8Cap Raw,AUDUSD,0.67321,0.67325,4e-05,4,Sydney,Wednesday
2026-01-21 02:31:18,Pepperstone Razor,XAUUSD,4779.6,4779.85,0.25,25,Sydney,Wednesday
2026-01-21 02:31:19,Pepperstone Razor,EURUSD,1.17212,1.17212,0.0,0,Sydney,Wednesday
2026-01-21 02:31:20,Pepperstone Razor,GBPUSD,1.34368,1.3437,2e-05,2,Sydney,Wednesday
2026-01-21 02:31:21,Pepperstone Razor,USDJPY,158.204,158.206,0.002,2,Sydney,Wednesday
2026-01-21 02:31:22,Pepperstone Razor,AUDUSD,0.67334,0.67334,0.0,0,Sydney,Wednesday
2026-01-21 02:31:25,FusionMarkets Zero,XAUUSD,4779.86,4780.03,0.17,17,Sydney,Wednesday
2026-01-21 02:31:26,FusionMarkets Zero,EURUSD,1.17211,1.17211,0.0,0,Sydney,Wednesday
2026-01-21 02:31:27,FusionMarkets Zero,GBPUSD,1.34367,1.34367,0.0,0,Sydney,Wednesday
2026-01-21 02:31:28,FusionMarkets Zero,USDJPY,158.194,158.194,0.0,0,Sydney,Wednesday
2026-01-21 02:31:28,FusionMarkets Zero,AUDUSD,0.67327,0.67327,0.0,0,Sydney,Wednesday
2026-01-21 02:31:32,ThinkMarkets ThinkZero,XAUUSD,4779.46,4779.54,0.08,8,Sydney,Wednesday
2026-01-21 02:31:33,ThinkMarkets ThinkZero,EURUSD,1.17209,1.17211,2e-05,2,Sydney,Wednesday
2026-01-21 02:31:33,ThinkMarkets ThinkZero,GBPUSD,1.34361,1.3437,9e-05,9,Sydney,Wednesday
2026-01-21 02:31:34,ThinkMarkets ThinkZero,USDJPY,158.191,158.196,0.005,5,Sydney,Wednesday
2026-01-21 02:31:35,ThinkMarkets ThinkZero,AUDUSD,0.67323,0.67326,3e-05,3,Sydney,Wednesday
2026-01-21 02:31:38,ICMarkets Raw,XAUUSD,4779.66,4779.78,0.12,12,Sydney,Wednesday
2026-01-21 02:31:39,ICMarkets Raw,EURUSD,1.17206,1.17206,0.0,0,Sydney,Wednesday
2026-01-21 02:31:40,ICMarkets Raw,GBPUSD,1.34366,1.34367,1e-05,1,Sydney,Wednesday
2026-01-21 02:31:41,ICMarkets Raw,USDJPY,158.204,158.205,0.001,1,Sydney,Wednesday
2026-01-21 02:31:42,ICMarkets Raw,AUDUSD,0.67322,0.67324,2e-05,2,Sydney,Wednesday
2026-01-21 02:31:45,VantageMarkets Raw,XAUUSD,4779.52,4779.6,0.08,8,Sydney,Wednesday
2026-01-21 02:31:46,VantageMarkets Raw,EURUSD,1.17204,1.17206,2e-05,2,Sydney,Wednesday
2026-01-21 02:31:47,VantageMarkets Raw,GBPUSD,1.34366,1.34366,0.0,0,Sydney,Wednesday
2026-01-21 02:31:48,VantageMarkets Raw,USDJPY,158.201,158.201,0.0,0,Sydney,Wednesday
2026-01-21 02:31:48,VantageMarkets Raw,AUDUSD,0.67323,0.67327,4e-05,4,Sydney,Wednesday
2026-01-21 02:31:52,FPMarkets Raw,XAUUSD,4779.0,4779.07,0.07,7,Sydney,Wednesday
2026-01-21 02:31:53,FPMarkets Raw,EURUSD,1.17205,1.17206,1e-05,1,Sydney,Wednesday
2026-01-21 02:31:54,FPMarkets Raw,GBPUSD,1.34365,1.3437,5e-05,5,Sydney,Wednesday
2026-01-21 02:31:55,FPMarkets Raw,USDJPY,158.202,158.206,0.004,4,Sydney,Wednesday
2026-01-21 02:31:56,FPMarkets Raw,AUDUSD,0.67329,0.67332,3e-05,3,Sydney,Wednesday
2026-01-21 02:31:58,8Cap Raw,XAUUSD,4779.02,4779.18,0.16,16,Sydney,Wednesday
2026-01-21 02:31:58,8Cap Raw,EURUSD,1.17206,1.17206,0.0,0,Sydney,Wednesday
2026-01-21 02:31:59,8Cap Raw,GBPUSD,1.34365,1.34366,1e-05,1,Sydney,Wednesday
2026-01-21 02:32:00,8Cap Raw,USDJPY,158.207,158.208,0.001,1,Sydney,Wednesday
2026-01-21 02:32:00,8Cap Raw,AUDUSD,0.6733,0.67334,4e-05,4,Sydney,Wednesday
2026-01-21 02:36:18,Pepperstone Razor,XAUUSD,4781.2,4781.35,0.15,15,Sydney,Wednesday
2026-01-21 02:36:19,Pepperstone Razor,EURUSD,1.17206,1.17206,0.0,0,Sydney,Wednesday
2026-01-21 02:36:20,Pepperstone Razor,GBPUSD,1.3438,1.34383,3e-05,3,Sydney,Wednesday
2026-01-21 02:36:21,Pepperstone Razor,USDJPY,158.154,158.156,0.002,2,Sydney,Wednesday
2026-01-21 02:36:21,Pepperstone Razor,AUDUSD,0.67326,0.67328,2e-05,2,Sydney,Wednesday
2026-01-21 02:36:25,FusionMarkets Zero,XAUUSD,4781.28,4781.39,0.11,11,Sydney,Wednesday
2026-01-21 02:36:26,FusionMarkets Zero,EURUSD,1.17206,1.17206,0.0,0,Sydney,Wednesday
2026-01-21 02:36:27,FusionMarkets Zero,GBPUSD,1.34379,1.34379,0.0,0,Sydney,Wednesday
2026-01-21 02:36:28,FusionMarkets Zero,USDJPY,158.157,158.157,0.0,0,Sydney,Wednesday
2026-01-21 02:36:29,FusionMarkets Zero,AUDUSD,0.67327,0.67327,0.0,0,Sydney,Wednesday
2026-01-21 02:36:32,ThinkMarkets ThinkZero,XAUUSD,4781.13,4781.21,0.08,8,Sydney,Wednesday
2026-01-21 02:36:33,ThinkMarkets ThinkZero,EURUSD,1.17203,1.17204,1e-05,1,Sydney,Wednesday
2026-01-21 02:36:34,ThinkMarkets ThinkZero,GBPUSD,1.34374,1.34378,4e-05,4,Sydney,Wednesday
2026-01-21 02:36:35,ThinkMarkets ThinkZero,USDJPY,158.156,158.16,0.004,4,Sydney,Wednesday
2026-01-21 02:36:36,ThinkMarkets ThinkZero,AUDUSD,0.67324,0.67328,4e-05,4,Sydney,Wednesday
2026-01-21 02:36:39,ICMarkets Raw,XAUUSD,4780.31,4780.43,0.12,12,Sydney,Wednesday
2026-01-21 02:36:40,ICMarkets Raw,EURUSD,1.17205,1.17205,0.0,0,Sydney,Wednesday
2026-01-21 02:36:41,ICMarkets Raw,GBPUSD,1.34379,1.3438,1e-05,1,Sydney,Wednesday
2026-01-21 02:36:42,ICMarkets Raw,USDJPY,158.156,158.156,0.0,0,Sydney,Wednesday
2026-01-21 02:36:43,ICMarkets Raw,AUDUSD,0.67327,0.67327,0.0,0,Sydney,Wednesday
2026-01-21 02:36:45,VantageMarkets Raw,XAUUSD,4780.06,4780.14,0.08,8,Sydney,Wednesday
2026-01-21 02:36:46,VantageMarkets Raw,EURUSD,1.17205,1.17206,1e-05,1,Sydney,Wednesday
2026-01-21 02:36:47,VantageMarkets Raw,GBPUSD,1.34376,1.34376,0.0,0,Sydney,Wednesday
2026-01-21 02:36:48,VantageMarkets Raw,USDJPY,158.156,158.156,0.0,0,Sydney,Wednesday
2026-01-21 02:36:49,VantageMarkets Raw,AUDUSD,0.67328,0.67332,4e-05,4,Sydney,Wednesday
2026-01-21 02:36:52,FPMarkets Raw,XAUUSD,4780.34,4780.41,0.07,7,Sydney,Wednesday
2026-01-21 02:36:53,FPMarkets Raw,EURUSD,1.17205,1.17206,1e-05,1,Sydney,Wednesday
2026-01-21 02:36:54,FPMarkets Raw,GBPUSD,1.34376,1.34377,1e-05,1,Sydney,Wednesday
2026-01-21 02:36:55,FPMarkets Raw,USDJPY,158.154,158.158,0.004,4,Sydney,Wednesday
2026-01-21 02:36:56,FPMarkets Raw,AUDUSD,0.67328,0.67332,4e-05,4,Sydney,Wednesday
2026-01-21 02:36:58,8Cap Raw,XAUUSD,4780.52,4780.68,0.16,16,Sydney,Wednesday
2026-01-21 02:36:59,8Cap Raw,EURUSD,1.17206,1.17206,0.0,0,Sydney,Wednesday
2026-01-21 02:37:00,8Cap Raw,GBPUSD,1.34377,1.34378,1e-05,1,Sydney,Wednesday
2026-01-21 02:37:00,8Cap Raw,USDJPY,158.156,158.157,0.001,1,Sydney,Wednesday
2026-01-21 02:37:01,8Cap Raw,AUDUSD,0.67328,0.67332,4e-05,4,Sydney,Wednesday
2026-01-21 02:41:18,Pepperstone Razor,XAUUSD,4783.62,4783.78,0.16,16,Sydney,Wednesday
2026-01-21 02:41:19,Pepperstone Razor,EURUSD,1.17191,1.17191,0.0,0,Sydney,Wednesday
2026-01-21 02:41:20,Pepperstone Razor,GBPUSD,1.34356,1.34359,3e-05,3,Sydney,Wednesday
2026-01-21 02:41:21,Pepperstone Razor,USDJPY,158.242,158.243,0.001,1,Sydney,Wednesday
2026-01-21 02:41:22,Pepperstone Razor,AUDUSD,0.67318,0.67319,1e-05,1,Sydney,Wednesday
2026-01-21 02:41:25,FusionMarkets Zero,XAUUSD,4782.94,4783.06,0.12,12,Sydney,Wednesday
2026-01-21 02:41:26,FusionMarkets Zero,EURUSD,1.1719,1.1719,0.0,0,Sydney,Wednesday
2026-01-21 02:41:27,FusionMarkets Zero,GBPUSD,1.34355,1.34355,0.0,0,Sydney,Wednesday
2026-01-21 02:41:28,FusionMarkets Zero,USDJPY,158.244,158.245,0.001,1,Sydney,Wednesday
2026-01-21 02:41:29,FusionMarkets Zero,AUDUSD,0.6732,0.6732,0.0,0,Sydney,Wednesday
2026-01-21 02:41:32,ThinkMarkets ThinkZero,XAUUSD,4782.46,4782.54,0.08,8,Sydney,Wednesday
2026-01-21 02:41:33,ThinkMarkets ThinkZero,EURUSD,1.17188,1.1719,2e-05,2,Sydney,Wednesday
2026-01-21 02:41:34,ThinkMarkets ThinkZero,GBPUSD,1.34353,1.3436,7e-05,7,Sydney,Wednesday
2026-01-21 02:41:35,ThinkMarkets ThinkZero,USDJPY,158.244,158.246,0.002,2,Sydney,Wednesday
2026-01-21 02:41:36,ThinkMarkets ThinkZero,AUDUSD,0.67317,0.67321,4e-05,4,Sydney,Wednesday
2026-01-21 02:41:40,ICMarkets Raw,XAUUSD,4782.95,4783.02,0.07,7,Sydney,Wednesday
2026-01-21 02:41:41,ICMarkets Raw,EURUSD,1.17189,1.17189,0.0,0,Sydney,Wednesday
2026-01-21 02:41:42,ICMarkets Raw,GBPUSD,1.34358,1.34359,1e-05,1,Sydney,Wednesday
2026-01-21 02:41:43,ICMarkets Raw,USDJPY,158.243,158.243,0.0,0,Sydney,Wednesday
2026-01-21 02:41:43,ICMarkets Raw,AUDUSD,0.6732,0.6732,0.0,0,Sydney,Wednesday
2026-01-21 02:41:46,VantageMarkets Raw,XAUUSD,4782.63,4782.71,0.08,8,Sydney,Wednesday
2026-01-21 02:41:47,VantageMarkets Raw,EURUSD,1.17189,1.1719,1e-05,1,Sydney,Wednesday
2026-01-21 02:41:48,VantageMarkets Raw,GBPUSD,1.34358,1.34358,0.0,0,Sydney,Wednesday
2026-01-21 02:41:49,VantageMarkets Raw,USDJPY,158.244,158.245,0.001,1,Sydney,Wednesday
2026-01-21 02:41:50,VantageMarkets Raw,AUDUSD,0.67324,0.67328,4e-05,4,Sydney,Wednesday
2026-01-21 02:41:53,FPMarkets Raw,XAUUSD,4782.76,4782.83,0.07,7,Sydney,Wednesday
2026-01-21 02:41:54,FPMarkets Raw,EURUSD,1.1719,1.17191,1e-05,1,Sydney,Wednesday
2026-01-21 02:41:55,FPMarkets Raw,GBPUSD,1.34358,1.34363,5e-05,5,Sydney,Wednesday
2026-01-21 02:41:57,FPMarkets Raw,USDJPY,158.245,158.249,0.004,4,Sydney,Wednesday
2026-01-21 02:41:58,FPMarkets Raw,AUDUSD,0.67327,0.6733,3e-05,3,Sydney,Wednesday
2026-01-21 02:42:00,8Cap Raw,XAUUSD,4782.67,4782.83,0.16,16,Sydney,Wednesday
2026-01-21 02:42:00,8Cap Raw,EURUSD,1.1719,1.17191,1e-05,1,Sydney,Wednesday
2026-01-21 02:42:01,8Cap Raw,GBPUSD,1.34359,1.3436,1e-05,1,Sydney,Wednesday
2026-01-21 02:42:02,8Cap Raw,USDJPY,158.243,158.244,0.001,1,Sydney,Wednesday
2026-01-21 02:42:02,8Cap Raw,AUDUSD,0.67326,0.67328,2e-05,2,Sydney,Wednesday
2026-01-21 02:46:18,Pepperstone Razor,XAUUSD,4782.97,4783.17,0.2,20,Sydney,Wednesday
2026-01-21 02:46:19,Pepperstone Razor,EURUSD,1.17182,1.17182,0.0,0,Sydney,Wednesday
2026-01-21 02:46:20,Pepperstone Razor,GBPUSD,1.34344,1.34345,1e-05,1,Sydney,Wednesday
2026-01-21 02:46:21,Pepperstone Razor,USDJPY,158.257,158.258,0.001,1,Sydney,Wednesday
2026-01-21 02:46:21,Pepperstone Razor,AUDUSD,0.67306,0.67306,0.0,0,Sydney,Wednesday
2026-01-21 02:46:25,FusionMarkets Zero,XAUUSD,4783.25,4783.36,0.11,11,Sydney,Wednesday
2026-01-21 02:46:26,FusionMarkets Zero,EURUSD,1.17181,1.17181,0.0,0,Sydney,Wednesday
2026-01-21 02:46:27,FusionMarkets Zero,GBPUSD,1.34342,1.34342,0.0,0,Sydney,Wednesday
2026-01-21 02:46:28,FusionMarkets Zero,USDJPY,158.245,158.245,0.0,0,Sydney,Wednesday
2026-01-21 02:46:29,FusionMarkets Zero,AUDUSD,0.67309,0.67309,0.0,0,Sydney,Wednesday
2026-01-21 02:46:32,ThinkMarkets ThinkZero,XAUUSD,4783.68,4783.76,0.08,8,Sydney,Wednesday
2026-01-21 02:46:33,ThinkMarkets ThinkZero,EURUSD,1.17179,1.17182,3e-05,3,Sydney,Wednesday
2026-01-21 02:46:34,ThinkMarkets ThinkZero,GBPUSD,1.34337,1.34346,9e-05,9,Sydney,Wednesday
2026-01-21 02:46:35,ThinkMarkets ThinkZero,USDJPY,158.241,158.246,0.005,5,Sydney,Wednesday
2026-01-21 02:46:36,ThinkMarkets ThinkZero,AUDUSD,0.67305,0.67309,4e-05,4,Sydney,Wednesday
2026-01-21 02:46:40,ICMarkets Raw,XAUUSD,4783.35,4783.4,0.05,5,Sydney,Wednesday
2026-01-21 02:46:41,ICMarkets Raw,EURUSD,1.17182,1.17182,0.0,0,Sydney,Wednesday
2026-01-21 02:46:41,ICMarkets Raw,GBPUSD,1.34343,1.34344,1e-05,1,Sydney,Wednesday
2026-01-21 02:46:42,ICMarkets Raw,USDJPY,158.231,158.232,0.001,1,Sydney,Wednesday
2026-01-21 02:46:43,ICMarkets Raw,AUDUSD,0.67307,0.67307,0.0,0,Sydney,Wednesday
2026-01-21 02:46:46,VantageMarkets Raw,XAUUSD,4783.3,4783.38,0.08,8,Sydney,Wednesday
2026-01-21 02:46:47,VantageMarkets Raw,EURUSD,1.17184,1.17185,1e-05,1,Sydney,Wednesday
2026-01-21 02:46:48,VantageMarkets Raw,GBPUSD,1.34339,1.34339,0.0,0,Sydney,Wednesday
2026-01-21 02:46:49,VantageMarkets Raw,USDJPY,158.232,158.233,0.001,1,Sydney,Wednesday
2026-01-21 02:46:50,VantageMarkets Raw,AUDUSD,0.67305,0.67308,3e-05,3,Sydney,Wednesday
2026-01-21 02:46:53,FPMarkets Raw,XAUUSD,4783.26,4783.33,0.07,7,Sydney,Wednesday
2026-01-21 02:46:54,FPMarkets Raw,EURUSD,1.1718,1.17181,1e-05,1,Sydney,Wednesday
2026-01-21 02:46:55,FPMarkets Raw,GBPUSD,1.34337,1.34342,5e-05,5,Sydney,Wednesday
2026-01-21 02:46:57,FPMarkets Raw,USDJPY,158.225,158.229,0.004,4,Sydney,Wednesday
2026-01-21 02:46:58,FPMarkets Raw,AUDUSD,0.67305,0.67308,3e-05,3,Sydney,Wednesday
2026-01-21 02:46:59,8Cap Raw,XAUUSD,4783.2,4783.36,0.16,16,Sydney,Wednesday
2026-01-21 02:47:00,8Cap Raw,EURUSD,1.17181,1.17182,1e-05,1,Sydney,Wednesday
2026-01-21 02:47:01,8Cap Raw,GBPUSD,1.34338,1.34341,3e-05,3,Sydney,Wednesday
2026-01-21 02:47:02,8Cap Raw,USDJPY,158.228,158.229,0.001,1,Sydney,Wednesday
2026-01-21 02:47:02,8Cap Raw,AUDUSD,0.67306,0.67308,2e-05,2,Sydney,Wednesday
2026-01-21 02:51:18,Pepperstone Razor,XAUUSD,4785.8,4785.96,0.16,16,Sydney,Wednesday
2026-01-21 02:51:19,Pepperstone Razor,EURUSD,1.17181,1.17181,0.0,0,Sydney,Wednesday
2026-01-21 02:51:20,Pepperstone Razor,GBPUSD,1.3435,1.34353,3e-05,3,Sydney,Wednesday
2026-01-21 02:51:21,Pepperstone Razor,USDJPY,158.179,158.181,0.002,2,Sydney,Wednesday
2026-01-21 02:51:21,Pepperstone Razor,AUDUSD,0.67311,0.67312,1e-05,1,Sydney,Wednesday
2026-01-21 02:51:25,FusionMarkets Zero,XAUUSD,4786.05,4786.11,0.06,6,Sydney,Wednesday
2026-01-21 02:51:26,FusionMarkets Zero,EURUSD,1.17181,1.17181,0.0,0,Sydney,Wednesday
2026-01-21 02:51:27,FusionMarkets Zero,GBPUSD,1.34348,1.34348,0.0,0,Sydney,Wednesday
2026-01-21 02:51:28,FusionMarkets Zero,USDJPY,158.187,158.189,0.002,2,Sydney,Wednesday
2026-01-21 02:51:28,FusionMarkets Zero,AUDUSD,0.67312,0.67312,0.0,0,Sydney,Wednesday
2026-01-21 02:51:32,ThinkMarkets ThinkZero,XAUUSD,4785.59,4785.67,0.08,8,Sydney,Wednesday
2026-01-21 02:51:33,ThinkMarkets ThinkZero,EURUSD,1.17182,1.17184,2e-05,2,Sydney,Wednesday
2026-01-21 02:51:34,ThinkMarkets ThinkZero,GBPUSD,1.34352,1.34356,4e-05,4,Sydney,Wednesday
2026-01-21 02:51:35,ThinkMarkets ThinkZero,USDJPY,158.183,158.188,0.005,5,Sydney,Wednesday
2026-01-21 02:51:36,ThinkMarkets ThinkZero,AUDUSD,0.67314,0.67318,4e-05,4,Sydney,Wednesday
2026-01-21 02:51:40,ICMarkets Raw,XAUUSD,4785.86,4785.91,0.05,5,Sydney,Wednesday
2026-01-21 02:51:40,ICMarkets Raw,EURUSD,1.17185,1.17186,1e-05,1,Sydney,Wednesday
2026-01-21 02:51:41,ICMarkets Raw,GBPUSD,1.34354,1.34356,2e-05,2,Sydney,Wednesday
2026-01-21 02:51:42,ICMarkets Raw,USDJPY,158.165,158.167,0.002,2,Sydney,Wednesday
2026-01-21 02:51:43,ICMarkets Raw,AUDUSD,0.67317,0.67318,1e-05,1,Sydney,Wednesday
2026-01-21 02:51:46,VantageMarkets Raw,XAUUSD,4785.83,4785.91,0.08,8,Sydney,Wednesday
2026-01-21 02:51:47,VantageMarkets Raw,EURUSD,1.17183,1.17183,0.0,0,Sydney,Wednesday
2026-01-21 02:51:48,VantageMarkets Raw,GBPUSD,1.34354,1.34354,0.0,0,Sydney,Wednesday
2026-01-21 02:51:49,VantageMarkets Raw,USDJPY,158.164,158.173,0.009,9,Sydney,Wednesday
2026-01-21 02:51:50,VantageMarkets Raw,AUDUSD,0.67315,0.67317,2e-05,2,Sydney,Wednesday
2026-01-21 02:51:53,FPMarkets Raw,XAUUSD,4785.85,4785.92,0.07,7,Sydney,Wednesday
2026-01-21 02:51:54,FPMarkets Raw,EURUSD,1.17181,1.17183,2e-05,2,Sydney,Wednesday
2026-01-21 02:51:55,FPMarkets Raw,GBPUSD,1.34354,1.34359,5e-05,5,Sydney,Wednesday
2026-01-21 02:51:57,FPMarkets Raw,USDJPY,158.175,158.179,0.004,4,Sydney,Wednesday
2026-01-21 02:51:58,FPMarkets Raw,AUDUSD,0.67316,0.67319,3e-05,3,Sydney,Wednesday
2026-01-21 02:52:00,8Cap Raw,XAUUSD,4786.18,4786.34,0.16,16,Sydney,Wednesday
2026-01-21 02:52:01,8Cap Raw,EURUSD,1.17189,1.17189,0.0,0,Sydney,Wednesday
2026-01-21 02:52:01,8Cap Raw,GBPUSD,1.34357,1.34358,1e-05,1,Sydney,Wednesday
2026-01-21 02:52:02,8Cap Raw,USDJPY,158.168,158.172,0.004,4,Sydney,Wednesday
2026-01-21 02:52:03,8Cap Raw,AUDUSD,0.67316,0.6732,4e-05,4,Sydney,Wednesday
2026-01-21 02:56:18,Pepperstone Razor,XAUUSD,4786.63,4786.79,0.16,16,Sydney,Wednesday
2026-01-21 02:56:19,Pepperstone Razor,EURUSD,1.17195,1.17195,0.0,0,Sydney,Wednesday
2026-01-21 02:56:19,Pepperstone Razor,GBPUSD,1.34353,1.34354,1e-05,1,Sydney,Wednesday
2026-01-21 02:56:20,Pepperstone Razor,USDJPY,158.231,158.233,0.002,2,Sydney,Wednesday
2026-01-21 02:56:21,Pepperstone Razor,AUDUSD,0.6731,0.6731,0.0,0,Sydney,Wednesday
2026-01-21 02:56:25,FusionMarkets Zero,XAUUSD,4786.55,4786.61,0.06,6,Sydney,Wednesday
2026-01-21 02:56:26,FusionMarkets Zero,EURUSD,1.17198,1.17198,0.0,0,Sydney,Wednesday
2026-01-21 02:56:27,FusionMarkets Zero,GBPUSD,1.34354,1.34354,0.0,0,Sydney,Wednesday
2026-01-21 02:56:28,FusionMarkets Zero,USDJPY,158.229,158.231,0.002,2,Sydney,Wednesday
2026-01-21 02:56:29,FusionMarkets Zero,AUDUSD,0.6731,0.6731,0.0,0,Sydney,Wednesday
2026-01-21 02:56:32,ThinkMarkets ThinkZero,XAUUSD,4786.85,4786.93,0.08,8,Sydney,Wednesday
2026-01-21 02:56:33,ThinkMarkets ThinkZero,EURUSD,1.17197,1.17199,2e-05,2,Sydney,Wednesday
2026-01-21 02:56:34,ThinkMarkets ThinkZero,GBPUSD,1.34349,1.34355,6e-05,6,Sydney,Wednesday
2026-01-21 02:56:35,ThinkMarkets ThinkZero,USDJPY,158.229,158.231,0.002,2,Sydney,Wednesday
2026-01-21 02:56:36,ThinkMarkets ThinkZero,AUDUSD,0.67309,0.67313,4e-05,4,Sydney,Wednesday
2026-01-21 02:56:40,ICMarkets Raw,XAUUSD,4786.78,4786.83,0.05,5,Sydney,Wednesday
2026-01-21 02:56:41,ICMarkets Raw,EURUSD,1.17199,1.17199,0.0,0,Sydney,Wednesday
2026-01-21 02:56:41,ICMarkets Raw,GBPUSD,1.34352,1.34353,1e-05,1,Sydney,Wednesday
2026-01-21 02:56:42,ICMarkets Raw,USDJPY,158.228,158.228,0.0,0,Sydney,Wednesday
2026-01-21 02:56:43,ICMarkets Raw,AUDUSD,0.6731,0.6731,0.0,0,Sydney,Wednesday
2026-01-21 02:56:46,VantageMarkets Raw,XAUUSD,4787.02,4787.1,0.08,8,Sydney,Wednesday
2026-01-21 02:56:47,VantageMarkets Raw,EURUSD,1.17198,1.17199,1e-05,1,Sydney,Wednesday
2026-01-21 02:56:48,VantageMarkets Raw,GBPUSD,1.34352,1.34353,1e-05,1,Sydney,Wednesday
2026-01-21 02:56:49,VantageMarkets Raw,USDJPY,158.228,158.23,0.002,2,Sydney,Wednesday
2026-01-21 02:56:50,VantageMarkets Raw,AUDUSD,0.67307,0.6731,3e-05,3,Sydney,Wednesday
2026-01-21 02:56:53,FPMarkets Raw,XAUUSD,4786.64,4786.71,0.07,7,Sydney,Wednesday
2026-01-21 02:56:54,FPMarkets Raw,EURUSD,1.17198,1.17199,1e-05,1,Sydney,Wednesday
2026-01-21 02:56:55,FPMarkets Raw,GBPUSD,1.34352,1.34357,5e-05,5,Sydney,Wednesday
2026-01-21 02:56:56,FPMarkets Raw,USDJPY,158.208,158.213,0.005,5,Sydney,Wednesday
2026-01-21 02:56:57,FPMarkets Raw,AUDUSD,0.67309,0.67311,2e-05,2,Sydney,Wednesday
2026-01-21 02:56:59,8Cap Raw,XAUUSD,4787.08,4787.24,0.16,16,Sydney,Wednesday
2026-01-21 02:57:00,8Cap Raw,EURUSD,1.17199,1.172,1e-05,1,Sydney,Wednesday
2026-01-21 02:57:01,8Cap Raw,GBPUSD,1.34357,1.34358,1e-05,1,Sydney,Wednesday
2026-01-21 02:57:01,8Cap Raw,USDJPY,158.209,158.211,0.002,2,Sydney,Wednesday
2026-01-21 02:57:02,8Cap Raw,AUDUSD,0.67307,0.67311,4e-05,4,Sydney,Wednesday
2026-01-21 03:01:17,Pepperstone Razor,XAUUSD,4788.08,4788.27,0.19,19,Sydney,Wednesday
2026-01-21 03:01:18,Pepperstone Razor,EURUSD,1.17241,1.17241,0.0,0,Sydney,Wednesday
2026-01-21 03:01:19,Pepperstone Razor,GBPUSD,1.34412,1.34412,0.0,0,Sydney,Wednesday
2026-01-21 03:01:20,Pepperstone Razor,USDJPY,158.098,158.1,0.002,2,Sydney,Wednesday
2026-01-21 03:01:21,Pepperstone Razor,AUDUSD,0.67324,0.67326,2e-05,2,Sydney,Wednesday
2026-01-21 03:01:24,FusionMarkets Zero,XAUUSD,4787.87,4788.04,0.17,17,Sydney,Wednesday
2026-01-21 03:01:25,FusionMarkets Zero,EURUSD,1.17239,1.17239,0.0,0,Sydney,Wednesday
2026-01-21 03:01:26,FusionMarkets Zero,GBPUSD,1.34409,1.34409,0.0,0,Sydney,Wednesday
2026-01-21 03:01:27,FusionMarkets Zero,USDJPY,158.103,158.103,0.0,0,Sydney,Wednesday
2026-01-21 03:01:28,FusionMarkets Zero,AUDUSD,0.67323,0.67323,0.0,0,Sydney,Wednesday
2026-01-21 03:01:31,ThinkMarkets ThinkZero,XAUUSD,4787.31,4787.39,0.08,8,Sydney,Wednesday
2026-01-21 03:01:32,ThinkMarkets ThinkZero,EURUSD,1.17237,1.1724,3e-05,3,Sydney,Wednesday
2026-01-21 03:01:32,ThinkMarkets ThinkZero,GBPUSD,1.34411,1.34414,3e-05,3,Sydney,Wednesday
2026-01-21 03:01:33,ThinkMarkets ThinkZero,USDJPY,158.105,158.109,0.004,4,Sydney,Wednesday
2026-01-21 03:01:35,ThinkMarkets ThinkZero,AUDUSD,0.67324,0.67328,4e-05,4,Sydney,Wednesday
2026-01-21 03:01:37,ICMarkets Raw,XAUUSD,4787.36,4787.48,0.12,12,Sydney,Wednesday
2026-01-21 03:01:38,ICMarkets Raw,EURUSD,1.17241,1.17241,0.0,0,Sydney,Wednesday
2026-01-21 03:01:39,ICMarkets Raw,GBPUSD,1.34414,1.34416,2e-05,2,Sydney,Wednesday
2026-01-21 03:01:40,ICMarkets Raw,USDJPY,158.106,158.106,0.0,0,Sydney,Wednesday
2026-01-21 03:01:41,ICMarkets Raw,AUDUSD,0.67327,0.67328,1e-05,1,Sydney,Wednesday
2026-01-21 03:01:44,VantageMarkets Raw,XAUUSD,4787.67,4787.75,0.08,8,Sydney,Wednesday
2026-01-21 03:01:45,VantageMarkets Raw,EURUSD,1.17241,1.17241,0.0,0,Sydney,Wednesday
2026-01-21 03:01:46,VantageMarkets Raw,GBPUSD,1.34415,1.34415,0.0,0,Sydney,Wednesday
2026-01-21 03:01:46,VantageMarkets Raw,USDJPY,158.109,158.109,0.0,0,Sydney,Wednesday
2026-01-21 03:01:47,VantageMarkets Raw,AUDUSD,0.67326,0.67329,3e-05,3,Sydney,Wednesday
2026-01-21 03:01:50,FPMarkets Raw,XAUUSD,4786.95,4787.02,0.07,7,Sydney,Wednesday
2026-01-21 03:01:51,FPMarkets Raw,EURUSD,1.17247,1.17249,2e-05,2,Sydney,Wednesday
2026-01-21 03:01:52,FPMarkets Raw,GBPUSD,1.34424,1.34429,5e-05,5,Sydney,Wednesday
2026-01-21 03:01:54,FPMarkets Raw,USDJPY,158.104,158.108,0.004,4,Sydney,Wednesday
2026-01-21 03:01:55,FPMarkets Raw,AUDUSD,0.67329,0.67332,3e-05,3,Sydney,Wednesday
2026-01-21 03:01:57,8Cap Raw,XAUUSD,4787.94,4788.1,0.16,16,Sydney,Wednesday
2026-01-21 03:01:58,8Cap Raw,EURUSD,1.17249,1.17251,2e-05,2,Sydney,Wednesday
2026-01-21 03:01:58,8Cap Raw,GBPUSD,1.34427,1.34429,2e-05,2,Sydney,Wednesday
2026-01-21 03:01:59,8Cap Raw,USDJPY,158.104,158.105,0.001,1,Sydney,Wednesday
2026-01-21 03:02:00,8Cap Raw,AUDUSD,0.67329,0.67332,3e-05,3,Sydney,Wednesday
2026-01-21 03:06:17,Pepperstone Razor,XAUUSD,4794.36,4794.55,0.19,19,Sydney,Wednesday
2026-01-21 03:06:18,Pepperstone Razor,EURUSD,1.17256,1.17256,0.0,0,Sydney,Wednesday
2026-01-21 03:06:19,Pepperstone Razor,GBPUSD,1.34418,1.3442,2e-05,2,Sydney,Wednesday
2026-01-21 03:06:20,Pepperstone Razor,USDJPY,158.088,158.09,0.002,2,Sydney,Wednesday
2026-01-21 03:06:20,Pepperstone Razor,AUDUSD,0.67333,0.67333,0.0,0,Sydney,Wednesday
2026-01-21 03:06:23,FusionMarkets Zero,XAUUSD,4794.37,4794.49,0.12,12,Sydney,Wednesday
2026-01-21 03:06:24,FusionMarkets Zero,EURUSD,1.17251,1.17251,0.0,0,Sydney,Wednesday
2026-01-21 03:06:25,FusionMarkets Zero,GBPUSD,1.34419,1.34419,0.0,0,Sydney,Wednesday
2026-01-21 03:06:26,FusionMarkets Zero,USDJPY,158.117,158.117,0.0,0,Sydney,Wednesday
2026-01-21 03:06:27,FusionMarkets Zero,AUDUSD,0.67333,0.67333,0.0,0,Sydney,Wednesday
2026-01-21 03:06:29,ThinkMarkets ThinkZero,XAUUSD,4793.68,4793.76,0.08,8,Sydney,Wednesday
2026-01-21 03:06:30,ThinkMarkets ThinkZero,EURUSD,1.17249,1.17251,2e-05,2,Sydney,Wednesday
2026-01-21 03:06:31,ThinkMarkets ThinkZero,GBPUSD,1.34411,1.34417,6e-05,6,Sydney,Wednesday
2026-01-21 03:06:32,ThinkMarkets ThinkZero,USDJPY,158.117,158.122,0.005,5,Sydney,Wednesday
2026-01-21 03:06:34,ThinkMarkets ThinkZero,AUDUSD,0.67327,0.6733,3e-05,3,Sydney,Wednesday
2026-01-21 03:06:36,ICMarkets Raw,XAUUSD,4794.85,4794.94,0.09,9,Sydney,Wednesday
2026-01-21 03:06:37,ICMarkets Raw,EURUSD,1.1725,1.1725,0.0,0,Sydney,Wednesday
2026-01-21 03:06:38,ICMarkets Raw,GBPUSD,1.34417,1.34418,1e-05,1,Sydney,Wednesday
2026-01-21 03:06:39,ICMarkets Raw,USDJPY,158.122,158.122,0.0,0,Sydney,Wednesday
2026-01-21 03:06:40,ICMarkets Raw,AUDUSD,0.67328,0.67329,1e-05,1,Sydney,Wednesday
2026-01-21 03:06:42,VantageMarkets Raw,XAUUSD,4795.85,4795.93,0.08,8,Sydney,Wednesday
2026-01-21 03:06:43,VantageMarkets Raw,EURUSD,1.1725,1.17251,1e-05,1,Sydney,Wednesday
2026-01-21 03:06:44,VantageMarkets Raw,GBPUSD,1.34415,1.34415,0.0,0,Sydney,Wednesday
2026-01-21 03:06:45,VantageMarkets Raw,USDJPY,158.119,158.119,0.0,0,Sydney,Wednesday
2026-01-21 03:06:46,VantageMarkets Raw,AUDUSD,0.67327,0.6733,3e-05,3,Sydney,Wednesday
2026-01-21 03:06:48,FPMarkets Raw,XAUUSD,4795.79,4795.86,0.07,7,Sydney,Wednesday
2026-01-21 03:06:49,FPMarkets Raw,EURUSD,1.17251,1.17252,1e-05,1,Sydney,Wednesday
2026-01-21 03:06:50,FPMarkets Raw,GBPUSD,1.34413,1.34418,5e-05,5,Sydney,Wednesday
2026-01-21 03:06:52,FPMarkets Raw,USDJPY,158.119,158.123,0.004,4,Sydney,Wednesday
2026-01-21 03:06:53,FPMarkets Raw,AUDUSD,0.67327,0.6733,3e-05,3,Sydney,Wednesday
2026-01-21 03:06:54,8Cap Raw,XAUUSD,4796.74,4796.9,0.16,16,Sydney,Wednesday
2026-01-21 03:06:55,8Cap Raw,EURUSD,1.1725,1.17251,1e-05,1,Sydney,Wednesday
2026-01-21 03:06:56,8Cap Raw,GBPUSD,1.34415,1.34416,1e-05,1,Sydney,Wednesday
2026-01-21 03:06:56,8Cap Raw,USDJPY,158.13,158.131,0.001,1,Sydney,Wednesday
2026-01-21 03:06:57,8Cap Raw,AUDUSD,0.67327,0.67331,4e-05,4,Sydney,Wednesday
2026-01-21 03:11:17,Pepperstone Razor,XAUUSD,4799.02,4799.22,0.2,20,Sydney,Wednesday
2026-01-21 03:11:18,Pepperstone Razor,EURUSD,1.17259,1.17259,0.0,0,Sydney,Wednesday
2026-01-21 03:11:19,Pepperstone Razor,GBPUSD,1.34438,1.34441,3e-05,3,Sydney,Wednesday
2026-01-21 03:11:19,Pepperstone Razor,USDJPY,158.052,158.056,0.004,4,Sydney,Wednesday
2026-01-21 03:11:21,Pepperstone Razor,AUDUSD,0.67338,0.67338,0.0,0,Sydney,Wednesday
2026-01-21 03:11:24,FusionMarkets Zero,XAUUSD,4798.65,4798.77,0.12,12,Sydney,Wednesday
2026-01-21 03:11:24,FusionMarkets Zero,EURUSD,1.17264,1.17264,0.0,0,Sydney,Wednesday
2026-01-21 03:11:25,FusionMarkets Zero,GBPUSD,1.3444,1.3444,0.0,0,Sydney,Wednesday
2026-01-21 03:11:26,FusionMarkets Zero,USDJPY,158.056,158.058,0.002,2,Sydney,Wednesday
2026-01-21 03:11:27,FusionMarkets Zero,AUDUSD,0.67343,0.67343,0.0,0,Sydney,Wednesday
2026-01-21 03:11:30,ThinkMarkets ThinkZero,XAUUSD,4798.78,4798.86,0.08,8,Sydney,Wednesday
2026-01-21 03:11:31,ThinkMarkets ThinkZero,EURUSD,1.17265,1.17267,2e-05,2,Sydney,Wednesday
2026-01-21 03:11:32,ThinkMarkets ThinkZero,GBPUSD,1.34437,1.34443,6e-05,6,Sydney,Wednesday
2026-01-21 03:11:33,ThinkMarkets ThinkZero,USDJPY,158.055,158.059,0.004,4,Sydney,Wednesday
2026-01-21 03:11:34,ThinkMarkets ThinkZero,AUDUSD,0.67341,0.67344,3e-05,3,Sydney,Wednesday
2026-01-21 03:11:37,ICMarkets Raw,XAUUSD,4799.29,4799.41,0.12,12,Sydney,Wednesday
2026-01-21 03:11:38,ICMarkets Raw,EURUSD,1.17266,1.17266,0.0,0,Sydney,Wednesday
2026-01-21 03:11:39,ICMarkets Raw,GBPUSD,1.34439,1.3444,1e-05,1,Sydney,Wednesday
2026-01-21 03:11:40,ICMarkets Raw,USDJPY,158.066,158.068,0.002,2,Sydney,Wednesday
2026-01-21 03:11:41,ICMarkets Raw,AUDUSD,0.67343,0.67344,1e-05,1,Sydney,Wednesday
2026-01-21 03:11:44,VantageMarkets Raw,XAUUSD,4799.78,4799.86,0.08,8,Sydney,Wednesday
2026-01-21 03:11:45,VantageMarkets Raw,EURUSD,1.17265,1.17265,0.0,0,Sydney,Wednesday
2026-01-21 03:11:45,VantageMarkets Raw,GBPUSD,1.34441,1.34444,3e-05,3,Sydney,Wednesday
2026-01-21 03:11:46,VantageMarkets Raw,USDJPY,158.052,158.061,0.009,9,Sydney,Wednesday
2026-01-21 03:11:47,VantageMarkets Raw,AUDUSD,0.67342,0.67345,3e-05,3,Sydney,Wednesday
2026-01-21 03:11:50,FPMarkets Raw,XAUUSD,4799.05,4799.12,0.07,7,Sydney,Wednesday
2026-01-21 03:11:51,FPMarkets Raw,EURUSD,1.17262,1.17263,1e-05,1,Sydney,Wednesday
2026-01-21 03:11:52,FPMarkets Raw,GBPUSD,1.3444,1.34445,5e-05,5,Sydney,Wednesday
2026-01-21 03:11:54,FPMarkets Raw,USDJPY,158.046,158.051,0.005,5,Sydney,Wednesday
2026-01-21 03:11:55,FPMarkets Raw,AUDUSD,0.67343,0.67346,3e-05,3,Sydney,Wednesday
2026-01-21 03:11:57,8Cap Raw,XAUUSD,4799.31,4799.47,0.16,16,Sydney,Wednesday
2026-01-21 03:11:57,8Cap Raw,EURUSD,1.17264,1.17264,0.0,0,Sydney,Wednesday
2026-01-21 03:11:58,8Cap Raw,GBPUSD,1.34442,1.34446,4e-05,4,Sydney,Wednesday
2026-01-21 03:11:59,8Cap Raw,USDJPY,158.037,158.041,0.004,4,Sydney,Wednesday
2026-01-21 03:11:59,8Cap Raw,AUDUSD,0.67343,0.67347,4e-05,4,Sydney,Wednesday
2026-01-21 03:16:17,Pepperstone Razor,XAUUSD,4805.44,4805.82,0.38,38,Sydney,Wednesday
2026-01-21 03:16:18,Pepperstone Razor,EURUSD,1.17239,1.1724,1e-05,1,Sydney,Wednesday
2026-01-21 03:16:19,Pepperstone Razor,GBPUSD,1.34411,1.34412,1e-05,1,Sydney,Wednesday
2026-01-21 03:16:20,Pepperstone Razor,USDJPY,158.16,158.162,0.002,2,Sydney,Wednesday
2026-01-21 03:16:21,Pepperstone Razor,AUDUSD,0.6733,0.6733,0.0,0,Sydney,Wednesday
2026-01-21 03:16:24,FusionMarkets Zero,XAUUSD,4806.13,4806.34,0.21,21,Sydney,Wednesday
2026-01-21 03:16:25,FusionMarkets Zero,EURUSD,1.17242,1.17242,0.0,0,Sydney,Wednesday
2026-01-21 03:16:26,FusionMarkets Zero,GBPUSD,1.34413,1.34413,0.0,0,Sydney,Wednesday
2026-01-21 03:16:27,FusionMarkets Zero,USDJPY,158.159,158.16,0.001,1,Sydney,Wednesday
2026-01-21 03:16:28,FusionMarkets Zero,AUDUSD,0.67332,0.67332,0.0,0,Sydney,Wednesday
2026-01-21 03:16:31,ThinkMarkets ThinkZero,XAUUSD,4806.31,4806.39,0.08,8,Sydney,Wednesday
2026-01-21 03:16:32,ThinkMarkets ThinkZero,EURUSD,1.17243,1.17245,2e-05,2,Sydney,Wednesday
2026-01-21 03:16:33,ThinkMarkets ThinkZero,GBPUSD,1.3441,1.34417,7e-05,7,Sydney,Wednesday
2026-01-21 03:16:34,ThinkMarkets ThinkZero,USDJPY,158.14,158.144,0.004,4,Sydney,Wednesday
2026-01-21 03:16:35,ThinkMarkets ThinkZero,AUDUSD,0.67331,0.67335,4e-05,4,Sydney,Wednesday
2026-01-21 03:16:38,ICMarkets Raw,XAUUSD,4808.21,4808.32,0.11,11,Sydney,Wednesday
2026-01-21 03:16:39,ICMarkets Raw,EURUSD,1.17241,1.17241,0.0,0,Sydney,Wednesday
2026-01-21 03:16:40,ICMarkets Raw,GBPUSD,1.34414,1.34415,1e-05,1,Sydney,Wednesday
2026-01-21 03:16:41,ICMarkets Raw,USDJPY,158.144,158.144,0.0,0,Sydney,Wednesday
2026-01-21 03:16:41,ICMarkets Raw,AUDUSD,0.67329,0.67329,0.0,0,Sydney,Wednesday
2026-01-21 03:16:44,VantageMarkets Raw,XAUUSD,4807.81,4807.89,0.08,8,Sydney,Wednesday
2026-01-21 03:16:45,VantageMarkets Raw,EURUSD,1.17242,1.17243,1e-05,1,Sydney,Wednesday
2026-01-21 03:16:46,VantageMarkets Raw,GBPUSD,1.34415,1.34416,1e-05,1,Sydney,Wednesday
2026-01-21 03:16:47,VantageMarkets Raw,USDJPY,158.129,158.135,0.006,6,Sydney,Wednesday
2026-01-21 03:16:48,VantageMarkets Raw,AUDUSD,0.67333,0.67336,3e-05,3,Sydney,Wednesday
2026-01-21 03:16:51,FPMarkets Raw,XAUUSD,4808.67,4808.74,0.07,7,Sydney,Wednesday
2026-01-21 03:16:52,FPMarkets Raw,EURUSD,1.17248,1.17249,1e-05,1,Sydney,Wednesday
2026-01-21 03:16:53,FPMarkets Raw,GBPUSD,1.34415,1.3442,5e-05,5,Sydney,Wednesday
2026-01-21 03:16:54,FPMarkets Raw,USDJPY,158.13,158.134,0.004,4,Sydney,Wednesday
2026-01-21 03:16:55,FPMarkets Raw,AUDUSD,0.67335,0.67338,3e-05,3,Sydney,Wednesday
2026-01-21 03:16:57,8Cap Raw,XAUUSD,4810.21,4810.37,0.16,16,Sydney,Wednesday
2026-01-21 03:16:58,8Cap Raw,EURUSD,1.17245,1.17247,2e-05,2,Sydney,Wednesday
2026-01-21 03:16:59,8Cap Raw,GBPUSD,1.34416,1.34417,1e-05,1,Sydney,Wednesday
2026-01-21 03:16:59,8Cap Raw,USDJPY,158.13,158.133,0.003,3,Sydney,Wednesday
2026-01-21 03:17:00,8Cap Raw,AUDUSD,0.67337,0.6734,3e-05,3,Sydney,Wednesday
2026-01-21 03:21:17,Pepperstone Razor,XAUUSD,4814.8,4815.06,0.26,26,Sydney,Wednesday
2026-01-21 03:21:18,Pepperstone Razor,EURUSD,1.17246,1.17246,0.0,0,Sydney,Wednesday
2026-01-21 03:21:19,Pepperstone Razor,GBPUSD,1.34416,1.34418,2e-05,2,Sydney,Wednesday
2026-01-21 03:21:20,Pepperstone Razor,USDJPY,158.093,158.096,0.003,3,Sydney,Wednesday
2026-01-21 03:21:21,Pepperstone Razor,AUDUSD,0.67352,0.67353,1e-05,1,Sydney,Wednesday
2026-01-21 03:21:24,FusionMarkets Zero,XAUUSD,4814.83,4814.93,0.1,10,Sydney,Wednesday
2026-01-21 03:21:25,FusionMarkets Zero,EURUSD,1.17247,1.17247,0.0,0,Sydney,Wednesday
2026-01-21 03:21:26,FusionMarkets Zero,GBPUSD,1.34424,1.34424,0.0,0,Sydney,Wednesday
2026-01-21 03:21:27,FusionMarkets Zero,USDJPY,158.105,158.105,0.0,0,Sydney,Wednesday
2026-01-21 03:21:28,FusionMarkets Zero,AUDUSD,0.67353,0.67353,0.0,0,Sydney,Wednesday
2026-01-21 03:21:31,ThinkMarkets ThinkZero,XAUUSD,4814.28,4814.36,0.08,8,Sydney,Wednesday
2026-01-21 03:21:32,ThinkMarkets ThinkZero,EURUSD,1.17242,1.17246,4e-05,4,Sydney,Wednesday
2026-01-21 03:21:33,ThinkMarkets ThinkZero,GBPUSD,1.34421,1.34426,5e-05,5,Sydney,Wednesday
2026-01-21 03:21:34,ThinkMarkets ThinkZero,USDJPY,158.103,158.107,0.004,4,Sydney,Wednesday
2026-01-21 03:21:35,ThinkMarkets ThinkZero,AUDUSD,0.67356,0.67359,3e-05,3,Sydney,Wednesday
2026-01-21 03:21:38,ICMarkets Raw,XAUUSD,4814.5,4814.56,0.06,6,Sydney,Wednesday
2026-01-21 03:21:39,ICMarkets Raw,EURUSD,1.17256,1.17256,0.0,0,Sydney,Wednesday
2026-01-21 03:21:39,ICMarkets Raw,GBPUSD,1.34433,1.34434,1e-05,1,Sydney,Wednesday
2026-01-21 03:21:40,ICMarkets Raw,USDJPY,158.106,158.106,0.0,0,Sydney,Wednesday
2026-01-21 03:21:41,ICMarkets Raw,AUDUSD,0.67359,0.6736,1e-05,1,Sydney,Wednesday
2026-01-21 03:21:44,VantageMarkets Raw,XAUUSD,4814.49,4814.57,0.08,8,Sydney,Wednesday
2026-01-21 03:21:45,VantageMarkets Raw,EURUSD,1.17259,1.1726,1e-05,1,Sydney,Wednesday
2026-01-21 03:21:46,VantageMarkets Raw,GBPUSD,1.34436,1.34438,2e-05,2,Sydney,Wednesday
2026-01-21 03:21:47,VantageMarkets Raw,USDJPY,158.094,158.095,0.001,1,Sydney,Wednesday
2026-01-21 03:21:48,VantageMarkets Raw,AUDUSD,0.67362,0.67365,3e-05,3,Sydney,Wednesday
2026-01-21 03:21:52,FPMarkets Raw,XAUUSD,4815.89,4815.96,0.07,7,Sydney,Wednesday
2026-01-21 03:21:53,FPMarkets Raw,EURUSD,1.17263,1.17264,1e-05,1,Sydney,Wednesday
2026-01-21 03:21:54,FPMarkets Raw,GBPUSD,1.34436,1.34441,5e-05,5,Sydney,Wednesday
2026-01-21 03:21:55,FPMarkets Raw,USDJPY,158.092,158.096,0.004,4,Sydney,Wednesday
2026-01-21 03:21:56,FPMarkets Raw,AUDUSD,0.67366,0.67369,3e-05,3,Sydney,Wednesday
2026-01-21 03:21:58,8Cap Raw,XAUUSD,4813.8,4813.96,0.16,16,Sydney,Wednesday
2026-01-21 03:21:58,8Cap Raw,EURUSD,1.17262,1.17263,1e-05,1,Sydney,Wednesday
2026-01-21 03:21:59,8Cap Raw,GBPUSD,1.34444,1.34446,2e-05,2,Sydney,Wednesday
2026-01-21 03:22:00,8Cap Raw,USDJPY,158.097,158.098,0.001,1,Sydney,Wednesday
2026-01-21 03:22:00,8Cap Raw,AUDUSD,0.67366,0.67369,3e-05,3,Sydney,Wednesday
2026-01-21 03:26:17,Pepperstone Razor,XAUUSD,4816.44,4816.63,0.19,19,Sydney,Wednesday
2026-01-21 03:26:18,Pepperstone Razor,EURUSD,1.17305,1.17306,1e-05,1,Sydney,Wednesday
2026-01-21 03:26:19,Pepperstone Razor,GBPUSD,1.3449,1.34491,1e-05,1,Sydney,Wednesday
2026-01-21 03:26:20,Pepperstone Razor,USDJPY,158.011,158.014,0.003,3,Sydney,Wednesday
2026-01-21 03:26:21,Pepperstone Razor,AUDUSD,0.67385,0.67387,2e-05,2,Sydney,Wednesday
2026-01-21 03:26:24,FusionMarkets Zero,XAUUSD,4818.1,4818.29,0.19,19,Sydney,Wednesday
2026-01-21 03:26:25,FusionMarkets Zero,EURUSD,1.17305,1.17305,0.0,0,Sydney,Wednesday
2026-01-21 03:26:26,FusionMarkets Zero,GBPUSD,1.3449,1.3449,0.0,0,Sydney,Wednesday
2026-01-21 03:26:27,FusionMarkets Zero,USDJPY,158.011,158.011,0.0,0,Sydney,Wednesday
2026-01-21 03:26:28,FusionMarkets Zero,AUDUSD,0.67385,0.67385,0.0,0,Sydney,Wednesday
2026-01-21 03:26:31,ThinkMarkets ThinkZero,XAUUSD,4817.9,4817.98,0.08,8,Sydney,Wednesday
2026-01-21 03:26:32,ThinkMarkets ThinkZero,EURUSD,1.17302,1.17305,3e-05,3,Sydney,Wednesday
2026-01-21 03:26:52,ThinkMarkets ThinkZero,GBPUSD,1.34491,1.34496,5e-05,5,Sydney,Wednesday
2026-01-21 03:26:53,ThinkMarkets ThinkZero,USDJPY,158.006,158.008,0.002,2,Sydney,Wednesday
2026-01-21 03:26:54,ThinkMarkets ThinkZero,AUDUSD,0.67388,0.67391,3e-05,3,Sydney,Wednesday
2026-01-21 03:26:57,ICMarkets Raw,XAUUSD,4819.0,4819.11,0.11,11,Sydney,Wednesday
2026-01-21 03:26:58,ICMarkets Raw,EURUSD,1.17304,1.17305,1e-05,1,Sydney,Wednesday
2026-01-21 03:26:59,ICMarkets Raw,GBPUSD,1.34506,1.34507,1e-05,1,Sydney,Wednesday
2026-01-21 03:27:00,ICMarkets Raw,USDJPY,157.978,157.979,0.001,1,Sydney,Wednesday
2026-01-21 03:27:01,ICMarkets Raw,AUDUSD,0.67392,0.67392,0.0,0,Sydney,Wednesday
2026-01-21 03:27:04,VantageMarkets Raw,XAUUSD,4818.79,4818.87,0.08,8,Sydney,Wednesday
2026-01-21 03:27:04,VantageMarkets Raw,EURUSD,1.17303,1.17306,3e-05,3,Sydney,Wednesday
2026-01-21 03:27:05,VantageMarkets Raw,GBPUSD,1.34505,1.34505,0.0,0,Sydney,Wednesday
2026-01-21 03:27:06,VantageMarkets Raw,USDJPY,157.971,157.979,0.008,8,Sydney,Wednesday
2026-01-21 03:27:07,VantageMarkets Raw,AUDUSD,0.67392,0.67395,3e-05,3,Sydney,Wednesday
2026-01-21 03:27:10,FPMarkets Raw,XAUUSD,4819.5,4819.57,0.07,7,Sydney,Wednesday
2026-01-21 03:27:11,FPMarkets Raw,EURUSD,1.17309,1.1731,1e-05,1,Sydney,Wednesday
2026-01-21 03:27:12,FPMarkets Raw,GBPUSD,1.34506,1.34511,5e-05,5,Sydney,Wednesday
2026-01-21 03:27:14,FPMarkets Raw,USDJPY,157.965,157.969,0.004,4,Sydney,Wednesday
2026-01-21 03:27:15,FPMarkets Raw,AUDUSD,0.67394,0.67397,3e-05,3,Sydney,Wednesday
2026-01-21 03:27:17,8Cap Raw,XAUUSD,4820.8,4820.96,0.16,16,Sydney,Wednesday
2026-01-21 03:27:18,8Cap Raw,EURUSD,1.17307,1.17307,0.0,0,Sydney,Wednesday
2026-01-21 03:27:19,8Cap Raw,GBPUSD,1.34511,1.34512,1e-05,1,Sydney,Wednesday
2026-01-21 03:27:19,8Cap Raw,USDJPY,157.968,157.97,0.002,2,Sydney,Wednesday
2026-01-21 03:27:20,8Cap Raw,AUDUSD,0.67395,0.67398,3e-05,3,Sydney,Wednesday
2026-01-21 03:31:17,Pepperstone Razor,XAUUSD,4829.32,4829.77,0.45,45,Sydney,Wednesday
2026-01-21 03:31:18,Pepperstone Razor,EURUSD,1.17313,1.17313,0.0,0,Sydney,Wednesday
2026-01-21 03:31:19,Pepperstone Razor,GBPUSD,1.34514,1.34515,1e-05,1,Sydney,Wednesday
2026-01-21 03:31:20,Pepperstone Razor,USDJPY,157.948,157.951,0.003,3,Sydney,Wednesday
2026-01-21 03:31:21,Pepperstone Razor,AUDUSD,0.67388,0.67388,0.0,0,Sydney,Wednesday
2026-01-21 03:31:24,FusionMarkets Zero,XAUUSD,4829.85,4830.02,0.17,17,Sydney,Wednesday
2026-01-21 03:31:25,FusionMarkets Zero,EURUSD,1.17311,1.17311,0.0,0,Sydney,Wednesday
2026-01-21 03:31:26,FusionMarkets Zero,GBPUSD,1.34514,1.34514,0.0,0,Sydney,Wednesday
2026-01-21 03:31:27,FusionMarkets Zero,USDJPY,157.946,157.948,0.002,2,Sydney,Wednesday
2026-01-21 03:31:28,FusionMarkets Zero,AUDUSD,0.67386,0.67386,0.0,0,Sydney,Wednesday
2026-01-21 03:31:31,ThinkMarkets ThinkZero,XAUUSD,4828.61,4828.69,0.08,8,Sydney,Wednesday
2026-01-21 03:31:32,ThinkMarkets ThinkZero,EURUSD,1.17311,1.17313,2e-05,2,Sydney,Wednesday
2026-01-21 03:31:33,ThinkMarkets ThinkZero,GBPUSD,1.34511,1.34518,7e-05,7,Sydney,Wednesday
2026-01-21 03:31:34,ThinkMarkets ThinkZero,USDJPY,157.943,157.947,0.004,4,Sydney,Wednesday
2026-01-21 03:31:35,ThinkMarkets ThinkZero,AUDUSD,0.67388,0.67391,3e-05,3,Sydney,Wednesday
2026-01-21 03:31:38,ICMarkets Raw,XAUUSD,4829.72,4829.84,0.12,12,Sydney,Wednesday
2026-01-21 03:31:39,ICMarkets Raw,EURUSD,1.17314,1.17315,1e-05,1,Sydney,Wednesday
2026-01-21 03:31:40,ICMarkets Raw,GBPUSD,1.34517,1.34519,2e-05,2,Sydney,Wednesday
2026-01-21 03:31:41,ICMarkets Raw,USDJPY,157.951,157.953,0.002,2,Sydney,Wednesday
2026-01-21 03:31:42,ICMarkets Raw,AUDUSD,0.67388,0.67388,0.0,0,Sydney,Wednesday
2026-01-21 03:31:44,VantageMarkets Raw,XAUUSD,4826.9,4826.98,0.08,8,Sydney,Wednesday
2026-01-21 03:31:45,VantageMarkets Raw,EURUSD,1.17311,1.17312,1e-05,1,Sydney,Wednesday
2026-01-21 03:31:46,VantageMarkets Raw,GBPUSD,1.34515,1.34515,0.0,0,Sydney,Wednesday
2026-01-21 03:31:47,VantageMarkets Raw,USDJPY,157.956,157.964,0.008,8,Sydney,Wednesday
2026-01-21 03:31:48,VantageMarkets Raw,AUDUSD,0.67388,0.67392,4e-05,4,Sydney,Wednesday
2026-01-21 03:31:51,FPMarkets Raw,XAUUSD,4828.38,4828.45,0.07,7,Sydney,Wednesday
2026-01-21 03:31:52,FPMarkets Raw,EURUSD,1.17312,1.17314,2e-05,2,Sydney,Wednesday
2026-01-21 03:31:53,FPMarkets Raw,GBPUSD,1.34514,1.34519,5e-05,5,Sydney,Wednesday
2026-01-21 03:31:55,FPMarkets Raw,USDJPY,157.969,157.974,0.005,5,Sydney,Wednesday
2026-01-21 03:31:56,FPMarkets Raw,AUDUSD,0.67389,0.67392,3e-05,3,Sydney,Wednesday
2026-01-21 03:31:58,8Cap Raw,XAUUSD,4828.85,4829.01,0.16,16,Sydney,Wednesday
2026-01-21 03:31:59,8Cap Raw,EURUSD,1.17322,1.17325,3e-05,3,Sydney,Wednesday
2026-01-21 03:31:59,8Cap Raw,GBPUSD,1.34523,1.34527,4e-05,4,Sydney,Wednesday
2026-01-21 03:32:00,8Cap Raw,USDJPY,157.958,157.961,0.003,3,Sydney,Wednesday
2026-01-21 03:32:01,8Cap Raw,AUDUSD,0.67394,0.67398,4e-05,4,Sydney,Wednesday
2026-01-21 03:36:18,Pepperstone Razor,XAUUSD,4819.65,4819.86,0.21,21,Sydney,Wednesday
2026-01-21 03:36:19,Pepperstone Razor,EURUSD,1.17333,1.17333,0.0,0,Sydney,Wednesday
2026-01-21 03:36:19,Pepperstone Razor,GBPUSD,1.34531,1.34532,1e-05,1,Sydney,Wednesday
2026-01-21 03:36:20,Pepperstone Razor,USDJPY,157.936,157.936,0.0,0,Sydney,Wednesday
2026-01-21 03:36:21,Pepperstone Razor,AUDUSD,0.67405,0.67406,1e-05,1,Sydney,Wednesday
2026-01-21 03:36:25,FusionMarkets Zero,XAUUSD,4820.53,4820.65,0.12,12,Sydney,Wednesday
2026-01-21 03:36:26,FusionMarkets Zero,EURUSD,1.17337,1.17337,0.0,0,Sydney,Wednesday
2026-01-21 03:36:27,FusionMarkets Zero,GBPUSD,1.34537,1.34537,0.0,0,Sydney,Wednesday
2026-01-21 03:36:28,FusionMarkets Zero,USDJPY,157.921,157.923,0.002,2,Sydney,Wednesday
2026-01-21 03:36:28,FusionMarkets Zero,AUDUSD,0.67413,0.67413,0.0,0,Sydney,Wednesday
2026-01-21 03:36:32,ThinkMarkets ThinkZero,XAUUSD,4820.49,4820.57,0.08,8,Sydney,Wednesday
2026-01-21 03:36:33,ThinkMarkets ThinkZero,EURUSD,1.17335,1.17338,3e-05,3,Sydney,Wednesday
2026-01-21 03:36:34,ThinkMarkets ThinkZero,GBPUSD,1.34532,1.3454,8e-05,8,Sydney,Wednesday
2026-01-21 03:36:35,ThinkMarkets ThinkZero,USDJPY,157.913,157.917,0.004,4,Sydney,Wednesday
2026-01-21 03:36:36,ThinkMarkets ThinkZero,AUDUSD,0.67411,0.67414,3e-05,3,Sydney,Wednesday
2026-01-21 03:36:39,ICMarkets Raw,XAUUSD,4820.84,4820.95,0.11,11,Sydney,Wednesday
2026-01-21 03:36:40,ICMarkets Raw,EURUSD,1.17338,1.17338,0.0,0,Sydney,Wednesday
2026-01-21 03:36:41,ICMarkets Raw,GBPUSD,1.34537,1.34538,1e-05,1,Sydney,Wednesday
2026-01-21 03:36:42,ICMarkets Raw,USDJPY,157.907,157.907,0.0,0,Sydney,Wednesday
2026-01-21 03:36:42,ICMarkets Raw,AUDUSD,0.67413,0.67413,0.0,0,Sydney,Wednesday
2026-01-21 03:36:46,VantageMarkets Raw,XAUUSD,4821.14,4821.22,0.08,8,Sydney,Wednesday
2026-01-21 03:36:46,VantageMarkets Raw,EURUSD,1.17338,1.17339,1e-05,1,Sydney,Wednesday
2026-01-21 03:36:47,VantageMarkets Raw,GBPUSD,1.34537,1.34537,0.0,0,Sydney,Wednesday
2026-01-21 03:36:48,VantageMarkets Raw,USDJPY,157.898,157.899,0.001,1,Sydney,Wednesday
2026-01-21 03:36:49,VantageMarkets Raw,AUDUSD,0.67412,0.67414,2e-05,2,Sydney,Wednesday
2026-01-21 03:36:52,FPMarkets Raw,XAUUSD,4821.72,4821.79,0.07,7,Sydney,Wednesday
2026-01-21 03:36:53,FPMarkets Raw,EURUSD,1.17337,1.17339,2e-05,2,Sydney,Wednesday
2026-01-21 03:36:54,FPMarkets Raw,GBPUSD,1.34535,1.3454,5e-05,5,Sydney,Wednesday
2026-01-21 03:36:56,FPMarkets Raw,USDJPY,157.895,157.899,0.004,4,Sydney,Wednesday
2026-01-21 03:36:57,FPMarkets Raw,AUDUSD,0.67411,0.67415,4e-05,4,Sydney,Wednesday
2026-01-21 03:36:59,8Cap Raw,XAUUSD,4822.97,4823.13,0.16,16,Sydney,Wednesday
2026-01-21 03:37:00,8Cap Raw,EURUSD,1.17338,1.17339,1e-05,1,Sydney,Wednesday
2026-01-21 03:37:01,8Cap Raw,GBPUSD,1.34547,1.34548,1e-05,1,Sydney,Wednesday
2026-01-21 03:37:01,8Cap Raw,USDJPY,157.893,157.894,0.001,1,Sydney,Wednesday
2026-01-21 03:37:02,8Cap Raw,AUDUSD,0.67412,0.67415,3e-05,3,Sydney,Wednesday
2026-01-21 03:41:18,Pepperstone Razor,XAUUSD,4818.32,4818.47,0.15,15,Sydney,Wednesday
2026-01-21 03:41:18,Pepperstone Razor,EURUSD,1.17331,1.17331,0.0,0,Sydney,Wednesday
2026-01-21 03:41:19,Pepperstone Razor,GBPUSD,1.34545,1.34548,3e-05,3,Sydney,Wednesday
2026-01-21 03:41:20,Pepperstone Razor,USDJPY,157.865,157.867,0.002,2,Sydney,Wednesday
2026-01-21 03:41:21,Pepperstone Razor,AUDUSD,0.67427,0.67427,0.0,0,Sydney,Wednesday
2026-01-21 03:41:25,FusionMarkets Zero,XAUUSD,4817.38,4817.44,0.06,6,Sydney,Wednesday
2026-01-21 03:41:26,FusionMarkets Zero,EURUSD,1.17324,1.17324,0.0,0,Sydney,Wednesday
2026-01-21 03:41:26,FusionMarkets Zero,GBPUSD,1.34545,1.34545,0.0,0,Sydney,Wednesday
2026-01-21 03:41:27,FusionMarkets Zero,USDJPY,157.872,157.872,0.0,0,Sydney,Wednesday
2026-01-21 03:41:28,FusionMarkets Zero,AUDUSD,0.6743,0.6743,0.0,0,Sydney,Wednesday
2026-01-21 03:41:32,ThinkMarkets ThinkZero,XAUUSD,4818.51,4818.59,0.08,8,Sydney,Wednesday
2026-01-21 03:41:33,ThinkMarkets ThinkZero,EURUSD,1.17323,1.17325,2e-05,2,Sydney,Wednesday
2026-01-21 03:41:34,ThinkMarkets ThinkZero,GBPUSD,1.34544,1.34548,4e-05,4,Sydney,Wednesday
2026-01-21 03:41:35,ThinkMarkets ThinkZero,USDJPY,157.883,157.888,0.005,5,Sydney,Wednesday
2026-01-21 03:41:36,ThinkMarkets ThinkZero,AUDUSD,0.67426,0.6743,4e-05,4,Sydney,Wednesday
2026-01-21 03:41:39,ICMarkets Raw,XAUUSD,4817.39,4817.45,0.06,6,Sydney,Wednesday
2026-01-21 03:41:40,ICMarkets Raw,EURUSD,1.17325,1.17325,0.0,0,Sydney,Wednesday
2026-01-21 03:41:41,ICMarkets Raw,GBPUSD,1.34539,1.3454,1e-05,1,Sydney,Wednesday
2026-01-21 03:41:42,ICMarkets Raw,USDJPY,157.889,157.889,0.0,0,Sydney,Wednesday
2026-01-21 03:41:43,ICMarkets Raw,AUDUSD,0.6743,0.6743,0.0,0,Sydney,Wednesday
2026-01-21 03:41:46,VantageMarkets Raw,XAUUSD,4816.51,4816.59,0.08,8,Sydney,Wednesday
2026-01-21 03:41:47,VantageMarkets Raw,EURUSD,1.17322,1.17323,1e-05,1,Sydney,Wednesday
2026-01-21 03:41:48,VantageMarkets Raw,GBPUSD,1.34536,1.34541,5e-05,5,Sydney,Wednesday
2026-01-21 03:41:49,VantageMarkets Raw,USDJPY,157.892,157.892,0.0,0,Sydney,Wednesday
2026-01-21 03:41:50,VantageMarkets Raw,AUDUSD,0.67427,0.67431,4e-05,4,Sydney,Wednesday
2026-01-21 03:41:53,FPMarkets Raw,XAUUSD,4816.46,4816.53,0.07,7,Sydney,Wednesday
2026-01-21 03:41:54,FPMarkets Raw,EURUSD,1.17327,1.17328,1e-05,1,Sydney,Wednesday
2026-01-21 03:41:55,FPMarkets Raw,GBPUSD,1.3454,1.34545,5e-05,5,Sydney,Wednesday
2026-01-21 03:41:56,FPMarkets Raw,USDJPY,157.894,157.898,0.004,4,Sydney,Wednesday
2026-01-21 03:41:57,FPMarkets Raw,AUDUSD,0.67427,0.6743,3e-05,3,Sydney,Wednesday
2026-01-21 03:41:59,8Cap Raw,XAUUSD,4817.94,4818.1,0.16,16,Sydney,Wednesday
2026-01-21 03:42:00,8Cap Raw,EURUSD,1.17329,1.1733,1e-05,1,Sydney,Wednesday
2026-01-21 03:42:01,8Cap Raw,GBPUSD,1.34546,1.34547,1e-05,1,Sydney,Wednesday
2026-01-21 03:42:02,8Cap Raw,USDJPY,157.889,157.89,0.001,1,Sydney,Wednesday
2026-01-21 03:42:02,8Cap Raw,AUDUSD,0.67428,0.6743,2e-05,2,Sydney,Wednesday
2026-01-21 03:46:18,Pepperstone Razor,XAUUSD,4823.96,4824.15,0.19,19,Sydney,Wednesday
2026-01-21 03:46:19,Pepperstone Razor,EURUSD,1.17329,1.17329,0.0,0,Sydney,Wednesday
2026-01-21 03:46:20,Pepperstone Razor,GBPUSD,1.34547,1.3455,3e-05,3,Sydney,Wednesday
2026-01-21 03:46:20,Pepperstone Razor,USDJPY,157.889,157.891,0.002,2,Sydney,Wednesday
2026-01-21 03:46:21,Pepperstone Razor,AUDUSD,0.67436,0.67437,1e-05,1,Sydney,Wednesday
2026-01-21 03:46:25,FusionMarkets Zero,XAUUSD,4823.97,4824.04,0.07,7,Sydney,Wednesday
2026-01-21 03:46:26,FusionMarkets Zero,EURUSD,1.17329,1.17329,0.0,0,Sydney,Wednesday
2026-01-21 03:46:27,FusionMarkets Zero,GBPUSD,1.34545,1.34545,0.0,0,Sydney,Wednesday
2026-01-21 03:46:28,FusionMarkets Zero,USDJPY,157.888,157.888,0.0,0,Sydney,Wednesday
2026-01-21 03:46:28,FusionMarkets Zero,AUDUSD,0.67437,0.67437,0.0,0,Sydney,Wednesday
2026-01-21 03:46:32,ThinkMarkets ThinkZero,XAUUSD,4822.55,4822.63,0.08,8,Sydney,Wednesday
2026-01-21 03:46:33,ThinkMarkets ThinkZero,EURUSD,1.17329,1.17331,2e-05,2,Sydney,Wednesday
2026-01-21 03:46:34,ThinkMarkets ThinkZero,GBPUSD,1.34544,1.34549,5e-05,5,Sydney,Wednesday
2026-01-21 03:46:35,ThinkMarkets ThinkZero,USDJPY,157.888,157.892,0.004,4,Sydney,Wednesday
2026-01-21 03:46:36,ThinkMarkets ThinkZero,AUDUSD,0.67435,0.67439,4e-05,4,Sydney,Wednesday
2026-01-21 03:46:39,ICMarkets Raw,XAUUSD,4822.71,4822.76,0.05,5,Sydney,Wednesday
2026-01-21 03:46:40,ICMarkets Raw,EURUSD,1.17323,1.17324,1e-05,1,Sydney,Wednesday
2026-01-21 03:46:41,ICMarkets Raw,GBPUSD,1.34541,1.34542,1e-05,1,Sydney,Wednesday
2026-01-21 03:46:42,ICMarkets Raw,USDJPY,157.899,157.901,0.002,2,Sydney,Wednesday
2026-01-21 03:46:42,ICMarkets Raw,AUDUSD,0.67435,0.67437,2e-05,2,Sydney,Wednesday
2026-01-21 03:46:46,VantageMarkets Raw,XAUUSD,4824.17,4824.25,0.08,8,Sydney,Wednesday
2026-01-21 03:46:46,VantageMarkets Raw,EURUSD,1.17319,1.17322,3e-05,3,Sydney,Wednesday
2026-01-21 03:46:47,VantageMarkets Raw,GBPUSD,1.34538,1.34538,0.0,0,Sydney,Wednesday
2026-01-21 03:46:48,VantageMarkets Raw,USDJPY,157.9,157.901,0.001,1,Sydney,Wednesday
2026-01-21 03:46:49,VantageMarkets Raw,AUDUSD,0.67432,0.67435,3e-05,3,Sydney,Wednesday
2026-01-21 03:46:52,FPMarkets Raw,XAUUSD,4823.69,4823.76,0.07,7,Sydney,Wednesday
2026-01-21 03:46:53,FPMarkets Raw,EURUSD,1.1732,1.17321,1e-05,1,Sydney,Wednesday
2026-01-21 03:46:54,FPMarkets Raw,GBPUSD,1.34534,1.34539,5e-05,5,Sydney,Wednesday
2026-01-21 03:46:56,FPMarkets Raw,USDJPY,157.9,157.904,0.004,4,Sydney,Wednesday
2026-01-21 03:46:57,FPMarkets Raw,AUDUSD,0.67432,0.67435,3e-05,3,Sydney,Wednesday
2026-01-21 03:46:59,8Cap Raw,XAUUSD,4823.23,4823.39,0.16,16,Sydney,Wednesday
2026-01-21 03:47:00,8Cap Raw,EURUSD,1.1732,1.17321,1e-05,1,Sydney,Wednesday
2026-01-21 03:47:00,8Cap Raw,GBPUSD,1.34537,1.34538,1e-05,1,Sydney,Wednesday
2026-01-21 03:47:01,8Cap Raw,USDJPY,157.901,157.902,0.001,1,Sydney,Wednesday
2026-01-21 03:47:02,8Cap Raw,AUDUSD,0.6743,0.67434,4e-05,4,Sydney,Wednesday
2026-01-21 03:51:18,Pepperstone Razor,XAUUSD,4828.63,4828.87,0.24,24,Sydney,Wednesday
2026-01-21 03:51:19,Pepperstone Razor,EURUSD,1.17321,1.17321,0.0,0,Sydney,Wednesday
2026-01-21 03:51:20,Pepperstone Razor,GBPUSD,1.34538,1.34539,1e-05,1,Sydney,Wednesday
2026-01-21 03:51:21,Pepperstone Razor,USDJPY,157.933,157.935,0.002,2,Sydney,Wednesday
2026-01-21 03:51:21,Pepperstone Razor,AUDUSD,0.67419,0.6742,1e-05,1,Sydney,Wednesday
2026-01-21 03:51:25,FusionMarkets Zero,XAUUSD,4829.19,4829.36,0.17,17,Sydney,Wednesday
2026-01-21 03:51:26,FusionMarkets Zero,EURUSD,1.17316,1.17316,0.0,0,Sydney,Wednesday
2026-01-21 03:51:27,FusionMarkets Zero,GBPUSD,1.34535,1.34535,0.0,0,Sydney,Wednesday
2026-01-21 03:51:28,FusionMarkets Zero,USDJPY,157.926,157.928,0.002,2,Sydney,Wednesday
2026-01-21 03:51:28,FusionMarkets Zero,AUDUSD,0.67419,0.67419,0.0,0,Sydney,Wednesday
2026-01-21 03:51:32,ThinkMarkets ThinkZero,XAUUSD,4828.39,4828.47,0.08,8,Sydney,Wednesday
2026-01-21 03:51:33,ThinkMarkets ThinkZero,EURUSD,1.17308,1.1731,2e-05,2,Sydney,Wednesday
2026-01-21 03:51:34,ThinkMarkets ThinkZero,GBPUSD,1.34522,1.34528,6e-05,6,Sydney,Wednesday
2026-01-21 03:51:35,ThinkMarkets ThinkZero,USDJPY,157.934,157.938,0.004,4,Sydney,Wednesday
2026-01-21 03:51:36,ThinkMarkets ThinkZero,AUDUSD,0.67416,0.6742,4e-05,4,Sydney,Wednesday
2026-01-21 03:51:40,ICMarkets Raw,XAUUSD,4828.57,4828.69,0.12,12,Sydney,Wednesday
2026-01-21 03:51:40,ICMarkets Raw,EURUSD,1.17308,1.17308,0.0,0,Sydney,Wednesday
2026-01-21 03:51:41,ICMarkets Raw,GBPUSD,1.34531,1.34532,1e-05,1,Sydney,Wednesday
2026-01-21 03:51:42,ICMarkets Raw,USDJPY,157.927,157.927,0.0,0,Sydney,Wednesday
2026-01-21 03:51:43,ICMarkets Raw,AUDUSD,0.6742,0.6742,0.0,0,Sydney,Wednesday
2026-01-21 03:51:46,VantageMarkets Raw,XAUUSD,4829.9,4829.98,0.08,8,Sydney,Wednesday
2026-01-21 03:51:47,VantageMarkets Raw,EURUSD,1.17315,1.17317,2e-05,2,Sydney,Wednesday
2026-01-21 03:51:48,VantageMarkets Raw,GBPUSD,1.34535,1.34539,4e-05,4,Sydney,Wednesday
2026-01-21 03:51:49,VantageMarkets Raw,USDJPY,157.919,157.926,0.007,7,Sydney,Wednesday
2026-01-21 03:51:50,VantageMarkets Raw,AUDUSD,0.67419,0.67423,4e-05,4,Sydney,Wednesday
2026-01-21 03:51:53,FPMarkets Raw,XAUUSD,4832.47,4832.54,0.07,7,Sydney,Wednesday
2026-01-21 03:51:54,FPMarkets Raw,EURUSD,1.17317,1.17318,1e-05,1,Sydney,Wednesday
2026-01-21 03:51:55,FPMarkets Raw,GBPUSD,1.34536,1.34541,5e-05,5,Sydney,Wednesday
2026-01-21 03:51:57,FPMarkets Raw,USDJPY,157.918,157.922,0.004,4,Sydney,Wednesday
2026-01-21 03:51:58,FPMarkets Raw,AUDUSD,0.67424,0.67427,3e-05,3,Sydney,Wednesday
2026-01-21 03:51:59,8Cap Raw,XAUUSD,4831.45,4831.61,0.16,16,Sydney,Wednesday
2026-01-21 03:52:00,8Cap Raw,EURUSD,1.17319,1.1732,1e-05,1,Sydney,Wednesday
2026-01-21 03:52:01,8Cap Raw,GBPUSD,1.3454,1.34544,4e-05,4,Sydney,Wednesday
2026-01-21 03:52:02,8Cap Raw,USDJPY,157.931,157.936,0.005,5,Sydney,Wednesday
2026-01-21 03:52:02,8Cap Raw,AUDUSD,0.6743,0.67433,3e-05,3,Sydney,Wednesday
2026-01-21 03:56:18,Pepperstone Razor,XAUUSD,4835.9,4836.09,0.19,19,Sydney,Wednesday
2026-01-21 03:56:19,Pepperstone Razor,EURUSD,1.17298,1.17298,0.0,0,Sydney,Wednesday
2026-01-21 03:56:19,Pepperstone Razor,GBPUSD,1.34519,1.34522,3e-05,3,Sydney,Wednesday
2026-01-21 03:56:20,Pepperstone Razor,USDJPY,157.948,157.95,0.002,2,Sydney,Wednesday
2026-01-21 03:56:21,Pepperstone Razor,AUDUSD,0.67409,0.67411,2e-05,2,Sydney,Wednesday
2026-01-21 03:56:25,FusionMarkets Zero,XAUUSD,4835.97,4836.13,0.16,16,Sydney,Wednesday
2026-01-21 03:56:26,FusionMarkets Zero,EURUSD,1.17299,1.17299,0.0,0,Sydney,Wednesday
2026-01-21 03:56:27,FusionMarkets Zero,GBPUSD,1.34516,1.34516,0.0,0,Sydney,Wednesday
2026-01-21 03:56:27,FusionMarkets Zero,USDJPY,157.948,157.948,0.0,0,Sydney,Wednesday
2026-01-21 03:56:28,FusionMarkets Zero,AUDUSD,0.67411,0.67411,0.0,0,Sydney,Wednesday
2026-01-21 03:56:32,ThinkMarkets ThinkZero,XAUUSD,4836.41,4836.49,0.08,8,Sydney,Wednesday
2026-01-21 03:56:33,ThinkMarkets ThinkZero,EURUSD,1.17296,1.17299,3e-05,3,Sydney,Wednesday
2026-01-21 03:56:34,ThinkMarkets ThinkZero,GBPUSD,1.34511,1.34518,7e-05,7,Sydney,Wednesday
2026-01-21 03:56:35,ThinkMarkets ThinkZero,USDJPY,157.949,157.952,0.003,3,Sydney,Wednesday
2026-01-21 03:56:36,ThinkMarkets ThinkZero,AUDUSD,0.67408,0.67412,4e-05,4,Sydney,Wednesday
2026-01-21 03:56:39,ICMarkets Raw,XAUUSD,4835.4,4835.51,0.11,11,Sydney,Wednesday
2026-01-21 03:56:40,ICMarkets Raw,EURUSD,1.17297,1.17297,0.0,0,Sydney,Wednesday
2026-01-21 03:56:41,ICMarkets Raw,GBPUSD,1.34516,1.34517,1e-05,1,Sydney,Wednesday
2026-01-21 03:56:42,ICMarkets Raw,USDJPY,157.951,157.951,0.0,0,Sydney,Wednesday
2026-01-21 03:56:43,ICMarkets Raw,AUDUSD,0.67408,0.67408,0.0,0,Sydney,Wednesday
2026-01-21 03:56:46,VantageMarkets Raw,XAUUSD,4837.6,4837.68,0.08,8,Sydney,Wednesday
2026-01-21 03:56:47,VantageMarkets Raw,EURUSD,1.17297,1.17297,0.0,0,Sydney,Wednesday
2026-01-21 03:56:47,VantageMarkets Raw,GBPUSD,1.34515,1.34515,0.0,0,Sydney,Wednesday
2026-01-21 03:56:48,VantageMarkets Raw,USDJPY,157.951,157.952,0.001,1,Sydney,Wednesday
2026-01-21 03:56:49,VantageMarkets Raw,AUDUSD,0.67407,0.6741,3e-05,3,Sydney,Wednesday
2026-01-21 03:56:52,FPMarkets Raw,XAUUSD,4838.22,4838.29,0.07,7,Sydney,Wednesday
2026-01-21 03:56:53,FPMarkets Raw,EURUSD,1.17297,1.17298,1e-05,1,Sydney,Wednesday
2026-01-21 03:56:54,FPMarkets Raw,GBPUSD,1.34514,1.34519,5e-05,5,Sydney,Wednesday
2026-01-21 03:56:56,FPMarkets Raw,USDJPY,157.943,157.947,0.004,4,Sydney,Wednesday
2026-01-21 03:56:57,FPMarkets Raw,AUDUSD,0.67406,0.6741,4e-05,4,Sydney,Wednesday
2026-01-21 03:56:59,8Cap Raw,XAUUSD,4837.74,4837.9,0.16,16,Sydney,Wednesday
2026-01-21 03:56:59,8Cap Raw,EURUSD,1.17304,1.17305,1e-05,1,Sydney,Wednesday
2026-01-21 03:57:00,8Cap Raw,GBPUSD,1.34525,1.34526,1e-05,1,Sydney,Wednesday
2026-01-21 03:57:01,8Cap Raw,USDJPY,157.929,157.93,0.001,1,Sydney,Wednesday
2026-01-21 03:57:02,8Cap Raw,AUDUSD,0.67414,0.67416,2e-05,2,Sydney,Wednesday
2026-01-21 04:01:17,Pepperstone Razor,XAUUSD,4837.81,4838.01,0.2,20,Sydney,Wednesday
2026-01-21 04:01:18,Pepperstone Razor,EURUSD,1.17287,1.17287,0.0,0,Sydney,Wednesday
2026-01-21 04:01:19,Pepperstone Razor,GBPUSD,1.34515,1.34518,3e-05,3,Sydney,Wednesday
2026-01-21 04:01:20,Pepperstone Razor,USDJPY,157.998,157.999,0.001,1,Sydney,Wednesday
2026-01-21 04:01:21,Pepperstone Razor,AUDUSD,0.67424,0.67425,1e-05,1,Sydney,Wednesday
2026-01-21 04:01:24,FusionMarkets Zero,XAUUSD,4837.34,4837.48,0.14,14,Sydney,Wednesday
2026-01-21 04:01:25,FusionMarkets Zero,EURUSD,1.17286,1.17286,0.0,0,Sydney,Wednesday
2026-01-21 04:01:25,FusionMarkets Zero,GBPUSD,1.34519,1.34519,0.0,0,Sydney,Wednesday
2026-01-21 04:01:26,FusionMarkets Zero,USDJPY,157.983,157.983,0.0,0,Sydney,Wednesday
2026-01-21 04:01:27,FusionMarkets Zero,AUDUSD,0.67429,0.67429,0.0,0,Sydney,Wednesday
2026-01-21 04:01:31,ThinkMarkets ThinkZero,XAUUSD,4838.16,4838.24,0.08,8,Sydney,Wednesday
2026-01-21 04:01:31,ThinkMarkets ThinkZero,EURUSD,1.17289,1.17291,2e-05,2,Sydney,Wednesday
2026-01-21 04:01:32,ThinkMarkets ThinkZero,GBPUSD,1.3452,1.34529,9e-05,9,Sydney,Wednesday
2026-01-21 04:01:33,ThinkMarkets ThinkZero,USDJPY,157.973,157.977,0.004,4,Sydney,Wednesday
2026-01-21 04:01:34,ThinkMarkets ThinkZero,AUDUSD,0.67426,0.6743,4e-05,4,Sydney,Wednesday
2026-01-21 04:01:37,ICMarkets Raw,XAUUSD,4838.25,4838.37,0.12,12,Sydney,Wednesday
2026-01-21 04:01:38,ICMarkets Raw,EURUSD,1.17292,1.17292,0.0,0,Sydney,Wednesday
2026-01-21 04:01:39,ICMarkets Raw,GBPUSD,1.34524,1.34525,1e-05,1,Sydney,Wednesday
2026-01-21 04:01:40,ICMarkets Raw,USDJPY,157.976,157.976,0.0,0,Sydney,Wednesday
2026-01-21 04:01:41,ICMarkets Raw,AUDUSD,0.67427,0.67428,1e-05,1,Sydney,Wednesday
2026-01-21 04:01:44,VantageMarkets Raw,XAUUSD,4837.76,4837.84,0.08,8,Sydney,Wednesday
2026-01-21 04:01:45,VantageMarkets Raw,EURUSD,1.1729,1.17291,1e-05,1,Sydney,Wednesday
2026-01-21 04:01:45,VantageMarkets Raw,GBPUSD,1.34525,1.34525,0.0,0,Sydney,Wednesday
2026-01-21 04:01:46,VantageMarkets Raw,USDJPY,157.974,157.974,0.0,0,Sydney,Wednesday
2026-01-21 04:01:47,VantageMarkets Raw,AUDUSD,0.67427,0.67429,2e-05,2,Sydney,Wednesday
2026-01-21 04:01:50,FPMarkets Raw,XAUUSD,4837.46,4837.53,0.07,7,Sydney,Wednesday
2026-01-21 04:01:51,FPMarkets Raw,EURUSD,1.1729,1.17292,2e-05,2,Sydney,Wednesday
2026-01-21 04:01:52,FPMarkets Raw,GBPUSD,1.34522,1.34527,5e-05,5,Sydney,Wednesday
2026-01-21 04:01:54,FPMarkets Raw,USDJPY,157.969,157.973,0.004,4,Sydney,Wednesday
2026-01-21 04:01:55,FPMarkets Raw,AUDUSD,0.67424,0.67427,3e-05,3,Sydney,Wednesday
2026-01-21 04:01:57,8Cap Raw,XAUUSD,4837.9,4838.06,0.16,16,Sydney,Wednesday
2026-01-21 04:01:58,8Cap Raw,EURUSD,1.17291,1.17292,1e-05,1,Sydney,Wednesday
2026-01-21 04:01:59,8Cap Raw,GBPUSD,1.34525,1.34526,1e-05,1,Sydney,Wednesday
2026-01-21 04:01:59,8Cap Raw,USDJPY,157.973,157.974,0.001,1,Sydney,Wednesday
2026-01-21 04:02:00,8Cap Raw,AUDUSD,0.67424,0.67428,4e-05,4,Sydney,Wednesday
2026-01-21 04:06:17,Pepperstone Razor,XAUUSD,4837.12,4837.27,0.15,15,Sydney,Wednesday
2026-01-21 04:06:18,Pepperstone Razor,EURUSD,1.17298,1.17298,0.0,0,Sydney,Wednesday
2026-01-21 04:06:19,Pepperstone Razor,GBPUSD,1.34533,1.34536,3e-05,3,Sydney,Wednesday
2026-01-21 04:06:20,Pepperstone Razor,USDJPY,157.983,157.986,0.003,3,Sydney,Wednesday
2026-01-21 04:06:20,Pepperstone Razor,AUDUSD,0.67408,0.67409,1e-05,1,Sydney,Wednesday
2026-01-21 04:06:23,FusionMarkets Zero,XAUUSD,4837.86,4837.92,0.06,6,Sydney,Wednesday
2026-01-21 04:06:24,FusionMarkets Zero,EURUSD,1.1729,1.1729,0.0,0,Sydney,Wednesday
2026-01-21 04:06:25,FusionMarkets Zero,GBPUSD,1.34525,1.34525,0.0,0,Sydney,Wednesday
2026-01-21 04:06:26,FusionMarkets Zero,USDJPY,157.998,157.998,0.0,0,Sydney,Wednesday
2026-01-21 04:06:27,FusionMarkets Zero,AUDUSD,0.67408,0.67408,0.0,0,Sydney,Wednesday
2026-01-21 04:06:29,ThinkMarkets ThinkZero,XAUUSD,4838.83,4838.91,0.08,8,Sydney,Wednesday
2026-01-21 04:06:30,ThinkMarkets ThinkZero,EURUSD,1.17291,1.17291,0.0,0,Sydney,Wednesday
2026-01-21 04:06:31,ThinkMarkets ThinkZero,GBPUSD,1.34521,1.34528,7e-05,7,Sydney,Wednesday
2026-01-21 04:06:32,ThinkMarkets ThinkZero,USDJPY,158.009,158.013,0.004,4,Sydney,Wednesday
2026-01-21 04:06:34,ThinkMarkets ThinkZero,AUDUSD,0.67408,0.67411,3e-05,3,Sydney,Wednesday
2026-01-21 04:06:36,ICMarkets Raw,XAUUSD,4837.68,4837.74,0.06,6,Sydney,Wednesday
2026-01-21 04:06:37,ICMarkets Raw,EURUSD,1.17292,1.17292,0.0,0,Sydney,Wednesday
2026-01-21 04:06:38,ICMarkets Raw,GBPUSD,1.34527,1.34528,1e-05,1,Sydney,Wednesday
2026-01-21 04:06:39,ICMarkets Raw,USDJPY,158.011,158.012,0.001,1,Sydney,Wednesday
2026-01-21 04:06:40,ICMarkets Raw,AUDUSD,0.67409,0.6741,1e-05,1,Sydney,Wednesday
2026-01-21 04:06:44,VantageMarkets Raw,XAUUSD,4837.42,4837.5,0.08,8,Sydney,Wednesday
2026-01-21 04:06:45,VantageMarkets Raw,EURUSD,1.17292,1.17293,1e-05,1,Sydney,Wednesday
2026-01-21 04:06:46,VantageMarkets Raw,GBPUSD,1.34528,1.34528,0.0,0,Sydney,Wednesday
2026-01-21 04:06:47,VantageMarkets Raw,USDJPY,158.008,158.009,0.001,1,Sydney,Wednesday
2026-01-21 04:06:49,VantageMarkets Raw,AUDUSD,0.67408,0.67412,4e-05,4,Sydney,Wednesday
2026-01-21 04:06:52,FPMarkets Raw,XAUUSD,4837.46,4837.53,0.07,7,Sydney,Wednesday
2026-01-21 04:06:53,FPMarkets Raw,EURUSD,1.17293,1.17293,0.0,0,Sydney,Wednesday
2026-01-21 04:06:55,FPMarkets Raw,GBPUSD,1.34523,1.34528,5e-05,5,Sydney,Wednesday
2026-01-21 04:06:56,FPMarkets Raw,USDJPY,157.996,158.0,0.004,4,Sydney,Wednesday
2026-01-21 04:06:57,FPMarkets Raw,AUDUSD,0.67409,0.67412,3e-05,3,Sydney,Wednesday
2026-01-21 04:06:59,8Cap Raw,XAUUSD,4836.8,4836.96,0.16,16,Sydney,Wednesday
2026-01-21 04:06:59,8Cap Raw,EURUSD,1.17294,1.17294,0.0,0,Sydney,Wednesday
2026-01-21 04:07:00,8Cap Raw,GBPUSD,1.34527,1.34528,1e-05,1,Sydney,Wednesday
2026-01-21 04:07:01,8Cap Raw,USDJPY,157.998,157.999,0.001,1,Sydney,Wednesday
2026-01-21 04:07:01,8Cap Raw,AUDUSD,0.67409,0.67413,4e-05,4,Sydney,Wednesday
2026-01-21 04:11:18,Pepperstone Razor,XAUUSD,4832.21,4832.38,0.17,17,Sydney,Wednesday
2026-01-21 04:11:19,Pepperstone Razor,EURUSD,1.17275,1.17275,0.0,0,Sydney,Wednesday
2026-01-21 04:11:20,Pepperstone Razor,GBPUSD,1.34514,1.34517,3e-05,3,Sydney,Wednesday
2026-01-21 04:11:21,Pepperstone Razor,USDJPY,158.072,158.075,0.003,3,Sydney,Wednesday
2026-01-21 04:11:22,Pepperstone Razor,AUDUSD,0.67409,0.67409,0.0,0,Sydney,Wednesday
2026-01-21 04:11:24,FusionMarkets Zero,XAUUSD,4831.62,4831.68,0.06,6,Sydney,Wednesday
2026-01-21 04:11:25,FusionMarkets Zero,EURUSD,1.17279,1.17279,0.0,0,Sydney,Wednesday
2026-01-21 04:11:26,FusionMarkets Zero,GBPUSD,1.3451,1.3451,0.0,0,Sydney,Wednesday
2026-01-21 04:11:27,FusionMarkets Zero,USDJPY,158.074,158.074,0.0,0,Sydney,Wednesday
2026-01-21 04:11:28,FusionMarkets Zero,AUDUSD,0.67407,0.67407,0.0,0,Sydney,Wednesday
2026-01-21 04:11:31,ThinkMarkets ThinkZero,XAUUSD,4831.71,4831.79,0.08,8,Sydney,Wednesday
2026-01-21 04:11:32,ThinkMarkets ThinkZero,EURUSD,1.1728,1.17281,1e-05,1,Sydney,Wednesday
2026-01-21 04:11:33,ThinkMarkets ThinkZero,GBPUSD,1.34507,1.34513,6e-05,6,Sydney,Wednesday
2026-01-21 04:11:34,ThinkMarkets ThinkZero,USDJPY,158.072,158.076,0.004,4,Sydney,Wednesday
2026-01-21 04:11:35,ThinkMarkets ThinkZero,AUDUSD,0.67406,0.67409,3e-05,3,Sydney,Wednesday
2026-01-21 04:11:38,ICMarkets Raw,XAUUSD,4831.97,4832.05,0.08,8,Sydney,Wednesday
2026-01-21 04:11:39,ICMarkets Raw,EURUSD,1.17277,1.17277,0.0,0,Sydney,Wednesday
2026-01-21 04:11:40,ICMarkets Raw,GBPUSD,1.34499,1.34502,3e-05,3,Sydney,Wednesday
2026-01-21 04:11:41,ICMarkets Raw,USDJPY,158.075,158.076,0.001,1,Sydney,Wednesday
2026-01-21 04:11:42,ICMarkets Raw,AUDUSD,0.67405,0.67405,0.0,0,Sydney,Wednesday
2026-01-21 04:11:44,VantageMarkets Raw,XAUUSD,4832.16,4832.24,0.08,8,Sydney,Wednesday
2026-01-21 04:11:45,VantageMarkets Raw,EURUSD,1.17275,1.17276,1e-05,1,Sydney,Wednesday
2026-01-21 04:11:46,VantageMarkets Raw,GBPUSD,1.34497,1.34501,4e-05,4,Sydney,Wednesday
2026-01-21 04:11:47,VantageMarkets Raw,USDJPY,158.076,158.077,0.001,1,Sydney,Wednesday
2026-01-21 04:11:48,VantageMarkets Raw,AUDUSD,0.67404,0.67407,3e-05,3,Sydney,Wednesday
2026-01-21 04:11:51,FPMarkets Raw,XAUUSD,4830.5,4830.57,0.07,7,Sydney,Wednesday
2026-01-21 04:11:52,FPMarkets Raw,EURUSD,1.17273,1.17275,2e-05,2,Sydney,Wednesday
2026-01-21 04:11:52,FPMarkets Raw,GBPUSD,1.34496,1.34501,5e-05,5,Sydney,Wednesday
2026-01-21 04:11:54,FPMarkets Raw,USDJPY,158.073,158.077,0.004,4,Sydney,Wednesday
2026-01-21 04:11:55,FPMarkets Raw,AUDUSD,0.67401,0.67404,3e-05,3,Sydney,Wednesday
2026-01-21 04:11:57,8Cap Raw,XAUUSD,4830.69,4830.85,0.16,16,Sydney,Wednesday
2026-01-21 04:11:58,8Cap Raw,EURUSD,1.17275,1.17276,1e-05,1,Sydney,Wednesday
2026-01-21 04:11:59,8Cap Raw,GBPUSD,1.34496,1.34499,3e-05,3,Sydney,Wednesday
2026-01-21 04:11:59,8Cap Raw,USDJPY,158.074,158.075,0.001,1,Sydney,Wednesday
2026-01-21 04:12:00,8Cap Raw,AUDUSD,0.67402,0.67405,3e-05,3,Sydney,Wednesday
2026-01-21 04:16:17,Pepperstone Razor,XAUUSD,4824.92,4825.1,0.18,18,Sydney,Wednesday
2026-01-21 04:16:18,Pepperstone Razor,EURUSD,1.17285,1.17286,1e-05,1,Sydney,Wednesday
2026-01-21 04:16:19,Pepperstone Razor,GBPUSD,1.34496,1.34499,3e-05,3,Sydney,Wednesday
2026-01-21 04:16:19,Pepperstone Razor,USDJPY,158.008,158.009,0.001,1,Sydney,Wednesday
2026-01-21 04:16:20,Pepperstone Razor,AUDUSD,0.67395,0.67395,0.0,0,Sydney,Wednesday
2026-01-21 04:16:23,FusionMarkets Zero,XAUUSD,4825.81,4825.92,0.11,11,Sydney,Wednesday
2026-01-21 04:16:24,FusionMarkets Zero,EURUSD,1.1728,1.1728,0.0,0,Sydney,Wednesday
2026-01-21 04:16:25,FusionMarkets Zero,GBPUSD,1.34498,1.34498,0.0,0,Sydney,Wednesday
2026-01-21 04:16:26,FusionMarkets Zero,USDJPY,158.019,158.019,0.0,0,Sydney,Wednesday
2026-01-21 04:16:27,FusionMarkets Zero,AUDUSD,0.67397,0.67397,0.0,0,Sydney,Wednesday
2026-01-21 04:16:30,ThinkMarkets ThinkZero,XAUUSD,4826.41,4826.49,0.08,8,Sydney,Wednesday
2026-01-21 04:16:31,ThinkMarkets ThinkZero,EURUSD,1.1728,1.17283,3e-05,3,Sydney,Wednesday
2026-01-21 04:16:32,ThinkMarkets ThinkZero,GBPUSD,1.34494,1.345,6e-05,6,Sydney,Wednesday
2026-01-21 04:16:33,ThinkMarkets ThinkZero,USDJPY,158.01,158.015,0.005,5,Sydney,Wednesday
2026-01-21 04:16:34,ThinkMarkets ThinkZero,AUDUSD,0.67396,0.67398,2e-05,2,Sydney,Wednesday
2026-01-21 04:16:37,ICMarkets Raw,XAUUSD,4827.09,4827.17,0.08,8,Sydney,Wednesday
2026-01-21 04:16:38,ICMarkets Raw,EURUSD,1.17283,1.17283,0.0,0,Sydney,Wednesday
2026-01-21 04:16:39,ICMarkets Raw,GBPUSD,1.34502,1.34503,1e-05,1,Sydney,Wednesday
2026-01-21 04:16:40,ICMarkets Raw,USDJPY,158.009,158.009,0.0,0,Sydney,Wednesday
2026-01-21 04:16:40,ICMarkets Raw,AUDUSD,0.67402,0.67402,0.0,0,Sydney,Wednesday
2026-01-21 04:16:43,VantageMarkets Raw,XAUUSD,4827.18,4827.26,0.08,8,Sydney,Wednesday
2026-01-21 04:16:44,VantageMarkets Raw,EURUSD,1.17284,1.17284,0.0,0,Sydney,Wednesday
2026-01-21 04:16:45,VantageMarkets Raw,GBPUSD,1.34501,1.34501,0.0,0,Sydney,Wednesday
2026-01-21 04:16:46,VantageMarkets Raw,USDJPY,158.009,158.009,0.0,0,Sydney,Wednesday
2026-01-21 04:16:47,VantageMarkets Raw,AUDUSD,0.67401,0.67404,3e-05,3,Sydney,Wednesday
2026-01-21 04:16:50,FPMarkets Raw,XAUUSD,4826.74,4826.81,0.07,7,Sydney,Wednesday
2026-01-21 04:16:51,FPMarkets Raw,EURUSD,1.17283,1.17285,2e-05,2,Sydney,Wednesday
2026-01-21 04:16:52,FPMarkets Raw,GBPUSD,1.34491,1.34496,5e-05,5,Sydney,Wednesday
2026-01-21 04:16:53,FPMarkets Raw,USDJPY,158.005,158.009,0.004,4,Sydney,Wednesday
2026-01-21 04:16:54,FPMarkets Raw,AUDUSD,0.67399,0.67402,3e-05,3,Sydney,Wednesday
2026-01-21 04:16:56,8Cap Raw,XAUUSD,4826.3,4826.46,0.16,16,Sydney,Wednesday
2026-01-21 04:16:57,8Cap Raw,EURUSD,1.17283,1.17283,0.0,0,Sydney,Wednesday
2026-01-21 04:16:57,8Cap Raw,GBPUSD,1.34494,1.34495,1e-05,1,Sydney,Wednesday
2026-01-21 04:16:58,8Cap Raw,USDJPY,158.008,158.009,0.001,1,Sydney,Wednesday
2026-01-21 04:16:59,8Cap Raw,AUDUSD,0.67396,0.67399,3e-05,3,Sydney,Wednesday
2026-01-21 04:21:17,Pepperstone Razor,XAUUSD,4824.4,4824.59,0.19,19,Sydney,Wednesday
2026-01-21 04:21:18,Pepperstone Razor,EURUSD,1.17272,1.17272,0.0,0,Sydney,Wednesday
2026-01-21 04:21:19,Pepperstone Razor,GBPUSD,1.34488,1.34491,3e-05,3,Sydney,Wednesday
2026-01-21 04:21:20,Pepperstone Razor,USDJPY,157.977,157.98,0.003,3,Sydney,Wednesday
2026-01-21 04:21:21,Pepperstone Razor,AUDUSD,0.67393,0.67394,1e-05,1,Sydney,Wednesday
2026-01-21 04:21:24,FusionMarkets Zero,XAUUSD,4822.58,4822.72,0.14,14,Sydney,Wednesday
2026-01-21 04:21:24,FusionMarkets Zero,EURUSD,1.17264,1.17264,0.0,0,Sydney,Wednesday
2026-01-21 04:21:25,FusionMarkets Zero,GBPUSD,1.34487,1.34487,0.0,0,Sydney,Wednesday
2026-01-21 04:21:26,FusionMarkets Zero,USDJPY,157.982,157.982,0.0,0,Sydney,Wednesday
2026-01-21 04:21:27,FusionMarkets Zero,AUDUSD,0.67392,0.67392,0.0,0,Sydney,Wednesday
2026-01-21 04:21:30,ThinkMarkets ThinkZero,XAUUSD,4823.43,4823.51,0.08,8,Sydney,Wednesday
2026-01-21 04:21:31,ThinkMarkets ThinkZero,EURUSD,1.17262,1.17264,2e-05,2,Sydney,Wednesday
2026-01-21 04:21:32,ThinkMarkets ThinkZero,GBPUSD,1.34481,1.34488,7e-05,7,Sydney,Wednesday
2026-01-21 04:21:33,ThinkMarkets ThinkZero,USDJPY,157.98,157.985,0.005,5,Sydney,Wednesday
2026-01-21 04:21:34,ThinkMarkets ThinkZero,AUDUSD,0.6739,0.67394,4e-05,4,Sydney,Wednesday
2026-01-21 04:21:37,ICMarkets Raw,XAUUSD,4820.0,4820.12,0.12,12,Sydney,Wednesday
2026-01-21 04:21:38,ICMarkets Raw,EURUSD,1.17261,1.17262,1e-05,1,Sydney,Wednesday
2026-01-21 04:21:39,ICMarkets Raw,GBPUSD,1.34483,1.34484,1e-05,1,Sydney,Wednesday
2026-01-21 04:21:40,ICMarkets Raw,USDJPY,157.996,157.997,0.001,1,Sydney,Wednesday
2026-01-21 04:21:41,ICMarkets Raw,AUDUSD,0.6739,0.6739,0.0,0,Sydney,Wednesday
2026-01-21 04:21:44,VantageMarkets Raw,XAUUSD,4821.0,4821.08,0.08,8,Sydney,Wednesday
2026-01-21 04:21:44,VantageMarkets Raw,EURUSD,1.17261,1.17262,1e-05,1,Sydney,Wednesday
2026-01-21 04:21:45,VantageMarkets Raw,GBPUSD,1.34485,1.34485,0.0,0,Sydney,Wednesday
2026-01-21 04:21:46,VantageMarkets Raw,USDJPY,157.997,157.998,0.001,1,Sydney,Wednesday
2026-01-21 04:21:47,VantageMarkets Raw,AUDUSD,0.67391,0.67394,3e-05,3,Sydney,Wednesday
2026-01-21 04:21:50,FPMarkets Raw,XAUUSD,4821.45,4821.52,0.07,7,Sydney,Wednesday
2026-01-21 04:21:51,FPMarkets Raw,EURUSD,1.17258,1.1726,2e-05,2,Sydney,Wednesday
2026-01-21 04:21:52,FPMarkets Raw,GBPUSD,1.34473,1.34478,5e-05,5,Sydney,Wednesday
2026-01-21 04:21:54,FPMarkets Raw,USDJPY,158.005,158.01,0.005,5,Sydney,Wednesday
2026-01-21 04:21:55,FPMarkets Raw,AUDUSD,0.67385,0.67388,3e-05,3,Sydney,Wednesday
2026-01-21 04:21:56,8Cap Raw,XAUUSD,4820.8,4820.96,0.16,16,Sydney,Wednesday
2026-01-21 04:21:57,8Cap Raw,EURUSD,1.1726,1.1726,0.0,0,Sydney,Wednesday
2026-01-21 04:21:58,8Cap Raw,GBPUSD,1.34476,1.34478,2e-05,2,Sydney,Wednesday
2026-01-21 04:21:58,8Cap Raw,USDJPY,158.009,158.01,0.001,1,Sydney,Wednesday
2026-01-21 04:21:59,8Cap Raw,AUDUSD,0.67384,0.67388,4e-05,4,Sydney,Wednesday
2026-01-21 04:26:18,Pepperstone Razor,XAUUSD,4821.48,4821.68,0.2,20,Sydney,Wednesday
2026-01-21 04:26:18,Pepperstone Razor,EURUSD,1.17256,1.17256,0.0,0,Sydney,Wednesday
2026-01-21 04:26:19,Pepperstone Razor,GBPUSD,1.34469,1.34472,3e-05,3,Sydney,Wednesday
2026-01-21 04:26:20,Pepperstone Razor,USDJPY,158.003,158.006,0.003,3,Sydney,Wednesday
2026-01-21 04:26:21,Pepperstone Razor,AUDUSD,0.67383,0.67383,0.0,0,Sydney,Wednesday
2026-01-21 04:26:24,FusionMarkets Zero,XAUUSD,4820.28,4820.43,0.15,15,Sydney,Wednesday
2026-01-21 04:26:25,FusionMarkets Zero,EURUSD,1.17254,1.17254,0.0,0,Sydney,Wednesday
2026-01-21 04:26:26,FusionMarkets Zero,GBPUSD,1.34468,1.34468,0.0,0,Sydney,Wednesday
2026-01-21 04:26:27,FusionMarkets Zero,USDJPY,158.008,158.008,0.0,0,Sydney,Wednesday
2026-01-21 04:26:28,FusionMarkets Zero,AUDUSD,0.67381,0.67381,0.0,0,Sydney,Wednesday
2026-01-21 04:26:31,ThinkMarkets ThinkZero,XAUUSD,4820.95,4821.03,0.08,8,Sydney,Wednesday
2026-01-21 04:26:32,ThinkMarkets ThinkZero,EURUSD,1.17252,1.17255,3e-05,3,Sydney,Wednesday
2026-01-21 04:26:33,ThinkMarkets ThinkZero,GBPUSD,1.34461,1.34468,7e-05,7,Sydney,Wednesday
2026-01-21 04:26:34,ThinkMarkets ThinkZero,USDJPY,158.005,158.009,0.004,4,Sydney,Wednesday
2026-01-21 04:26:35,ThinkMarkets ThinkZero,AUDUSD,0.67379,0.67383,4e-05,4,Sydney,Wednesday
2026-01-21 04:26:38,ICMarkets Raw,XAUUSD,4820.63,4820.73,0.1,10,Sydney,Wednesday
2026-01-21 04:26:39,ICMarkets Raw,EURUSD,1.17255,1.17255,0.0,0,Sydney,Wednesday
2026-01-21 04:26:40,ICMarkets Raw,GBPUSD,1.34469,1.3447,1e-05,1,Sydney,Wednesday
2026-01-21 04:26:40,ICMarkets Raw,USDJPY,158.02,158.02,0.0,0,Sydney,Wednesday
2026-01-21 04:26:41,ICMarkets Raw,AUDUSD,0.67377,0.67379,2e-05,2,Sydney,Wednesday
2026-01-21 04:26:44,VantageMarkets Raw,XAUUSD,4821.21,4821.29,0.08,8,Sydney,Wednesday
2026-01-21 04:26:45,VantageMarkets Raw,EURUSD,1.17253,1.17254,1e-05,1,Sydney,Wednesday
2026-01-21 04:26:46,VantageMarkets Raw,GBPUSD,1.34467,1.34467,0.0,0,Sydney,Wednesday
2026-01-21 04:26:47,VantageMarkets Raw,USDJPY,158.02,158.021,0.001,1,Sydney,Wednesday
2026-01-21 04:26:48,VantageMarkets Raw,AUDUSD,0.67376,0.67379,3e-05,3,Sydney,Wednesday
2026-01-21 04:26:51,FPMarkets Raw,XAUUSD,4821.52,4821.59,0.07,7,Sydney,Wednesday
2026-01-21 04:26:52,FPMarkets Raw,EURUSD,1.17253,1.17255,2e-05,2,Sydney,Wednesday
2026-01-21 04:26:53,FPMarkets Raw,GBPUSD,1.34466,1.34467,1e-05,1,Sydney,Wednesday
2026-01-21 04:26:55,FPMarkets Raw,USDJPY,158.025,158.029,0.004,4,Sydney,Wednesday
2026-01-21 04:26:56,FPMarkets Raw,AUDUSD,0.67377,0.6738,3e-05,3,Sydney,Wednesday
2026-01-21 04:26:57,8Cap Raw,XAUUSD,4820.79,4820.95,0.16,16,Sydney,Wednesday
2026-01-21 04:26:58,8Cap Raw,EURUSD,1.17254,1.17254,0.0,0,Sydney,Wednesday
2026-01-21 04:26:59,8Cap Raw,GBPUSD,1.34466,1.34467,1e-05,1,Sydney,Wednesday
2026-01-21 04:26:59,8Cap Raw,USDJPY,158.028,158.029,0.001,1,Sydney,Wednesday
2026-01-21 04:27:00,8Cap Raw,AUDUSD,0.67376,0.67379,3e-05,3,Sydney,Wednesday
2026-01-21 04:31:17,Pepperstone Razor,XAUUSD,4828.29,4828.45,0.16,16,Sydney,Wednesday
2026-01-21 04:31:18,Pepperstone Razor,EURUSD,1.17246,1.17246,0.0,0,Sydney,Wednesday
2026-01-21 04:31:19,Pepperstone Razor,GBPUSD,1.34457,1.3446,3e-05,3,Sydney,Wednesday
2026-01-21 04:31:20,Pepperstone Razor,USDJPY,157.956,157.958,0.002,2,Sydney,Wednesday
2026-01-21 04:31:21,Pepperstone Razor,AUDUSD,0.67364,0.67365,1e-05,1,Sydney,Wednesday
2026-01-21 04:31:24,FusionMarkets Zero,XAUUSD,4826.87,4826.98,0.11,11,Sydney,Wednesday
2026-01-21 04:31:25,FusionMarkets Zero,EURUSD,1.17246,1.17246,0.0,0,Sydney,Wednesday
2026-01-21 04:31:26,FusionMarkets Zero,GBPUSD,1.34453,1.34453,0.0,0,Sydney,Wednesday
2026-01-21 04:31:27,FusionMarkets Zero,USDJPY,157.959,157.961,0.002,2,Sydney,Wednesday
2026-01-21 04:31:28,FusionMarkets Zero,AUDUSD,0.67364,0.67364,0.0,0,Sydney,Wednesday
2026-01-21 04:31:31,ThinkMarkets ThinkZero,XAUUSD,4826.35,4826.43,0.08,8,Sydney,Wednesday
2026-01-21 04:31:32,ThinkMarkets ThinkZero,EURUSD,1.17243,1.17245,2e-05,2,Sydney,Wednesday
2026-01-21 04:31:33,ThinkMarkets ThinkZero,GBPUSD,1.3445,1.34455,5e-05,5,Sydney,Wednesday
2026-01-21 04:31:34,ThinkMarkets ThinkZero,USDJPY,157.954,157.959,0.005,5,Sydney,Wednesday
2026-01-21 04:31:35,ThinkMarkets ThinkZero,AUDUSD,0.67362,0.67366,4e-05,4,Sydney,Wednesday
2026-01-21 04:31:38,ICMarkets Raw,XAUUSD,4827.17,4827.29,0.12,12,Sydney,Wednesday
2026-01-21 04:31:39,ICMarkets Raw,EURUSD,1.17245,1.17245,0.0,0,Sydney,Wednesday
2026-01-21 04:31:40,ICMarkets Raw,GBPUSD,1.34452,1.34453,1e-05,1,Sydney,Wednesday
2026-01-21 04:31:41,ICMarkets Raw,USDJPY,157.957,157.957,0.0,0,Sydney,Wednesday
2026-01-21 04:31:41,ICMarkets Raw,AUDUSD,0.67363,0.67363,0.0,0,Sydney,Wednesday
2026-01-21 04:31:44,VantageMarkets Raw,XAUUSD,4827.4,4827.48,0.08,8,Sydney,Wednesday
2026-01-21 04:31:45,VantageMarkets Raw,EURUSD,1.17246,1.17247,1e-05,1,Sydney,Wednesday
2026-01-21 04:31:46,VantageMarkets Raw,GBPUSD,1.3445,1.34452,2e-05,2,Sydney,Wednesday
2026-01-21 04:31:47,VantageMarkets Raw,USDJPY,157.954,157.958,0.004,4,Sydney,Wednesday
2026-01-21 04:31:48,VantageMarkets Raw,AUDUSD,0.67362,0.67365,3e-05,3,Sydney,Wednesday
2026-01-21 04:31:51,FPMarkets Raw,XAUUSD,4827.75,4827.82,0.07,7,Sydney,Wednesday
2026-01-21 04:31:52,FPMarkets Raw,EURUSD,1.17244,1.17245,1e-05,1,Sydney,Wednesday
2026-01-21 04:31:53,FPMarkets Raw,GBPUSD,1.3445,1.34455,5e-05,5,Sydney,Wednesday
2026-01-21 04:31:55,FPMarkets Raw,USDJPY,157.952,157.956,0.004,4,Sydney,Wednesday
2026-01-21 04:31:56,FPMarkets Raw,AUDUSD,0.67361,0.67364,3e-05,3,Sydney,Wednesday
2026-01-21 04:31:57,8Cap Raw,XAUUSD,4828.53,4828.69,0.16,16,Sydney,Wednesday
2026-01-21 04:31:58,8Cap Raw,EURUSD,1.17245,1.17245,0.0,0,Sydney,Wednesday
2026-01-21 04:31:59,8Cap Raw,GBPUSD,1.34452,1.34453,1e-05,1,Sydney,Wednesday
2026-01-21 04:31:59,8Cap Raw,USDJPY,157.956,157.957,0.001,1,Sydney,Wednesday
2026-01-21 04:32:00,8Cap Raw,AUDUSD,0.6736,0.67364,4e-05,4,Sydney,Wednesday
2026-01-21 04:36:17,Pepperstone Razor,XAUUSD,4834.81,4835.0,0.19,19,Sydney,Wednesday
2026-01-21 04:36:18,Pepperstone Razor,EURUSD,1.17276,1.17276,0.0,0,Sydney,Wednesday
2026-01-21 04:36:19,Pepperstone Razor,GBPUSD,1.34466,1.34469,3e-05,3,Sydney,Wednesday
2026-01-21 04:36:20,Pepperstone Razor,USDJPY,157.956,157.958,0.002,2,Sydney,Wednesday
2026-01-21 04:36:21,Pepperstone Razor,AUDUSD,0.67352,0.67353,1e-05,1,Sydney,Wednesday
2026-01-21 04:36:24,FusionMarkets Zero,XAUUSD,4835.05,4835.11,0.06,6,Sydney,Wednesday
2026-01-21 04:36:25,FusionMarkets Zero,EURUSD,1.17289,1.17289,0.0,0,Sydney,Wednesday
2026-01-21 04:36:26,FusionMarkets Zero,GBPUSD,1.34477,1.34477,0.0,0,Sydney,Wednesday
2026-01-21 04:36:27,FusionMarkets Zero,USDJPY,157.945,157.946,0.001,1,Sydney,Wednesday
2026-01-21 04:36:28,FusionMarkets Zero,AUDUSD,0.67356,0.67356,0.0,0,Sydney,Wednesday
2026-01-21 04:36:31,ThinkMarkets ThinkZero,XAUUSD,4834.04,4834.12,0.08,8,Sydney,Wednesday
2026-01-21 04:36:32,ThinkMarkets ThinkZero,EURUSD,1.17291,1.17294,3e-05,3,Sydney,Wednesday
2026-01-21 04:36:32,ThinkMarkets ThinkZero,GBPUSD,1.34477,1.34483,6e-05,6,Sydney,Wednesday
2026-01-21 04:36:33,ThinkMarkets ThinkZero,USDJPY,157.929,157.935,0.006,6,Sydney,Wednesday
2026-01-21 04:36:35,ThinkMarkets ThinkZero,AUDUSD,0.67351,0.67355,4e-05,4,Sydney,Wednesday
2026-01-21 04:36:38,ICMarkets Raw,XAUUSD,4834.75,4834.82,0.07,7,Sydney,Wednesday
2026-01-21 04:36:39,ICMarkets Raw,EURUSD,1.17292,1.17292,0.0,0,Sydney,Wednesday
2026-01-21 04:36:40,ICMarkets Raw,GBPUSD,1.34479,1.3448,1e-05,1,Sydney,Wednesday
2026-01-21 04:36:40,ICMarkets Raw,USDJPY,157.928,157.929,0.001,1,Sydney,Wednesday
2026-01-21 04:36:41,ICMarkets Raw,AUDUSD,0.67354,0.67354,0.0,0,Sydney,Wednesday
2026-01-21 04:36:44,VantageMarkets Raw,XAUUSD,4835.11,4835.19,0.08,8,Sydney,Wednesday
2026-01-21 04:36:45,VantageMarkets Raw,EURUSD,1.17291,1.17292,1e-05,1,Sydney,Wednesday
2026-01-21 04:36:46,VantageMarkets Raw,GBPUSD,1.34477,1.34478,1e-05,1,Sydney,Wednesday
2026-01-21 04:36:47,VantageMarkets Raw,USDJPY,157.928,157.933,0.005,5,Sydney,Wednesday
2026-01-21 04:36:48,VantageMarkets Raw,AUDUSD,0.67353,0.67357,4e-05,4,Sydney,Wednesday
2026-01-21 04:36:51,FPMarkets Raw,XAUUSD,4835.26,4835.33,0.07,7,Sydney,Wednesday
2026-01-21 04:36:52,FPMarkets Raw,EURUSD,1.17293,1.17293,0.0,0,Sydney,Wednesday
2026-01-21 04:36:53,FPMarkets Raw,GBPUSD,1.34475,1.3448,5e-05,5,Sydney,Wednesday
2026-01-21 04:36:54,FPMarkets Raw,USDJPY,157.931,157.935,0.004,4,Sydney,Wednesday
2026-01-21 04:36:55,FPMarkets Raw,AUDUSD,0.67358,0.67361,3e-05,3,Sydney,Wednesday
2026-01-21 04:36:57,8Cap Raw,XAUUSD,4834.97,4835.13,0.16,16,Sydney,Wednesday
2026-01-21 04:36:58,8Cap Raw,EURUSD,1.173,1.17303,3e-05,3,Sydney,Wednesday
2026-01-21 04:36:58,8Cap Raw,GBPUSD,1.34483,1.34486,3e-05,3,Sydney,Wednesday
2026-01-21 04:36:59,8Cap Raw,USDJPY,157.921,157.924,0.003,3,Sydney,Wednesday
2026-01-21 04:36:59,8Cap Raw,AUDUSD,0.67359,0.67363,4e-05,4,Sydney,Wednesday
2026-01-21 04:41:17,Pepperstone Razor,XAUUSD,4835.72,4835.87,0.15,15,Sydney,Wednesday
2026-01-21 04:41:18,Pepperstone Razor,EURUSD,1.17307,1.17307,0.0,0,Sydney,Wednesday
2026-01-21 04:41:19,Pepperstone Razor,GBPUSD,1.34487,1.3449,3e-05,3,Sydney,Wednesday
2026-01-21 04:41:20,Pepperstone Razor,USDJPY,157.921,157.924,0.003,3,Sydney,Wednesday
2026-01-21 04:41:21,Pepperstone Razor,AUDUSD,0.67364,0.67365,1e-05,1,Sydney,Wednesday
2026-01-21 04:41:24,FusionMarkets Zero,XAUUSD,4836.28,4836.45,0.17,17,Sydney,Wednesday
2026-01-21 04:41:25,FusionMarkets Zero,EURUSD,1.17308,1.17308,0.0,0,Sydney,Wednesday
2026-01-21 04:41:26,FusionMarkets Zero,GBPUSD,1.34485,1.34485,0.0,0,Sydney,Wednesday
2026-01-21 04:41:27,FusionMarkets Zero,USDJPY,157.913,157.913,0.0,0,Sydney,Wednesday
2026-01-21 04:41:27,FusionMarkets Zero,AUDUSD,0.67374,0.67374,0.0,0,Sydney,Wednesday
2026-01-21 04:41:31,ThinkMarkets ThinkZero,XAUUSD,4836.73,4836.81,0.08,8,Sydney,Wednesday
2026-01-21 04:41:31,ThinkMarkets ThinkZero,EURUSD,1.17305,1.17308,3e-05,3,Sydney,Wednesday
2026-01-21 04:41:32,ThinkMarkets ThinkZero,GBPUSD,1.34483,1.34488,5e-05,5,Sydney,Wednesday
2026-01-21 04:41:33,ThinkMarkets ThinkZero,USDJPY,157.917,157.921,0.004,4,Sydney,Wednesday
2026-01-21 04:41:34,ThinkMarkets ThinkZero,AUDUSD,0.67372,0.67376,4e-05,4,Sydney,Wednesday
2026-01-21 04:41:38,ICMarkets Raw,XAUUSD,4837.12,4837.22,0.1,10,Sydney,Wednesday
2026-01-21 04:41:38,ICMarkets Raw,EURUSD,1.17308,1.17308,0.0,0,Sydney,Wednesday
2026-01-21 04:41:39,ICMarkets Raw,GBPUSD,1.34486,1.34487,1e-05,1,Sydney,Wednesday
2026-01-21 04:41:40,ICMarkets Raw,USDJPY,157.917,157.917,0.0,0,Sydney,Wednesday
2026-01-21 04:41:41,ICMarkets Raw,AUDUSD,0.67377,0.67377,0.0,0,Sydney,Wednesday
2026-01-21 04:41:44,VantageMarkets Raw,XAUUSD,4837.54,4837.62,0.08,8,Sydney,Wednesday
2026-01-21 04:41:45,VantageMarkets Raw,EURUSD,1.17307,1.17307,0.0,0,Sydney,Wednesday
2026-01-21 04:41:46,VantageMarkets Raw,GBPUSD,1.34487,1.34487,0.0,0,Sydney,Wednesday
2026-01-21 04:41:47,VantageMarkets Raw,USDJPY,157.918,157.918,0.0,0,Sydney,Wednesday
2026-01-21 04:41:48,VantageMarkets Raw,AUDUSD,0.67376,0.67379,3e-05,3,Sydney,Wednesday
2026-01-21 04:41:51,FPMarkets Raw,XAUUSD,4837.37,4837.44,0.07,7,Sydney,Wednesday
2026-01-21 04:41:52,FPMarkets Raw,EURUSD,1.17306,1.17308,2e-05,2,Sydney,Wednesday
2026-01-21 04:41:53,FPMarkets Raw,GBPUSD,1.34487,1.34487,0.0,0,Sydney,Wednesday
2026-01-21 04:41:54,FPMarkets Raw,USDJPY,157.911,157.915,0.004,4,Sydney,Wednesday
2026-01-21 04:41:55,FPMarkets Raw,AUDUSD,0.67377,0.6738,3e-05,3,Sydney,Wednesday
2026-01-21 04:41:57,8Cap Raw,XAUUSD,4836.91,4837.07,0.16,16,Sydney,Wednesday
2026-01-21 04:41:58,8Cap Raw,EURUSD,1.17308,1.17308,0.0,0,Sydney,Wednesday
2026-01-21 04:41:58,8Cap Raw,GBPUSD,1.34487,1.34488,1e-05,1,Sydney,Wednesday
2026-01-21 04:41:59,8Cap Raw,USDJPY,157.918,157.919,0.001,1,Sydney,Wednesday
2026-01-21 04:42:00,8Cap Raw,AUDUSD,0.6738,0.67382,2e-05,2,Sydney,Wednesday
2026-01-21 04:46:17,Pepperstone Razor,XAUUSD,4829.19,4829.36,0.17,17,Sydney,Wednesday
2026-01-21 04:46:18,Pepperstone Razor,EURUSD,1.17293,1.17293,0.0,0,Sydney,Wednesday
2026-01-21 04:46:19,Pepperstone Razor,GBPUSD,1.34467,1.34469,2e-05,2,Sydney,Wednesday
2026-01-21 04:46:20,Pepperstone Razor,USDJPY,157.912,157.914,0.002,2,Sydney,Wednesday
2026-01-21 04:46:21,Pepperstone Razor,AUDUSD,0.67355,0.67355,0.0,0,Sydney,Wednesday
2026-01-21 04:46:24,FusionMarkets Zero,XAUUSD,4830.17,4830.3,0.13,13,Sydney,Wednesday
2026-01-21 04:46:25,FusionMarkets Zero,EURUSD,1.17294,1.17294,0.0,0,Sydney,Wednesday
2026-01-21 04:46:26,FusionMarkets Zero,GBPUSD,1.34466,1.34466,0.0,0,Sydney,Wednesday
2026-01-21 04:46:27,FusionMarkets Zero,USDJPY,157.919,157.919,0.0,0,Sydney,Wednesday
2026-01-21 04:46:28,FusionMarkets Zero,AUDUSD,0.67356,0.67356,0.0,0,Sydney,Wednesday
2026-01-21 04:46:31,ThinkMarkets ThinkZero,XAUUSD,4830.9,4830.98,0.08,8,Sydney,Wednesday
2026-01-21 04:46:32,ThinkMarkets ThinkZero,EURUSD,1.17291,1.17294,3e-05,3,Sydney,Wednesday
2026-01-21 04:46:33,ThinkMarkets ThinkZero,GBPUSD,1.34461,1.34468,7e-05,7,Sydney,Wednesday
2026-01-21 04:46:34,ThinkMarkets ThinkZero,USDJPY,157.916,157.919,0.003,3,Sydney,Wednesday
2026-01-21 04:46:35,ThinkMarkets ThinkZero,AUDUSD,0.67355,0.67359,4e-05,4,Sydney,Wednesday
2026-01-21 04:46:38,ICMarkets Raw,XAUUSD,4830.43,4830.54,0.11,11,Sydney,Wednesday
2026-01-21 04:46:39,ICMarkets Raw,EURUSD,1.17296,1.17296,0.0,0,Sydney,Wednesday
2026-01-21 04:46:40,ICMarkets Raw,GBPUSD,1.34468,1.34469,1e-05,1,Sydney,Wednesday
2026-01-21 04:46:41,ICMarkets Raw,USDJPY,157.918,157.918,0.0,0,Sydney,Wednesday
2026-01-21 04:46:42,ICMarkets Raw,AUDUSD,0.6736,0.6736,0.0,0,Sydney,Wednesday
2026-01-21 04:46:45,VantageMarkets Raw,XAUUSD,4830.48,4830.56,0.08,8,Sydney,Wednesday
2026-01-21 04:46:46,VantageMarkets Raw,EURUSD,1.17296,1.17296,0.0,0,Sydney,Wednesday
2026-01-21 04:46:47,VantageMarkets Raw,GBPUSD,1.34466,1.34466,0.0,0,Sydney,Wednesday
2026-01-21 04:46:48,VantageMarkets Raw,USDJPY,157.917,157.918,0.001,1,Sydney,Wednesday
2026-01-21 04:46:48,VantageMarkets Raw,AUDUSD,0.6736,0.67362,2e-05,2,Sydney,Wednesday
2026-01-21 04:46:52,FPMarkets Raw,XAUUSD,4831.6,4831.67,0.07,7,Sydney,Wednesday
2026-01-21 04:46:53,FPMarkets Raw,EURUSD,1.17294,1.17296,2e-05,2,Sydney,Wednesday
2026-01-21 04:46:54,FPMarkets Raw,GBPUSD,1.34462,1.34467,5e-05,5,Sydney,Wednesday
2026-01-21 04:46:55,FPMarkets Raw,USDJPY,157.916,157.92,0.004,4,Sydney,Wednesday
2026-01-21 04:46:56,FPMarkets Raw,AUDUSD,0.67355,0.67358,3e-05,3,Sydney,Wednesday
2026-01-21 04:46:58,8Cap Raw,XAUUSD,4832.02,4832.18,0.16,16,Sydney,Wednesday
2026-01-21 04:46:59,8Cap Raw,EURUSD,1.17291,1.17292,1e-05,1,Sydney,Wednesday
2026-01-21 04:46:59,8Cap Raw,GBPUSD,1.34465,1.34466,1e-05,1,Sydney,Wednesday
2026-01-21 04:47:00,8Cap Raw,USDJPY,157.918,157.919,0.001,1,Sydney,Wednesday
2026-01-21 04:47:01,8Cap Raw,AUDUSD,0.67355,0.67358,3e-05,3,Sydney,Wednesday
2026-01-21 04:51:18,Pepperstone Razor,XAUUSD,4829.69,4829.85,0.16,16,Sydney,Wednesday
2026-01-21 04:51:19,Pepperstone Razor,EURUSD,1.17279,1.17279,0.0,0,Sydney,Wednesday
2026-01-21 04:51:20,Pepperstone Razor,GBPUSD,1.34449,1.34452,3e-05,3,Sydney,Wednesday
2026-01-21 04:51:21,Pepperstone Razor,USDJPY,157.93,157.932,0.002,2,Sydney,Wednesday
2026-01-21 04:51:21,Pepperstone Razor,AUDUSD,0.67359,0.67359,0.0,0,Sydney,Wednesday
2026-01-21 04:51:25,FusionMarkets Zero,XAUUSD,4829.3,4829.36,0.06,6,Sydney,Wednesday
2026-01-21 04:51:26,FusionMarkets Zero,EURUSD,1.17283,1.17283,0.0,0,Sydney,Wednesday
2026-01-21 04:51:27,FusionMarkets Zero,GBPUSD,1.34448,1.34448,0.0,0,Sydney,Wednesday
2026-01-21 04:51:27,FusionMarkets Zero,USDJPY,157.932,157.932,0.0,0,Sydney,Wednesday
2026-01-21 04:51:28,FusionMarkets Zero,AUDUSD,0.67359,0.67359,0.0,0,Sydney,Wednesday
2026-01-21 04:51:32,ThinkMarkets ThinkZero,XAUUSD,4829.74,4829.82,0.08,8,Sydney,Wednesday
2026-01-21 04:51:32,ThinkMarkets ThinkZero,EURUSD,1.17282,1.17285,3e-05,3,Sydney,Wednesday
2026-01-21 04:51:33,ThinkMarkets ThinkZero,GBPUSD,1.34444,1.34448,4e-05,4,Sydney,Wednesday
2026-01-21 04:51:34,ThinkMarkets ThinkZero,USDJPY,157.931,157.937,0.006,6,Sydney,Wednesday
2026-01-21 04:51:35,ThinkMarkets ThinkZero,AUDUSD,0.67356,0.67362,6e-05,6,Sydney,Wednesday
2026-01-21 04:51:39,ICMarkets Raw,XAUUSD,4831.25,4831.31,0.06,6,Sydney,Wednesday
2026-01-21 04:51:40,ICMarkets Raw,EURUSD,1.17289,1.17289,0.0,0,Sydney,Wednesday
2026-01-21 04:51:41,ICMarkets Raw,GBPUSD,1.34456,1.34457,1e-05,1,Sydney,Wednesday
2026-01-21 04:51:42,ICMarkets Raw,USDJPY,157.917,157.919,0.002,2,Sydney,Wednesday
2026-01-21 04:51:43,ICMarkets Raw,AUDUSD,0.67363,0.67363,0.0,0,Sydney,Wednesday
2026-01-21 04:51:46,VantageMarkets Raw,XAUUSD,4832.13,4832.21,0.08,8,Sydney,Wednesday
2026-01-21 04:51:46,VantageMarkets Raw,EURUSD,1.17287,1.17288,1e-05,1,Sydney,Wednesday
2026-01-21 04:51:47,VantageMarkets Raw,GBPUSD,1.34452,1.34457,5e-05,5,Sydney,Wednesday
2026-01-21 04:51:48,VantageMarkets Raw,USDJPY,157.918,157.918,0.0,0,Sydney,Wednesday
2026-01-21 04:51:49,VantageMarkets Raw,AUDUSD,0.6736,0.67363,3e-05,3,Sydney,Wednesday
2026-01-21 04:51:53,FPMarkets Raw,XAUUSD,4832.15,4832.22,0.07,7,Sydney,Wednesday
2026-01-21 04:51:54,FPMarkets Raw,EURUSD,1.17284,1.17285,1e-05,1,Sydney,Wednesday
2026-01-21 04:51:55,FPMarkets Raw,GBPUSD,1.34449,1.34454,5e-05,5,Sydney,Wednesday
2026-01-21 04:51:56,FPMarkets Raw,USDJPY,157.917,157.921,0.004,4,Sydney,Wednesday
2026-01-21 04:51:57,FPMarkets Raw,AUDUSD,0.67359,0.67364,5e-05,5,Sydney,Wednesday
2026-01-21 04:51:59,8Cap Raw,XAUUSD,4832.94,4833.1,0.16,16,Sydney,Wednesday
2026-01-21 04:51:59,8Cap Raw,EURUSD,1.17282,1.17284,2e-05,2,Sydney,Wednesday
2026-01-21 04:52:00,8Cap Raw,GBPUSD,1.34445,1.34449,4e-05,4,Sydney,Wednesday
2026-01-21 04:52:01,8Cap Raw,USDJPY,157.918,157.919,0.001,1,Sydney,Wednesday
2026-01-21 04:52:01,8Cap Raw,AUDUSD,0.67357,0.67359,2e-05,2,Sydney,Wednesday
2026-01-21 04:56:17,Pepperstone Razor,XAUUSD,4834.4,4834.64,0.24,24,Sydney,Wednesday
2026-01-21 04:56:18,Pepperstone Razor,EURUSD,1.17276,1.17276,0.0,0,Sydney,Wednesday
2026-01-21 04:56:19,Pepperstone Razor,GBPUSD,1.34448,1.34451,3e-05,3,Sydney,Wednesday
2026-01-21 04:56:20,Pepperstone Razor,USDJPY,157.929,157.934,0.005,5,Sydney,Wednesday
2026-01-21 04:56:21,Pepperstone Razor,AUDUSD,0.67377,0.67377,0.0,0,Sydney,Wednesday
2026-01-21 04:56:24,FusionMarkets Zero,XAUUSD,4835.47,4835.6,0.13,13,Sydney,Wednesday
2026-01-21 04:56:25,FusionMarkets Zero,EURUSD,1.17274,1.17274,0.0,0,Sydney,Wednesday
2026-01-21 04:56:26,FusionMarkets Zero,GBPUSD,1.34448,1.34448,0.0,0,Sydney,Wednesday
2026-01-21 04:56:27,FusionMarkets Zero,USDJPY,157.93,157.93,0.0,0,Sydney,Wednesday
2026-01-21 04:56:28,FusionMarkets Zero,AUDUSD,0.67379,0.67379,0.0,0,Sydney,Wednesday
2026-01-21 04:56:31,ThinkMarkets ThinkZero,XAUUSD,4835.69,4835.77,0.08,8,Sydney,Wednesday
2026-01-21 04:56:32,ThinkMarkets ThinkZero,EURUSD,1.17273,1.17276,3e-05,3,Sydney,Wednesday
2026-01-21 04:56:33,ThinkMarkets ThinkZero,GBPUSD,1.34448,1.34452,4e-05,4,Sydney,Wednesday
2026-01-21 04:56:34,ThinkMarkets ThinkZero,USDJPY,157.935,157.939,0.004,4,Sydney,Wednesday
2026-01-21 04:56:35,ThinkMarkets ThinkZero,AUDUSD,0.67377,0.6738,3e-05,3,Sydney,Wednesday
2026-01-21 04:56:38,ICMarkets Raw,XAUUSD,4836.02,4836.14,0.12,12,Sydney,Wednesday
2026-01-21 04:56:39,ICMarkets Raw,EURUSD,1.17273,1.17273,0.0,0,Sydney,Wednesday
2026-01-21 04:56:40,ICMarkets Raw,GBPUSD,1.34449,1.3445,1e-05,1,Sydney,Wednesday
2026-01-21 04:56:41,ICMarkets Raw,USDJPY,157.936,157.937,0.001,1,Sydney,Wednesday
2026-01-21 04:56:42,ICMarkets Raw,AUDUSD,0.67377,0.67377,0.0,0,Sydney,Wednesday
2026-01-21 04:56:45,VantageMarkets Raw,XAUUSD,4836.03,4836.11,0.08,8,Sydney,Wednesday
2026-01-21 04:56:46,VantageMarkets Raw,EURUSD,1.17273,1.17274,1e-05,1,Sydney,Wednesday
2026-01-21 04:56:47,VantageMarkets Raw,GBPUSD,1.34448,1.34448,0.0,0,Sydney,Wednesday
2026-01-21 04:56:48,VantageMarkets Raw,USDJPY,157.934,157.934,0.0,0,Sydney,Wednesday
2026-01-21 04:56:49,VantageMarkets Raw,AUDUSD,0.67372,0.67376,4e-05,4,Sydney,Wednesday
2026-01-21 04:56:52,FPMarkets Raw,XAUUSD,4835.15,4835.22,0.07,7,Sydney,Wednesday
2026-01-21 04:56:53,FPMarkets Raw,EURUSD,1.17272,1.17274,2e-05,2,Sydney,Wednesday
2026-01-21 04:56:54,FPMarkets Raw,GBPUSD,1.34445,1.3445,5e-05,5,Sydney,Wednesday
2026-01-21 04:56:56,FPMarkets Raw,USDJPY,157.932,157.936,0.004,4,Sydney,Wednesday
2026-01-21 04:56:56,FPMarkets Raw,AUDUSD,0.67372,0.67376,4e-05,4,Sydney,Wednesday
2026-01-21 04:56:58,8Cap Raw,XAUUSD,4836.26,4836.42,0.16,16,Sydney,Wednesday
2026-01-21 04:56:59,8Cap Raw,EURUSD,1.17273,1.17273,0.0,0,Sydney,Wednesday
2026-01-21 04:57:00,8Cap Raw,GBPUSD,1.34448,1.34449,1e-05,1,Sydney,Wednesday
2026-01-21 04:57:00,8Cap Raw,USDJPY,157.935,157.936,0.001,1,Sydney,Wednesday
2026-01-21 04:57:01,8Cap Raw,AUDUSD,0.67373,0.67376,3e-05,3,Sydney,Wednesday
2026-01-21 05:01:17,Pepperstone Razor,XAUUSD,4839.44,4839.59,0.15,15,Sydney,Wednesday
2026-01-21 05:01:18,Pepperstone Razor,EURUSD,1.1727,1.1727,0.0,0,Sydney,Wednesday
2026-01-21 05:01:19,Pepperstone Razor,GBPUSD,1.34446,1.34449,3e-05,3,Sydney,Wednesday
2026-01-21 05:01:20,Pepperstone Razor,USDJPY,157.912,157.916,0.004,4,Sydney,Wednesday
2026-01-21 05:01:20,Pepperstone Razor,AUDUSD,0.67368,0.67368,0.0,0,Sydney,Wednesday
2026-01-21 05:01:23,FusionMarkets Zero,XAUUSD,4839.47,4839.53,0.06,6,Sydney,Wednesday
2026-01-21 05:01:24,FusionMarkets Zero,EURUSD,1.1727,1.1727,0.0,0,Sydney,Wednesday
2026-01-21 05:01:25,FusionMarkets Zero,GBPUSD,1.34447,1.34447,0.0,0,Sydney,Wednesday
2026-01-21 05:01:26,FusionMarkets Zero,USDJPY,157.907,157.909,0.002,2,Sydney,Wednesday
2026-01-21 05:01:27,FusionMarkets Zero,AUDUSD,0.6737,0.6737,0.0,0,Sydney,Wednesday
2026-01-21 05:01:30,ThinkMarkets ThinkZero,XAUUSD,4839.71,4839.79,0.08,8,Sydney,Wednesday
2026-01-21 05:01:31,ThinkMarkets ThinkZero,EURUSD,1.17265,1.17268,3e-05,3,Sydney,Wednesday
2026-01-21 05:01:32,ThinkMarkets ThinkZero,GBPUSD,1.34441,1.34448,7e-05,7,Sydney,Wednesday
2026-01-21 05:01:33,ThinkMarkets ThinkZero,USDJPY,157.906,157.91,0.004,4,Sydney,Wednesday
2026-01-21 05:01:35,ThinkMarkets ThinkZero,AUDUSD,0.67374,0.67378,4e-05,4,Sydney,Wednesday
2026-01-21 05:01:37,ICMarkets Raw,XAUUSD,4840.88,4840.93,0.05,5,Sydney,Wednesday
2026-01-21 05:01:38,ICMarkets Raw,EURUSD,1.17265,1.17265,0.0,0,Sydney,Wednesday
2026-01-21 05:01:39,ICMarkets Raw,GBPUSD,1.34446,1.34447,1e-05,1,Sydney,Wednesday
2026-01-21 05:01:40,ICMarkets Raw,USDJPY,157.917,157.917,0.0,0,Sydney,Wednesday
2026-01-21 05:01:41,ICMarkets Raw,AUDUSD,0.67375,0.67375,0.0,0,Sydney,Wednesday
2026-01-21 05:01:44,VantageMarkets Raw,XAUUSD,4840.92,4841.0,0.08,8,Sydney,Wednesday
2026-01-21 05:01:45,VantageMarkets Raw,EURUSD,1.17266,1.17266,0.0,0,Sydney,Wednesday
2026-01-21 05:01:45,VantageMarkets Raw,GBPUSD,1.34445,1.34446,1e-05,1,Sydney,Wednesday
2026-01-21 05:01:46,VantageMarkets Raw,USDJPY,157.925,157.934,0.009,9,Sydney,Wednesday
2026-01-21 05:01:47,VantageMarkets Raw,AUDUSD,0.67372,0.67375,3e-05,3,Sydney,Wednesday
2026-01-21 05:01:50,FPMarkets Raw,XAUUSD,4840.58,4840.65,0.07,7,Sydney,Wednesday
2026-01-21 05:01:51,FPMarkets Raw,EURUSD,1.17259,1.17261,2e-05,2,Sydney,Wednesday
2026-01-21 05:01:52,FPMarkets Raw,GBPUSD,1.34441,1.34446,5e-05,5,Sydney,Wednesday
2026-01-21 05:01:54,FPMarkets Raw,USDJPY,157.927,157.931,0.004,4,Sydney,Wednesday
2026-01-21 05:01:55,FPMarkets Raw,AUDUSD,0.67369,0.67372,3e-05,3,Sydney,Wednesday
2026-01-21 05:01:57,8Cap Raw,XAUUSD,4840.21,4840.37,0.16,16,Sydney,Wednesday
2026-01-21 05:01:57,8Cap Raw,EURUSD,1.17261,1.17261,0.0,0,Sydney,Wednesday
2026-01-21 05:01:58,8Cap Raw,GBPUSD,1.34444,1.34445,1e-05,1,Sydney,Wednesday
2026-01-21 05:01:59,8Cap Raw,USDJPY,157.927,157.932,0.005,5,Sydney,Wednesday
2026-01-21 05:01:59,8Cap Raw,AUDUSD,0.67369,0.67372,3e-05,3,Sydney,Wednesday
2026-01-21 05:06:16,Pepperstone Razor,XAUUSD,4843.57,4843.7,0.13,13,Sydney,Wednesday
2026-01-21 05:06:17,Pepperstone Razor,EURUSD,1.17275,1.17275,0.0,0,Sydney,Wednesday
2026-01-21 05:06:18,Pepperstone Razor,GBPUSD,1.34456,1.34458,2e-05,2,Sydney,Wednesday
2026-01-21 05:06:19,Pepperstone Razor,USDJPY,157.939,157.941,0.002,2,Sydney,Wednesday
2026-01-21 05:06:20,Pepperstone Razor,AUDUSD,0.67372,0.67373,1e-05,1,Sydney,Wednesday
2026-01-21 05:06:23,FusionMarkets Zero,XAUUSD,4843.86,4843.98,0.12,12,Sydney,Wednesday
2026-01-21 05:06:24,FusionMarkets Zero,EURUSD,1.17274,1.17274,0.0,0,Sydney,Wednesday
2026-01-21 05:06:25,FusionMarkets Zero,GBPUSD,1.34455,1.34455,0.0,0,Sydney,Wednesday
2026-01-21 05:06:25,FusionMarkets Zero,USDJPY,157.94,157.94,0.0,0,Sydney,Wednesday
2026-01-21 05:06:26,FusionMarkets Zero,AUDUSD,0.67372,0.67372,0.0,0,Sydney,Wednesday
2026-01-21 05:06:29,ThinkMarkets ThinkZero,XAUUSD,4843.11,4843.19,0.08,8,Sydney,Wednesday
2026-01-21 05:06:30,ThinkMarkets ThinkZero,EURUSD,1.17271,1.17274,3e-05,3,Sydney,Wednesday
2026-01-21 05:06:31,ThinkMarkets ThinkZero,GBPUSD,1.34454,1.34458,4e-05,4,Sydney,Wednesday
2026-01-21 05:06:32,ThinkMarkets ThinkZero,USDJPY,157.933,157.936,0.003,3,Sydney,Wednesday
2026-01-21 05:06:33,ThinkMarkets ThinkZero,AUDUSD,0.6737,0.67373,3e-05,3,Sydney,Wednesday
2026-01-21 05:06:36,ICMarkets Raw,XAUUSD,4843.05,4843.1,0.05,5,Sydney,Wednesday
2026-01-21 05:06:37,ICMarkets Raw,EURUSD,1.17272,1.17273,1e-05,1,Sydney,Wednesday
2026-01-21 05:06:38,ICMarkets Raw,GBPUSD,1.34455,1.34456,1e-05,1,Sydney,Wednesday
2026-01-21 05:06:39,ICMarkets Raw,USDJPY,157.926,157.927,0.001,1,Sydney,Wednesday
2026-01-21 05:06:40,ICMarkets Raw,AUDUSD,0.67371,0.67372,1e-05,1,Sydney,Wednesday
2026-01-21 05:06:42,VantageMarkets Raw,XAUUSD,4842.23,4842.31,0.08,8,Sydney,Wednesday
2026-01-21 05:06:43,VantageMarkets Raw,EURUSD,1.17273,1.17273,0.0,0,Sydney,Wednesday
2026-01-21 05:06:44,VantageMarkets Raw,GBPUSD,1.34456,1.34456,0.0,0,Sydney,Wednesday
2026-01-21 05:06:45,VantageMarkets Raw,USDJPY,157.93,157.93,0.0,0,Sydney,Wednesday
2026-01-21 05:06:45,VantageMarkets Raw,AUDUSD,0.67371,0.67375,4e-05,4,Sydney,Wednesday
2026-01-21 05:06:48,FPMarkets Raw,XAUUSD,4842.82,4842.89,0.07,7,Sydney,Wednesday
2026-01-21 05:06:49,FPMarkets Raw,EURUSD,1.17272,1.17274,2e-05,2,Sydney,Wednesday
2026-01-21 05:06:50,FPMarkets Raw,GBPUSD,1.34453,1.34458,5e-05,5,Sydney,Wednesday
2026-01-21 05:06:52,FPMarkets Raw,USDJPY,157.929,157.933,0.004,4,Sydney,Wednesday
2026-01-21 05:06:53,FPMarkets Raw,AUDUSD,0.67371,0.67375,4e-05,4,Sydney,Wednesday
2026-01-21 05:06:55,8Cap Raw,XAUUSD,4843.16,4843.32,0.16,16,Sydney,Wednesday
2026-01-21 05:06:56,8Cap Raw,EURUSD,1.17274,1.17274,0.0,0,Sydney,Wednesday
2026-01-21 05:06:56,8Cap Raw,GBPUSD,1.34455,1.34456,1e-05,1,Sydney,Wednesday
2026-01-21 05:06:57,8Cap Raw,USDJPY,157.93,157.931,0.001,1,Sydney,Wednesday
2026-01-21 05:06:58,8Cap Raw,AUDUSD,0.67369,0.67373,4e-05,4,Sydney,Wednesday
2026-01-21 05:11:18,Pepperstone Razor,XAUUSD,4845.21,4845.37,0.16,16,Sydney,Wednesday
2026-01-21 05:11:19,Pepperstone Razor,EURUSD,1.17262,1.17263,1e-05,1,Sydney,Wednesday
2026-01-21 05:11:20,Pepperstone Razor,GBPUSD,1.34444,1.34445,1e-05,1,Sydney,Wednesday
2026-01-21 05:11:21,Pepperstone Razor,USDJPY,157.941,157.944,0.003,3,Sydney,Wednesday
2026-01-21 05:11:22,Pepperstone Razor,AUDUSD,0.67371,0.67371,0.0,0,Sydney,Wednesday
2026-01-21 05:11:25,FusionMarkets Zero,XAUUSD,4846.47,4846.64,0.17,17,Sydney,Wednesday
2026-01-21 05:11:26,FusionMarkets Zero,EURUSD,1.17262,1.17262,0.0,0,Sydney,Wednesday
2026-01-21 05:11:27,FusionMarkets Zero,GBPUSD,1.34446,1.34446,0.0,0,Sydney,Wednesday
2026-01-21 05:11:28,FusionMarkets Zero,USDJPY,157.937,157.937,0.0,0,Sydney,Wednesday
2026-01-21 05:11:29,FusionMarkets Zero,AUDUSD,0.67372,0.67372,0.0,0,Sydney,Wednesday
2026-01-21 05:11:32,ThinkMarkets ThinkZero,XAUUSD,4846.64,4846.72,0.08,8,Sydney,Wednesday
2026-01-21 05:11:32,ThinkMarkets ThinkZero,EURUSD,1.17259,1.17261,2e-05,2,Sydney,Wednesday
2026-01-21 05:11:33,ThinkMarkets ThinkZero,GBPUSD,1.34441,1.34447,6e-05,6,Sydney,Wednesday
2026-01-21 05:11:34,ThinkMarkets ThinkZero,USDJPY,157.931,157.937,0.006,6,Sydney,Wednesday
2026-01-21 05:11:36,ThinkMarkets ThinkZero,AUDUSD,0.6737,0.67373,3e-05,3,Sydney,Wednesday
2026-01-21 05:11:39,ICMarkets Raw,XAUUSD,4848.9,4849.02,0.12,12,Sydney,Wednesday
2026-01-21 05:11:39,ICMarkets Raw,EURUSD,1.17266,1.17266,0.0,0,Sydney,Wednesday
2026-01-21 05:11:40,ICMarkets Raw,GBPUSD,1.34448,1.34451,3e-05,3,Sydney,Wednesday
2026-01-21 05:11:41,ICMarkets Raw,USDJPY,157.919,157.921,0.002,2,Sydney,Wednesday
2026-01-21 05:11:42,ICMarkets Raw,AUDUSD,0.67371,0.67372,1e-05,1,Sydney,Wednesday
2026-01-21 05:11:45,VantageMarkets Raw,XAUUSD,4848.72,4848.8,0.08,8,Sydney,Wednesday
2026-01-21 05:11:46,VantageMarkets Raw,EURUSD,1.17261,1.17264,3e-05,3,Sydney,Wednesday
2026-01-21 05:11:47,VantageMarkets Raw,GBPUSD,1.34447,1.34447,0.0,0,Sydney,Wednesday
2026-01-21 05:11:48,VantageMarkets Raw,USDJPY,157.923,157.924,0.001,1,Sydney,Wednesday
2026-01-21 05:11:48,VantageMarkets Raw,AUDUSD,0.67369,0.67373,4e-05,4,Sydney,Wednesday
2026-01-21 05:11:51,FPMarkets Raw,XAUUSD,4849.1,4849.17,0.07,7,Sydney,Wednesday
2026-01-21 05:11:52,FPMarkets Raw,EURUSD,1.17258,1.1726,2e-05,2,Sydney,Wednesday
2026-01-21 05:11:53,FPMarkets Raw,GBPUSD,1.34443,1.34448,5e-05,5,Sydney,Wednesday
2026-01-21 05:11:55,FPMarkets Raw,USDJPY,157.942,157.946,0.004,4,Sydney,Wednesday
2026-01-21 05:11:56,FPMarkets Raw,AUDUSD,0.67367,0.6737,3e-05,3,Sydney,Wednesday
2026-01-21 05:11:57,8Cap Raw,XAUUSD,4848.14,4848.3,0.16,16,Sydney,Wednesday
2026-01-21 05:11:58,8Cap Raw,EURUSD,1.17255,1.17256,1e-05,1,Sydney,Wednesday
2026-01-21 05:11:59,8Cap Raw,GBPUSD,1.34441,1.34442,1e-05,1,Sydney,Wednesday
2026-01-21 05:11:59,8Cap Raw,USDJPY,157.943,157.948,0.005,5,Sydney,Wednesday
2026-01-21 05:12:00,8Cap Raw,AUDUSD,0.67363,0.67366,3e-05,3,Sydney,Wednesday
2026-01-21 05:16:17,Pepperstone Razor,XAUUSD,4831.48,4831.76,0.28,28,Sydney,Wednesday
2026-01-21 05:16:18,Pepperstone Razor,EURUSD,1.17183,1.17183,0.0,0,Sydney,Wednesday
2026-01-21 05:16:19,Pepperstone Razor,GBPUSD,1.34395,1.34397,2e-05,2,Sydney,Wednesday
2026-01-21 05:16:20,Pepperstone Razor,USDJPY,158.044,158.046,0.002,2,Sydney,Wednesday
2026-01-21 05:16:21,Pepperstone Razor,AUDUSD,0.67344,0.67345,1e-05,1,Sydney,Wednesday
2026-01-21 05:16:23,FusionMarkets Zero,XAUUSD,4831.89,4832.06,0.17,17,Sydney,Wednesday
2026-01-21 05:16:24,FusionMarkets Zero,EURUSD,1.17179,1.17179,0.0,0,Sydney,Wednesday
2026-01-21 05:16:25,FusionMarkets Zero,GBPUSD,1.34399,1.34399,0.0,0,Sydney,Wednesday
2026-01-21 05:16:26,FusionMarkets Zero,USDJPY,158.052,158.054,0.002,2,Sydney,Wednesday
2026-01-21 05:16:27,FusionMarkets Zero,AUDUSD,0.67347,0.67347,0.0,0,Sydney,Wednesday
2026-01-21 05:16:30,ThinkMarkets ThinkZero,XAUUSD,4832.87,4832.95,0.08,8,Sydney,Wednesday
2026-01-21 05:16:31,ThinkMarkets ThinkZero,EURUSD,1.17186,1.17189,3e-05,3,Sydney,Wednesday
2026-01-21 05:16:32,ThinkMarkets ThinkZero,GBPUSD,1.34401,1.3441,9e-05,9,Sydney,Wednesday
2026-01-21 05:16:33,ThinkMarkets ThinkZero,USDJPY,158.032,158.039,0.007,7,Sydney,Wednesday
2026-01-21 05:16:34,ThinkMarkets ThinkZero,AUDUSD,0.67347,0.6735,3e-05,3,Sydney,Wednesday
2026-01-21 05:16:37,ICMarkets Raw,XAUUSD,4831.34,4831.46,0.12,12,Sydney,Wednesday
2026-01-21 05:16:38,ICMarkets Raw,EURUSD,1.17175,1.17176,1e-05,1,Sydney,Wednesday
2026-01-21 05:16:39,ICMarkets Raw,GBPUSD,1.34394,1.34397,3e-05,3,Sydney,Wednesday
2026-01-21 05:16:40,ICMarkets Raw,USDJPY,158.052,158.054,0.002,2,Sydney,Wednesday
2026-01-21 05:16:40,ICMarkets Raw,AUDUSD,0.67345,0.67346,1e-05,1,Sydney,Wednesday
2026-01-21 05:16:43,VantageMarkets Raw,XAUUSD,4831.22,4831.3,0.08,8,Sydney,Wednesday
2026-01-21 05:16:44,VantageMarkets Raw,EURUSD,1.17176,1.17177,1e-05,1,Sydney,Wednesday
2026-01-21 05:16:45,VantageMarkets Raw,GBPUSD,1.3439,1.34395,5e-05,5,Sydney,Wednesday
2026-01-21 05:16:45,VantageMarkets Raw,USDJPY,158.064,158.073,0.009,9,Sydney,Wednesday
2026-01-21 05:16:46,VantageMarkets Raw,AUDUSD,0.67342,0.67346,4e-05,4,Sydney,Wednesday
2026-01-21 05:16:49,FPMarkets Raw,XAUUSD,4830.32,4830.39,0.07,7,Sydney,Wednesday
2026-01-21 05:16:50,FPMarkets Raw,EURUSD,1.17164,1.17165,1e-05,1,Sydney,Wednesday
2026-01-21 05:16:51,FPMarkets Raw,GBPUSD,1.34383,1.34388,5e-05,5,Sydney,Wednesday
2026-01-21 05:16:53,FPMarkets Raw,USDJPY,158.069,158.074,0.005,5,Sydney,Wednesday
2026-01-21 05:16:54,FPMarkets Raw,AUDUSD,0.67343,0.67346,3e-05,3,Sydney,Wednesday
2026-01-21 05:16:56,8Cap Raw,XAUUSD,4830.49,4830.65,0.16,16,Sydney,Wednesday
2026-01-21 05:16:56,8Cap Raw,EURUSD,1.17167,1.17167,0.0,0,Sydney,Wednesday
2026-01-21 05:16:57,8Cap Raw,GBPUSD,1.34385,1.34389,4e-05,4,Sydney,Wednesday
2026-01-21 05:16:58,8Cap Raw,USDJPY,158.071,158.075,0.004,4,Sydney,Wednesday
2026-01-21 05:16:58,8Cap Raw,AUDUSD,0.67344,0.67347,3e-05,3,Sydney,Wednesday
2026-01-21 05:21:17,Pepperstone Razor,XAUUSD,4832.77,4832.92,0.15,15,Sydney,Wednesday
2026-01-21 05:21:18,Pepperstone Razor,EURUSD,1.17157,1.17157,0.0,0,Sydney,Wednesday
2026-01-21 05:21:19,Pepperstone Razor,GBPUSD,1.34367,1.34369,2e-05,2,Sydney,Wednesday
2026-01-21 05:21:20,Pepperstone Razor,USDJPY,158.049,158.054,0.005,5,Sydney,Wednesday
2026-01-21 05:21:21,Pepperstone Razor,AUDUSD,0.67355,0.67355,0.0,0,Sydney,Wednesday
2026-01-21 05:21:24,FusionMarkets Zero,XAUUSD,4834.08,4834.52,0.44,44,Sydney,Wednesday
2026-01-21 05:21:25,FusionMarkets Zero,EURUSD,1.17157,1.17157,0.0,0,Sydney,Wednesday
2026-01-21 05:21:26,FusionMarkets Zero,GBPUSD,1.34371,1.34371,0.0,0,Sydney,Wednesday
2026-01-21 05:21:27,FusionMarkets Zero,USDJPY,158.054,158.054,0.0,0,Sydney,Wednesday
2026-01-21 05:21:28,FusionMarkets Zero,AUDUSD,0.67354,0.67354,0.0,0,Sydney,Wednesday
2026-01-21 05:21:31,ThinkMarkets ThinkZero,XAUUSD,4833.43,4833.51,0.08,8,Sydney,Wednesday
2026-01-21 05:21:32,ThinkMarkets ThinkZero,EURUSD,1.17154,1.17157,3e-05,3,Sydney,Wednesday
2026-01-21 05:21:32,ThinkMarkets ThinkZero,GBPUSD,1.34362,1.34369,7e-05,7,Sydney,Wednesday
2026-01-21 05:21:33,ThinkMarkets ThinkZero,USDJPY,158.047,158.054,0.007,7,Sydney,Wednesday
2026-01-21 05:21:35,ThinkMarkets ThinkZero,AUDUSD,0.67352,0.67358,6e-05,6,Sydney,Wednesday
2026-01-21 05:21:38,ICMarkets Raw,XAUUSD,4833.21,4833.29,0.08,8,Sydney,Wednesday
2026-01-21 05:21:38,ICMarkets Raw,EURUSD,1.17159,1.17159,0.0,0,Sydney,Wednesday
2026-01-21 05:21:39,ICMarkets Raw,GBPUSD,1.34374,1.34375,1e-05,1,Sydney,Wednesday
2026-01-21 05:21:40,ICMarkets Raw,USDJPY,158.054,158.054,0.0,0,Sydney,Wednesday
2026-01-21 05:21:41,ICMarkets Raw,AUDUSD,0.67355,0.67356,1e-05,1,Sydney,Wednesday
2026-01-21 05:21:44,VantageMarkets Raw,XAUUSD,4833.62,4833.7,0.08,8,Sydney,Wednesday
2026-01-21 05:21:45,VantageMarkets Raw,EURUSD,1.17159,1.17159,0.0,0,Sydney,Wednesday
2026-01-21 05:21:46,VantageMarkets Raw,GBPUSD,1.34375,1.34375,0.0,0,Sydney,Wednesday
2026-01-21 05:21:46,VantageMarkets Raw,USDJPY,158.053,158.054,0.001,1,Sydney,Wednesday
2026-01-21 05:21:47,VantageMarkets Raw,AUDUSD,0.67351,0.67354,3e-05,3,Sydney,Wednesday
2026-01-21 05:21:50,FPMarkets Raw,XAUUSD,4833.94,4834.01,0.07,7,Sydney,Wednesday
2026-01-21 05:21:51,FPMarkets Raw,EURUSD,1.17157,1.17159,2e-05,2,Sydney,Wednesday
2026-01-21 05:21:52,FPMarkets Raw,GBPUSD,1.3437,1.34375,5e-05,5,Sydney,Wednesday
2026-01-21 05:21:54,FPMarkets Raw,USDJPY,158.055,158.059,0.004,4,Sydney,Wednesday
2026-01-21 05:21:55,FPMarkets Raw,AUDUSD,0.67352,0.67355,3e-05,3,Sydney,Wednesday
2026-01-21 05:21:57,8Cap Raw,XAUUSD,4833.87,4834.03,0.16,16,Sydney,Wednesday
2026-01-21 05:21:57,8Cap Raw,EURUSD,1.1716,1.1716,0.0,0,Sydney,Wednesday
2026-01-21 05:21:58,8Cap Raw,GBPUSD,1.34375,1.34376,1e-05,1,Sydney,Wednesday
2026-01-21 05:21:59,8Cap Raw,USDJPY,158.054,158.055,0.001,1,Sydney,Wednesday
2026-01-21 05:21:59,8Cap Raw,AUDUSD,0.6735,0.67354,4e-05,4,Sydney,Wednesday
2026-01-21 05:26:17,Pepperstone Razor,XAUUSD,4828.58,4828.83,0.25,25,Sydney,Wednesday
2026-01-21 05:26:18,Pepperstone Razor,EURUSD,1.17145,1.17145,0.0,0,Sydney,Wednesday
2026-01-21 05:26:19,Pepperstone Razor,GBPUSD,1.34357,1.34358,1e-05,1,Sydney,Wednesday
2026-01-21 05:26:20,Pepperstone Razor,USDJPY,158.089,158.09,0.001,1,Sydney,Wednesday
2026-01-21 05:26:21,Pepperstone Razor,AUDUSD,0.67336,0.67337,1e-05,1,Sydney,Wednesday
2026-01-21 05:26:24,FusionMarkets Zero,XAUUSD,4829.48,4829.54,0.06,6,Sydney,Wednesday
2026-01-21 05:26:25,FusionMarkets Zero,EURUSD,1.17144,1.17144,0.0,0,Sydney,Wednesday
2026-01-21 05:26:26,FusionMarkets Zero,GBPUSD,1.34356,1.34356,0.0,0,Sydney,Wednesday
2026-01-21 05:26:27,FusionMarkets Zero,USDJPY,158.085,158.085,0.0,0,Sydney,Wednesday
2026-01-21 05:26:27,FusionMarkets Zero,AUDUSD,0.67342,0.67342,0.0,0,Sydney,Wednesday
2026-01-21 05:26:31,ThinkMarkets ThinkZero,XAUUSD,4829.56,4829.64,0.08,8,Sydney,Wednesday
2026-01-21 05:26:31,ThinkMarkets ThinkZero,EURUSD,1.17142,1.17144,2e-05,2,Sydney,Wednesday
2026-01-21 05:26:32,ThinkMarkets ThinkZero,GBPUSD,1.34353,1.34359,6e-05,6,Sydney,Wednesday
2026-01-21 05:26:33,ThinkMarkets ThinkZero,USDJPY,158.081,158.088,0.007,7,Sydney,Wednesday
2026-01-21 05:26:34,ThinkMarkets ThinkZero,AUDUSD,0.67339,0.67344,5e-05,5,Sydney,Wednesday
2026-01-21 05:26:38,ICMarkets Raw,XAUUSD,4829.43,4829.5,0.07,7,Sydney,Wednesday
2026-01-21 05:26:38,ICMarkets Raw,EURUSD,1.1714,1.1714,0.0,0,Sydney,Wednesday
2026-01-21 05:26:39,ICMarkets Raw,GBPUSD,1.34348,1.34349,1e-05,1,Sydney,Wednesday
2026-01-21 05:26:40,ICMarkets Raw,USDJPY,158.085,158.086,0.001,1,Sydney,Wednesday
2026-01-21 05:26:41,ICMarkets Raw,AUDUSD,0.67338,0.67338,0.0,0,Sydney,Wednesday
2026-01-21 05:26:44,VantageMarkets Raw,XAUUSD,4828.48,4828.56,0.08,8,Sydney,Wednesday
2026-01-21 05:26:45,VantageMarkets Raw,EURUSD,1.17128,1.17131,3e-05,3,Sydney,Wednesday
2026-01-21 05:26:46,VantageMarkets Raw,GBPUSD,1.34348,1.34348,0.0,0,Sydney,Wednesday
2026-01-21 05:26:47,VantageMarkets Raw,USDJPY,158.088,158.088,0.0,0,Sydney,Wednesday
2026-01-21 05:26:47,VantageMarkets Raw,AUDUSD,0.67336,0.6734,4e-05,4,Sydney,Wednesday
2026-01-21 05:26:51,FPMarkets Raw,XAUUSD,4829.71,4829.78,0.07,7,Sydney,Wednesday
2026-01-21 05:26:52,FPMarkets Raw,EURUSD,1.17129,1.17131,2e-05,2,Sydney,Wednesday
2026-01-21 05:26:53,FPMarkets Raw,GBPUSD,1.34348,1.34353,5e-05,5,Sydney,Wednesday
2026-01-21 05:26:54,FPMarkets Raw,USDJPY,158.092,158.096,0.004,4,Sydney,Wednesday
2026-01-21 05:26:55,FPMarkets Raw,AUDUSD,0.67336,0.6734,4e-05,4,Sydney,Wednesday
2026-01-21 05:26:57,8Cap Raw,XAUUSD,4830.3,4830.46,0.16,16,Sydney,Wednesday
2026-01-21 05:26:58,8Cap Raw,EURUSD,1.17131,1.17131,0.0,0,Sydney,Wednesday
2026-01-21 05:26:58,8Cap Raw,GBPUSD,1.34351,1.34352,1e-05,1,Sydney,Wednesday
2026-01-21 05:26:59,8Cap Raw,USDJPY,158.09,158.091,0.001,1,Sydney,Wednesday
2026-01-21 05:27:00,8Cap Raw,AUDUSD,0.67334,0.67337,3e-05,3,Sydney,Wednesday
2026-01-21 05:31:18,Pepperstone Razor,XAUUSD,4832.9,4833.02,0.12,12,Sydney,Wednesday
2026-01-21 05:31:18,Pepperstone Razor,EURUSD,1.17125,1.17125,0.0,0,Sydney,Wednesday
2026-01-21 05:31:19,Pepperstone Razor,GBPUSD,1.34342,1.34345,3e-05,3,Sydney,Wednesday
2026-01-21 05:31:20,Pepperstone Razor,USDJPY,158.128,158.131,0.003,3,Sydney,Wednesday
2026-01-21 05:31:21,Pepperstone Razor,AUDUSD,0.67327,0.67327,0.0,0,Sydney,Wednesday
2026-01-21 05:31:24,FusionMarkets Zero,XAUUSD,4832.89,4832.96,0.07,7,Sydney,Wednesday
2026-01-21 05:31:25,FusionMarkets Zero,EURUSD,1.17129,1.17129,0.0,0,Sydney,Wednesday
2026-01-21 05:31:26,FusionMarkets Zero,GBPUSD,1.3435,1.3435,0.0,0,Sydney,Wednesday
2026-01-21 05:31:27,FusionMarkets Zero,USDJPY,158.127,158.129,0.002,2,Sydney,Wednesday
2026-01-21 05:31:28,FusionMarkets Zero,AUDUSD,0.67327,0.67327,0.0,0,Sydney,Wednesday
2026-01-21 05:31:32,ThinkMarkets ThinkZero,XAUUSD,4833.49,4833.57,0.08,8,Sydney,Wednesday
2026-01-21 05:31:33,ThinkMarkets ThinkZero,EURUSD,1.1713,1.17131,1e-05,1,Sydney,Wednesday
2026-01-21 05:31:34,ThinkMarkets ThinkZero,GBPUSD,1.34348,1.34352,4e-05,4,Sydney,Wednesday
2026-01-21 05:31:35,ThinkMarkets ThinkZero,USDJPY,158.126,158.131,0.005,5,Sydney,Wednesday
2026-01-21 05:31:36,ThinkMarkets ThinkZero,AUDUSD,0.67327,0.67331,4e-05,4,Sydney,Wednesday
2026-01-21 05:31:39,ICMarkets Raw,XAUUSD,4833.87,4833.92,0.05,5,Sydney,Wednesday
2026-01-21 05:31:40,ICMarkets Raw,EURUSD,1.17134,1.17134,0.0,0,Sydney,Wednesday
2026-01-21 05:31:41,ICMarkets Raw,GBPUSD,1.34352,1.34353,1e-05,1,Sydney,Wednesday
2026-01-21 05:31:42,ICMarkets Raw,USDJPY,158.133,158.133,0.0,0,Sydney,Wednesday
2026-01-21 05:31:43,ICMarkets Raw,AUDUSD,0.67328,0.67328,0.0,0,Sydney,Wednesday
2026-01-21 05:31:46,VantageMarkets Raw,XAUUSD,4834.03,4834.11,0.08,8,Sydney,Wednesday
2026-01-21 05:31:47,VantageMarkets Raw,EURUSD,1.17134,1.17134,0.0,0,Sydney,Wednesday
2026-01-21 05:31:48,VantageMarkets Raw,GBPUSD,1.34351,1.34351,0.0,0,Sydney,Wednesday
2026-01-21 05:31:48,VantageMarkets Raw,USDJPY,158.129,158.132,0.003,3,Sydney,Wednesday
2026-01-21 05:31:49,VantageMarkets Raw,AUDUSD,0.67327,0.6733,3e-05,3,Sydney,Wednesday
2026-01-21 05:31:53,FPMarkets Raw,XAUUSD,4835.15,4835.22,0.07,7,Sydney,Wednesday
2026-01-21 05:31:53,FPMarkets Raw,EURUSD,1.17135,1.17136,1e-05,1,Sydney,Wednesday
2026-01-21 05:31:54,FPMarkets Raw,GBPUSD,1.3435,1.34355,5e-05,5,Sydney,Wednesday
2026-01-21 05:31:56,FPMarkets Raw,USDJPY,158.131,158.134,0.003,3,Sydney,Wednesday
2026-01-21 05:31:57,FPMarkets Raw,AUDUSD,0.67329,0.67332,3e-05,3,Sydney,Wednesday
2026-01-21 05:31:59,8Cap Raw,XAUUSD,4835.34,4835.5,0.16,16,Sydney,Wednesday
2026-01-21 05:32:00,8Cap Raw,EURUSD,1.17135,1.17135,0.0,0,Sydney,Wednesday
2026-01-21 05:32:00,8Cap Raw,GBPUSD,1.34353,1.34354,1e-05,1,Sydney,Wednesday
2026-01-21 05:32:01,8Cap Raw,USDJPY,158.115,158.116,0.001,1,Sydney,Wednesday
2026-01-21 05:32:02,8Cap Raw,AUDUSD,0.67329,0.67333,4e-05,4,Sydney,Wednesday
2026-01-21 05:36:17,Pepperstone Razor,XAUUSD,4841.78,4841.92,0.14,14,Sydney,Wednesday
2026-01-21 05:36:18,Pepperstone Razor,EURUSD,1.17133,1.17133,0.0,0,Sydney,Wednesday
2026-01-21 05:36:19,Pepperstone Razor,GBPUSD,1.34353,1.34356,3e-05,3,Sydney,Wednesday
2026-01-21 05:36:20,Pepperstone Razor,USDJPY,158.085,158.088,0.003,3,Sydney,Wednesday
2026-01-21 05:36:21,Pepperstone Razor,AUDUSD,0.67327,0.67328,1e-05,1,Sydney,Wednesday
2026-01-21 05:36:24,FusionMarkets Zero,XAUUSD,4841.25,4841.36,0.11,11,Sydney,Wednesday
2026-01-21 05:36:25,FusionMarkets Zero,EURUSD,1.17131,1.17131,0.0,0,Sydney,Wednesday
2026-01-21 05:36:26,FusionMarkets Zero,GBPUSD,1.34353,1.34353,0.0,0,Sydney,Wednesday
2026-01-21 05:36:27,FusionMarkets Zero,USDJPY,158.092,158.093,0.001,1,Sydney,Wednesday
2026-01-21 05:36:28,FusionMarkets Zero,AUDUSD,0.67328,0.67328,0.0,0,Sydney,Wednesday
2026-01-21 05:36:31,ThinkMarkets ThinkZero,XAUUSD,4840.59,4840.67,0.08,8,Sydney,Wednesday
2026-01-21 05:36:32,ThinkMarkets ThinkZero,EURUSD,1.1713,1.17132,2e-05,2,Sydney,Wednesday
2026-01-21 05:36:33,ThinkMarkets ThinkZero,GBPUSD,1.34348,1.34356,8e-05,8,Sydney,Wednesday
2026-01-21 05:36:34,ThinkMarkets ThinkZero,USDJPY,158.09,158.097,0.007,7,Sydney,Wednesday
2026-01-21 05:36:35,ThinkMarkets ThinkZero,AUDUSD,0.67327,0.67331,4e-05,4,Sydney,Wednesday
2026-01-21 05:36:38,ICMarkets Raw,XAUUSD,4839.89,4839.97,0.08,8,Sydney,Wednesday
2026-01-21 05:36:39,ICMarkets Raw,EURUSD,1.17133,1.17133,0.0,0,Sydney,Wednesday
2026-01-21 05:36:40,ICMarkets Raw,GBPUSD,1.34348,1.34349,1e-05,1,Sydney,Wednesday
2026-01-21 05:36:41,ICMarkets Raw,USDJPY,158.08,158.08,0.0,0,Sydney,Wednesday
2026-01-21 05:36:41,ICMarkets Raw,AUDUSD,0.67329,0.67331,2e-05,2,Sydney,Wednesday
2026-01-21 05:36:44,VantageMarkets Raw,XAUUSD,4839.42,4839.5,0.08,8,Sydney,Wednesday
2026-01-21 05:36:45,VantageMarkets Raw,EURUSD,1.17136,1.17138,2e-05,2,Sydney,Wednesday
2026-01-21 05:36:46,VantageMarkets Raw,GBPUSD,1.34355,1.34358,3e-05,3,Sydney,Wednesday
2026-01-21 05:36:47,VantageMarkets Raw,USDJPY,158.07,158.078,0.008,8,Sydney,Wednesday
2026-01-21 05:36:48,VantageMarkets Raw,AUDUSD,0.6733,0.67334,4e-05,4,Sydney,Wednesday
2026-01-21 05:36:51,FPMarkets Raw,XAUUSD,4841.27,4841.34,0.07,7,Sydney,Wednesday
2026-01-21 05:36:52,FPMarkets Raw,EURUSD,1.17137,1.17138,1e-05,1,Sydney,Wednesday
2026-01-21 05:36:53,FPMarkets Raw,GBPUSD,1.34355,1.3436,5e-05,5,Sydney,Wednesday
2026-01-21 05:36:54,FPMarkets Raw,USDJPY,158.066,158.07,0.004,4,Sydney,Wednesday
2026-01-21 05:36:55,FPMarkets Raw,AUDUSD,0.6733,0.67333,3e-05,3,Sydney,Wednesday
2026-01-21 05:36:57,8Cap Raw,XAUUSD,4840.93,4841.09,0.16,16,Sydney,Wednesday
2026-01-21 05:36:57,8Cap Raw,EURUSD,1.1714,1.1714,0.0,0,Sydney,Wednesday
2026-01-21 05:36:58,8Cap Raw,GBPUSD,1.34357,1.34358,1e-05,1,Sydney,Wednesday
2026-01-21 05:36:59,8Cap Raw,USDJPY,158.065,158.067,0.002,2,Sydney,Wednesday
2026-01-21 05:36:59,8Cap Raw,AUDUSD,0.67329,0.67333,4e-05,4,Sydney,Wednesday
2026-01-21 05:41:17,Pepperstone Razor,XAUUSD,4844.97,4845.18,0.21,21,Sydney,Wednesday
2026-01-21 05:41:18,Pepperstone Razor,EURUSD,1.1715,1.1715,0.0,0,Sydney,Wednesday
2026-01-21 05:41:19,Pepperstone Razor,GBPUSD,1.34366,1.34369,3e-05,3,Sydney,Wednesday
2026-01-21 05:41:20,Pepperstone Razor,USDJPY,158.077,158.081,0.004,4,Sydney,Wednesday
2026-01-21 05:41:21,Pepperstone Razor,AUDUSD,0.67334,0.67334,0.0,0,Sydney,Wednesday
2026-01-21 05:41:24,FusionMarkets Zero,XAUUSD,4845.72,4845.82,0.1,10,Sydney,Wednesday
2026-01-21 05:41:25,FusionMarkets Zero,EURUSD,1.1715,1.1715,0.0,0,Sydney,Wednesday
2026-01-21 05:41:26,FusionMarkets Zero,GBPUSD,1.34364,1.34364,0.0,0,Sydney,Wednesday
2026-01-21 05:41:27,FusionMarkets Zero,USDJPY,158.078,158.078,0.0,0,Sydney,Wednesday
2026-01-21 05:41:28,FusionMarkets Zero,AUDUSD,0.67332,0.67332,0.0,0,Sydney,Wednesday
2026-01-21 05:41:31,ThinkMarkets ThinkZero,XAUUSD,4846.13,4846.21,0.08,8,Sydney,Wednesday
2026-01-21 05:41:32,ThinkMarkets ThinkZero,EURUSD,1.17147,1.1715,3e-05,3,Sydney,Wednesday
2026-01-21 05:41:33,ThinkMarkets ThinkZero,GBPUSD,1.34361,1.34369,8e-05,8,Sydney,Wednesday
2026-01-21 05:41:34,ThinkMarkets ThinkZero,USDJPY,158.077,158.081,0.004,4,Sydney,Wednesday
2026-01-21 05:41:35,ThinkMarkets ThinkZero,AUDUSD,0.67332,0.67335,3e-05,3,Sydney,Wednesday
2026-01-21 05:41:38,ICMarkets Raw,XAUUSD,4846.01,4846.06,0.05,5,Sydney,Wednesday
2026-01-21 05:41:39,ICMarkets Raw,EURUSD,1.17145,1.17145,0.0,0,Sydney,Wednesday
2026-01-21 05:41:40,ICMarkets Raw,GBPUSD,1.34365,1.34366,1e-05,1,Sydney,Wednesday
2026-01-21 05:41:41,ICMarkets Raw,USDJPY,158.082,158.082,0.0,0,Sydney,Wednesday
2026-01-21 05:41:42,ICMarkets Raw,AUDUSD,0.67332,0.67332,0.0,0,Sydney,Wednesday
2026-01-21 05:41:45,VantageMarkets Raw,XAUUSD,4844.94,4845.02,0.08,8,Sydney,Wednesday
2026-01-21 05:41:46,VantageMarkets Raw,EURUSD,1.17145,1.17146,1e-05,1,Sydney,Wednesday
2026-01-21 05:41:46,VantageMarkets Raw,GBPUSD,1.3436,1.3436,0.0,0,Sydney,Wednesday
2026-01-21 05:41:47,VantageMarkets Raw,USDJPY,158.087,158.088,0.001,1,Sydney,Wednesday
2026-01-21 05:41:48,VantageMarkets Raw,AUDUSD,0.6733,0.67333,3e-05,3,Sydney,Wednesday
2026-01-21 05:41:52,FPMarkets Raw,XAUUSD,4844.75,4844.82,0.07,7,Sydney,Wednesday
2026-01-21 05:41:53,FPMarkets Raw,EURUSD,1.17141,1.17142,1e-05,1,Sydney,Wednesday
2026-01-21 05:41:54,FPMarkets Raw,GBPUSD,1.34357,1.34362,5e-05,5,Sydney,Wednesday
2026-01-21 05:41:55,FPMarkets Raw,USDJPY,158.085,158.089,0.004,4,Sydney,Wednesday
2026-01-21 05:41:56,FPMarkets Raw,AUDUSD,0.67332,0.67335,3e-05,3,Sydney,Wednesday
2026-01-21 05:41:58,8Cap Raw,XAUUSD,4844.51,4844.67,0.16,16,Sydney,Wednesday
2026-01-21 05:41:59,8Cap Raw,EURUSD,1.17141,1.17142,1e-05,1,Sydney,Wednesday
2026-01-21 05:41:59,8Cap Raw,GBPUSD,1.34358,1.34359,1e-05,1,Sydney,Wednesday
2026-01-21 05:42:00,8Cap Raw,USDJPY,158.089,158.09,0.001,1,Sydney,Wednesday
2026-01-21 05:42:01,8Cap Raw,AUDUSD,0.67331,0.67334,3e-05,3,Sydney,Wednesday
2026-01-21 05:46:18,Pepperstone Razor,XAUUSD,4840.51,4840.66,0.15,15,Sydney,Wednesday
2026-01-21 05:46:19,Pepperstone Razor,EURUSD,1.17153,1.17153,0.0,0,Sydney,Wednesday
2026-01-21 05:46:20,Pepperstone Razor,GBPUSD,1.3436,1.34361,1e-05,1,Sydney,Wednesday
2026-01-21 05:46:20,Pepperstone Razor,USDJPY,158.089,158.091,0.002,2,Sydney,Wednesday
2026-01-21 05:46:21,Pepperstone Razor,AUDUSD,0.67315,0.67315,0.0,0,Sydney,Wednesday
2026-01-21 05:46:25,FusionMarkets Zero,XAUUSD,4840.94,4841.0,0.06,6,Sydney,Wednesday
2026-01-21 05:46:26,FusionMarkets Zero,EURUSD,1.17154,1.17154,0.0,0,Sydney,Wednesday
2026-01-21 05:46:27,FusionMarkets Zero,GBPUSD,1.34362,1.34362,0.0,0,Sydney,Wednesday
2026-01-21 05:46:28,FusionMarkets Zero,USDJPY,158.088,158.088,0.0,0,Sydney,Wednesday
2026-01-21 05:46:28,FusionMarkets Zero,AUDUSD,0.67316,0.67316,0.0,0,Sydney,Wednesday
2026-01-21 05:46:32,ThinkMarkets ThinkZero,XAUUSD,4841.34,4841.42,0.08,8,Sydney,Wednesday
2026-01-21 05:46:33,ThinkMarkets ThinkZero,EURUSD,1.17152,1.17156,4e-05,4,Sydney,Wednesday
2026-01-21 05:46:34,ThinkMarkets ThinkZero,GBPUSD,1.34362,1.34367,5e-05,5,Sydney,Wednesday
2026-01-21 05:46:35,ThinkMarkets ThinkZero,USDJPY,158.085,158.093,0.008,8,Sydney,Wednesday
2026-01-21 05:46:36,ThinkMarkets ThinkZero,AUDUSD,0.67319,0.67324,5e-05,5,Sydney,Wednesday
2026-01-21 05:46:39,ICMarkets Raw,XAUUSD,4841.51,4841.56,0.05,5,Sydney,Wednesday
2026-01-21 05:46:40,ICMarkets Raw,EURUSD,1.17153,1.17154,1e-05,1,Sydney,Wednesday
2026-01-21 05:46:41,ICMarkets Raw,GBPUSD,1.34366,1.34367,1e-05,1,Sydney,Wednesday
2026-01-21 05:46:42,ICMarkets Raw,USDJPY,158.088,158.088,0.0,0,Sydney,Wednesday
2026-01-21 05:46:43,ICMarkets Raw,AUDUSD,0.67322,0.67322,0.0,0,Sydney,Wednesday
2026-01-21 05:46:46,VantageMarkets Raw,XAUUSD,4842.38,4842.46,0.08,8,Sydney,Wednesday
2026-01-21 05:46:47,VantageMarkets Raw,EURUSD,1.17151,1.17152,1e-05,1,Sydney,Wednesday
2026-01-21 05:46:48,VantageMarkets Raw,GBPUSD,1.34364,1.34364,0.0,0,Sydney,Wednesday
2026-01-21 05:46:49,VantageMarkets Raw,USDJPY,158.088,158.088,0.0,0,Sydney,Wednesday
2026-01-21 05:46:50,VantageMarkets Raw,AUDUSD,0.67322,0.67325,3e-05,3,Sydney,Wednesday
2026-01-21 05:46:53,FPMarkets Raw,XAUUSD,4842.59,4842.66,0.07,7,Sydney,Wednesday
2026-01-21 05:46:54,FPMarkets Raw,EURUSD,1.17153,1.17155,2e-05,2,Sydney,Wednesday
2026-01-21 05:46:55,FPMarkets Raw,GBPUSD,1.34362,1.34367,5e-05,5,Sydney,Wednesday
2026-01-21 05:46:57,FPMarkets Raw,USDJPY,158.087,158.091,0.004,4,Sydney,Wednesday
2026-01-21 05:46:58,FPMarkets Raw,AUDUSD,0.6732,0.67323,3e-05,3,Sydney,Wednesday
2026-01-21 05:46:59,8Cap Raw,XAUUSD,4842.28,4842.44,0.16,16,Sydney,Wednesday
2026-01-21 05:47:00,8Cap Raw,EURUSD,1.17152,1.17152,0.0,0,Sydney,Wednesday
2026-01-21 05:47:01,8Cap Raw,GBPUSD,1.34365,1.34366,1e-05,1,Sydney,Wednesday
2026-01-21 05:47:01,8Cap Raw,USDJPY,158.089,158.09,0.001,1,Sydney,Wednesday
2026-01-21 05:47:02,8Cap Raw,AUDUSD,0.67321,0.67325,4e-05,4,Sydney,Wednesday
2026-01-21 05:51:18,Pepperstone Razor,XAUUSD,4840.96,4841.13,0.17,17,Sydney,Wednesday
2026-01-21 05:51:19,Pepperstone Razor,EURUSD,1.17152,1.17152,0.0,0,Sydney,Wednesday
2026-01-21 05:51:19,Pepperstone Razor,GBPUSD,1.34389,1.3439,1e-05,1,Sydney,Wednesday
2026-01-21 05:51:20,Pepperstone Razor,USDJPY,158.081,158.084,0.003,3,Sydney,Wednesday
2026-01-21 05:51:21,Pepperstone Razor,AUDUSD,0.67328,0.67328,0.0,0,Sydney,Wednesday
2026-01-21 05:51:25,FusionMarkets Zero,XAUUSD,4841.01,4841.09,0.08,8,Sydney,Wednesday
2026-01-21 05:51:26,FusionMarkets Zero,EURUSD,1.17151,1.17151,0.0,0,Sydney,Wednesday
2026-01-21 05:51:27,FusionMarkets Zero,GBPUSD,1.34384,1.34384,0.0,0,Sydney,Wednesday
2026-01-21 05:51:28,FusionMarkets Zero,USDJPY,158.081,158.081,0.0,0,Sydney,Wednesday
2026-01-21 05:51:28,FusionMarkets Zero,AUDUSD,0.67327,0.67327,0.0,0,Sydney,Wednesday
2026-01-21 05:51:32,ThinkMarkets ThinkZero,XAUUSD,4840.98,4841.06,0.08,8,Sydney,Wednesday
2026-01-21 05:51:33,ThinkMarkets ThinkZero,EURUSD,1.17145,1.17149,4e-05,4,Sydney,Wednesday
2026-01-21 05:51:34,ThinkMarkets ThinkZero,GBPUSD,1.34375,1.34384,9e-05,9,Sydney,Wednesday
2026-01-21 05:51:35,ThinkMarkets ThinkZero,USDJPY,158.087,158.091,0.004,4,Sydney,Wednesday
2026-01-21 05:51:36,ThinkMarkets ThinkZero,AUDUSD,0.67326,0.67329,3e-05,3,Sydney,Wednesday
2026-01-21 05:51:40,ICMarkets Raw,XAUUSD,4841.21,4841.27,0.06,6,Sydney,Wednesday
2026-01-21 05:51:40,ICMarkets Raw,EURUSD,1.17147,1.17147,0.0,0,Sydney,Wednesday
2026-01-21 05:51:41,ICMarkets Raw,GBPUSD,1.34378,1.34379,1e-05,1,Sydney,Wednesday
2026-01-21 05:51:42,ICMarkets Raw,USDJPY,158.089,158.089,0.0,0,Sydney,Wednesday
2026-01-21 05:51:43,ICMarkets Raw,AUDUSD,0.67324,0.67325,1e-05,1,Sydney,Wednesday
2026-01-21 05:51:46,VantageMarkets Raw,XAUUSD,4840.95,4841.03,0.08,8,Sydney,Wednesday
2026-01-21 05:51:47,VantageMarkets Raw,EURUSD,1.17148,1.17149,1e-05,1,Sydney,Wednesday
2026-01-21 05:51:48,VantageMarkets Raw,GBPUSD,1.34379,1.34379,0.0,0,Sydney,Wednesday
2026-01-21 05:51:49,VantageMarkets Raw,USDJPY,158.081,158.081,0.0,0,Sydney,Wednesday
2026-01-21 05:51:50,VantageMarkets Raw,AUDUSD,0.67324,0.67328,4e-05,4,Sydney,Wednesday
2026-01-21 05:51:53,FPMarkets Raw,XAUUSD,4841.45,4841.52,0.07,7,Sydney,Wednesday
2026-01-21 05:51:54,FPMarkets Raw,EURUSD,1.17151,1.17153,2e-05,2,Sydney,Wednesday
2026-01-21 05:51:55,FPMarkets Raw,GBPUSD,1.3438,1.34385,5e-05,5,Sydney,Wednesday
2026-01-21 05:51:56,FPMarkets Raw,USDJPY,158.078,158.082,0.004,4,Sydney,Wednesday
2026-01-21 05:51:57,FPMarkets Raw,AUDUSD,0.67324,0.67327,3e-05,3,Sydney,Wednesday
2026-01-21 05:51:59,8Cap Raw,XAUUSD,4840.96,4841.12,0.16,16,Sydney,Wednesday
2026-01-21 05:52:00,8Cap Raw,EURUSD,1.17149,1.17149,0.0,0,Sydney,Wednesday
2026-01-21 05:52:01,8Cap Raw,GBPUSD,1.34384,1.34386,2e-05,2,Sydney,Wednesday
2026-01-21 05:52:01,8Cap Raw,USDJPY,158.079,158.08,0.001,1,Sydney,Wednesday
2026-01-21 05:52:02,8Cap Raw,AUDUSD,0.67327,0.67329,2e-05,2,Sydney,Wednesday
2026-01-21 05:56:18,Pepperstone Razor,XAUUSD,4846.55,4846.79,0.24,24,Sydney,Wednesday
2026-01-21 05:56:19,Pepperstone Razor,EURUSD,1.17175,1.17176,1e-05,1,Sydney,Wednesday
2026-01-21 05:56:19,Pepperstone Razor,GBPUSD,1.34392,1.34393,1e-05,1,Sydney,Wednesday
2026-01-21 05:56:20,Pepperstone Razor,USDJPY,158.089,158.094,0.005,5,Sydney,Wednesday
2026-01-21 05:56:21,Pepperstone Razor,AUDUSD,0.67318,0.6732,2e-05,2,Sydney,Wednesday
2026-01-21 05:56:25,FusionMarkets Zero,XAUUSD,4846.94,4847.1,0.16,16,Sydney,Wednesday
2026-01-21 05:56:26,FusionMarkets Zero,EURUSD,1.17177,1.17177,0.0,0,Sydney,Wednesday
2026-01-21 05:56:27,FusionMarkets Zero,GBPUSD,1.34391,1.34391,0.0,0,Sydney,Wednesday
2026-01-21 05:56:28,FusionMarkets Zero,USDJPY,158.091,158.091,0.0,0,Sydney,Wednesday
2026-01-21 05:56:28,FusionMarkets Zero,AUDUSD,0.67318,0.67318,0.0,0,Sydney,Wednesday
2026-01-21 05:56:32,ThinkMarkets ThinkZero,XAUUSD,4846.86,4846.94,0.08,8,Sydney,Wednesday
2026-01-21 05:56:33,ThinkMarkets ThinkZero,EURUSD,1.17174,1.17178,4e-05,4,Sydney,Wednesday
2026-01-21 05:56:34,ThinkMarkets ThinkZero,GBPUSD,1.34387,1.34395,8e-05,8,Sydney,Wednesday
2026-01-21 05:56:35,ThinkMarkets ThinkZero,USDJPY,158.092,158.094,0.002,2,Sydney,Wednesday
2026-01-21 05:56:36,ThinkMarkets ThinkZero,AUDUSD,0.67314,0.67317,3e-05,3,Sydney,Wednesday
2026-01-21 05:56:39,ICMarkets Raw,XAUUSD,4846.77,4846.87,0.1,10,Sydney,Wednesday
2026-01-21 05:56:40,ICMarkets Raw,EURUSD,1.17178,1.17178,0.0,0,Sydney,Wednesday
2026-01-21 05:56:41,ICMarkets Raw,GBPUSD,1.3439,1.34391,1e-05,1,Sydney,Wednesday
2026-01-21 05:56:42,ICMarkets Raw,USDJPY,158.095,158.096,0.001,1,Sydney,Wednesday
2026-01-21 05:56:43,ICMarkets Raw,AUDUSD,0.67316,0.67316,0.0,0,Sydney,Wednesday
2026-01-21 05:56:46,VantageMarkets Raw,XAUUSD,4846.75,4846.83,0.08,8,Sydney,Wednesday
2026-01-21 05:56:47,VantageMarkets Raw,EURUSD,1.17176,1.17176,0.0,0,Sydney,Wednesday
2026-01-21 05:56:48,VantageMarkets Raw,GBPUSD,1.34388,1.34388,0.0,0,Sydney,Wednesday
2026-01-21 05:56:49,VantageMarkets Raw,USDJPY,158.091,158.092,0.001,1,Sydney,Wednesday
2026-01-21 05:56:50,VantageMarkets Raw,AUDUSD,0.67315,0.67318,3e-05,3,Sydney,Wednesday
2026-01-21 05:56:53,FPMarkets Raw,XAUUSD,4846.44,4846.51,0.07,7,Sydney,Wednesday
2026-01-21 05:56:54,FPMarkets Raw,EURUSD,1.17178,1.17179,1e-05,1,Sydney,Wednesday
2026-01-21 05:56:55,FPMarkets Raw,GBPUSD,1.34386,1.34391,5e-05,5,Sydney,Wednesday
2026-01-21 05:56:57,FPMarkets Raw,USDJPY,158.085,158.089,0.004,4,Sydney,Wednesday
2026-01-21 05:56:57,FPMarkets Raw,AUDUSD,0.67312,0.67315,3e-05,3,Sydney,Wednesday
2026-01-21 05:56:59,8Cap Raw,XAUUSD,4846.37,4846.53,0.16,16,Sydney,Wednesday
2026-01-21 05:57:00,8Cap Raw,EURUSD,1.17177,1.17178,1e-05,1,Sydney,Wednesday
2026-01-21 05:57:01,8Cap Raw,GBPUSD,1.34386,1.34387,1e-05,1,Sydney,Wednesday
2026-01-21 05:57:01,8Cap Raw,USDJPY,158.078,158.079,0.001,1,Sydney,Wednesday
2026-01-21 05:57:02,8Cap Raw,AUDUSD,0.67311,0.67315,4e-05,4,Sydney,Wednesday
2026-01-21 06:01:17,Pepperstone Razor,XAUUSD,4845.07,4845.31,0.24,24,Closed,Wednesday
2026-01-21 06:01:18,Pepperstone Razor,EURUSD,1.17183,1.17183,0.0,0,Closed,Wednesday
2026-01-21 06:01:19,Pepperstone Razor,GBPUSD,1.34399,1.34399,0.0,0,Closed,Wednesday
2026-01-21 06:01:20,Pepperstone Razor,USDJPY,158.068,158.071,0.003,3,Closed,Wednesday
2026-01-21 06:01:20,Pepperstone Razor,AUDUSD,0.67324,0.67325,1e-05,1,Closed,Wednesday
2026-01-21 06:01:23,FusionMarkets Zero,XAUUSD,4844.98,4845.14,0.16,16,Closed,Wednesday
2026-01-21 06:01:24,FusionMarkets Zero,EURUSD,1.17191,1.17191,0.0,0,Closed,Wednesday
2026-01-21 06:01:25,FusionMarkets Zero,GBPUSD,1.34398,1.34398,0.0,0,Closed,Wednesday
2026-01-21 06:01:26,FusionMarkets Zero,USDJPY,158.066,158.066,0.0,0,Closed,Wednesday
2026-01-21 06:01:27,FusionMarkets Zero,AUDUSD,0.67327,0.67327,0.0,0,Closed,Wednesday
2026-01-21 06:01:30,ThinkMarkets ThinkZero,XAUUSD,4845.17,4845.25,0.08,8,Closed,Wednesday
2026-01-21 06:01:31,ThinkMarkets ThinkZero,EURUSD,1.17186,1.17189,3e-05,3,Closed,Wednesday
2026-01-21 06:01:32,ThinkMarkets ThinkZero,GBPUSD,1.3439,1.34398,8e-05,8,Closed,Wednesday
2026-01-21 06:01:33,ThinkMarkets ThinkZero,USDJPY,158.067,158.072,0.005,5,Closed,Wednesday
2026-01-21 06:01:34,ThinkMarkets ThinkZero,AUDUSD,0.67325,0.67327,2e-05,2,Closed,Wednesday
2026-01-21 06:01:37,ICMarkets Raw,XAUUSD,4844.84,4844.96,0.12,12,Closed,Wednesday
2026-01-21 06:01:38,ICMarkets Raw,EURUSD,1.17188,1.17188,0.0,0,Closed,Wednesday
2026-01-21 06:01:39,ICMarkets Raw,GBPUSD,1.34389,1.3439,1e-05,1,Closed,Wednesday
2026-01-21 06:01:39,ICMarkets Raw,USDJPY,158.068,158.068,0.0,0,Closed,Wednesday
2026-01-21 06:01:40,ICMarkets Raw,AUDUSD,0.67327,0.67327,0.0,0,Closed,Wednesday
2026-01-21 06:01:43,VantageMarkets Raw,XAUUSD,4843.83,4843.91,0.08,8,Closed,Wednesday
2026-01-21 06:01:44,VantageMarkets Raw,EURUSD,1.17186,1.17186,0.0,0,Closed,Wednesday
2026-01-21 06:01:45,VantageMarkets Raw,GBPUSD,1.34392,1.34392,0.0,0,Closed,Wednesday
2026-01-21 06:01:46,VantageMarkets Raw,USDJPY,158.067,158.068,0.001,1,Closed,Wednesday
2026-01-21 06:01:47,VantageMarkets Raw,AUDUSD,0.67325,0.67328,3e-05,3,Closed,Wednesday
2026-01-21 06:01:50,FPMarkets Raw,XAUUSD,4843.52,4843.59,0.07,7,Closed,Wednesday
2026-01-21 06:01:50,FPMarkets Raw,EURUSD,1.17186,1.17186,0.0,0,Closed,Wednesday
2026-01-21 06:01:51,FPMarkets Raw,GBPUSD,1.34389,1.34393,4e-05,4,Closed,Wednesday
2026-01-21 06:01:53,FPMarkets Raw,USDJPY,158.066,158.07,0.004,4,Closed,Wednesday
2026-01-21 06:01:54,FPMarkets Raw,AUDUSD,0.67327,0.6733,3e-05,3,Closed,Wednesday
2026-01-21 06:01:56,8Cap Raw,XAUUSD,4843.52,4843.68,0.16,16,Closed,Wednesday
2026-01-21 06:01:57,8Cap Raw,EURUSD,1.17186,1.17186,0.0,0,Closed,Wednesday
2026-01-21 06:01:57,8Cap Raw,GBPUSD,1.34391,1.34392,1e-05,1,Closed,Wednesday
2026-01-21 06:01:58,8Cap Raw,USDJPY,158.068,158.069,0.001,1,Closed,Wednesday
2026-01-21 06:01:59,8Cap Raw,AUDUSD,0.67326,0.67328,2e-05,2,Closed,Wednesday
2026-01-21 06:06:17,Pepperstone Razor,XAUUSD,4841.62,4841.83,0.21,21,Closed,Wednesday
2026-01-21 06:06:18,Pepperstone Razor,EURUSD,1.17176,1.17176,0.0,0,Closed,Wednesday
2026-01-21 06:06:19,Pepperstone Razor,GBPUSD,1.34365,1.34366,1e-05,1,Closed,Wednesday
2026-01-21 06:06:20,Pepperstone Razor,USDJPY,158.037,158.04,0.003,3,Closed,Wednesday
2026-01-21 06:06:21,Pepperstone Razor,AUDUSD,0.67303,0.67305,2e-05,2,Closed,Wednesday
2026-01-21 06:06:24,FusionMarkets Zero,XAUUSD,4841.31,4841.42,0.11,11,Closed,Wednesday
2026-01-21 06:06:24,FusionMarkets Zero,EURUSD,1.17174,1.17174,0.0,0,Closed,Wednesday
2026-01-21 06:06:25,FusionMarkets Zero,GBPUSD,1.34366,1.34366,0.0,0,Closed,Wednesday
2026-01-21 06:06:26,FusionMarkets Zero,USDJPY,158.039,158.041,0.002,2,Closed,Wednesday
2026-01-21 06:06:27,FusionMarkets Zero,AUDUSD,0.67302,0.67302,0.0,0,Closed,Wednesday
2026-01-21 06:06:30,ThinkMarkets ThinkZero,XAUUSD,4841.4,4841.48,0.08,8,Closed,Wednesday
2026-01-21 06:06:31,ThinkMarkets ThinkZero,EURUSD,1.1717,1.17173,3e-05,3,Closed,Wednesday
2026-01-21 06:06:32,ThinkMarkets ThinkZero,GBPUSD,1.34362,1.34371,9e-05,9,Closed,Wednesday
2026-01-21 06:06:33,ThinkMarkets ThinkZero,USDJPY,158.036,158.042,0.006,6,Closed,Wednesday
2026-01-21 06:06:34,ThinkMarkets ThinkZero,AUDUSD,0.67299,0.67303,4e-05,4,Closed,Wednesday
2026-01-21 06:06:37,ICMarkets Raw,XAUUSD,4841.45,4841.5,0.05,5,Closed,Wednesday
2026-01-21 06:06:38,ICMarkets Raw,EURUSD,1.17176,1.17176,0.0,0,Closed,Wednesday
2026-01-21 06:06:39,ICMarkets Raw,GBPUSD,1.34368,1.34369,1e-05,1,Closed,Wednesday
2026-01-21 06:06:39,ICMarkets Raw,USDJPY,158.05,158.052,0.002,2,Closed,Wednesday
2026-01-21 06:06:40,ICMarkets Raw,AUDUSD,0.67301,0.67303,2e-05,2,Closed,Wednesday
2026-01-21 06:06:44,VantageMarkets Raw,XAUUSD,4841.17,4841.25,0.08,8,Closed,Wednesday
2026-01-21 06:06:45,VantageMarkets Raw,EURUSD,1.17159,1.17163,4e-05,4,Closed,Wednesday
2026-01-21 06:06:46,VantageMarkets Raw,GBPUSD,1.34354,1.34358,4e-05,4,Closed,Wednesday
2026-01-21 06:06:47,VantageMarkets Raw,USDJPY,158.049,158.058,0.009,9,Closed,Wednesday
2026-01-21 06:06:48,VantageMarkets Raw,AUDUSD,0.67291,0.67295,4e-05,4,Closed,Wednesday
2026-01-21 06:06:51,FPMarkets Raw,XAUUSD,4841.34,4841.41,0.07,7,Closed,Wednesday
2026-01-21 06:06:52,FPMarkets Raw,EURUSD,1.17161,1.17163,2e-05,2,Closed,Wednesday
2026-01-21 06:06:53,FPMarkets Raw,GBPUSD,1.34354,1.34359,5e-05,5,Closed,Wednesday
2026-01-21 06:06:54,FPMarkets Raw,USDJPY,158.052,158.056,0.004,4,Closed,Wednesday
2026-01-21 06:06:55,FPMarkets Raw,AUDUSD,0.67288,0.67292,4e-05,4,Closed,Wednesday
2026-01-21 06:06:57,8Cap Raw,XAUUSD,4841.12,4841.28,0.16,16,Closed,Wednesday
2026-01-21 06:06:58,8Cap Raw,EURUSD,1.17161,1.17162,1e-05,1,Closed,Wednesday
2026-01-21 06:06:59,8Cap Raw,GBPUSD,1.34353,1.34357,4e-05,4,Closed,Wednesday
2026-01-21 06:06:59,8Cap Raw,USDJPY,158.063,158.067,0.004,4,Closed,Wednesday
2026-01-21 06:07:00,8Cap Raw,AUDUSD,0.67288,0.6729,2e-05,2,Closed,Wednesday
2026-01-21 06:11:17,Pepperstone Razor,XAUUSD,4843.35,4843.56,0.21,21,Closed,Wednesday
2026-01-21 06:11:18,Pepperstone Razor,EURUSD,1.17157,1.17157,0.0,0,Closed,Wednesday
2026-01-21 06:11:19,Pepperstone Razor,GBPUSD,1.34348,1.34348,0.0,0,Closed,Wednesday
2026-01-21 06:11:20,Pepperstone Razor,USDJPY,158.036,158.039,0.003,3,Closed,Wednesday
2026-01-21 06:11:20,Pepperstone Razor,AUDUSD,0.67288,0.6729,2e-05,2,Closed,Wednesday
2026-01-21 06:11:23,FusionMarkets Zero,XAUUSD,4841.84,4841.97,0.13,13,Closed,Wednesday
2026-01-21 06:11:24,FusionMarkets Zero,EURUSD,1.17158,1.17158,0.0,0,Closed,Wednesday
2026-01-21 06:11:25,FusionMarkets Zero,GBPUSD,1.34347,1.34347,0.0,0,Closed,Wednesday
2026-01-21 06:11:26,FusionMarkets Zero,USDJPY,158.041,158.041,0.0,0,Closed,Wednesday
2026-01-21 06:11:27,FusionMarkets Zero,AUDUSD,0.67288,0.67288,0.0,0,Closed,Wednesday
2026-01-21 06:11:30,ThinkMarkets ThinkZero,XAUUSD,4841.32,4841.4,0.08,8,Closed,Wednesday
2026-01-21 06:11:31,ThinkMarkets ThinkZero,EURUSD,1.17156,1.17159,3e-05,3,Closed,Wednesday
2026-01-21 06:11:32,ThinkMarkets ThinkZero,GBPUSD,1.34342,1.34348,6e-05,6,Closed,Wednesday
2026-01-21 06:11:32,ThinkMarkets ThinkZero,USDJPY,158.04,158.046,0.006,6,Closed,Wednesday
2026-01-21 06:11:34,ThinkMarkets ThinkZero,AUDUSD,0.67284,0.67289,5e-05,5,Closed,Wednesday
2026-01-21 06:11:37,ICMarkets Raw,XAUUSD,4841.47,4841.55,0.08,8,Closed,Wednesday
2026-01-21 06:11:38,ICMarkets Raw,EURUSD,1.17158,1.17158,0.0,0,Closed,Wednesday
2026-01-21 06:11:39,ICMarkets Raw,GBPUSD,1.34346,1.34347,1e-05,1,Closed,Wednesday
2026-01-21 06:11:40,ICMarkets Raw,USDJPY,158.042,158.042,0.0,0,Closed,Wednesday
2026-01-21 06:11:40,ICMarkets Raw,AUDUSD,0.67285,0.67285,0.0,0,Closed,Wednesday
2026-01-21 06:11:43,VantageMarkets Raw,XAUUSD,4840.79,4840.87,0.08,8,Closed,Wednesday
2026-01-21 06:11:44,VantageMarkets Raw,EURUSD,1.17158,1.17159,1e-05,1,Closed,Wednesday
2026-01-21 06:11:45,VantageMarkets Raw,GBPUSD,1.34346,1.34346,0.0,0,Closed,Wednesday
2026-01-21 06:11:46,VantageMarkets Raw,USDJPY,158.041,158.043,0.002,2,Closed,Wednesday
2026-01-21 06:11:47,VantageMarkets Raw,AUDUSD,0.67284,0.67287,3e-05,3,Closed,Wednesday
2026-01-21 06:11:50,FPMarkets Raw,XAUUSD,4840.64,4840.71,0.07,7,Closed,Wednesday
2026-01-21 06:11:51,FPMarkets Raw,EURUSD,1.17158,1.17158,0.0,0,Closed,Wednesday
2026-01-21 06:11:52,FPMarkets Raw,GBPUSD,1.34343,1.34348,5e-05,5,Closed,Wednesday
2026-01-21 06:11:54,FPMarkets Raw,USDJPY,158.036,158.04,0.004,4,Closed,Wednesday
2026-01-21 06:11:55,FPMarkets Raw,AUDUSD,0.67285,0.67289,4e-05,4,Closed,Wednesday
2026-01-21 06:11:57,8Cap Raw,XAUUSD,4841.12,4841.28,0.16,16,Closed,Wednesday
2026-01-21 06:11:57,8Cap Raw,EURUSD,1.17159,1.1716,1e-05,1,Closed,Wednesday
2026-01-21 06:11:58,8Cap Raw,GBPUSD,1.34347,1.34348,1e-05,1,Closed,Wednesday
2026-01-21 06:11:59,8Cap Raw,USDJPY,158.023,158.024,0.001,1,Closed,Wednesday
2026-01-21 06:11:59,8Cap Raw,AUDUSD,0.67285,0.67289,4e-05,4,Closed,Wednesday
2026-01-21 06:16:17,Pepperstone Razor,XAUUSD,4844.69,4844.85,0.16,16,Closed,Wednesday
2026-01-21 06:16:18,Pepperstone Razor,EURUSD,1.17151,1.17151,0.0,0,Closed,Wednesday
2026-01-21 06:16:19,Pepperstone Razor,GBPUSD,1.34354,1.34357,3e-05,3,Closed,Wednesday
2026-01-21 06:16:20,Pepperstone Razor,USDJPY,158.001,158.002,0.001,1,Closed,Wednesday
2026-01-21 06:16:21,Pepperstone Razor,AUDUSD,0.67286,0.67286,0.0,0,Closed,Wednesday
2026-01-21 06:16:24,FusionMarkets Zero,XAUUSD,4844.85,4844.91,0.06,6,Closed,Wednesday
2026-01-21 06:16:25,FusionMarkets Zero,EURUSD,1.17153,1.17153,0.0,0,Closed,Wednesday
2026-01-21 06:16:26,FusionMarkets Zero,GBPUSD,1.34358,1.34358,0.0,0,Closed,Wednesday
2026-01-21 06:16:26,FusionMarkets Zero,USDJPY,158.002,158.002,0.0,0,Closed,Wednesday
2026-01-21 06:16:27,FusionMarkets Zero,AUDUSD,0.67287,0.67287,0.0,0,Closed,Wednesday
2026-01-21 06:16:30,ThinkMarkets ThinkZero,XAUUSD,4844.46,4844.54,0.08,8,Closed,Wednesday
2026-01-21 06:16:31,ThinkMarkets ThinkZero,EURUSD,1.1715,1.17152,2e-05,2,Closed,Wednesday
2026-01-21 06:16:32,ThinkMarkets ThinkZero,GBPUSD,1.34351,1.34354,3e-05,3,Closed,Wednesday
2026-01-21 06:16:33,ThinkMarkets ThinkZero,USDJPY,157.999,158.006,0.007,7,Closed,Wednesday
2026-01-21 06:16:34,ThinkMarkets ThinkZero,AUDUSD,0.67283,0.67288,5e-05,5,Closed,Wednesday
2026-01-21 06:16:37,ICMarkets Raw,XAUUSD,4844.5,4844.58,0.08,8,Closed,Wednesday
2026-01-21 06:16:38,ICMarkets Raw,EURUSD,1.17157,1.17157,0.0,0,Closed,Wednesday
2026-01-21 06:16:39,ICMarkets Raw,GBPUSD,1.34356,1.34357,1e-05,1,Closed,Wednesday
2026-01-21 06:16:40,ICMarkets Raw,USDJPY,158.003,158.003,0.0,0,Closed,Wednesday
2026-01-21 06:16:41,ICMarkets Raw,AUDUSD,0.67285,0.67285,0.0,0,Closed,Wednesday
2026-01-21 06:16:44,VantageMarkets Raw,XAUUSD,4844.44,4844.52,0.08,8,Closed,Wednesday
2026-01-21 06:16:45,VantageMarkets Raw,EURUSD,1.17151,1.17152,1e-05,1,Closed,Wednesday
2026-01-21 06:16:45,VantageMarkets Raw,GBPUSD,1.34356,1.34356,0.0,0,Closed,Wednesday
2026-01-21 06:16:46,VantageMarkets Raw,USDJPY,158.002,158.003,0.001,1,Closed,Wednesday
2026-01-21 06:16:47,VantageMarkets Raw,AUDUSD,0.67282,0.67285,3e-05,3,Closed,Wednesday
2026-01-21 06:16:50,FPMarkets Raw,XAUUSD,4844.66,4844.73,0.07,7,Closed,Wednesday
2026-01-21 06:16:51,FPMarkets Raw,EURUSD,1.17151,1.17152,1e-05,1,Closed,Wednesday
2026-01-21 06:16:52,FPMarkets Raw,GBPUSD,1.34356,1.34356,0.0,0,Closed,Wednesday
2026-01-21 06:16:54,FPMarkets Raw,USDJPY,158.0,158.004,0.004,4,Closed,Wednesday
2026-01-21 06:16:55,FPMarkets Raw,AUDUSD,0.6728,0.67284,4e-05,4,Closed,Wednesday
2026-01-21 06:16:57,8Cap Raw,XAUUSD,4844.67,4844.83,0.16,16,Closed,Wednesday
2026-01-21 06:16:57,8Cap Raw,EURUSD,1.17156,1.17157,1e-05,1,Closed,Wednesday
2026-01-21 06:16:58,8Cap Raw,GBPUSD,1.34357,1.34358,1e-05,1,Closed,Wednesday
2026-01-21 06:16:59,8Cap Raw,USDJPY,158.003,158.004,0.001,1,Closed,Wednesday
2026-01-21 06:16:59,8Cap Raw,AUDUSD,0.67281,0.67283,2e-05,2,Closed,Wednesday
2026-01-21 06:21:17,Pepperstone Razor,XAUUSD,4849.13,4849.36,0.23,23,Closed,Wednesday
2026-01-21 06:21:18,Pepperstone Razor,EURUSD,1.17158,1.17158,0.0,0,Closed,Wednesday
2026-01-21 06:21:19,Pepperstone Razor,GBPUSD,1.34352,1.34354,2e-05,2,Closed,Wednesday
2026-01-21 06:21:20,Pepperstone Razor,USDJPY,158.014,158.016,0.002,2,Closed,Wednesday
2026-01-21 06:21:21,Pepperstone Razor,AUDUSD,0.67285,0.67286,1e-05,1,Closed,Wednesday
2026-01-21 06:21:24,FusionMarkets Zero,XAUUSD,4849.45,4849.64,0.19,19,Closed,Wednesday
2026-01-21 06:21:25,FusionMarkets Zero,EURUSD,1.17158,1.17158,0.0,0,Closed,Wednesday
2026-01-21 06:21:26,FusionMarkets Zero,GBPUSD,1.34352,1.34352,0.0,0,Closed,Wednesday
2026-01-21 06:21:27,FusionMarkets Zero,USDJPY,158.015,158.015,0.0,0,Closed,Wednesday
2026-01-21 06:21:28,FusionMarkets Zero,AUDUSD,0.67286,0.67286,0.0,0,Closed,Wednesday
2026-01-21 06:21:31,ThinkMarkets ThinkZero,XAUUSD,4849.54,4849.62,0.08,8,Closed,Wednesday
2026-01-21 06:21:32,ThinkMarkets ThinkZero,EURUSD,1.17157,1.17159,2e-05,2,Closed,Wednesday
2026-01-21 06:21:33,ThinkMarkets ThinkZero,GBPUSD,1.34348,1.34353,5e-05,5,Closed,Wednesday
2026-01-21 06:21:34,ThinkMarkets ThinkZero,USDJPY,158.012,158.018,0.006,6,Closed,Wednesday
2026-01-21 06:21:35,ThinkMarkets ThinkZero,AUDUSD,0.67285,0.67288,3e-05,3,Closed,Wednesday
2026-01-21 06:21:38,ICMarkets Raw,XAUUSD,4851.08,4851.2,0.12,12,Closed,Wednesday
2026-01-21 06:21:39,ICMarkets Raw,EURUSD,1.17159,1.1716,1e-05,1,Closed,Wednesday
2026-01-21 06:21:40,ICMarkets Raw,GBPUSD,1.34351,1.34352,1e-05,1,Closed,Wednesday
2026-01-21 06:21:41,ICMarkets Raw,USDJPY,158.017,158.017,0.0,0,Closed,Wednesday
2026-01-21 06:21:41,ICMarkets Raw,AUDUSD,0.67284,0.67284,0.0,0,Closed,Wednesday
2026-01-21 06:21:44,VantageMarkets Raw,XAUUSD,4850.11,4850.19,0.08,8,Closed,Wednesday
2026-01-21 06:21:45,VantageMarkets Raw,EURUSD,1.17159,1.17159,0.0,0,Closed,Wednesday
2026-01-21 06:21:46,VantageMarkets Raw,GBPUSD,1.3435,1.34352,2e-05,2,Closed,Wednesday
2026-01-21 06:21:47,VantageMarkets Raw,USDJPY,158.022,158.023,0.001,1,Closed,Wednesday
2026-01-21 06:21:48,VantageMarkets Raw,AUDUSD,0.67283,0.67286,3e-05,3,Closed,Wednesday
2026-01-21 06:21:50,FPMarkets Raw,XAUUSD,4850.18,4850.25,0.07,7,Closed,Wednesday
2026-01-21 06:21:51,FPMarkets Raw,EURUSD,1.17157,1.17159,2e-05,2,Closed,Wednesday
2026-01-21 06:21:52,FPMarkets Raw,GBPUSD,1.3435,1.34355,5e-05,5,Closed,Wednesday
2026-01-21 06:21:54,FPMarkets Raw,USDJPY,158.024,158.028,0.004,4,Closed,Wednesday
2026-01-21 06:21:55,FPMarkets Raw,AUDUSD,0.67284,0.67287,3e-05,3,Closed,Wednesday
2026-01-21 06:21:57,8Cap Raw,XAUUSD,4849.69,4849.85,0.16,16,Closed,Wednesday
2026-01-21 06:21:58,8Cap Raw,EURUSD,1.17156,1.17157,1e-05,1,Closed,Wednesday
2026-01-21 06:21:58,8Cap Raw,GBPUSD,1.3435,1.34352,2e-05,2,Closed,Wednesday
2026-01-21 06:21:59,8Cap Raw,USDJPY,158.027,158.028,0.001,1,Closed,Wednesday
2026-01-21 06:22:00,8Cap Raw,AUDUSD,0.67283,0.67286,3e-05,3,Closed,Wednesday
2026-01-21 06:26:17,Pepperstone Razor,XAUUSD,4852.57,4852.73,0.16,16,Closed,Wednesday
2026-01-21 06:26:18,Pepperstone Razor,EURUSD,1.17163,1.17163,0.0,0,Closed,Wednesday
2026-01-21 06:26:19,Pepperstone Razor,GBPUSD,1.34358,1.34361,3e-05,3,Closed,Wednesday
2026-01-21 06:26:20,Pepperstone Razor,USDJPY,158.018,158.019,0.001,1,Closed,Wednesday
2026-01-21 06:26:21,Pepperstone Razor,AUDUSD,0.67297,0.67297,0.0,0,Closed,Wednesday
2026-01-21 06:26:24,FusionMarkets Zero,XAUUSD,4852.75,4852.81,0.06,6,Closed,Wednesday
2026-01-21 06:26:25,FusionMarkets Zero,EURUSD,1.17161,1.17161,0.0,0,Closed,Wednesday
2026-01-21 06:26:26,FusionMarkets Zero,GBPUSD,1.34354,1.34354,0.0,0,Closed,Wednesday
2026-01-21 06:26:27,FusionMarkets Zero,USDJPY,158.019,158.019,0.0,0,Closed,Wednesday
2026-01-21 06:26:28,FusionMarkets Zero,AUDUSD,0.67294,0.67294,0.0,0,Closed,Wednesday
2026-01-21 06:26:31,ThinkMarkets ThinkZero,XAUUSD,4852.53,4852.61,0.08,8,Closed,Wednesday
2026-01-21 06:26:32,ThinkMarkets ThinkZero,EURUSD,1.1716,1.17162,2e-05,2,Closed,Wednesday
2026-01-21 06:26:33,ThinkMarkets ThinkZero,GBPUSD,1.34352,1.34358,6e-05,6,Closed,Wednesday
2026-01-21 06:26:33,ThinkMarkets ThinkZero,USDJPY,158.017,158.024,0.007,7,Closed,Wednesday
2026-01-21 06:26:35,ThinkMarkets ThinkZero,AUDUSD,0.67293,0.67296,3e-05,3,Closed,Wednesday
2026-01-21 06:26:38,ICMarkets Raw,XAUUSD,4852.29,4852.34,0.05,5,Closed,Wednesday
2026-01-21 06:26:39,ICMarkets Raw,EURUSD,1.17162,1.17162,0.0,0,Closed,Wednesday
2026-01-21 06:26:40,ICMarkets Raw,GBPUSD,1.34357,1.34358,1e-05,1,Closed,Wednesday
2026-01-21 06:26:40,ICMarkets Raw,USDJPY,158.013,158.015,0.002,2,Closed,Wednesday
2026-01-21 06:26:41,ICMarkets Raw,AUDUSD,0.67293,0.67293,0.0,0,Closed,Wednesday
2026-01-21 06:26:44,VantageMarkets Raw,XAUUSD,4852.29,4852.37,0.08,8,Closed,Wednesday
2026-01-21 06:26:45,VantageMarkets Raw,EURUSD,1.17161,1.17162,1e-05,1,Closed,Wednesday
2026-01-21 06:26:46,VantageMarkets Raw,GBPUSD,1.34354,1.34354,0.0,0,Closed,Wednesday
2026-01-21 06:26:47,VantageMarkets Raw,USDJPY,158.009,158.009,0.0,0,Closed,Wednesday
2026-01-21 06:26:48,VantageMarkets Raw,AUDUSD,0.67293,0.67295,2e-05,2,Closed,Wednesday
2026-01-21 06:26:51,FPMarkets Raw,XAUUSD,4851.25,4851.32,0.07,7,Closed,Wednesday
2026-01-21 06:26:52,FPMarkets Raw,EURUSD,1.17161,1.17162,1e-05,1,Closed,Wednesday
2026-01-21 06:26:53,FPMarkets Raw,GBPUSD,1.34354,1.34355,1e-05,1,Closed,Wednesday
2026-01-21 06:26:55,FPMarkets Raw,USDJPY,158.013,158.017,0.004,4,Closed,Wednesday
2026-01-21 06:26:56,FPMarkets Raw,AUDUSD,0.67294,0.67297,3e-05,3,Closed,Wednesday
2026-01-21 06:26:57,8Cap Raw,XAUUSD,4850.92,4851.08,0.16,16,Closed,Wednesday
2026-01-21 06:26:58,8Cap Raw,EURUSD,1.17161,1.17161,0.0,0,Closed,Wednesday
2026-01-21 06:26:59,8Cap Raw,GBPUSD,1.34354,1.34355,1e-05,1,Closed,Wednesday
2026-01-21 06:26:59,8Cap Raw,USDJPY,158.015,158.016,0.001,1,Closed,Wednesday
2026-01-21 06:27:00,8Cap Raw,AUDUSD,0.67293,0.67297,4e-05,4,Closed,Wednesday
2026-01-21 06:31:17,Pepperstone Razor,XAUUSD,4852.14,4852.31,0.17,17,Closed,Wednesday
2026-01-21 06:31:18,Pepperstone Razor,EURUSD,1.17143,1.17143,0.0,0,Closed,Wednesday
2026-01-21 06:31:19,Pepperstone Razor,GBPUSD,1.34329,1.3433,1e-05,1,Closed,Wednesday
2026-01-21 06:31:20,Pepperstone Razor,USDJPY,158.041,158.044,0.003,3,Closed,Wednesday
2026-01-21 06:31:21,Pepperstone Razor,AUDUSD,0.67286,0.67287,1e-05,1,Closed,Wednesday
2026-01-21 06:31:24,FusionMarkets Zero,XAUUSD,4852.31,4852.37,0.06,6,Closed,Wednesday
2026-01-21 06:31:25,FusionMarkets Zero,EURUSD,1.17145,1.17145,0.0,0,Closed,Wednesday
2026-01-21 06:31:26,FusionMarkets Zero,GBPUSD,1.34335,1.34335,0.0,0,Closed,Wednesday
2026-01-21 06:31:27,FusionMarkets Zero,USDJPY,158.043,158.043,0.0,0,Closed,Wednesday
2026-01-21 06:31:28,FusionMarkets Zero,AUDUSD,0.67288,0.67288,0.0,0,Closed,Wednesday
2026-01-21 06:31:31,ThinkMarkets ThinkZero,XAUUSD,4854.02,4854.1,0.08,8,Closed,Wednesday
2026-01-21 06:31:32,ThinkMarkets ThinkZero,EURUSD,1.17146,1.17148,2e-05,2,Closed,Wednesday
2026-01-21 06:31:33,ThinkMarkets ThinkZero,GBPUSD,1.34332,1.34338,6e-05,6,Closed,Wednesday
2026-01-21 06:31:34,ThinkMarkets ThinkZero,USDJPY,158.036,158.041,0.005,5,Closed,Wednesday
2026-01-21 06:31:35,ThinkMarkets ThinkZero,AUDUSD,0.67292,0.67295,3e-05,3,Closed,Wednesday
2026-01-21 06:31:38,ICMarkets Raw,XAUUSD,4854.51,4854.63,0.12,12,Closed,Wednesday
2026-01-21 06:31:39,ICMarkets Raw,EURUSD,1.17148,1.17148,0.0,0,Closed,Wednesday
2026-01-21 06:31:40,ICMarkets Raw,GBPUSD,1.34338,1.34339,1e-05,1,Closed,Wednesday
2026-01-21 06:31:41,ICMarkets Raw,USDJPY,158.031,158.032,0.001,1,Closed,Wednesday
2026-01-21 06:31:42,ICMarkets Raw,AUDUSD,0.67296,0.67296,0.0,0,Closed,Wednesday
2026-01-21 06:31:45,VantageMarkets Raw,XAUUSD,4853.22,4853.3,0.08,8,Closed,Wednesday
2026-01-21 06:31:46,VantageMarkets Raw,EURUSD,1.17147,1.17147,0.0,0,Closed,Wednesday
2026-01-21 06:31:47,VantageMarkets Raw,GBPUSD,1.34337,1.34337,0.0,0,Closed,Wednesday
2026-01-21 06:31:48,VantageMarkets Raw,USDJPY,158.031,158.031,0.0,0,Closed,Wednesday
2026-01-21 06:31:49,VantageMarkets Raw,AUDUSD,0.67295,0.67297,2e-05,2,Closed,Wednesday
2026-01-21 06:31:53,FPMarkets Raw,XAUUSD,4852.58,4852.65,0.07,7,Closed,Wednesday
2026-01-21 06:31:54,FPMarkets Raw,EURUSD,1.17148,1.17149,1e-05,1,Closed,Wednesday
2026-01-21 06:31:55,FPMarkets Raw,GBPUSD,1.34335,1.34336,1e-05,1,Closed,Wednesday
2026-01-21 06:31:56,FPMarkets Raw,USDJPY,158.03,158.034,0.004,4,Closed,Wednesday
2026-01-21 06:31:57,FPMarkets Raw,AUDUSD,0.67293,0.67296,3e-05,3,Closed,Wednesday
2026-01-21 06:31:59,8Cap Raw,XAUUSD,4852.67,4852.83,0.16,16,Closed,Wednesday
2026-01-21 06:32:00,8Cap Raw,EURUSD,1.17146,1.17146,0.0,0,Closed,Wednesday
2026-01-21 06:32:00,8Cap Raw,GBPUSD,1.34334,1.34335,1e-05,1,Closed,Wednesday
2026-01-21 06:32:01,8Cap Raw,USDJPY,158.032,158.033,0.001,1,Closed,Wednesday
2026-01-21 06:32:02,8Cap Raw,AUDUSD,0.67293,0.67297,4e-05,4,Closed,Wednesday
2026-01-21 06:36:17,Pepperstone Razor,XAUUSD,4858.83,4859.06,0.23,23,Closed,Wednesday
2026-01-21 06:36:18,Pepperstone Razor,EURUSD,1.17163,1.17163,0.0,0,Closed,Wednesday
2026-01-21 06:36:19,Pepperstone Razor,GBPUSD,1.34345,1.34348,3e-05,3,Closed,Wednesday
2026-01-21 06:36:20,Pepperstone Razor,USDJPY,158.065,158.069,0.004,4,Closed,Wednesday
2026-01-21 06:36:21,Pepperstone Razor,AUDUSD,0.67302,0.67303,1e-05,1,Closed,Wednesday
2026-01-21 06:36:24,FusionMarkets Zero,XAUUSD,4858.29,4858.46,0.17,17,Closed,Wednesday
2026-01-21 06:36:25,FusionMarkets Zero,EURUSD,1.17163,1.17163,0.0,0,Closed,Wednesday
2026-01-21 06:36:26,FusionMarkets Zero,GBPUSD,1.34345,1.34345,0.0,0,Closed,Wednesday
2026-01-21 06:36:27,FusionMarkets Zero,USDJPY,158.066,158.067,0.001,1,Closed,Wednesday
2026-01-21 06:36:28,FusionMarkets Zero,AUDUSD,0.67303,0.67303,0.0,0,Closed,Wednesday
2026-01-21 06:36:31,ThinkMarkets ThinkZero,XAUUSD,4858.6,4858.68,0.08,8,Closed,Wednesday
2026-01-21 06:36:32,ThinkMarkets ThinkZero,EURUSD,1.17162,1.17164,2e-05,2,Closed,Wednesday
2026-01-21 06:36:33,ThinkMarkets ThinkZero,GBPUSD,1.34341,1.34345,4e-05,4,Closed,Wednesday
2026-01-21 06:36:34,ThinkMarkets ThinkZero,USDJPY,158.066,158.069,0.003,3,Closed,Wednesday
2026-01-21 06:36:35,ThinkMarkets ThinkZero,AUDUSD,0.67302,0.67305,3e-05,3,Closed,Wednesday
2026-01-21 06:36:39,ICMarkets Raw,XAUUSD,4858.44,4858.56,0.12,12,Closed,Wednesday
2026-01-21 06:36:39,ICMarkets Raw,EURUSD,1.17164,1.17165,1e-05,1,Closed,Wednesday
2026-01-21 06:36:40,ICMarkets Raw,GBPUSD,1.34346,1.34347,1e-05,1,Closed,Wednesday
2026-01-21 06:36:41,ICMarkets Raw,USDJPY,158.065,158.065,0.0,0,Closed,Wednesday
2026-01-21 06:36:42,ICMarkets Raw,AUDUSD,0.67303,0.67303,0.0,0,Closed,Wednesday
2026-01-21 06:36:45,VantageMarkets Raw,XAUUSD,4858.76,4858.84,0.08,8,Closed,Wednesday
2026-01-21 06:36:46,VantageMarkets Raw,EURUSD,1.17164,1.17165,1e-05,1,Closed,Wednesday
2026-01-21 06:36:47,VantageMarkets Raw,GBPUSD,1.34346,1.34346,0.0,0,Closed,Wednesday
2026-01-21 06:36:48,VantageMarkets Raw,USDJPY,158.064,158.065,0.001,1,Closed,Wednesday
2026-01-21 06:36:48,VantageMarkets Raw,AUDUSD,0.67301,0.67304,3e-05,3,Closed,Wednesday
2026-01-21 06:36:52,FPMarkets Raw,XAUUSD,4858.55,4858.62,0.07,7,Closed,Wednesday
2026-01-21 06:36:53,FPMarkets Raw,EURUSD,1.17166,1.17167,1e-05,1,Closed,Wednesday
2026-01-21 06:36:54,FPMarkets Raw,GBPUSD,1.34347,1.34348,1e-05,1,Closed,Wednesday
2026-01-21 06:36:55,FPMarkets Raw,USDJPY,158.059,158.063,0.004,4,Closed,Wednesday
2026-01-21 06:36:56,FPMarkets Raw,AUDUSD,0.673,0.67304,4e-05,4,Closed,Wednesday
2026-01-21 06:36:58,8Cap Raw,XAUUSD,4858.71,4858.87,0.16,16,Closed,Wednesday
2026-01-21 06:36:59,8Cap Raw,EURUSD,1.17168,1.17168,0.0,0,Closed,Wednesday
2026-01-21 06:36:59,8Cap Raw,GBPUSD,1.34348,1.34349,1e-05,1,Closed,Wednesday
2026-01-21 06:37:00,8Cap Raw,USDJPY,158.061,158.064,0.003,3,Closed,Wednesday
2026-01-21 06:37:01,8Cap Raw,AUDUSD,0.67303,0.67306,3e-05,3,Closed,Wednesday
2026-01-21 06:41:18,Pepperstone Razor,XAUUSD,4862.3,4862.55,0.25,25,Closed,Wednesday
2026-01-21 06:41:19,Pepperstone Razor,EURUSD,1.17164,1.17164,0.0,0,Closed,Wednesday
2026-01-21 06:41:20,Pepperstone Razor,GBPUSD,1.34352,1.34355,3e-05,3,Closed,Wednesday
2026-01-21 06:41:21,Pepperstone Razor,USDJPY,158.075,158.078,0.003,3,Closed,Wednesday
2026-01-21 06:41:22,Pepperstone Razor,AUDUSD,0.67311,0.67312,1e-05,1,Closed,Wednesday
2026-01-21 06:41:25,FusionMarkets Zero,XAUUSD,4862.29,4862.44,0.15,15,Closed,Wednesday
2026-01-21 06:41:26,FusionMarkets Zero,EURUSD,1.17164,1.17164,0.0,0,Closed,Wednesday
2026-01-21 06:41:27,FusionMarkets Zero,GBPUSD,1.34352,1.34352,0.0,0,Closed,Wednesday
2026-01-21 06:41:28,FusionMarkets Zero,USDJPY,158.076,158.078,0.002,2,Closed,Wednesday
2026-01-21 06:41:29,FusionMarkets Zero,AUDUSD,0.67312,0.67312,0.0,0,Closed,Wednesday
2026-01-21 06:41:32,ThinkMarkets ThinkZero,XAUUSD,4862.59,4862.67,0.08,8,Closed,Wednesday
2026-01-21 06:41:33,ThinkMarkets ThinkZero,EURUSD,1.17167,1.1717,3e-05,3,Closed,Wednesday
2026-01-21 06:41:34,ThinkMarkets ThinkZero,GBPUSD,1.34354,1.34358,4e-05,4,Closed,Wednesday
2026-01-21 06:41:35,ThinkMarkets ThinkZero,USDJPY,158.061,158.066,0.005,5,Closed,Wednesday
2026-01-21 06:41:36,ThinkMarkets ThinkZero,AUDUSD,0.67311,0.67314,3e-05,3,Closed,Wednesday
2026-01-21 06:41:40,ICMarkets Raw,XAUUSD,4862.92,4863.04,0.12,12,Closed,Wednesday
2026-01-21 06:41:41,ICMarkets Raw,EURUSD,1.1717,1.1717,0.0,0,Closed,Wednesday
2026-01-21 06:41:42,ICMarkets Raw,GBPUSD,1.34357,1.34358,1e-05,1,Closed,Wednesday
2026-01-21 06:41:42,ICMarkets Raw,USDJPY,158.058,158.059,0.001,1,Closed,Wednesday
2026-01-21 06:41:43,ICMarkets Raw,AUDUSD,0.67313,0.67313,0.0,0,Closed,Wednesday
2026-01-21 06:41:46,VantageMarkets Raw,XAUUSD,4863.19,4863.27,0.08,8,Closed,Wednesday
2026-01-21 06:41:47,VantageMarkets Raw,EURUSD,1.17169,1.1717,1e-05,1,Closed,Wednesday
2026-01-21 06:41:48,VantageMarkets Raw,GBPUSD,1.34359,1.34362,3e-05,3,Closed,Wednesday
2026-01-21 06:41:49,VantageMarkets Raw,USDJPY,158.055,158.063,0.008,8,Closed,Wednesday
2026-01-21 06:41:50,VantageMarkets Raw,AUDUSD,0.67312,0.67314,2e-05,2,Closed,Wednesday
2026-01-21 06:41:53,FPMarkets Raw,XAUUSD,4863.01,4863.08,0.07,7,Closed,Wednesday
2026-01-21 06:41:54,FPMarkets Raw,EURUSD,1.17169,1.17171,2e-05,2,Closed,Wednesday
2026-01-21 06:41:55,FPMarkets Raw,GBPUSD,1.34357,1.34362,5e-05,5,Closed,Wednesday
2026-01-21 06:41:57,FPMarkets Raw,USDJPY,158.052,158.056,0.004,4,Closed,Wednesday
2026-01-21 06:41:58,FPMarkets Raw,AUDUSD,0.67312,0.67315,3e-05,3,Closed,Wednesday
2026-01-21 06:41:59,8Cap Raw,XAUUSD,4863.09,4863.25,0.16,16,Closed,Wednesday
2026-01-21 06:42:00,8Cap Raw,EURUSD,1.1717,1.1717,0.0,0,Closed,Wednesday
2026-01-21 06:42:01,8Cap Raw,GBPUSD,1.34364,1.34367,3e-05,3,Closed,Wednesday
2026-01-21 06:42:02,8Cap Raw,USDJPY,158.054,158.056,0.002,2,Closed,Wednesday
2026-01-21 06:42:02,8Cap Raw,AUDUSD,0.67313,0.67316,3e-05,3,Closed,Wednesday
